Concurso,Data,Jogo_Num,Mandante,Gols_Mandante,Visitante,Gols_Visitante,Campeonato,Dia_Semana
195,09/01/2006,1,VILA NOVA,3,GOIAS,0,,Domingo
195,09/01/2006,2,ITABUNA,2,BAHIA,1,,Domingo
195,09/01/2006,3,FORTALEZA,1,GUARANY,0,,Domingo
195,09/01/2006,4,JATAIENSE,1,MINEIROS,0,,Domingo
195,09/01/2006,5,IPITANGA,3,FLUMINENSE,1,,Domingo
195,09/01/2006,6,CONFIANCA,2,OLIMPICO,1,,Domingo
195,09/01/2006,7,NAUTICO,2,CENTRAL,1,,Domingo
195,09/01/2006,8,SANTA CRUZ,1,PORTO,0,,Domingo
195,09/01/2006,9,JUAZEIRO,0,CAMACARI,0,,Domingo
195,09/01/2006,10,VITORIA,1,COLO COLO,1,,Domingo
195,09/01/2006,11,AA RIOVERDENSE,2,ATLETICO,4,,Domingo
195,09/01/2006,12,CRAC,0,ANAPOLINA,1,,Domingo
195,09/01/2006,13,FERROVIARIO,2,QUIXADA,0,,Sábado
195,09/01/2006,14,ICASA,2,CEARA,2,,Domingo
196,16/01/2006,1,CORINTHIANS,5,PORT.SANTISTA,1,,Domingo
196,16/01/2006,2,SANTOS,2,MOGI MIRIM,0,,Domingo
196,16/01/2006,3,MARILIA,1,PALMEIRAS,2,,Domingo
196,16/01/2006,4,VASCO DA GAMA,3,MADUREIRA,1,,Domingo
196,16/01/2006,5,BOTAFOGO,3,FRIBURGUENSE,0,,Domingo
196,16/01/2006,6,VILA NOVA,4,CRAC,1,,Domingo
196,16/01/2006,7,AMERICA,1,VOLTA REDONDA,2,,Sábado
196,16/01/2006,8,CRICIUMA,3,JOINVILLE,4,,Domingo
196,16/01/2006,9,CAMACARI,0,VITORIA,1,,Domingo
196,16/01/2006,10,QUIXADA,2,FORTALEZA,1,,Domingo
196,16/01/2006,11,ITUANO,1,SAO CAETANO,1,,Domingo
196,16/01/2006,12,SANTO ANDRE,0,PONTE PRETA,2,,Domingo
196,16/01/2006,13,FLUMINENSE,4,PORTUGUESA,0,,Domingo
196,16/01/2006,14,FLAMENGO,0,NOVA IGUACU,1,,Sábado
197,23/01/2006,1,BOTAFOGO,5,VASCO DA GAMA,3,,Domingo
197,23/01/2006,2,SAO PAULO,2,SAO CAETANO,1,,Sábado
197,23/01/2006,3,FORTALEZA,6,FERROVIARIO,2,,Domingo
197,23/01/2006,4,ATLETICO,4,VILA NOVA,1,,Domingo
197,23/01/2006,5,VITORIA,2,BAHIA,1,,Domingo
197,23/01/2006,6,AMERICANO,2,FLUMINENSE,2,,Sábado
197,23/01/2006,7,PORTUGUESA,2,FLAMENGO,2,,Domingo
197,23/01/2006,8,AVAI,1,FIGUEIRENSE,2,,Domingo
197,23/01/2006,9,CFZ-BSB,0,BRASILIENSE,6,,Domingo
197,23/01/2006,10,NAUTICO,1,SPORT RECIFE,1,,Domingo
197,23/01/2006,11,ATLETICO,2,CALDENSE,1,,Domingo
197,23/01/2006,12,MOGI MIRIM,1,PALMEIRAS,2,,Domingo
197,23/01/2006,13,SANTOS,3,MARILIA,2,,Domingo
197,23/01/2006,14,PORTUGUESA,2,CORINTHIANS,1,,Domingo
198,30/01/2006,1,FLUMINENSE,2,FLAMENGO,2,,Domingo
198,30/01/2006,2,RIO BRANCO,1,CORINTHIANS,4,,Domingo
198,30/01/2006,3,GOIAS,2,VILA NOVA,2,,Domingo
198,30/01/2006,4,INTERNACIONAL,2,CAXIAS,0,,Sábado
198,30/01/2006,5,CEARA,3,FORTALEZA,6,,Domingo
198,30/01/2006,6,AMERICA,2,VASCO DA GAMA,1,,Sábado
198,30/01/2006,7,GAMA,4,CFZ-BSB,2,,Domingo
198,30/01/2006,8,POCOES,1,VITORIA,6,,Domingo
198,30/01/2006,9,SPORT RECIFE,1,SANTA CRUZ,1,,Domingo
198,30/01/2006,10,CRUZEIRO,0,IPATINGA,0,,Domingo
198,30/01/2006,11,VOLTA REDONDA,3,BOTAFOGO,2,,Domingo
198,30/01/2006,12,AMERICA,2,SANTOS,3,,Domingo
198,30/01/2006,13,PALMEIRAS,4,PORT.SANTISTA,0,,Sábado
198,30/01/2006,14,SAO PAULO,3,GUARANI,3,,Domingo
199,06/02/2006,1,SAO PAULO,4,PALMEIRAS,2,,Domingo
199,06/02/2006,2,ATLETICO,1,CRUZEIRO,1,,Domingo
199,06/02/2006,3,BAHIA,1,VITORIA,1,,Domingo
199,06/02/2006,4,SANTA CRUZ,2,NAUTICO,0,,Domingo
199,06/02/2006,5,ESPORTIVO,2,GREMIO,2,,Domingo
199,06/02/2006,6,INTERNACIONAL,4,PASSO FUNDO,0,,Domingo
199,06/02/2006,7,CRAC,1,VILA NOVA,0,,Domingo
199,06/02/2006,8,ATHLETICO,1,MARINGA,0,,Domingo
199,06/02/2006,9,JOINVILLE,2,MARCILIO DIAS,0,,Domingo
199,06/02/2006,10,GUARA,0,CEILANDIA,6,,Domingo
199,06/02/2006,11,FERROVIARIO,4,CEARA,0,,Domingo
199,06/02/2006,12,PONTE PRETA,2,GUARANI,2,,Domingo
199,06/02/2006,13,PORT.SANTISTA,2,SANTOS,1,,Domingo
199,06/02/2006,14,CORINTHIANS,4,BRAGANTINO,1,,Sábado
200,13/02/2006,1,CORINTHIANS,0,SANTOS,1,,Domingo
200,13/02/2006,2,PALMEIRAS,1,BRAGANTINO,1,,Sábado
200,13/02/2006,3,AMERICA,0,ATLETICO,1,,Domingo
200,13/02/2006,4,GREMIO,2,SANTA CRUZ,1,,Domingo
200,13/02/2006,5,MINEIROS,1,GOIAS,0,,Domingo
200,13/02/2006,6,BRASILIENSE,3,CFZ-BSB,0,,Domingo
200,13/02/2006,7,CORITIBA,2,PARANAVAI,1,,Domingo
200,13/02/2006,8,CENTRAL,1,NAUTICO,1,,Domingo
200,13/02/2006,9,VILA NOVA,1,ATLETICO,1,,Domingo
200,13/02/2006,10,CRICIUMA,1,MARCILIO DIAS,0,,Domingo
200,13/02/2006,11,FORTALEZA,3,QUIXADA,1,,Domingo
200,13/02/2006,12,AGUIA,2,REMO,2,,Domingo
200,13/02/2006,13,GUARANI,1,ITUANO,2,,Domingo
200,13/02/2006,14,PORT.SANTISTA,0,SAO PAULO,5,,Domingo
201,20/02/2006,1,PALMEIRAS,4,SAO  CAETANO,0,,Domingo
201,20/02/2006,2,MADUREIRA,2,FLUMINENSE,1,,Sábado
201,20/02/2006,3,CRUZEIRO,1,AMERICA,1,,Domingo
201,20/02/2006,4,PARANA,3,CORITIBA,0,,Domingo
201,20/02/2006,5,INTERNACIONAL,3,ULBRA,1,,Domingo
201,20/02/2006,6,SANTOS,1,PONTE PRETA,0,,Domingo
201,20/02/2006,7,VASCO DA GAMA,2,PORTUGUESA,2,,Domingo
201,20/02/2006,8,CAPITAL,0,BRASILIENSE,2,,Sábado
201,20/02/2006,9,REMO,1,PAYSANDU,1,,Domingo
201,20/02/2006,10,FERROVIARIO,0,FORTALEZA,0,,Domingo
201,20/02/2006,11,BOTAFOGO,1,NOVA IGUACU,1,,Domingo
201,20/02/2006,12,FRIBURGUENSE,3,FLAMENGO,3,,Domingo
201,20/02/2006,13,MOGI MIRIM,1,CORINTHIANS,5,,Domingo
201,20/02/2006,14,SAO PAULO,5,PAULISTA,1,,Sábado
202,01/03/2006,1,FLAMENGO,3,BOTAFOGO,2,,Sábado
202,01/03/2006,2,NOROESTE,1,PALMEIRAS,3,,Sábado
202,01/03/2006,3,CORITIBA,2,LONDRINA,1,,Domingo
202,01/03/2006,4,VILLA NOVA,0,ATLETICO,1,,Sábado
202,01/03/2006,5,PONTE PRETA,1,SAO PAULO,2,,Sábado
202,01/03/2006,6,MARILIA,3,GUARANI,1,,Sábado
202,01/03/2006,7,GOIAS,0,JATAIENSE,1,,Sábado
202,01/03/2006,8,ATHLETICO,2,IRATY,2,,Sábado
202,01/03/2006,9,MARANGUAPE,1,FORTALEZA,1,,Sábado
202,01/03/2006,10,CEILANDIA,8,GUARA,2,,Domingo
202,01/03/2006,11,CALDENSE,0,CRUZEIRO,2,,Sábado
202,01/03/2006,12,FLUMINENSE,1,FRIBURGUENSE,4,,Sábado
202,01/03/2006,13,SANTOS,1,RIO BRANCO,0,,Sábado
202,01/03/2006,14,CORINTHIANS,4,SANTO ANDRE,1,,Sábado
203,06/03/2006,1,SANTOS,1,PALMEIRAS,0,,Domingo
203,06/03/2006,2,FLUMINENSE,2,VASCO DA GAMA,2,,Domingo
203,06/03/2006,3,VITORIA,2,JUAZEIRO,2,,Domingo
203,06/03/2006,4,CORINTHIANS,1,MARILIA,1,,Domingo
203,06/03/2006,5,AMERICA,2,FLAMENGO,2,,Domingo
203,06/03/2006,6,ITUIUTABA,1,CRUZEIRO,0,,Domingo
203,06/03/2006,7,JOINVILLE,2,AVAI,0,,Domingo
203,06/03/2006,8,CEARA,2,FERROVIARIO,1,,Domingo
203,06/03/2006,9,ITUMBIARA,0,ANAPOLINA,1,,Domingo
203,06/03/2006,10,MINEIROS,3,VILA NOVA,1,,Domingo
203,06/03/2006,11,AGUIA,1,PAYSANDU,1,,Domingo
203,06/03/2006,12,NOROESTE,2,GUARANI,1,,Domingo
203,06/03/2006,13,SAO BENTO,2,SAO PAULO,0,,Domingo
203,06/03/2006,14,AMERICANO,2,BOTAFOGO,2,,Domingo
204,13/03/2006,1,CORINTHIANS,1,SAO PAULO,2,,Domingo
204,13/03/2006,2,FLUMINENSE,2,BOTAFOGO,2,,Domingo
204,13/03/2006,3,GREMIO,2,JUVENTUDE,2,,Sábado
204,13/03/2006,4,CRUZEIRO,2,URT,0,,Domingo
204,13/03/2006,5,GUARANI,2,SANTOS,1,,Domingo
204,13/03/2006,6,CRAC,1,GOIAS,2,,Domingo
204,13/03/2006,7,VASCO DA GAMA,2,AMERICANO,2,,Domingo
204,13/03/2006,8,REMO,1,ANANINDEUA,0,,
204,13/03/2006,9,CAXIAS,0,INTERNACIONAL,3,,Domingo
204,13/03/2006,10,GAMA,1,CEILANDIA,0,,Domingo
204,13/03/2006,11,JOINVILLE,0,FIGUEIRENSE,2,,Domingo
204,13/03/2006,12,SPORT,1,NAUTICO,1,,Domingo
204,13/03/2006,13,PORTUGUESA,1,PALMEIRAS,2,,Sábado
204,13/03/2006,14,FLAMENGO,0,VOLTA REDONDA,0,,Sábado
205,20/03/2006,1,FLAMENGO,1,VASCO DA GAMA,2,,Domingo
205,20/03/2006,2,PALMEIRAS,4,PONTE PRETA,2,,Domingo
205,20/03/2006,3,FORTALEZA,4,CEARA,0,,Domingo
205,20/03/2006,4,INTERNACIONAL,1,NOVO HAMBURGO,0,,Sábado
205,20/03/2006,5,AMERICA,2,CORINTHIANS,1,,Domingo
205,20/03/2006,6,PORTUGUESA,0,BOTAFOGO,2,,Sábado
205,20/03/2006,7,COLO COLO,1,BAHIA,1,,Domingo
205,20/03/2006,8,CEILANDIA,0,BRASILIENSE,1,,Domingo
205,20/03/2006,9,SANTA CRUZ,0,SPORT,1,,
205,20/03/2006,10,FIGUEIRENSE,4,AVAI,1,,Domingo
205,20/03/2006,11,SAO  CAETANO,2,GUARANI,0,,Sábado
205,20/03/2006,12,SANTOS,2,ITUANO,0,,Domingo
205,20/03/2006,13,VOLTA REDONDA,1,FLUMINENSE,2,,Domingo
205,20/03/2006,14,SAO PAULO,1,NOROESTE,1,,Sábado
206,27/03/2006,1,PALMEIRAS,1,CORINTHIANS,1,,Domingo
206,27/03/2006,2,CRUZEIRO,2,ATLETICO,0,,Domingo
206,27/03/2006,3,VILA NOVA,0,GOIAS,0,,Domingo
206,27/03/2006,4,RIO BRANCO,2,SAO PAULO,4,,Domingo
206,27/03/2006,5,GREMIO,2,VERANOPOLIS,0,,Domingo
206,27/03/2006,6,GUARANI,2,SANTO ANDRE,2,,Sábado
206,27/03/2006,7,AMERICA,1,PONTE PRETA,2,,Domingo
206,27/03/2006,8,CONFIANCA,0,LAGARTENSE,0,,Domingo
206,27/03/2006,9,ATLETICO,5,ANAPOLINA,1,,Sábado
206,27/03/2006,10,IPATINGA,3,AMERICA,1,,Domingo
206,27/03/2006,11,JUVENTUDE,1,SANTA CRUZ,1,,Domingo
206,27/03/2006,12,BRASILIENSE,2,CEILANDIA,1,,Domingo
206,27/03/2006,13,MARILIA,2,SAO CAETANO,3,,Domingo
206,27/03/2006,14,JUVENTUS,1,SANTOS,2,,Sábado
207,03/04/2006,1,SAO PAULO,3,SANTOS,1,,Domingo
207,03/04/2006,2,PONTE PRETA,0,CORINTHIANS,1,,Domingo
207,03/04/2006,3,JUAZEIRO,0,VITORIA,0,,
207,03/04/2006,4,GAMA,0,BRASILIENSE,0,,Domingo
207,03/04/2006,5,NAUTICO,3,SANTA CRUZ,3,,Domingo
207,03/04/2006,6,CENTRAL,1,PORTO,0,,Domingo
207,03/04/2006,7,LAGARTENSE,0,ITABAIANA,0,,Sábado
207,03/04/2006,8,BAHIA,0,CAMACARI,0,,Domingo
207,03/04/2006,9,COLO COLO,0,FLUMINENSE,0,,
207,03/04/2006,10,SAO BENTO,1,GUARANI,0,,Domingo
207,03/04/2006,11,PAULISTA,1,AMERICA,2,,Domingo
207,03/04/2006,12,PORTUGUESA,1,ITUANO,0,,Domingo
207,03/04/2006,13,SAO  CAETANO,1,SANTO ANDRE,2,,Domingo
207,03/04/2006,14,PALMEIRAS,0,RIO BRANCO,2,,Sábado
208,10/04/2006,1,INTERNACIONAL,1,GREMIO,1,,Domingo
208,10/04/2006,2,SANTOS,2,PORTUGUESA,0,,Domingo
208,10/04/2006,3,ITUANO,0,SAO PAULO,2,,Domingo
208,10/04/2006,4,ATLETICO,0,GOIAS,1,,Domingo
208,10/04/2006,5,BOTAFOGO,3,MADUREIRA,1,,Domingo
208,10/04/2006,6,AMERICA,0,SAO CAETANO,0,,Domingo
208,10/04/2006,7,MARILIA,2,SAO BENTO,1,,Domingo
208,10/04/2006,8,FIGUEIRENSE,3,JOINVILLE,0,,Domingo
208,10/04/2006,9,PARANA,1,ADAP,1,,Domingo
208,10/04/2006,10,FORTALEZA,0,CEARA,1,,Domingo
208,10/04/2006,11,SANTO ANDRE,1,PALMEIRAS,3,,Domingo
208,10/04/2006,12,JUVENTUS,3,NOROESTE,1,,Domingo
208,10/04/2006,13,BRAGANTINO,0,PONTE PRETA,1,,Domingo
208,10/04/2006,14,CORINTHIANS,2,PAULISTA,2,,Domingo
209,17/04/2006,1,SAO PAULO,1,FLAMENGO,0,,Domingo
209,17/04/2006,2,GREMIO,2,CORINTHIANS,0,,Domingo
209,17/04/2006,3,VASCO DA GAMA,1,INTERNACIONAL,1,,Sábado
209,17/04/2006,4,GOIAS,0,SANTOS,0,,Domingo
209,17/04/2006,5,ATHLETICO,1,FLUMINENSE,2,,Domingo
209,17/04/2006,6,SANTA CRUZ,0,FIGUEIRENSE,0,,Domingo
209,17/04/2006,7,JUVENTUDE,1,PARANA,0,,Sábado
209,17/04/2006,8,NAUTICO,3,BRASILIENSE,2,,Sábado
209,17/04/2006,9,AVAI,1,SPORT,2,,Sábado
209,17/04/2006,10,MARILIA,1,ATLETICO,1,,Sábado
209,17/04/2006,11,REMO,1,CORITIBA,2,,Sábado
209,17/04/2006,12,SAO  CAETANO,2,CRUZEIRO,1,,Domingo
209,17/04/2006,13,BOTAFOGO,1,FORTALEZA,0,,Domingo
209,17/04/2006,14,PALMEIRAS,2,PONTE PRETA,3,,Domingo
210,24/04/2006,1,CRUZEIRO,3,GREMIO,1,,Domingo
210,24/04/2006,2,SANTOS,2,ATHLETICO,0,,Domingo
210,24/04/2006,3,FORTALEZA,1,SAO PAULO,0,,Domingo
210,24/04/2006,4,CORINTHIANS,3,SAO CAETANO,0,,Sábado
210,24/04/2006,5,FLUMINENSE,1,GOIAS,0,,Sábado
210,24/04/2006,6,FIGUEIRENSE,6,PALMEIRAS,1,,Sábado
210,24/04/2006,7,INTERNACIONAL,1,SANTA CRUZ,0,,Domingo
210,24/04/2006,8,CORITIBA,1,GUARANI,1,,Sábado
210,24/04/2006,9,VILA NOVA,1,REMO,2,,Sábado
210,24/04/2006,10,BRASILIENSE,1,CEARA,1,,Sábado
210,24/04/2006,11,ATLETICO,3,NAUTICO,1,,Sábado
210,24/04/2006,12,PARANA,0,BOTAFOGO,0,,Domingo
210,24/04/2006,13,PONTE PRETA,1,VASCO DA GAMA,2,,Domingo
210,24/04/2006,14,FLAMENGO,3,JUVENTUDE,1,,Domingo
211,02/05/2006,1,PALMEIRAS,1,SANTOS,2,,Domingo
211,02/05/2006,2,VASCO DA GAMA,1,FLUMINENSE,1,,Domingo
211,02/05/2006,3,INTERNACIONAL,1,FLAMENGO,0,,Domingo
211,02/05/2006,4,PONTE PRETA,3,CORINTHIANS,2,,Domingo
211,02/05/2006,5,FIGUEIRENSE,0,CRUZEIRO,2,,Domingo
211,02/05/2006,6,FORTALEZA,2,SAO CAETANO,1,,Sábado
211,02/05/2006,7,JUVENTUDE,1,GOIAS,1,,Domingo
211,02/05/2006,8,SAO RAIMUNDO,1,GUARANI,1,,Sábado
211,02/05/2006,9,CORITIBA,3,PORTUGUESA,0,,Sábado
211,02/05/2006,10,MARILIA,0,AVAI,0,,Sábado
211,02/05/2006,11,ATLETICO,5,CRB,0,,Sábado
211,02/05/2006,12,PARANA,5,GREMIO,2,,Domingo
211,02/05/2006,13,BOTAFOGO,0,ATHLETICO,4,,Sábado
211,02/05/2006,14,SAO PAULO,4,SANTA CRUZ,0,,Sábado
212,08/05/2006,1,CORINTHIANS,1,SAO PAULO,3,,Domingo
212,08/05/2006,2,FLAMENGO,1,BOTAFOGO,0,,Domingo
212,08/05/2006,3,GREMIO,1,VASCO DA GAMA,2,,Domingo
212,08/05/2006,4,CRUZEIRO,2,JUVENTUDE,0,,Domingo
212,08/05/2006,5,SAO CAETANO,2,PALMEIRAS,0,,Domingo
212,08/05/2006,6,GOIAS,2,FIGUEIRENSE,1,,Domingo
212,08/05/2006,7,SANTA CRUZ,1,PONTE PRETA,1,,Sábado
212,08/05/2006,8,PAULISTA,1,ATLETICO,1,,Sábado
212,08/05/2006,9,PAYSANDU,1,SAO RAIMUNDO,0,,Sábado
212,08/05/2006,10,GUARANI,2,NAUTICO,2,,Sábado
212,08/05/2006,11,BRASILIENSE,4,CORITIBA,1,,Sábado
212,08/05/2006,12,SANTOS,2,FORTALEZA,0,,Sábado
212,08/05/2006,13,FLUMINENSE,2,PARANA,1,,Sábado
212,08/05/2006,14,ATHLETICO,1,INTERNACIONAL,2,,Domingo
213,15/05/2006,1,INTERNACIONAL,3,SAO PAULO,1,,Domingo
213,15/05/2006,2,PALMEIRAS,1,CRUZEIRO,1,,Domingo
213,15/05/2006,3,BOTAFOGO,2,GREMIO,2,,Sábado
213,15/05/2006,4,PARANA,1,CORINTHIANS,2,,Domingo
213,15/05/2006,5,GOIAS,2,VASCO DA GAMA,0,,Domingo
213,15/05/2006,6,SANTA CRUZ,1,ATHLETICO,2,,Domingo
213,15/05/2006,7,SAO CAETANO,0,JUVENTUDE,2,,Sábado
213,15/05/2006,8,GAMA,1,PORTUGUESA,0,,Sábado
213,15/05/2006,9,CORITIBA,1,SPORT,1,,Sábado
213,15/05/2006,10,ITUANO,3,BRASILIENSE,2,,Sábado
213,15/05/2006,11,ATLETICO,3,REMO,1,,Sábado
213,15/05/2006,12,FIGUEIRENSE,1,FLUMINENSE,0,,Domingo
213,15/05/2006,13,SANTOS,3,PONTE PRETA,1,,Sábado
213,15/05/2006,14,FLAMENGO,0,FORTALEZA,0,,Domingo
214,22/05/2006,1,VASCO DA GAMA,2,CORINTHIANS,4,,Domingo
214,22/05/2006,2,CRUZEIRO,2,FLAMENGO,1,,Domingo
214,22/05/2006,3,FLUMINENSE,1,SANTOS,0,,Domingo
214,22/05/2006,4,ATHLETICO,2,GOIAS,3,,Sábado
214,22/05/2006,5,SAO PAULO,1,SAO CAETANO,0,,Sábado
214,22/05/2006,6,INTERNACIONAL,2,FIGUEIRENSE,4,,Sábado
214,22/05/2006,7,FORTALEZA,1,PARANA,1,,Sábado
214,22/05/2006,8,NAUTICO,2,CEARA,1,,Sábado
214,22/05/2006,9,SANTO ANDRE,0,PORTUGUESA,0,,Sábado
214,22/05/2006,10,AMERICA,2,SPORT,0,,Sábado
214,22/05/2006,11,SAO RAIMUNDO,1,CORITIBA,2,,Sábado
214,22/05/2006,12,PONTE PRETA,1,GREMIO,1,,Domingo
214,22/05/2006,13,JUVENTUDE,1,BOTAFOGO,0,,Domingo
214,22/05/2006,14,PALMEIRAS,2,SANTA CRUZ,1,,Domingo
215,29/05/2006,1,FLUMINENSE,1,FLAMENGO,0,,Domingo
215,29/05/2006,2,SANTOS,2,CORINTHIANS,0,,Domingo
215,29/05/2006,3,VASCO DA GAMA,1,SAO PAULO,1,,Domingo
215,29/05/2006,4,INTERNACIONAL,1,CRUZEIRO,1,,Domingo
215,29/05/2006,5,PALMEIRAS,0,GREMIO,1,,Domingo
215,29/05/2006,6,PONTE PRETA,2,PARANA,5,,Sábado
215,29/05/2006,7,FIGUEIRENSE,0,FORTALEZA,0,,Sábado
215,29/05/2006,8,ATLETICO,1,VILA NOVA,1,,Sábado
215,29/05/2006,9,SANTO ANDRE,2,CORITIBA,1,,Sábado
215,29/05/2006,10,MARILIA,1,GUARANI,0,,Sábado
215,29/05/2006,11,PAYSANDU,0,SPORT,1,,Sábado
215,29/05/2006,12,ATHLETICO,1,JUVENTUDE,0,,Sábado
215,29/05/2006,13,GOIAS,2,SAO CAETANO,1,,Domingo
215,29/05/2006,14,SANTA CRUZ,1,BOTAFOGO,1,,Domingo
216,05/06/2006,1,BRASIL,4,NOVA ZELANDIA,0,,Domingo
216,05/06/2006,2,CORINTHIANS,0,FLAMENGO,2,,Domingo
216,05/06/2006,3,FLUMINENSE,2,INTERNACIONAL,3,,Sábado
216,05/06/2006,4,SANTOS,0,BOTAFOGO,0,,Domingo
216,05/06/2006,5,FORTALEZA,0,CRUZEIRO,2,,Sábado
216,05/06/2006,6,ATHLETICO,2,PALMEIRAS,0,,Domingo
216,05/06/2006,7,GOIAS,1,PARANA,2,,Domingo
216,05/06/2006,8,PONTE PRETA,3,FIGUEIRENSE,0,,Domingo
216,05/06/2006,9,PAULISTA,1,NAUTICO,0,,Sábado
216,05/06/2006,10,MARILIA,1,CORITIBA,0,,Sábado
216,05/06/2006,11,BRASILIENSE,1,ATLETICO,0,,Sábado
216,05/06/2006,12,GREMIO,1,SAO CAETANO,1,,Sábado
216,05/06/2006,13,VASCO DA GAMA,2,SANTA CRUZ,1,,Domingo
216,05/06/2006,14,JUVENTUDE,1,SAO PAULO,1,,Domingo
217,14/06/2006,1,BRASIL,1,CROACIA,0,,Terça-feira
217,14/06/2006,2,FRANCA,0,SUICA,0,,Terça-feira
217,14/06/2006,3,ARGENTINA,2,COSTA DO MARFIM,1,,Sábado
217,14/06/2006,4,SERVIA MONTENEGRO,0,HOLANDA,1,,Domingo
217,14/06/2006,5,ESPANHA,4,UCRANIA,0,,Quarta-feira
217,14/06/2006,6,ITALIA,2,GANA,0,,Segunda-feira
217,14/06/2006,7,ANGOLA,0,PORTUGAL,1,,Domingo
217,14/06/2006,8,AUSTRALIA,3,JAPAO,1,,Segunda-feira
217,14/06/2006,9,ESTADOS UNIDOS,0,REPUBLICA TCHECA,3,,Segunda-feira
217,14/06/2006,10,COREIA DO SUL,2,TOGO,1,,Terça-feira
217,14/06/2006,11,TRINIDAD E TOBAGO,0,SUECIA,0,,Sábado
217,14/06/2006,12,MEXICO,3,IRA,1,,Domingo
217,14/06/2006,13,TUNISIA,2,ARABIA SAUDITA,2,,Quarta-feira
217,14/06/2006,14,ALEMANHA,1,POLONIA,0,,Quarta-feira
218,22/06/2006,1,BRASIL,2,AUSTRALIA,0,,Domingo
218,22/06/2006,2,HOLANDA,0,ARGENTINA,0,,Quarta-feira
218,22/06/2006,3,EQUADOR,0,ALEMANHA,3,,Terça-feira
218,22/06/2006,4,REP.TCHECA,0,ITALIA,2,,Quinta-feira
218,22/06/2006,5,JAPAO,1,BRASIL,4,,Quinta-feira
218,22/06/2006,6,ITALIA,1,ESTADOS UNIDOS,1,,Sábado
218,22/06/2006,7,FRANCA,1,COREIA DO SUL,1,,Domingo
218,22/06/2006,8,JAPAO,0,CROACIA,0,,Domingo
218,22/06/2006,9,ESPANHA,3,TUNISIA,1,,Segunda-feira
218,22/06/2006,10,COSTA RICA,1,POLONIA,2,,Terça-feira
218,22/06/2006,11,PARAGUAI,2,TRINIDAD E TOBAGO,0,,Terça-feira
218,22/06/2006,12,SUECIA,2,INGLATERRA,2,,Terça-feira
218,22/06/2006,13,PORTUGAL,2,MEXICO,1,,Quarta-feira
218,22/06/2006,14,CROACIA,2,AUSTRALIA,2,,Quinta-feira
219,27/06/2006,1,BRASIL,3,GANA,0,,Terça-feira
219,27/06/2006,2,ITALIA,1,AUSTRALIA,0,,Segunda-feira
219,27/06/2006,3,ALEMANHA,2,SUECIA,0,,Sábado
219,27/06/2006,4,INGLATERRA,1,EQUADOR,0,,Domingo
219,27/06/2006,5,ARGENTINA,1,MEXICO,1,,Sábado
219,27/06/2006,6,PORTUGAL,1,HOLANDA,0,,Domingo
219,27/06/2006,7,ATIBAIA,1,CAMPINAS,3,,Sábado
219,27/06/2006,8,BOA VIAGEM,1,TIRADENTES,0,,Domingo
219,27/06/2006,9,CRATEUS,1,CRATO,2,,Domingo
219,27/06/2006,10,PIRAMBU,3,LAGARTENSE,1,,Domingo
219,27/06/2006,11,ITABAIANA,3,GUARANY,0,,Domingo
219,27/06/2006,12,SERGIPE,1,CONFIANCA,0,,Domingo
219,27/06/2006,13,ARAGUAINA,2,TOCANTINOPOLIS,1,,Sábado
219,27/06/2006,14,COXIM,0,S. E. R. CHAPADAO,0,,Domingo
220,03/07/2006,1,BRASIL,0,FRANCA,1,,Sábado
220,03/07/2006,2,INGLATERRA,0,PORTUGAL,0,,Sábado
220,03/07/2006,3,ITALIA,3,UCRANIA,0,,Sexta-feira
220,03/07/2006,4,ALEMANHA,1,ARGENTINA,1,,Sexta-feira
220,03/07/2006,5,TOCANTINOPOLIS,2,ARAGUAINA,2,,Domingo
220,03/07/2006,6,GUARIBA,0,JABOTICABAL,1,,Domingo
220,03/07/2006,7,CATANDUVENSE,3,JOSE BONIFACIO,0,,Domingo
220,03/07/2006,8,SUZANO,1,JACAREI,4,,Domingo
220,03/07/2006,9,CAMPO LIMPO,0,CAMPINAS,1,,Domingo
220,03/07/2006,10,LENCOENSE,0,FORCA,3,,Domingo
220,03/07/2006,11,CAPIVARIANO,2,ATIBAIA,1,,Domingo
220,03/07/2006,12,HORIZONTE,3,ITAPAJE,1,,Domingo
220,03/07/2006,13,TIRADENTES,1,TRAIRIENSE,1,,Domingo
220,03/07/2006,14,URUBURETAMA,1,BOA VIAGEM,1,,Domingo
221,13/07/2006,1,CRUZEIRO,2,CORINTHIANS,0,,Quarta-feira
221,13/07/2006,2,SAO PAULO,2,GREMIO,1,,Quarta-feira
221,13/07/2006,3,SAO CAETANO,1,BOTAFOGO,1,,Quarta-feira
221,13/07/2006,4,FIGUEIRENSE,2,SANTOS,1,,Quarta-feira
221,13/07/2006,5,FLUMINENSE,3,JUVENTUDE,2,,Quarta-feira
221,13/07/2006,6,ATLETICO,1,SANTO ANDRE,1,,Terça-feira
221,13/07/2006,7,BRASILIENSE,2,AVAI,0,,Terça-feira
221,13/07/2006,8,ITUANO,1,PAYSANDU,1,,Terça-feira
221,13/07/2006,9,CEARA,1,MARILIA,1,,Terça-feira
221,13/07/2006,10,CRB,2,CORITIBA,2,,Terça-feira
221,13/07/2006,11,VILA NOVA,1,SPORT,1,,Terça-feira
221,13/07/2006,12,GUARANI,3,GAMA,1,,Terça-feira
221,13/07/2006,13,ATHLETICO,0,FORTALEZA,0,,Quarta-feira
221,13/07/2006,14,INTERNACIONAL,2,PONTE PRETA,0,,Quarta-feira
222,17/07/2006,1,FLAMENGO,0,VASCO DA GAMA,1,,Domingo
222,17/07/2006,2,PALMEIRAS,1,CORINTHIANS,0,,Domingo
222,17/07/2006,3,JUVENTUDE,2,INTERNACIONAL,0,,Domingo
222,17/07/2006,4,PARANA,2,ATHLETICO,1,,Domingo
222,17/07/2006,5,CRUZEIRO,0,GOIAS,0,,Domingo
222,17/07/2006,6,BOTAFOGO,4,PONTE PRETA,1,,Sábado
222,17/07/2006,7,FORTALEZA,1,SANTA CRUZ,4,,Domingo
222,17/07/2006,8,GUARANI,1,PAYSANDU,1,,Sábado
222,17/07/2006,9,CORITIBA,2,PAULISTA,1,,Sábado
222,17/07/2006,10,AVAI,2,ATLETICO,0,,Sábado
222,17/07/2006,11,NAUTICO,2,SPORT,1,,Sábado
222,17/07/2006,12,SAO PAULO,2,FIGUEIRENSE,1,,Sábado
222,17/07/2006,13,SAO CAETANO,2,SANTOS,0,,Domingo
222,17/07/2006,14,GREMIO,4,FLUMINENSE,4,,Domingo
223,24/07/2006,1,INTERNACIONAL,0,BOTAFOGO,0,,Domingo
223,24/07/2006,2,PONTE PRETA,1,SAO PAULO,3,,Domingo
223,24/07/2006,3,GOIAS,1,PALMEIRAS,3,,Domingo
223,24/07/2006,4,PARANA,1,CRUZEIRO,0,,Sábado
223,24/07/2006,5,SANTA CRUZ,3,FLAMENGO,0,,Domingo
223,24/07/2006,6,CORINTHIANS,2,FORTALEZA,2,,Sábado
223,24/07/2006,7,FIGUEIRENSE,2,GREMIO,0,,Sábado
223,24/07/2006,8,CORITIBA,2,VILA NOVA,1,,Sábado
223,24/07/2006,9,MARILIA,4,NAUTICO,0,,Sábado
223,24/07/2006,10,CEARA,0,CRB,0,,Sábado
223,24/07/2006,11,ITUANO,1,PORTUGUESA,1,,Sábado
223,24/07/2006,12,FLUMINENSE,2,SAO CAETANO,2,,Sábado
223,24/07/2006,13,SANTOS,3,JUVENTUDE,2,,Domingo
223,24/07/2006,14,VASCO DA GAMA,2,ATHLETICO,1,,Domingo
224,31/07/2006,1,SAO PAULO,0,SANTOS,4,,Domingo
224,31/07/2006,2,FLUMINENSE,1,BOTAFOGO,1,,Domingo
224,31/07/2006,3,INTERNACIONAL,0,GREMIO,0,,Domingo
224,31/07/2006,4,VASCO DA GAMA,1,CRUZEIRO,0,,Domingo
224,31/07/2006,5,ATHLETICO,1,FLAMENGO,0,,Domingo
224,31/07/2006,6,SAO CAETANO,1,PONTE PRETA,1,,Sábado
224,31/07/2006,7,JUVENTUDE,1,FIGUEIRENSE,0,,Sábado
224,31/07/2006,8,BRASILIENSE,0,GAMA,2,,Sábado
224,31/07/2006,9,NAUTICO,2,CORITIBA,2,,Sábado
224,31/07/2006,10,CEARA,2,SPORT,2,,Sábado
224,31/07/2006,11,ATLETICO,2,PORTUGUESA,1,,Sábado
224,31/07/2006,12,GOIAS,1,FORTALEZA,1,,Domingo
224,31/07/2006,13,PALMEIRAS,4,PARANA,2,,Sábado
224,31/07/2006,14,SANTA CRUZ,1,CORINTHIANS,0,,Domingo
225,07/08/2006,1,SANTOS,2,INTERNACIONAL,1,,Domingo
225,07/08/2006,2,BOTAFOGO,1,SAO PAULO,1,,Domingo
225,07/08/2006,3,PARANA,2,VASCO DA GAMA,1,,Domingo
225,07/08/2006,4,GREMIO,1,JUVENTUDE,0,,Sábado
225,07/08/2006,5,CORINTHIANS,2,ATHLETICO,1,,Sábado
225,07/08/2006,6,PONTE PRETA,3,FLUMINENSE,0,,Domingo
225,07/08/2006,7,FIGUEIRENSE,1,SAO CAETANO,1,,Sábado
225,07/08/2006,8,PAYSANDU,2,ATLETICO,2,,Sábado
225,07/08/2006,9,SANTO ANDRE,1,BRASILIENSE,0,,Sábado
225,07/08/2006,10,SAO RAIMUNDO,2,NAUTICO,2,,Sábado
225,07/08/2006,11,ITUANO,2,GUARANI,2,,Sábado
225,07/08/2006,12,CRUZEIRO,3,SANTA CRUZ,3,,Domingo
225,07/08/2006,13,FORTALEZA,0,PALMEIRAS,0,,Domingo
225,07/08/2006,14,FLAMENGO,1,GOIAS,0,,Sábado
226,14/08/2006,1,CRUZEIRO,2,FLUMINENSE,3,,Domingo
226,14/08/2006,2,BOTAFOGO,1,PALMEIRAS,3,,Domingo
226,14/08/2006,3,JUVENTUDE,0,VASCO DA GAMA,0,,Sábado
226,14/08/2006,4,PARANA,1,SANTOS,1,,Domingo
226,14/08/2006,5,SAO PAULO,2,GOIAS,1,,Domingo
226,14/08/2006,6,FLAMENGO,0,PONTE PRETA,0,,Sábado
226,14/08/2006,7,SAO CAETANO,2,SANTA CRUZ,0,,Sábado
226,14/08/2006,8,GUARANI,2,CEARA,1,,Sábado
226,14/08/2006,9,GAMA,1,NAUTICO,3,,Sábado
226,14/08/2006,10,CRB,3,SANTO ANDRE,0,,Sábado
226,14/08/2006,11,VILA NOVA,2,BRASILIENSE,0,,Sábado
226,14/08/2006,12,FORTALEZA,1,INTERNACIONAL,2,,Domingo
226,14/08/2006,13,GREMIO,2,ATHLETICO,0,,Domingo
226,14/08/2006,14,CORINTHIANS,1,FIGUEIRENSE,3,,Sábado
227,21/08/2006,1,CRUZEIRO,2,SAO PAULO,2,,Domingo
227,21/08/2006,2,INTERNACIONAL,1,PALMEIRAS,1,,Domingo
227,21/08/2006,3,CORINTHIANS,1,BOTAFOGO,0,,Domingo
227,21/08/2006,4,SANTOS,0,VASCO DA GAMA,2,,Domingo
227,21/08/2006,5,FLAMENGO,1,GREMIO,0,,Sábado
227,21/08/2006,6,PARANA,1,SAO CAETANO,0,,Domingo
227,21/08/2006,7,FORTALEZA,4,JUVENTUDE,1,,Domingo
227,21/08/2006,8,SPORT,8,GUARANI,1,,Sábado
227,21/08/2006,9,BRASILIENSE,0,MARILIA,1,,
227,21/08/2006,10,PAYSANDU,1,PAULISTA,1,,Sábado
227,21/08/2006,11,CORITIBA,2,GAMA,1,,Sábado
227,21/08/2006,12,FIGUEIRENSE,3,ATHLETICO,3,,Domingo
227,21/08/2006,13,PONTE PRETA,3,GOIAS,2,,Sábado
227,21/08/2006,14,FLUMINENSE,1,SANTA CRUZ,1,,Domingo
228,28/08/2006,1,FLAMENGO,1,SAO PAULO,1,,Domingo
228,28/08/2006,2,INTERNACIONAL,1,VASCO DA GAMA,2,,Domingo
228,28/08/2006,3,CORINTHIANS,0,GREMIO,2,,Domingo
228,28/08/2006,4,SANTOS,2,GOIAS,1,,Sábado
228,28/08/2006,5,PONTE PRETA,1,PALMEIRAS,1,,Domingo
228,28/08/2006,6,PARANA,0,JUVENTUDE,1,,Domingo
228,28/08/2006,7,FIGUEIRENSE,2,SANTA CRUZ,0,,Domingo
228,28/08/2006,8,AVAI,1,CORITIBA,2,,Sábado
228,28/08/2006,9,PAULISTA,1,BRASILIENSE,1,,Sábado
228,28/08/2006,10,AMERICA,3,ATLETICO,2,,Sábado
228,28/08/2006,11,MARILIA,4,PAYSANDU,1,,Sábado
228,28/08/2006,12,FORTALEZA,2,BOTAFOGO,3,,Domingo
228,28/08/2006,13,CRUZEIRO,3,SAO CAETANO,0,,Sábado
228,28/08/2006,14,FLUMINENSE,1,ATHLETICO,2,,Sábado
229,04/09/2006,1,BRASIL,3,ARGENTINA,0,,Domingo
229,04/09/2006,2,SANTOS,5,PALMEIRAS,1,,Domingo
229,04/09/2006,3,FLUMINENSE,1,VASCO DA GAMA,1,,Domingo
229,04/09/2006,4,FLAMENGO,1,INTERNACIONAL,2,,Sábado
229,04/09/2006,5,SANTA CRUZ,1,SAO PAULO,3,,Domingo
229,04/09/2006,6,ATHLETICO,0,BOTAFOGO,5,,Domingo
229,04/09/2006,7,SAO CAETANO,0,FORTALEZA,0,,Domingo
229,04/09/2006,8,GOIAS,2,JUVENTUDE,0,,Domingo
229,04/09/2006,9,PAYSANDU,1,CEARA,2,,Sábado
229,04/09/2006,10,SAO RAIMUNDO,2,PORTUGUESA,0,,Sábado
229,04/09/2006,11,SPORT,2,AVAI,0,,Sábado
229,04/09/2006,12,GREMIO,2,PARANA,1,,Domingo
229,04/09/2006,13,CRUZEIRO,2,FIGUEIRENSE,2,,Sábado
229,04/09/2006,14,CORINTHIANS,1,PONTE PRETA,0,,Domingo
230,11/09/2006,1,SAO PAULO,0,CORINTHIANS,0,,Domingo
230,11/09/2006,2,BOTAFOGO,0,FLAMENGO,2,,Domingo
230,11/09/2006,3,FORTALEZA,1,SANTOS,1,,Domingo
230,11/09/2006,4,VASCO DA GAMA,1,GREMIO,1,,Sábado
230,11/09/2006,5,JUVENTUDE,2,CRUZEIRO,0,,Domingo
230,11/09/2006,6,FIGUEIRENSE,2,GOIAS,2,,Domingo
230,11/09/2006,7,PONTE PRETA,2,SANTA CRUZ,0,,Sábado
230,11/09/2006,8,PAYSANDU,1,NAUTICO,0,,Sábado
230,11/09/2006,9,PORTUGUESA,2,CORITIBA,2,,Sábado
230,11/09/2006,10,ITUANO,1,VILA NOVA,1,,Sábado
230,11/09/2006,11,CRB,0,ATLETICO,1,,Sábado
230,11/09/2006,12,PARANA,1,FLUMINENSE,0,,Domingo
230,11/09/2006,13,PALMEIRAS,3,SAO CAETANO,1,,Sábado
230,11/09/2006,14,INTERNACIONAL,2,ATHLETICO,0,,Domingo
231,18/09/2006,1,SAO PAULO,2,INTERNACIONAL,0,,Domingo
231,18/09/2006,2,CRUZEIRO,1,PALMEIRAS,0,,Domingo
231,18/09/2006,3,GREMIO,4,BOTAFOGO,0,,Domingo
231,18/09/2006,4,PONTE PRETA,1,SANTOS,0,,Domingo
231,18/09/2006,5,VASCO DA GAMA,0,GOIAS,0,,Sábado
231,18/09/2006,6,JUVENTUDE,1,SAO CAETANO,0,,Domingo
231,18/09/2006,7,ATHLETICO,2,SANTA CRUZ,1,,Sábado
231,18/09/2006,8,AVAI,2,GUARANI,1,,Sábado
231,18/09/2006,9,REMO,2,ATLETICO,1,,Sábado
231,18/09/2006,10,PORTUGUESA,0,GAMA,0,,Sábado
231,18/09/2006,11,SPORT,2,CORITIBA,0,,Sábado
231,18/09/2006,12,FLUMINENSE,2,FIGUEIRENSE,0,,Domingo
231,18/09/2006,13,FORTALEZA,3,FLAMENGO,4,,Domingo
231,18/09/2006,14,CORINTHIANS,1,PARANA,0,,Sábado
232,25/09/2006,1,INTERNACIONAL,1,CORINTHIANS,1,,Domingo
232,25/09/2006,2,PALMEIRAS,3,SAO PAULO,1,,Domingo
232,25/09/2006,3,VASCO DA GAMA,0,BOTAFOGO,0,,Domingo
232,25/09/2006,4,GOIAS,4,GREMIO,0,,Domingo
232,25/09/2006,5,SANTOS,3,FLAMENGO,0,,Domingo
232,25/09/2006,6,SANTA CRUZ,1,JUVENTUDE,0,,Domingo
232,25/09/2006,7,ATHLETICO,3,SAO CAETANO,1,,Sábado
232,25/09/2006,8,PAULISTA,2,GUARANI,1,,Sábado
232,25/09/2006,9,CEARA,3,AVAI,2,,Sábado
232,25/09/2006,10,PAYSANDU,0,CRB,2,,Sábado
232,25/09/2006,11,ATLETICO,2,SPORT,0,,Sábado
232,25/09/2006,12,FIGUEIRENSE,0,PARANA,1,,Domingo
232,25/09/2006,13,PONTE PRETA,0,CRUZEIRO,1,,Domingo
232,25/09/2006,14,FLUMINENSE,1,FORTALEZA,3,,Sábado
233,05/10/2006,1,FLAMENGO,4,FLUMINENSE,1,,Quarta-feira
233,05/10/2006,2,SAO PAULO,5,VASCO DA GAMA,1,,Quarta-feira
233,05/10/2006,3,GREMIO,2,PALMEIRAS,1,,Quarta-feira
233,05/10/2006,4,SAO CAETANO,1,GOIAS,2,,Quarta-feira
233,05/10/2006,5,JUVENTUDE,3,ATHLETICO,2,,Quarta-feira
233,05/10/2006,6,CEARA,2,CORITIBA,0,,Terça-feira
233,05/10/2006,7,MARILIA,2,SPORT,2,,Terça-feira
233,05/10/2006,8,SANTO ANDRE,3,AVAI,1,,Terça-feira
233,05/10/2006,9,ITUANO,1,GAMA,0,,Terça-feira
233,05/10/2006,10,PAYSANDU,1,PORTUGUESA,3,,Terça-feira
233,05/10/2006,11,PAULISTA,5,VILA NOVA,1,,Terça-feira
233,05/10/2006,12,ATLETICO,4,GUARANI,1,,Terça-feira
233,05/10/2006,13,FORTALEZA,1,FIGUEIRENSE,1,,Quarta-feira
233,05/10/2006,14,PARANA,2,PONTE PRETA,1,,Quarta-feira
234,09/10/2006,1,FLUMINENSE,1,SAO PAULO,2,,Sábado
234,09/10/2006,2,PALMEIRAS,3,FLAMENGO,1,,Domingo
234,09/10/2006,3,SANTOS,1,GREMIO,0,,Domingo
234,09/10/2006,4,GOIAS,3,CORINTHIANS,1,,Domingo
234,09/10/2006,5,ATHLETICO,1,CRUZEIRO,1,,Domingo
234,09/10/2006,6,SANTA CRUZ,1,PARANA,3,,Domingo
234,09/10/2006,7,PONTE PRETA,3,JUVENTUDE,1,,Sábado
234,09/10/2006,8,ATLETICO,1,BRASILIENSE,0,,Sábado
234,09/10/2006,9,CRB,1,SPORT,1,,Sábado
234,09/10/2006,10,GAMA,3,PAYSANDU,1,,Sábado
234,09/10/2006,11,CORITIBA,6,MARILIA,2,,Sábado
234,09/10/2006,12,FIGUEIRENSE,1,BOTAFOGO,0,,Domingo
234,09/10/2006,13,INTERNACIONAL,1,SAO CAETANO,0,,Domingo
234,09/10/2006,14,VASCO DA GAMA,2,FORTALEZA,0,,Sábado
235,16/10/2006,1,FLAMENGO,3,CORINTHIANS,0,,Domingo
235,16/10/2006,2,INTERNACIONAL,2,FLUMINENSE,0,,Domingo
235,16/10/2006,3,BOTAFOGO,4,SANTOS,3,,Sábado
235,16/10/2006,4,SAO PAULO,5,JUVENTUDE,0,,Sábado
235,16/10/2006,5,SANTA CRUZ,0,VASCO DA GAMA,4,,Domingo
235,16/10/2006,6,PARANA,1,GOIAS,0,,Domingo
235,16/10/2006,7,FIGUEIRENSE,2,PONTE PRETA,1,,Domingo
235,16/10/2006,8,SANTO ANDRE,1,ATLETICO,2,,Sábado
235,16/10/2006,9,GAMA,2,GUARANI,2,,Sábado
235,16/10/2006,10,AMERICA,3,NAUTICO,1,,Sábado
235,16/10/2006,11,PAYSANDU,2,ITUANO,1,,Sábado
235,16/10/2006,12,CRUZEIRO,0,FORTALEZA,0,,Sábado
235,16/10/2006,13,SAO CAETANO,0,GREMIO,2,,Sábado
235,16/10/2006,14,PALMEIRAS,2,ATHLETICO,2,,Domingo
236,23/10/2006,1,GREMIO,1,SAO PAULO,1,,Domingo
236,23/10/2006,2,CORINTHIANS,1,CRUZEIRO,0,,Domingo
236,23/10/2006,3,PONTE PRETA,0,INTERNACIONAL,2,,Sábado
236,23/10/2006,4,PARANA,0,FLAMENGO,2,,Domingo
236,23/10/2006,5,GOIAS,5,SANTA CRUZ,3,,Sábado
236,23/10/2006,6,FORTALEZA,3,ATHLETICO,4,,Domingo
236,23/10/2006,7,PAYSANDU,2,GUARANI,2,,Sábado
236,23/10/2006,8,PAULISTA,2,CORITIBA,0,,Sábado
236,23/10/2006,9,ATLETICO,4,AVAI,1,,Sábado
236,23/10/2006,10,SPORT,2,NAUTICO,0,,Sábado
236,23/10/2006,11,CEARA,1,SAO RAIMUNDO,0,,Sábado
236,23/10/2006,12,BOTAFOGO,2,SAO CAETANO,1,,Domingo
236,23/10/2006,13,JUVENTUDE,1,FLUMINENSE,1,,Domingo
236,23/10/2006,14,SANTOS,2,FIGUEIRENSE,1,,Sábado
237,30/10/2006,1,GOIAS,2,CRUZEIRO,3,,Sábado
237,30/10/2006,2,FIGUEIRENSE,0,SAO PAULO,2,,Sábado
237,30/10/2006,3,SANTOS,1,SAO CAETANO,0,,Sábado
237,30/10/2006,4,PONTE PRETA,1,BOTAFOGO,2,,Sábado
237,30/10/2006,5,ATHLETICO,4,PARANA,0,,Sábado
237,30/10/2006,6,PORTUGUESA,1,ITUANO,2,,Sábado
237,30/10/2006,7,SAO RAIMUNDO,0,SPORT,1,,Sábado
237,30/10/2006,8,REMO,1,SANTO ANDRE,1,,Sábado
237,30/10/2006,9,CRB,1,CEARA,1,,Sábado
237,30/10/2006,10,PAULISTA,0,AMERICA,1,,Sábado
237,30/10/2006,11,GAMA,2,ATLETICO,1,,Sábado
237,30/10/2006,12,BRASIL,3,FERROVIARIO,0,,Sábado
237,30/10/2006,13,CRICIUMA,1,TREZE,0,,Sábado
237,30/10/2006,14,BAHIA,0,IPATINGA,2,,Sábado
238,06/11/2006,1,SANTOS,0,SAO PAULO,1,,Domingo
238,06/11/2006,2,GREMIO,0,INTERNACIONAL,1,,Domingo
238,06/11/2006,3,BOTAFOGO,2,FLUMINENSE,1,,Domingo
238,06/11/2006,4,PARANA,4,PALMEIRAS,2,,Domingo
238,06/11/2006,5,CRUZEIRO,2,VASCO DA GAMA,1,,Domingo
238,06/11/2006,6,FORTALEZA,0,GOIAS,3,,Domingo
238,06/11/2006,7,PONTE PRETA,1,SAO CAETANO,2,,Domingo
238,06/11/2006,8,ATLETICO,3,PAYSANDU,0,,Sábado
238,06/11/2006,9,CEARA,1,VILA NOVA,2,,Sábado
238,06/11/2006,10,GUARANI,1,ITUANO,1,,Sábado
238,06/11/2006,11,AMERICA,0,CORITIBA,0,,Sábado
238,06/11/2006,12,FIGUEIRENSE,1,JUVENTUDE,0,,Sábado
238,06/11/2006,13,CORINTHIANS,1,SANTA CRUZ,0,,Domingo
238,06/11/2006,14,FLAMENGO,1,ATHLETICO,0,,Sábado
239,13/11/2006,1,FLUMINENSE,1,CRUZEIRO,0,,Domingo
239,13/11/2006,2,PALMEIRAS,2,BOTAFOGO,1,,Domingo
239,13/11/2006,3,GOIAS,0,SAO PAULO,2,,Domingo
239,13/11/2006,4,ATHLETICO,2,GREMIO,3,,Domingo
239,13/11/2006,5,PONTE PRETA,3,FLAMENGO,0,,Domingo
239,13/11/2006,6,SANTOS,1,PARANA,0,,Sábado
239,13/11/2006,7,SANTA CRUZ,0,SAO CAETANO,3,,Domingo
239,13/11/2006,8,CORITIBA,2,ATLETICO,3,,Sábado
239,13/11/2006,9,VILA NOVA,2,PAYSANDU,1,,Sábado
239,13/11/2006,10,AVAI,1,NAUTICO,1,,Sábado
239,13/11/2006,11,GUARANI,1,AMERICA,2,,Sábado
239,13/11/2006,12,VASCO DA GAMA,1,JUVENTUDE,1,,Sábado
239,13/11/2006,13,INTERNACIONAL,3,FORTALEZA,0,,Sábado
239,13/11/2006,14,FIGUEIRENSE,0,CORINTHIANS,0,,Domingo
240,20/11/2006,1,CORINTHIANS,1,FLUMINENSE,1,,Sábado
240,20/11/2006,2,CRUZEIRO,1,SANTOS,1,,Domingo
240,20/11/2006,3,PARANA,1,INTERNACIONAL,0,,Domingo
240,20/11/2006,4,BOTAFOGO,2,GOIAS,2,,Domingo
240,20/11/2006,5,SAO PAULO,1,ATHLETICO,1,,Domingo
240,20/11/2006,6,SAO CAETANO,0,VASCO DA GAMA,1,,Domingo
240,20/11/2006,7,FORTALEZA,1,PONTE PRETA,0,,Domingo
240,20/11/2006,8,GAMA,1,CORITIBA,1,,Sábado
240,20/11/2006,9,GUARANI,2,SPORT,0,,Sábado
240,20/11/2006,10,MARILIA,1,BRASILIENSE,1,,Sábado
240,20/11/2006,11,CEARA,0,ATLETICO,1,,Sábado
240,20/11/2006,12,GREMIO,3,SANTA CRUZ,1,,Sábado
240,20/11/2006,13,JUVENTUDE,3,PALMEIRAS,2,,Domingo
240,20/11/2006,14,FLAMENGO,0,FIGUEIRENSE,2,,Sábado
241,27/11/2006,1,SAO PAULO,2,CRUZEIRO,0,,Domingo
241,27/11/2006,2,PALMEIRAS,1,INTERNACIONAL,4,,Domingo
241,27/11/2006,3,VASCO DA GAMA,1,SANTOS,1,,Domingo
241,27/11/2006,4,GREMIO,3,FLAMENGO,0,,Domingo
241,27/11/2006,5,BOTAFOGO,0,CORINTHIANS,0,,Domingo
241,27/11/2006,6,SAO CAETANO,0,PARANA,2,,Domingo
241,27/11/2006,7,JUVENTUDE,2,FORTALEZA,2,,Domingo
241,27/11/2006,8,ATLETICO,2,AMERICA,2,,Sábado
241,27/11/2006,9,SANTO ANDRE,1,NAUTICO,1,,Sábado
241,27/11/2006,10,BRASILIENSE,3,PAULISTA,4,,Sábado
241,27/11/2006,11,CORITIBA,4,AVAI,2,,Sábado
241,27/11/2006,12,GOIAS,3,PONTE PRETA,0,,Domingo
241,27/11/2006,13,ATHLETICO,1,FIGUEIRENSE,4,,Domingo
241,27/11/2006,14,SANTA CRUZ,1,FLUMINENSE,2,,Domingo
242,04/12/2006,1,FLUMINENSE,1,PALMEIRAS,1,,Domingo
242,04/12/2006,2,PARANA,0,SAO PAULO,0,,Domingo
242,04/12/2006,3,CRUZEIRO,3,BOTAFOGO,1,,Domingo
242,04/12/2006,4,INTERNACIONAL,1,GOIAS,4,,Sábado
242,04/12/2006,5,FIGUEIRENSE,0,VASCO DA GAMA,0,,Domingo
242,04/12/2006,6,SANTOS,3,SANTA CRUZ,1,,Domingo
242,04/12/2006,7,PONTE PRETA,1,ATHLETICO,1,,Domingo
242,04/12/2006,8,TIRADENTES,1,TUNA LUSO,0,,Domingo
242,04/12/2006,9,ABAETE,0,VENUS,0,,Domingo
242,04/12/2006,10,AGUIA,2,PEDREIRA,0,,Domingo
242,04/12/2006,11,SAO RAIMUNDO,1,BELEM,0,,Domingo
242,04/12/2006,12,FORTALEZA,1,GREMIO,0,,Domingo
242,04/12/2006,13,FLAMENGO,4,SAO CAETANO,1,,Sábado
242,04/12/2006,14,CORINTHIANS,5,JUVENTUDE,3,,Domingo
243,11/12/2006,1,TUNA LUSO,2,BRAGANTINO,1,,Domingo
243,11/12/2006,2,VENUS,1,BELEM,0,,Sábado
243,11/12/2006,3,ABAETE,2,TIRADENTES,1,,Domingo
243,11/12/2006,4,PEDREIRA,0,VILA RICA,1,,Sábado
243,11/12/2006,5,SEVILLA,2,REAL MADRID,1,,Sábado
243,11/12/2006,6,BARCELONA,1,REAL SOCIEDAD,0,,Sábado
243,11/12/2006,7,ATLETICO MADRID,1,ESPANYOL,2,,Domingo
243,11/12/2006,8,VALENCIA,4,DEPORT LA CORUNA,0,,Domingo
243,11/12/2006,9,CHELSEA,1,ARSENAL,1,,Domingo
243,11/12/2006,10,REGGINA,2,ASCOLI,1,,Sábado
243,11/12/2006,11,CHIEVO,0,FIORENTINA,1,,Domingo
243,11/12/2006,12,EMPOLI,0,INTERNAZIONALE,3,,Domingo
243,11/12/2006,13,MILAN,0,TORINO,0,,Domingo
243,11/12/2006,14,LAZIO,3,ROMA,0,,Domingo
244,18/12/2006,1,CHAPECOENSE,3,MARCILIO DIAS,0,,Domingo
244,18/12/2006,2,AGUIA,2,ABAETE,2,,Domingo
244,18/12/2006,3,TIRADENTES,1,BELEM,0,,Domingo
244,18/12/2006,4,VILA RICA,2,TUNA LUSO,5,,Domingo
244,18/12/2006,5,PEDREIRA,2,SAO RAIMUNDO,0,,Domingo
244,18/12/2006,6,VENUS,0,BRAGANTINO,2,,Domingo
244,18/12/2006,7,FIORENTINA,2,MILAN,2,,Sábado
244,18/12/2006,8,ROMA,4,PALERMO,0,,Domingo
244,18/12/2006,9,INTERNAZIONALE,2,MESSINA,0,,Domingo
244,18/12/2006,10,LIVORNO,1,LAZIO,1,,Domingo
244,18/12/2006,12,EVERTON,2,CHELSEA,3,,Domingo
244,18/12/2006,13,ZARAGOZA,0,VALENCIA,1,,Sábado
244,18/12/2006,14,ESPANYOL,0,REAL MADRID,1,,Domingo
245,26/12/2006,1,TUNA LUSO,1,ABAETE,0,,Sábado
245,26/12/2006,2,BELEM,1,VILA RICA,0,,Sábado
245,26/12/2006,3,VENUS,1,AGUIA,1,,Sábado
245,26/12/2006,4,PEDREIRA,2,TIRADENTES,1,,Sábado
245,26/12/2006,5,SAO RAIMUNDO,0,BRAGANTINO,3,,Sábado
245,26/12/2006,7,NEW CASTLE,3,TOTTENHAM,1,,Sábado
245,26/12/2006,8,ARSENAL,6,BLACKBURN,2,,Sábado
245,26/12/2006,9,LIVERPOOL,2,WATFORD,0,,Sábado
245,26/12/2006,10,WIGAN,2,CHELSEA,3,,Sábado
245,26/12/2006,11,BORDEAUX,1,LE MANS,0,,Sábado
245,26/12/2006,12,LILLE,1,AUXERRE,1,,Sábado
245,26/12/2006,13,TOULOUSE,0,NANTES,4,,Sábado
245,26/12/2006,14,LYON,0,MONACO,0,,Sábado
246,08/01/2007,1,INTERNACIONAL,2,NOROESTE,0,,Domingo
246,08/01/2007,2,CORINTHIANS,6,PAYSANDU,0,,Domingo
246,08/01/2007,3,VASCO DA GAMA,1,VITORIA,1,,Sábado
246,08/01/2007,4,CRUZEIRO,2,PORTUGUESA,0,,Domingo
246,08/01/2007,5,PARANA,2,SANTO ANDRE,1,,Domingo
246,08/01/2007,6,GOIAS,5,RIO PRETO,0,,Domingo
246,08/01/2007,7,BRASILIENSE,0,VILA NOVA,5,,Domingo
246,08/01/2007,8,FIGUEIRENSE,0,FORTALEZA,0,,Domingo
246,08/01/2007,9,VITORIA,3,GUARANI,2,,Domingo
246,08/01/2007,10,FLUMINENSE,3,XV DE JAU,0,,Domingo
246,08/01/2007,11,SAO CARLOS,1,SAO PAULO,3,,Sábado
246,08/01/2007,12,SANTOS,3,GUARANY,1,,Sábado
246,08/01/2007,13,GREMIO,0,LONDRINA,3,,Domingo
246,08/01/2007,14,BOTAFOGO,3,SAO CAETANO,1,,Domingo
247,15/01/2007,1,PARANA,2,IRATY,1,,Domingo
247,15/01/2007,2,RIO BRANCO,2,CORITIBA,1,,Domingo
247,15/01/2007,3,GOIAS,2,GOIANIA,2,,Domingo
247,15/01/2007,4,ANAPOLINA,0,VILA NOVA,1,,Domingo
247,15/01/2007,5,ATLETICO,2,CRAC,3,,Domingo
247,15/01/2007,6,ITABAIANA,2,GUARANY,0,,Domingo
247,15/01/2007,7,LAGARTENSE,1,OLIMPICO,3,,Domingo
247,15/01/2007,8,COLO COLO,2,IPITANGA,2,,Domingo
247,15/01/2007,9,VITORIA,3,POCOES,1,,Domingo
247,15/01/2007,10,YPIRANGA,2,NAUTICO,1,,Domingo
247,15/01/2007,11,SPORT,1,CABENSE,0,,Sábado
247,15/01/2007,12,QUIXADA,1,FERROVIARIO,3,,Domingo
247,15/01/2007,13,CEARA,2,MARANGUAPE,1,,Sábado
247,15/01/2007,14,FORTALEZA,1,ITAPIPOCA,2,,Domingo
248,22/01/2007,1,SANTOS,3,SAO CAETANO,0,,Sábado
248,22/01/2007,2,SAO BENTO,2,CORINTHIANS,4,,Domingo
248,22/01/2007,3,INTERNACIONAL,0,NOVO HAMBURGO,0,,Domingo
248,22/01/2007,4,RIO BRANCO,1,CRUZEIRO,2,,Domingo
248,22/01/2007,5,ATLETICO,2,VILLA NOVA,3,,Domingo
248,22/01/2007,6,JOINVILLE,4,AVAI,2,,Domingo
248,22/01/2007,7,PARANOA,0,BRASILIENSE,1,,Domingo
248,22/01/2007,8,IRATY,1,ATHLETICO,2,,Domingo
248,22/01/2007,9,SPORT,2,CENTRAL,0,,Domingo
248,22/01/2007,10,CEARA,1,UNICLINIC,2,,Domingo
248,22/01/2007,11,COLO COLO,2,VITORIA,2,,Domingo
248,22/01/2007,12,VILA NOVA,1,ATLETICO,1,,Domingo
248,22/01/2007,13,RIO BRANCO,1,PALMEIRAS,2,,Domingo
248,22/01/2007,14,SAO PAULO,1,ITUANO,0,,Domingo
249,29/01/2007,1,CORINTHIANS,1,ITUANO,2,,Sábado
249,29/01/2007,2,RIO CLARO,0,SAO PAULO,2,,Domingo
249,29/01/2007,3,AMERICANO,0,FLAMENGO,0,,
249,29/01/2007,4,FRIBURGUENSE,1,VASCO DA GAMA,4,,Domingo
249,29/01/2007,5,TUPI,2,ATLETICO,0,,Domingo
249,29/01/2007,6,CRUZEIRO,4,GUARANI,0,,Sábado
249,29/01/2007,7,VILA NOVA,0,GOIAS,3,,Domingo
249,29/01/2007,8,PAYSANDU,1,REMO,1,,Domingo
249,29/01/2007,9,FERROVIARIO,0,FORTALEZA,4,,Domingo
249,29/01/2007,10,GAMA,3,PARANOA,2,,Domingo
249,29/01/2007,11,SANTA CRUZ,3,INTERNACIONAL,1,,Domingo
249,29/01/2007,12,PARANA,5,LONDRINA,2,,Sábado
249,29/01/2007,13,FIGUEIRENSE,1,MARCILIO DIAS,0,,Domingo
249,29/01/2007,14,VOLTA REDONDA,3,FLUMINENSE,2,,Domingo
250,05/02/2007,1,PALMEIRAS,3,SANTOS,3,,Domingo
250,05/02/2007,2,JUVENTUDE,2,INTERNACIONAL,1,,Domingo
250,05/02/2007,3,CORITIBA,3,PARANA,2,,Domingo
250,05/02/2007,4,FLAMENGO,1,BOAVISTA,0,,Domingo
250,05/02/2007,5,GUARATINGUETA,2,CORINTHIANS,3,,Domingo
250,05/02/2007,6,NOROESTE,1,SAO PAULO,1,,Domingo
250,05/02/2007,7,GREMIO,2,CAXIAS,0,,Sábado
250,05/02/2007,8,FIGUEIRENSE,5,JOINVILLE,2,,Domingo
250,05/02/2007,9,VITORIA,3,JUAZEIRO,1,,Domingo
250,05/02/2007,10,FERROVIARIO,1,CEARA,2,,Domingo
250,05/02/2007,11,VILLA NOVA,2,CRUZEIRO,2,,Domingo
250,05/02/2007,12,ATLETICO,0,RIO BRANCO,0,,Sábado
250,05/02/2007,13,NOVA IGUACU,1,FLUMINENSE,1,,Sábado
250,05/02/2007,14,BOTAFOGO,3,AMERICANO,0,,Sábado
251,12/02/2007,1,SAO PAULO,3,CORINTHIANS,1,,Domingo
251,12/02/2007,2,BOTAFOGO,3,FLAMENGO,3,,Domingo
251,12/02/2007,3,CRUZEIRO,1,ATLETICO,3,,Sábado
251,12/02/2007,4,GUARANI,0,GREMIO,4,,Domingo
251,12/02/2007,5,VASCO DA GAMA,6,VOLTA REDONDA,1,,Domingo
251,12/02/2007,6,ATHLETICO,2,CORITIBA,2,,Domingo
251,12/02/2007,7,FORTALEZA,3,CEARA,4,,Domingo
251,12/02/2007,8,VITORIA,1,BAHIA,1,,Domingo
251,12/02/2007,9,BRASILIENSE,3,CEILANDIA,2,,Domingo
251,12/02/2007,10,SPORT,1,SANTA CRUZ,1,,Domingo
251,12/02/2007,11,ATLETICO,3,VILA NOVA,3,,Domingo
251,12/02/2007,12,PALMEIRAS,1,BRAGANTINO,1,,Sábado
251,12/02/2007,13,SANTO ANDRE,1,SANTOS,2,,Domingo
251,12/02/2007,14,FLUMINENSE,0,AMERICA,2,,Sábado
252,21/02/2007,1,FLUMINENSE,4,VASCO DA GAMA,4,,Sábado
252,21/02/2007,2,PAULISTA,3,CORINTHIANS,2,,Sábado
252,21/02/2007,3,AMERICA,2,SAO PAULO,4,,Sábado
252,21/02/2007,4,MADUREIRA,4,FLAMENGO,1,,Sábado
252,21/02/2007,5,GAUCHO,0,INTERNACIONAL,1,,Sábado
252,21/02/2007,6,GREMIO,1,BRASIL,0,,
252,21/02/2007,7,ITUMBIARA,2,GOIAS,1,,Sábado
252,21/02/2007,8,RIOVERDENSE,0,VILA NOVA,6,,Sábado
252,21/02/2007,9,PARANAVAI,3,PARANA,2,,Segunda-feira
252,21/02/2007,10,MARANGUAPE,2,FORTALEZA,3,,Sábado
252,21/02/2007,11,AVAI,1,MARCILIO DIAS,0,,Sábado
252,21/02/2007,12,NOROESTE,5,SAO CAETANO,2,,Sábado
252,21/02/2007,13,PALMEIRAS,1,RIO CLARO,1,,Sábado
252,21/02/2007,14,SANTOS,0,SAO BENTO,2,,Sábado
253,26/02/2007,1,CORINTHIANS,1,RIO BRANCO,1,,Sábado
253,26/02/2007,2,SAO CAETANO,1,PALMEIRAS,2,,Domingo
253,26/02/2007,3,MARILIA,0,SANTOS,1,,Domingo
253,26/02/2007,4,GOIAS,0,VILA NOVA,3,,Domingo
253,26/02/2007,5,CALDENSE,1,ATLETICO,1,,Sábado
253,26/02/2007,6,CRUZEIRO,4,ITUIUTABA,1,,Domingo
253,26/02/2007,7,PARANA,3,RIO BRANCO,2,,Domingo
253,26/02/2007,8,MARCILIO DIAS,1,JOINVILLE,1,,Domingo
253,26/02/2007,9,MARANGUAPE,0,CEARA,2,,Domingo
253,26/02/2007,10,CEILANDIA,2,GAMA,1,,Domingo
253,26/02/2007,11,VITORIA,4,CAMACARI,3,,Domingo
253,26/02/2007,12,COLO COLO,0,BAHIA,3,,Domingo
253,26/02/2007,13,INTERNACIONAL,2,VERANOPOLIS,1,,Sábado
253,26/02/2007,14,SAO PAULO,1,BRAGANTINO,0,,Domingo
254,05/03/2007,1,CORINTHIANS,0,PALMEIRAS,3,,Domingo
254,05/03/2007,2,JUVENTUS,0,SAO PAULO,2,,Sábado
254,05/03/2007,3,AMERICA,1,CRUZEIRO,2,,Domingo
254,05/03/2007,4,NOVO HAMBURGO,1,INTERNACIONAL,2,,Domingo
254,05/03/2007,5,PARANA,0,ATHLETICO,3,,Domingo
254,05/03/2007,6,GOIAS,2,CRAC,0,,Domingo
254,05/03/2007,7,BAHIA,3,COLO COLO,1,,Domingo
254,05/03/2007,8,GAMA,0,BRASILIENSE,0,,Domingo
254,05/03/2007,9,AGUIA,1,PAYSANDU,0,,Domingo
254,05/03/2007,10,ICASA,1,FORTALEZA,1,,Domingo
254,05/03/2007,11,FIGUEIRENSE,2,CHAPECOENSE,2,,Domingo
254,05/03/2007,12,GUARANI,0,ATLETICO,4,,Sábado
254,05/03/2007,13,PONTE PRETA,3,SANTO ANDRE,1,,Domingo
254,05/03/2007,14,SANTOS,2,PAULISTA,1,,Domingo
255,12/03/2007,1,SANTOS,1,SAO PAULO,1,,Domingo
255,12/03/2007,2,BRAGANTINO,1,CORINTHIANS,2,,Domingo
255,12/03/2007,3,VASCO,4,MADUREIRA,1,,Domingo
255,12/03/2007,4,IPATINGA,3,CRUZEIRO,1,,Sábado
255,12/03/2007,5,BAHIA,2,VITORIA,4,,Domingo
255,12/03/2007,6,INTERNACIONAL,1,SANTA CRUZ,1,,Sábado
255,12/03/2007,7,SAO LUIZ,4,GREMIO,5,,Domingo
255,12/03/2007,8,FIGUEIRENSE,0,CRICIUMA,1,,Domingo
255,12/03/2007,9,GUARANI,0,CEARA,0,,Domingo
255,12/03/2007,10,CENTRAL,0,SPORT,1,,Domingo
255,12/03/2007,11,PALMEIRAS,4,JUVENTUS,1,,Domingo
255,12/03/2007,12,BOTAFOGO,7,FRIBURGUENSE,0,,Domingo
255,12/03/2007,13,FLUMINENSE,3,CABOFRIENSE,1,,Domingo
255,12/03/2007,14,FLAMENGO,2,NOVA IGUACU,1,,Sábado
256,19/03/2007,1,BOTAFOGO,1,FLUMINENSE,0,,Domingo
256,19/03/2007,2,SAO PAULO,1,PONTE PRETA,0,,Sábado
256,19/03/2007,3,ATLETICO,2,AMERICA,0,,Domingo
256,19/03/2007,4,INTERNACIONAL,1,JUVENTUDE,0,,Sábado
256,19/03/2007,5,VOLTA REDONDA,2,FLAMENGO,1,,Domingo
256,19/03/2007,6,BOAVISTA,2,VASCO DA GAMA,6,,Sábado
256,19/03/2007,7,VILA NOVA,5,GOIANIA,3,,Domingo
256,19/03/2007,8,CEARA,2,FERROVIARIO,1,,Domingo
256,19/03/2007,9,REMO,4,TUNA LUSO,0,,Domingo
256,19/03/2007,10,CAXIAS,1,GREMIO,3,,Domingo
256,19/03/2007,11,CRUZEIRO,6,TUPI,2,,Sábado
256,19/03/2007,12,SERTAOZINHO,2,PALMEIRAS,4,,Domingo
256,19/03/2007,13,ITUANO,1,SANTOS,2,,Domingo
256,19/03/2007,14,CORINTHIANS,2,NOROESTE,1,,Domingo
257,26/03/2007,1,VASCO,3,FLAMENGO,0,,Domingo
257,26/03/2007,2,SAO CAETANO,1,SAO PAULO,0,,Domingo
257,26/03/2007,3,PALMEIRAS,3,MARILIA,2,,Sábado
257,26/03/2007,4,MADUREIRA,1,FLUMINENSE,0,,Sábado
257,26/03/2007,5,REMO,0,PAYSANDU,0,,Domingo
257,26/03/2007,6,JUAZEIRO,1,VITORIA,4,,Domingo
257,26/03/2007,7,ITUIUTABA,0,ATLETICO,2,,Sábado
257,26/03/2007,8,MINEIROS,1,VILA NOVA,2,,Domingo
257,26/03/2007,9,CHAPECOENSE,2,CRICIUMA,1,,Domingo
257,26/03/2007,10,NAUTICO,2,SANTA CRUZ,1,,Domingo
257,26/03/2007,11,GUARANY,0,INTERNACIONAL,1,,Domingo
257,26/03/2007,12,AMERICA,2,BOTAFOGO,1,,Domingo
257,26/03/2007,13,CORINTHIANS,0,BARUERI,0,,Domingo
257,26/03/2007,14,SANTOS,2,RIO CLARO,1,,Domingo
258,02/04/2007,1,SAO PAULO,3,PALMEIRAS,1,,Domingo
258,02/04/2007,2,BOTAFOGO,2,VASCO DA GAMA,0,,Domingo
258,02/04/2007,3,AMERICANO,1,FLUMINENSE,0,,Domingo
258,02/04/2007,4,ATLETICO,1,IPATINGA,0,,Domingo
258,02/04/2007,5,PONTE PRETA,2,SANTOS,4,,Domingo
258,02/04/2007,6,BRASIL,1,GREMIO,0,,Domingo
258,02/04/2007,7,GOIAS,2,ANAPOLINA,0,,Domingo
258,02/04/2007,8,CRAC,3,VILA NOVA,2,,Domingo
258,02/04/2007,9,CRICIUMA,2,AVAI,2,,Domingo
258,02/04/2007,10,FORTALEZA,1,FERROVIARIO,3,,Domingo
258,02/04/2007,11,ESPORTIVO,0,CEILANDIA,0,,Sábado
258,02/04/2007,12,SPORT,2,NAUTICO,0,,Domingo
258,02/04/2007,13,ATHLETICO,1,PARANAVAI,1,,Domingo
258,02/04/2007,14,FRIBURGUENSE,1,FLAMENGO,2,,Domingo
259,09/04/2007,1,FLAMENGO,4,AMERICA,1,,Domingo
259,09/04/2007,2,NOROESTE,1,SANTOS,4,,Domingo
259,09/04/2007,3,CABOFRIENSE,2,VASCO DA GAMA,1,,Domingo
259,09/04/2007,4,BARUERI,0,SAO PAULO,5,,Domingo
259,09/04/2007,5,ATLETICO,1,GOIAS,0,,
259,09/04/2007,6,CRUZEIRO,3,CALDENSE,0,,Domingo
259,09/04/2007,7,CEILANDIA,3,BRASILIENSE,3,,Sábado
259,09/04/2007,8,VITORIA,7,COLO COLO,0,,Domingo
259,09/04/2007,9,RIO BRANCO,0,ATHLETICO,0,,Domingo
259,09/04/2007,10,MARCILIO DIAS,1,CRICIUMA,5,,Domingo
259,09/04/2007,11,CEARA,1,FORTALEZA,1,,Domingo
259,09/04/2007,12,NOVA IGUACU,2,BOTAFOGO,6,,Domingo
259,09/04/2007,13,MARILIA,0,PONTE PRETA,2,,Domingo
259,09/04/2007,14,CORINTHIANS,2,AMERICA,0,,Sábado
260,16/04/2007,1,GUARANI,1,PORTUGUESA,1,,Domingo
260,16/04/2007,2,MARCILIO DIAS,3,AVAI,3,,Domingo
260,16/04/2007,3,POCOES,3,VITORIA,2,,Domingo
260,16/04/2007,4,GAMA,0,CEILANDIA,0,,
260,16/04/2007,5,AMERICA,3,BARAUNAS,1,,Sábado
260,16/04/2007,6,A B C,1,POTIGUAR,1,,Domingo
260,16/04/2007,7,NACIONAL,1,ATLETICO,0,,Domingo
260,16/04/2007,8,CAMPINENSE,1,BOTAFOGO,1,,Domingo
260,16/04/2007,9,DESPORTIVA,2,TREZE,0,,Domingo
260,16/04/2007,10,BAHIA,2,VITORIA CONQUISTA,1,,Domingo
260,16/04/2007,11,IPITANGA,3,COLO COLO,3,,Domingo
260,16/04/2007,12,CRICIUMA,3,GUARANI,0,,Domingo
260,16/04/2007,13,BRUSQUE,2,JOINVILLE,2,,Domingo
260,16/04/2007,14,RIO PRETO,2,UNIAO SAO JOAO,0,,Sábado
261,23/04/2007,1,SAO PAULO,1,SAO CAETANO,4,,Sábado
261,23/04/2007,2,SANTOS,0,BRAGANTINO,0,,Domingo
261,23/04/2007,3,VILA NOVA,1,GOIAS,1,,Domingo
261,23/04/2007,4,CRUZEIRO,4,TUPI,0,,Domingo
261,23/04/2007,5,METROPOLITANO,1,CRICIUMA,1,,Domingo
261,23/04/2007,6,JUVENTUS,0,FIGUEIRENSE,1,,Domingo
261,23/04/2007,7,S. E. R. CHAPADAO,2,OPERARIO,0,,Domingo
261,23/04/2007,8,PORTUGUESA,1,GUARANI,0,,Sábado
261,23/04/2007,9,UNIAO SAO JOAO,3,RIO PRETO,0,,Sábado
261,23/04/2007,10,SOUSA,1,NACIONAL,0,,Domingo
261,23/04/2007,11,CAMPINENSE,2,DESPORTIVA,1,,Domingo
261,23/04/2007,12,FORTALEZA,0,ITAPIPOCA,0,,Domingo
261,23/04/2007,13,ICASA,1,CEARA,1,,Domingo
261,23/04/2007,14,ATLETICO,1,DEMOCRATA GV,1,,Sábado
262,02/05/2007,1,BAHIA,4,POCOES,2,,Terça-feira
262,02/05/2007,2,GUARANI,2,SAO JOSE,1,,Domingo
262,02/05/2007,3,BONITO,1,CENE,3,,Sábado
262,02/05/2007,4,AMERICA,2,A B C,5,,Domingo
262,02/05/2007,5,SERGIPE,2,CONFIANCA,0,,Domingo
262,02/05/2007,6,ITABAIANA,1,AMERICA,1,,Domingo
262,02/05/2007,7,COXIM,3,COSTA RICA,2,,Sábado
262,02/05/2007,8,RIO PRETO,0,MIRASSOL,0,,Domingo
262,02/05/2007,9,TOCANTINOPOLIS,0,ARAGUAINA,1,,Domingo
262,02/05/2007,10,GURUPI,0,PALMAS,1,,Domingo
262,02/05/2007,11,PORTUGUESA,1,BANDEIRANTE,0,,Domingo
262,02/05/2007,12,UNIAO SAO JOAO,2,BOTAFOGO,3,,Domingo
262,02/05/2007,13,CAMPINAS,2,CAMPO LIMPO,0,,Domingo
262,02/05/2007,14,ATLETICO,0,VITORIA,1,,Terça-feira
263,07/05/2007,1,FLAMENGO,2,BOTAFOGO,2,,Domingo
263,07/05/2007,2,CRUZEIRO,2,ATLETICO,0,,Domingo
263,07/05/2007,3,SANTOS,2,SAO CAETANO,0,,Domingo
263,07/05/2007,4,GREMIO,4,JUVENTUDE,1,,Domingo
263,07/05/2007,5,ATLETICO,2,GOIAS,1,,Domingo
263,07/05/2007,6,TUNA LUSO,1,REMO,1,,Domingo
263,07/05/2007,7,JAGUARE,0,LINHARES,0,,Sábado
263,07/05/2007,8,NOROESTE,0,GUARATINGUETA,1,,Sábado
263,07/05/2007,9,SUZANO,0,OSASCO,0,,Domingo
263,07/05/2007,10,PARANAIBENSE,2,CENE,2,,Domingo
263,07/05/2007,11,OPERARIO,7,BONITO,1,,Domingo
263,07/05/2007,12,PARANA,0,PARANAVAI,0,,Domingo
263,07/05/2007,13,FORTALEZA,1,ICASA,0,,Domingo
263,07/05/2007,14,CRICIUMA,2,CHAPECOENSE,2,,Domingo
264,14/05/2007,1,FLAMENGO,2,PALMEIRAS,4,,Domingo
264,14/05/2007,2,INTERNACIONAL,2,BOTAFOGO,3,,Domingo
264,14/05/2007,3,FLUMINENSE,2,CRUZEIRO,2,,Sábado
264,14/05/2007,4,ITUANO,2,CEARA,3,,Sábado
264,14/05/2007,5,SAO PAULO,2,GOIAS,0,,Sábado
264,14/05/2007,6,PARANA,3,GREMIO,0,,Domingo
264,14/05/2007,7,BRASILIENSE,2,MARILIA,2,,Sábado
264,14/05/2007,8,SPORT,4,SANTOS,1,,Domingo
264,14/05/2007,9,CRICIUMA,3,SAO CAETANO,2,,Sábado
264,14/05/2007,10,CORITIBA,3,PAULISTA,1,,Sábado
264,14/05/2007,11,FIGUEIRENSE,3,ATHLETICO,6,,Sábado
264,14/05/2007,12,ATLETICO,2,NAUTICO,1,,Domingo
264,14/05/2007,13,AMERICA,0,VASCO DA GAMA,1,,Domingo
264,14/05/2007,14,CORINTHIANS,1,JUVENTUDE,0,,Domingo
265,21/05/2007,1,GREMIO,2,FLUMINENSE,0,,Domingo
265,21/05/2007,2,CRUZEIRO,0,CORINTHIANS,3,,Domingo
265,21/05/2007,3,GOIAS,1,FLAMENGO,3,,Domingo
265,21/05/2007,4,ATHLETICO,2,INTERNACIONAL,1,,Sábado
265,21/05/2007,5,BOTAFOGO,2,ATLETICO,1,,Domingo
265,21/05/2007,6,PALMEIRAS,2,FIGUEIRENSE,1,,Domingo
265,21/05/2007,7,GAMA,1,CORITIBA,0,,Sábado
265,21/05/2007,8,SAO CAETANO,2,VITORIA,0,,Sábado
265,21/05/2007,9,MARILIA,4,ITUANO,3,,Sábado
265,21/05/2007,10,REMO,1,IPATINGA,0,,Sábado
265,21/05/2007,11,JUVENTUDE,1,PARANA,2,,Sábado
265,21/05/2007,12,VASCO DA GAMA,3,SPORT,1,,Domingo
265,21/05/2007,13,NAUTICO,1,SAO PAULO,0,,Domingo
265,21/05/2007,14,SANTOS,2,AMERICA,3,,Sábado
266,28/05/2007,1,FLAMENGO,2,BOTAFOGO,2,,Domingo
266,28/05/2007,2,SAO PAULO,0,PALMEIRAS,0,,Domingo
266,28/05/2007,3,FLUMINENSE,3,INTERNACIONAL,0,,Sábado
266,28/05/2007,4,CORINTHIANS,0,ATLETICO,0,,Sábado
266,28/05/2007,5,CEARA,0,VITORIA,3,,Sábado
266,28/05/2007,6,GOIAS,3,JUVENTUDE,1,,Domingo
266,28/05/2007,7,ATHLETICO,0,SANTOS,1,,Domingo
266,28/05/2007,8,BRASILIENSE,4,PAULISTA,1,,Sábado
266,28/05/2007,9,IPATINGA,1,PORTUGUESA,0,,Sábado
266,28/05/2007,10,SAO CAETANO,0,GAMA,0,,Sábado
266,28/05/2007,11,AMERICA,0,FIGUEIRENSE,1,,Sábado
266,28/05/2007,12,CRUZEIRO,3,PARANA,4,,Domingo
266,28/05/2007,13,GREMIO,1,SPORT,0,,Domingo
266,28/05/2007,14,NAUTICO,2,VASCO DA GAMA,2,,Domingo
267,04/06/2007,1,SANTOS,1,CORINTHIANS,1,,Domingo
267,04/06/2007,2,VASCO DA GAMA,1,FLUMINENSE,1,,Domingo
267,04/06/2007,3,PALMEIRAS,1,CRUZEIRO,3,,Domingo
267,04/06/2007,4,BOTAFOGO,3,GREMIO,0,,Sábado
267,04/06/2007,5,CORITIBA,0,SAO  CAETANO,1,,Sábado
267,04/06/2007,6,ATLETICO,1,ATHLETICO,1,,Sábado
267,04/06/2007,7,JUVENTUDE,3,AMERICA,0,,Domingo
267,04/06/2007,8,VITORIA,4,IPATINGA,0,,Sábado
267,04/06/2007,9,PORTUGUESA,1,CEARA,2,,Sábado
267,04/06/2007,10,GAMA,3,ITUANO,1,,Sábado
267,04/06/2007,11,SANTO ANDRE,1,BRASILIENSE,2,,Sábado
267,04/06/2007,12,FIGUEIRENSE,2,GOIAS,1,,Sábado
267,04/06/2007,13,SPORT,2,FLAMENGO,2,,Domingo
267,04/06/2007,14,PARANA,0,SAO PAULO,1,,Domingo
268,11/06/2007,1,VASCO DA GAMA,4,GREMIO,0,,Sábado
268,11/06/2007,2,PALMEIRAS,1,BOTAFOGO,1,,Sábado
268,11/06/2007,3,INTERNACIONAL,1,SANTOS,0,,Domingo
268,11/06/2007,4,SAO PAULO,0,ATLETICO,1,,Domingo
268,11/06/2007,5,CRB,0,IPATINGA,0,,Sábado
268,11/06/2007,6,FLUMINENSE,3,SPORT,0,,Domingo
268,11/06/2007,7,NAUTICO,4,PARANA,4,,Sábado
268,11/06/2007,8,CRICIUMA,2,AVAI,1,,Sábado
268,11/06/2007,9,SAO CAETANO,2,PAULISTA,0,,Sábado
268,11/06/2007,10,MARILIA,1,SANTA CRUZ,0,,Sábado
268,11/06/2007,11,ATHLETICO,0,GOIAS,3,,Domingo
268,11/06/2007,12,CRUZEIRO,2,JUVENTUDE,3,,Domingo
268,11/06/2007,13,AMERICA,1,CORINTHIANS,2,,Domingo
268,11/06/2007,14,FIGUEIRENSE,4,FLAMENGO,0,,Domingo
269,18/06/2007,1,FLAMENGO,2,INTERNACIONAL,2,,Sábado
269,18/06/2007,2,SAO PAULO,2,VASCO DA GAMA,0,,Domingo
269,18/06/2007,3,GREMIO,0,CRUZEIRO,2,,Sábado
269,18/06/2007,4,GOIAS,3,PALMEIRAS,1,,Domingo
269,18/06/2007,5,AVAI,2,REMO,3,,Sábado
269,18/06/2007,6,BOTAFOGO,3,NAUTICO,1,,Domingo
269,18/06/2007,7,ATLETICO,4,FIGUEIRENSE,1,,Domingo
269,18/06/2007,8,SANTO ANDRE,0,PONTE PRETA,2,,Sábado
269,18/06/2007,9,CEARA,2,CRB,1,,Sábado
269,18/06/2007,10,ITUANO,3,VITORIA,1,,Sábado
269,18/06/2007,11,SPORT,2,AMERICA,2,,Domingo
269,18/06/2007,12,ATHLETICO,1,FLUMINENSE,1,,Domingo
269,18/06/2007,13,JUVENTUDE,0,SANTOS,2,,Domingo
269,18/06/2007,14,CORINTHIANS,0,PARANA,0,,Sábado
270,25/06/2007,1,SANTOS,0,SAO PAULO,2,,Domingo
270,25/06/2007,2,VASCO,1,FLAMENGO,0,,
270,25/06/2007,3,INTERNACIONAL,0,GREMIO,2,,Domingo
270,25/06/2007,4,CRUZEIRO,4,ATLETICO,2,,Domingo
270,25/06/2007,5,CEARA,2,CORITIBA,2,,Sábado
270,25/06/2007,6,AMERICA,0,FLUMINENSE,1,,Domingo
270,25/06/2007,7,NAUTICO,0,GOIAS,2,,Domingo
270,25/06/2007,8,SAO CAETANO,1,PORTUGUESA,2,,Sábado
270,25/06/2007,9,CRB,3,AVAI,1,,Sábado
270,25/06/2007,10,REMO,3,GAMA,3,,Sábado
270,25/06/2007,11,PARANA,1,SPORT,0,,Sábado
270,25/06/2007,12,JUVENTUDE,1,FIGUEIRENSE,1,,Sábado
270,25/06/2007,13,PALMEIRAS,0,ATHLETICO,2,,Domingo
270,25/06/2007,14,BOTAFOGO,0,CORINTHIANS,1,,
271,02/07/2007,1,FLUMINENSE,1,BOTAFOGO,2,,Sábado
271,02/07/2007,2,CORINTHIANS,0,PALMEIRAS,1,,Sábado
271,02/07/2007,3,CRUZEIRO,3,VASCO DA GAMA,1,,Sábado
271,02/07/2007,4,SANTOS,0,GREMIO,0,,Sábado
271,02/07/2007,5,VITORIA,4,PONTE PRETA,0,,Sábado
271,02/07/2007,6,CRB,3,REMO,1,,Sábado
271,02/07/2007,7,ITUANO,0,BARUERI,3,,Sábado
271,02/07/2007,8,SANTO ANDRE,3,SANTA CRUZ,0,,Sábado
271,02/07/2007,9,ATIBAIA,2,CAMPINAS,2,,Sábado
271,02/07/2007,10,MARILIA,3,SAO CAETANO,0,,Sábado
271,02/07/2007,11,CEARA,3,GAMA,0,,Sábado
271,02/07/2007,12,AMERICA,0,GOIAS,3,,Sábado
271,02/07/2007,13,PARANA,2,ATHLETICO,2,,Sábado
271,02/07/2007,14,INTERNACIONAL,1,ATLETICO,1,,Sábado
272,09/07/2007,1,SAO PAULO,0,FLAMENGO,0,,Sábado
272,09/07/2007,2,CORINTHIANS,1,FLUMINENSE,1,,Sábado
272,09/07/2007,3,ATLETICO,0,GREMIO,1,,Sábado
272,09/07/2007,4,SANTOS,4,CRUZEIRO,1,,Sábado
272,09/07/2007,5,SANTA CRUZ,2,PORTUGUESA,2,,Sábado
272,09/07/2007,6,CORITIBA,2,CRB,1,,Sábado
272,09/07/2007,7,FORTALEZA,3,AVAI,3,,Sábado
272,09/07/2007,8,CEILANDIA,0,ATLETICO,1,,Sábado
272,09/07/2007,9,CONFIANCA,0,BAHIA,0,,Sábado
272,09/07/2007,10,GOIAS,3,SPORT,2,,Sábado
272,09/07/2007,11,INTERNACIONAL,2,FIGUEIRENSE,1,,Sábado
272,09/07/2007,12,NAUTICO,0,PALMEIRAS,1,,Sábado
272,09/07/2007,13,JUVENTUDE,2,VASCO DA GAMA,0,,Sábado
272,09/07/2007,14,BOTAFOGO,2,ATHLETICO,0,,Sábado
273,16/07/2007,1,CORINTHIANS,1,SAO PAULO,1,,Sábado
273,16/07/2007,2,SANTOS,3,BOTAFOGO,0,,Sábado
273,16/07/2007,3,GREMIO,1,PALMEIRAS,1,,Sábado
273,16/07/2007,4,CRUZEIRO,2,GOIAS,1,,Sábado
273,16/07/2007,5,VITORIA,6,FORTALEZA,0,,Sábado
273,16/07/2007,6,GAMA,2,SANTA CRUZ,1,,Sábado
273,16/07/2007,7,SANTO ANDRE,0,CORITIBA,0,,Sábado
273,16/07/2007,8,PAYSANDU,3,ANANINDEUA,3,,Sábado
273,16/07/2007,9,VILA NOVA,2,ITUMBIARA,0,,Sábado
273,16/07/2007,10,GUARANI,0,AMERICA,0,,Sábado
273,16/07/2007,11,CHAPECOENSE,0,ULBRA,2,,Sábado
273,16/07/2007,12,VOLTA REDONDA,1,FRIBURGUENSE,0,,Sábado
273,16/07/2007,13,AMERICA,1,INTERNACIONAL,2,,Sábado
273,16/07/2007,14,SPORT,2,ATLETICO,0,,Sábado
274,23/07/2007,1,GREMIO,1,FLAMENGO,0,,Domingo
274,23/07/2007,2,CRUZEIRO,1,SAO PAULO,2,,Domingo
274,23/07/2007,3,VASCO DA GAMA,4,ATLETICO,0,,Sábado
274,23/07/2007,4,PARANA,1,PALMEIRAS,0,,Domingo
274,23/07/2007,5,CRICIUMA,2,VITORIA,0,,Sábado
274,23/07/2007,6,SANTOS,3,FIGUEIRENSE,1,,Domingo
274,23/07/2007,7,AMERICA,2,ATHLETICO,1,,Sábado
274,23/07/2007,8,CORITIBA,4,BARUERI,1,,Sábado
274,23/07/2007,9,MARILIA,2,CEARA,2,,Sábado
274,23/07/2007,10,SANTA CRUZ,4,REMO,4,,Sábado
274,23/07/2007,11,CORINTHIANS,0,NAUTICO,3,,Domingo
274,23/07/2007,12,FLUMINENSE,3,GOIAS,0,,Domingo
274,23/07/2007,13,JUVENTUDE,2,INTERNACIONAL,0,,Sábado
274,23/07/2007,14,SPORT,3,BOTAFOGO,3,,Domingo
275,30/07/2007,1,CORINTHIANS,2,FLAMENGO,2,,Domingo
275,30/07/2007,2,VASCO,4,GOIAS,1,,Sábado
275,30/07/2007,3,SPORT,1,INTERNACIONAL,5,,Domingo
275,30/07/2007,4,CRUZEIRO,3,BOTAFOGO,2,,Domingo
275,30/07/2007,5,VITORIA,3,CORITIBA,1,,Sábado
275,30/07/2007,6,GREMIO,1,ATHLETICO,1,,Sábado
275,30/07/2007,7,FLUMINENSE,1,FIGUEIRENSE,1,,Domingo
275,30/07/2007,8,REMO,1,MARILIA,3,,Sábado
275,30/07/2007,9,AVAI,0,SANTA CRUZ,0,,Sábado
275,30/07/2007,10,CEARA,2,PAULISTA,1,,Sábado
275,30/07/2007,11,PARANA,1,ATLETICO,3,,Domingo
275,30/07/2007,12,JUVENTUDE,1,PALMEIRAS,1,,Domingo
275,30/07/2007,13,SANTOS,1,NAUTICO,2,,Sábado
275,30/07/2007,14,AMERICA,0,SAO PAULO,1,,Domingo
276,06/08/2007,1,GREMIO,0,SAO PAULO,2,,Domingo
276,06/08/2007,2,CRUZEIRO,3,INTERNACIONAL,2,,Domingo
276,06/08/2007,3,SANTOS,3,FLAMENGO,0,,Domingo
276,06/08/2007,4,FLUMINENSE,0,PALMEIRAS,1,,Domingo
276,06/08/2007,5,PONTE PRETA,6,SANTA CRUZ,0,,Sábado
276,06/08/2007,6,JUVENTUDE,1,ATLETICO,2,,Domingo
276,06/08/2007,7,AMERICA,1,NAUTICO,5,,Sábado
276,06/08/2007,8,BRASILIENSE,3,CEARA,2,,Sábado
276,06/08/2007,9,FORTALEZA,3,REMO,0,,Sábado
276,06/08/2007,10,CRICIUMA,3,CRB,0,,Sábado
276,06/08/2007,11,SPORT,3,ATHLETICO,2,,Sábado
276,06/08/2007,12,VASCO DA GAMA,2,FIGUEIRENSE,2,,Domingo
276,06/08/2007,13,CORINTHIANS,1,GOIAS,0,,Sábado
276,06/08/2007,14,PARANA,0,BOTAFOGO,0,,Domingo
277,13/08/2007,1,CORINTHIANS,2,GREMIO,1,,Domingo
277,13/08/2007,2,FLUMINENSE,3,SANTOS,0,,Domingo
277,13/08/2007,3,ATLETICO,1,PALMEIRAS,2,,Domingo
277,13/08/2007,4,FIGUEIRENSE,1,BOTAFOGO,1,,Domingo
277,13/08/2007,5,REMO,1,VITORIA,2,,Sábado
277,13/08/2007,6,SPORT,3,JUVENTUDE,0,,Sábado
277,13/08/2007,7,PARANA,0,VASCO DA GAMA,0,,Domingo
277,13/08/2007,8,SAO CAETANO,0,IPATINGA,1,,Sábado
277,13/08/2007,9,MARILIA,0,CORITIBA,2,,Sábado
277,13/08/2007,10,PAULISTA,1,FORTALEZA,0,,Sábado
277,13/08/2007,11,AMERICA,1,CRUZEIRO,2,,Domingo
277,13/08/2007,12,INTERNACIONAL,1,GOIAS,0,,Domingo
277,13/08/2007,13,SAO PAULO,2,ATHLETICO,0,,Sábado
277,13/08/2007,14,FLAMENGO,2,NAUTICO,1,,Sábado
278,20/08/2007,1,BOTAFOGO,1,INTERNACIONAL,1,,Domingo
278,20/08/2007,2,PALMEIRAS,2,FLAMENGO,1,,Domingo
278,20/08/2007,3,CRUZEIRO,4,FLUMINENSE,2,,Domingo
278,20/08/2007,4,GOIAS,0,SAO PAULO,0,,Domingo
278,20/08/2007,5,CRICIUMA,2,PORTUGUESA,2,,Sábado
278,20/08/2007,6,SANTOS,2,SPORT,0,,Sábado
278,20/08/2007,7,NAUTICO,0,ATLETICO,1,,Domingo
278,20/08/2007,8,CORITIBA,2,SANTA CRUZ,0,,Sábado
278,20/08/2007,9,FORTALEZA,3,MARILIA,1,,Sábado
278,20/08/2007,10,PONTE PRETA,1,REMO,1,,Sábado
278,20/08/2007,11,ATHLETICO,1,FIGUEIRENSE,1,,Sábado
278,20/08/2007,12,GREMIO,2,PARANA,0,,Sábado
278,20/08/2007,13,VASCO DA GAMA,2,AMERICA,0,,Domingo
278,20/08/2007,14,JUVENTUDE,2,CORINTHIANS,2,,Domingo
279,27/08/2007,1,FLUMINENSE,1,GREMIO,1,,Sábado
279,27/08/2007,2,CORINTHIANS,0,CRUZEIRO,3,,Sábado
279,27/08/2007,3,SPORT,0,VASCO DA GAMA,0,,Domingo
279,27/08/2007,4,ATLETICO,1,BOTAFOGO,2,,Domingo
279,27/08/2007,5,SAO CAETANO,1,CRICIUMA,0,,Sábado
279,27/08/2007,6,PARANA,3,JUVENTUDE,1,,Domingo
279,27/08/2007,7,SAO PAULO,5,NAUTICO,0,,Domingo
279,27/08/2007,8,PORTUGUESA,1,FORTALEZA,0,,Sábado
279,27/08/2007,9,SANTA CRUZ,2,IPATINGA,1,,Sábado
279,27/08/2007,10,PAULISTA,3,CORITIBA,2,,Sábado
279,27/08/2007,11,AMERICA,1,SANTOS,4,,Domingo
279,27/08/2007,12,FIGUEIRENSE,1,PALMEIRAS,2,,Domingo
279,27/08/2007,13,INTERNACIONAL,1,ATHLETICO,0,,Sábado
279,27/08/2007,14,FLAMENGO,3,GOIAS,1,,Domingo
280,03/09/2007,1,CORINTHIANS,2,SANTOS,0,,Domingo
280,03/09/2007,2,FLUMINENSE,1,VASCO DA GAMA,1,,Domingo
280,03/09/2007,3,GREMIO,3,BOTAFOGO,0,,Domingo
280,03/09/2007,4,CRUZEIRO,5,PALMEIRAS,0,,Domingo
280,03/09/2007,5,VITORIA,2,CEARA,2,,Sábado
280,03/09/2007,6,GOIAS,2,FIGUEIRENSE,1,,Domingo
280,03/09/2007,7,ATHLETICO,1,ATLETICO,0,,Domingo
280,03/09/2007,8,CRICIUMA,2,BARUERI,0,,Sábado
280,03/09/2007,9,FORTALEZA,1,PONTE PRETA,1,,Sábado
280,03/09/2007,10,CORITIBA,2,ITUANO,0,,Sábado
280,03/09/2007,11,AMERICA,0,JUVENTUDE,3,,Sábado
280,03/09/2007,12,NAUTICO,1,INTERNACIONAL,1,,Domingo
280,03/09/2007,13,FLAMENGO,1,SPORT,1,,Sábado
280,03/09/2007,14,SAO PAULO,6,PARANA,0,,Sábado
281,10/09/2007,1,INTERNACIONAL,3,FLAMENGO,0,,Sábado
281,10/09/2007,2,VASCO DA GAMA,0,SAO PAULO,2,,Sábado
281,10/09/2007,3,CRUZEIRO,2,GREMIO,0,,Sábado
281,10/09/2007,4,PARANA,1,CORINTHIANS,0,,Domingo
281,10/09/2007,5,CEARA,0,FORTALEZA,1,,Sábado
281,10/09/2007,6,FLUMINENSE,2,ATHLETICO,0,,Domingo
281,10/09/2007,7,AMERICA,1,SPORT,1,,Domingo
281,10/09/2007,8,SANTO ANDRE,0,VITORIA,2,,Sábado
281,10/09/2007,9,BARUERI,2,PONTE PRETA,1,,Sábado
281,10/09/2007,10,IPATINGA,4,CRB,0,,Sábado
281,10/09/2007,11,FIGUEIRENSE,2,ATLETICO,1,,Sábado
281,10/09/2007,12,NAUTICO,4,BOTAFOGO,1,,Domingo
281,10/09/2007,13,PALMEIRAS,2,GOIAS,0,,Domingo
281,10/09/2007,14,SANTOS,1,JUVENTUDE,0,,Sábado
282,17/09/2007,1,FLAMENGO,1,VASCO DA GAMA,1,,Domingo
282,17/09/2007,2,SAO PAULO,2,SANTOS,1,,Sábado
282,17/09/2007,3,ATLETICO,3,CRUZEIRO,4,,Domingo
282,17/09/2007,4,GREMIO,1,INTERNACIONAL,0,,Domingo
282,17/09/2007,5,BRASILIENSE,0,CORITIBA,1,,Sábado
282,17/09/2007,6,GOIAS,0,NAUTICO,3,,Sábado
282,17/09/2007,7,FIGUEIRENSE,4,JUVENTUDE,1,,Domingo
282,17/09/2007,8,MARILIA,1,PORTUGUESA,2,,Sábado
282,17/09/2007,9,REMO,2,AVAI,2,,Sábado
282,17/09/2007,10,FORTALEZA,2,GAMA,3,,Sábado
282,17/09/2007,11,SPORT,3,PARANA,1,,Domingo
282,17/09/2007,12,FLUMINENSE,2,AMERICA,0,,Sábado
282,17/09/2007,13,ATHLETICO,2,PALMEIRAS,1,,Domingo
282,17/09/2007,14,CORINTHIANS,0,BOTAFOGO,1,,Domingo
283,24/09/2007,1,PALMEIRAS,1,CORINTHIANS,0,,Domingo
283,24/09/2007,2,BOTAFOGO,0,FLUMINENSE,2,,Domingo
283,24/09/2007,3,VASCO DA GAMA,0,CRUZEIRO,2,,Domingo
283,24/09/2007,4,GREMIO,1,SANTOS,0,,Sábado
283,24/09/2007,5,CORITIBA,2,CEARA,0,,Sábado
283,24/09/2007,6,GOIAS,1,AMERICA,1,,Sábado
283,24/09/2007,7,NAUTICO,2,SPORT,0,,Domingo
283,24/09/2007,8,ITUANO,1,PONTE PRETA,1,,Sábado
283,24/09/2007,9,FORTALEZA,2,CRICIUMA,0,,Sábado
283,24/09/2007,10,IPATINGA,3,BRASILIENSE,0,,Sábado
283,24/09/2007,11,ATHLETICO,2,PARANA,1,,Domingo
283,24/09/2007,12,JUVENTUDE,2,FLAMENGO,2,,Domingo
283,24/09/2007,13,ATLETICO,2,INTERNACIONAL,2,,Domingo
283,24/09/2007,14,SAO PAULO,2,FIGUEIRENSE,0,,Sábado
284,01/10/2007,1,INTERNACIONAL,1,SAO PAULO,2,,Domingo
284,01/10/2007,2,SANTOS,1,VASCO DA GAMA,0,,Domingo
284,01/10/2007,3,FLAMENGO,1,ATLETICO,0,,Sábado
284,01/10/2007,4,CORINTHIANS,1,SPORT,2,,Sábado
284,01/10/2007,5,BRASILIENSE,1,FORTALEZA,3,,Sábado
284,01/10/2007,6,JUVENTUDE,1,GREMIO,2,,Domingo
284,01/10/2007,7,BOTAFOGO,0,GOIAS,3,,Domingo
284,01/10/2007,8,CRICIUMA,0,REMO,0,,Sábado
284,01/10/2007,9,BARUERI,0,SAO CAETANO,2,,Sábado
284,01/10/2007,10,CEARA,1,AVAI,0,,Sábado
284,01/10/2007,11,PARANA,3,FLUMINENSE,1,,Domingo
284,01/10/2007,12,NAUTICO,5,ATHLETICO,0,,Sábado
284,01/10/2007,13,AMERICA,0,PALMEIRAS,0,,Domingo
284,01/10/2007,14,CRUZEIRO,1,FIGUEIRENSE,2,,Domingo
285,08/10/2007,1,SAO PAULO,0,CORINTHIANS,1,,Domingo
285,08/10/2007,2,FLAMENGO,0,FLUMINENSE,2,,Domingo
285,08/10/2007,3,PALMEIRAS,2,GREMIO,0,,Sábado
285,08/10/2007,4,BOTAFOGO,1,SANTOS,2,,Sábado
285,08/10/2007,5,SAO CAETANO,0,PONTE PRETA,1,,Sábado
285,08/10/2007,6,ATLETICO,3,SPORT,1,,Domingo
285,08/10/2007,7,NAUTICO,4,JUVENTUDE,1,,Sábado
285,08/10/2007,8,CEARA,2,IPATINGA,0,,Sábado
285,08/10/2007,9,REMO,5,BRASILIENSE,1,,Sábado
285,08/10/2007,10,CRB,1,CORITIBA,0,,Sábado
285,08/10/2007,11,FIGUEIRENSE,4,PARANA,0,,Domingo
285,08/10/2007,12,GOIAS,0,CRUZEIRO,0,,Domingo
285,08/10/2007,13,INTERNACIONAL,2,AMERICA,0,,Domingo
285,08/10/2007,14,ATHLETICO,1,VASCO DA GAMA,0,,Domingo
286,15/10/2007,1,COLOMBIA,0,BRASIL,0,,Domingo
286,15/10/2007,2,SANTOS,1,PALMEIRAS,1,,Sábado
286,15/10/2007,3,VASCO DA GAMA,2,BOTAFOGO,1,,Domingo
286,15/10/2007,4,FLUMINENSE,1,SAO PAULO,1,,Sábado
286,15/10/2007,5,CORINTHIANS,1,INTERNACIONAL,1,,Sábado
286,15/10/2007,6,SANTA CRUZ,1,VITORIA,3,,Sábado
286,15/10/2007,7,PONTE PRETA,2,PORTUGUESA,4,,Sábado
286,15/10/2007,8,IPATINGA,1,FORTALEZA,1,,Sábado
286,15/10/2007,9,BRASILIENSE,1,CRB,1,,Sábado
286,15/10/2007,10,GUARATINGUETA,0,SOROCABA,1,,Domingo
286,15/10/2007,11,PAULISTA,2,ITUANO,3,,Sábado
286,15/10/2007,12,AMERICA,0,ATLETICO,1,,Sábado
286,15/10/2007,13,GREMIO,2,GOIAS,1,,Sábado
286,15/10/2007,14,PARANA,0,FLAMENGO,1,,Sábado
287,22/10/2007,1,SAO PAULO,1,CRUZEIRO,0,,Domingo
287,22/10/2007,2,FLAMENGO,2,GREMIO,0,,Domingo
287,22/10/2007,3,ATLETICO,1,VASCO DA GAMA,0,,Domingo
287,22/10/2007,4,NAUTICO,1,CORINTHIANS,0,,Domingo
287,22/10/2007,5,FORTALEZA,2,VITORIA,1,,Sábado
287,22/10/2007,6,PALMEIRAS,3,PARANA,0,,Sábado
287,22/10/2007,7,ATHLETICO,2,AMERICA,0,,Domingo
287,22/10/2007,8,SAO CAETANO,3,CEARA,3,,Sábado
287,22/10/2007,9,PAULISTA,0,AVAI,1,,Sábado
287,22/10/2007,10,SANTA CRUZ,1,GAMA,1,,Sábado
287,22/10/2007,11,FIGUEIRENSE,1,SANTOS,0,,Domingo
287,22/10/2007,12,GOIAS,5,FLUMINENSE,3,,Sábado
287,22/10/2007,13,BOTAFOGO,3,SPORT,1,,Sábado
287,22/10/2007,14,INTERNACIONAL,3,JUVENTUDE,0,,Domingo
288,29/10/2007,1,VASCO DA GAMA,2,PALMEIRAS,2,,Domingo
288,29/10/2007,2,FLUMINENSE,1,ATLETICO,1,,Sábado
288,29/10/2007,3,SPORT,1,SAO PAULO,2,,Domingo
288,29/10/2007,4,PARANA,1,INTERNACIONAL,0,,Domingo
288,29/10/2007,5,VITORIA,0,CRICIUMA,0,,Sábado
288,29/10/2007,6,AMERICA,0,FLAMENGO,1,,Domingo
288,29/10/2007,7,GREMIO,4,NAUTICO,3,,Domingo
288,29/10/2007,8,PONTE PRETA,2,BRASILIENSE,2,,Sábado
288,29/10/2007,9,BARUERI,0,CORITIBA,1,,Sábado
288,29/10/2007,10,REMO,2,SANTA CRUZ,1,,Sábado
288,29/10/2007,11,JUVENTUDE,1,BOTAFOGO,1,,Domingo
288,29/10/2007,12,CRUZEIRO,1,ATHLETICO,1,,Sábado
288,29/10/2007,13,SANTOS,3,GOIAS,0,,Sábado
288,29/10/2007,14,CORINTHIANS,2,FIGUEIRENSE,1,,Domingo
289,05/11/2007,1,CRUZEIRO,3,FLAMENGO,1,,Domingo
289,05/11/2007,2,SANTOS,2,ATLETICO,2,,Domingo
289,05/11/2007,3,VASCO DA GAMA,1,INTERNACIONAL,2,,Domingo
289,05/11/2007,4,SPORT,3,PALMEIRAS,1,,Domingo
289,05/11/2007,5,CORITIBA,2,VITORIA,2,,Sábado
289,05/11/2007,6,AMERICA,1,BOTAFOGO,1,,Domingo
289,05/11/2007,7,PARANA,1,GOIAS,0,,Sábado
289,05/11/2007,8,SANTA CRUZ,2,AVAI,2,,Sábado
289,05/11/2007,9,FORTALEZA,2,BARUERI,0,,Sábado
289,05/11/2007,10,MARILIA,2,REMO,1,,Sábado
289,05/11/2007,11,GREMIO,1,FIGUEIRENSE,2,,Sábado
289,05/11/2007,12,FLUMINENSE,2,NAUTICO,1,,Sábado
289,05/11/2007,13,CORINTHIANS,2,ATHLETICO,2,,Domingo
289,05/11/2007,14,JUVENTUDE,0,SAO PAULO,0,,
290,12/11/2007,1,S. PAULO,1,GREMIO,0,,Domingo
290,12/11/2007,2,INTERNACIONAL,1,CRUZEIRO,0,,Sábado
290,12/11/2007,3,FLAMENGO,1,SANTOS,0,,Domingo
290,12/11/2007,4,GOIAS,1,CORINTHIANS,1,,Domingo
290,12/11/2007,5,REMO,3,FORTALEZA,2,,Sábado
290,12/11/2007,6,NAUTICO,4,AMERICA,0,,Sábado
290,12/11/2007,7,ATLETICO,4,JUVENTUDE,1,,Domingo
290,12/11/2007,8,PAULISTA,3,VITORIA,0,,Sábado
290,12/11/2007,9,GAMA,0,IPATINGA,2,,Sábado
290,12/11/2007,10,AVAI,1,CORITIBA,0,,Sábado
290,12/11/2007,11,CEARA,1,BRASILIENSE,3,,Sábado
290,12/11/2007,12,ATHLETICO,0,SPORT,0,,Domingo
290,12/11/2007,13,BOTAFOGO,3,PARANA,2,,Sábado
290,12/11/2007,14,FIGUEIRENSE,3,VASCO DA GAMA,3,,Domingo
291,19/11/2007,1,PERU,1,BRASIL,1,,Domingo
291,19/11/2007,2,CRICIUMA,2,SANTA CRUZ,0,,Sábado
291,19/11/2007,3,PONTE PRETA,1,CEARA,1,,Sábado
291,19/11/2007,4,BRASILIENSE,1,PORTUGUESA,1,,Sábado
291,19/11/2007,5,IPATINGA,1,SAO CAETANO,0,,Sábado
291,19/11/2007,6,VITORIA,1,REMO,1,,Sábado
291,19/11/2007,7,BARRAS,0,BAHIA,2,,Sábado
291,19/11/2007,8,VILA NOVA,2,BRAGANTINO,0,,Sábado
291,19/11/2007,9,A B C,1,NACIONAL,0,,Sábado
291,19/11/2007,10,CRAC,1,ATLETICO,0,,Sábado
291,19/11/2007,11,OLARIA,2,MESQUITA,2,,Sábado
291,19/11/2007,12,ITUANO,0,CRB,1,,Sábado
291,19/11/2007,13,BARUERI,0,GAMA,2,,Sábado
291,19/11/2007,14,FORTALEZA,2,PAULISTA,1,,Sábado
292,26/11/2007,1,SAO PAULO,2,BOTAFOGO,2,,Domingo
292,26/11/2007,2,INTERNACIONAL,2,PALMEIRAS,1,,Domingo
292,26/11/2007,3,SPORT,1,CRUZEIRO,0,,Domingo
292,26/11/2007,4,PARANA,2,SANTOS,3,,Domingo
292,26/11/2007,5,BAHIA,0,VILA NOVA,0,,Domingo
292,26/11/2007,6,CEARA,1,SANTO ANDRE,2,,Sábado
292,26/11/2007,7,SANTA CRUZ,2,CORITIBA,3,,Sábado
292,26/11/2007,8,GAMA,1,VITORIA,0,,Sábado
292,26/11/2007,9,MARILIA,1,FORTALEZA,2,,Sábado
292,26/11/2007,10,REMO,0,PONTE PRETA,1,,Sábado
292,26/11/2007,11,PAULISTA,2,IPATINGA,5,,Sábado
292,26/11/2007,12,FLUMINENSE,3,JUVENTUDE,2,,Sábado
292,26/11/2007,13,AMERICA,0,GREMIO,3,,Sábado
292,26/11/2007,14,FLAMENGO,2,ATHLETICO,0,,Domingo
293,03/12/2007,1,GREMIO,1,CORINTHIANS,1,,Domingo
293,03/12/2007,2,SANTOS,2,FLUMINENSE,4,,Domingo
293,03/12/2007,3,GOIAS,2,INTERNACIONAL,1,,Domingo
293,03/12/2007,4,PALMEIRAS,1,ATLETICO,3,,Domingo
293,03/12/2007,5,NAUTICO,1,FLAMENGO,0,,Domingo
293,03/12/2007,6,CRUZEIRO,2,AMERICA,0,,Domingo
293,03/12/2007,7,JUVENTUDE,2,SPORT,1,,Domingo
293,03/12/2007,8,BRAGANTINO,2,VENUS,0,,Domingo
293,03/12/2007,9,TIRADENTES,1,SAO RAIMUNDO,2,,Domingo
293,03/12/2007,10,AGUIA,3,PINHEIRENSE,0,,Domingo
293,03/12/2007,11,CASTANHAL,1,VILA RICA,1,,Domingo
293,03/12/2007,12,BOTAFOGO,1,FIGUEIRENSE,1,,Domingo
293,03/12/2007,13,VASCO DA GAMA,3,PARANA,0,,Domingo
293,03/12/2007,14,ATHLETICO,2,SAO PAULO,1,,Domingo
294,07/01/2008,1,FLAMENGO,4,NACIONAL,0,,Sábado
294,07/01/2008,2,SANTOS,2,ABC,1,,Domingo
294,07/01/2008,3,VASCO DA GAMA,1,PAYSANDU,0,,Domingo
294,07/01/2008,4,CORINTHIANS,3,CEILANDIA,0,,Sábado
294,07/01/2008,5,INTERNACIONAL,7,MARILIA,0,,Domingo
294,07/01/2008,6,VITORIA,6,AVAI,4,,Domingo
294,07/01/2008,7,FORTALEZA,2,PAULISTA,1,,Domingo
294,07/01/2008,8,BAHIA,2,SANTO ANDRE,3,,Domingo
294,07/01/2008,9,PARANA,2,PORTUGUESA,3,,Domingo
294,07/01/2008,10,CORITIBA,1,NOROESTE,2,,Domingo
294,07/01/2008,11,GREMIO,12,YPIRANGA,1,,Domingo
294,07/01/2008,12,FLUMINENSE,2,MOGI MIRIM,0,,Sábado
294,07/01/2008,13,GOIAS,3,PONTE PRETA,4,,Domingo
294,07/01/2008,14,SAO PAULO,3,CSA,0,,Sábado
295,14/01/2008,1,AMERICA,1,CORINTHIANS,3,,Sábado
295,14/01/2008,2,XV NOV PIRACICABA,3,FLAMENGO,2,,Domingo
295,14/01/2008,3,UNIAO SAO JOAO,2,SAO PAULO,3,,Sábado
295,14/01/2008,4,BARUERI,1,ATLETICO,0,,Domingo
295,14/01/2008,5,NACIONAL,0,SANTOS,4,,Domingo
295,14/01/2008,6,SAO CARLOS,0,FLUMINENSE,1,,Domingo
295,14/01/2008,7,FERROVIARIA,2,ATLETICO,1,,Domingo
295,14/01/2008,8,JACAREI,0,GOIAS,5,,Domingo
295,14/01/2008,9,RIO BRANCO,5,CRICIUMA,3,,Domingo
295,14/01/2008,10,SOROCABA,0,PARANA,2,,Domingo
295,14/01/2008,11,CAMPINAS,1,FORTALEZA,5,,Sábado
295,14/01/2008,12,SAO BERNARDO,1,GREMIO,2,,Domingo
295,14/01/2008,13,RIO CLARO,1,PALMEIRAS,1,,Domingo
295,14/01/2008,14,TAUBATE,0,VASCO DA GAMA,1,,Sábado
296,21/01/2008,1,SANTOS,0,PALMEIRAS,0,,Domingo
296,21/01/2008,2,ICASA,2,FORTALEZA,1,,Domingo
296,21/01/2008,3,ITUMBIARA,3,VILA NOVA,1,,Domingo
296,21/01/2008,4,SAO PAULO,1,RIO PRETO,0,,Domingo
296,21/01/2008,5,FLAMENGO,2,BOAVISTA,0,,Domingo
296,21/01/2008,6,JOINVILLE,0,FIGUEIRENSE,1,,Domingo
296,21/01/2008,7,PAULISTA,1,PONTE PRETA,2,,Sábado
296,21/01/2008,8,SAO CAETANO,3,CORINTHIANS,1,,Domingo
296,21/01/2008,9,VERA CRUZ,0,SANTA CRUZ,0,,Domingo
296,21/01/2008,10,BRAZLANDIA,2,GAMA,2,,Domingo
296,21/01/2008,11,ATLETICO,1,GOIAS,2,,Domingo
296,21/01/2008,12,VASCO,1,MADUREIRA,2,,Domingo
296,21/01/2008,13,BOTAFOGO,2,RESENDE,0,,Sábado
296,21/01/2008,14,PORTO,1,NAUTICO,2,,Domingo
297,28/01/2008,1,SAO PAULO,0,CORINTHIANS,0,,Domingo
297,28/01/2008,2,GOIAS,2,VILA NOVA,1,,Domingo
297,28/01/2008,3,FORTALEZA,1,CEARA,1,,Domingo
297,28/01/2008,4,SANTOS,2,BRAGANTINO,0,,Domingo
297,28/01/2008,5,BOTAFOGO,3,AMERICANO,0,,Domingo
297,28/01/2008,6,PALMEIRAS,2,MIRASSOL,2,,Sábado
297,28/01/2008,7,SALGUEIRO,0,SPORT,0,,Domingo
297,28/01/2008,8,FIGUEIRENSE,2,CHAPECOENSE,1,,Domingo
297,28/01/2008,9,CRUZEIRO,4,UBERABA,0,,Domingo
297,28/01/2008,10,DEMOCRATA,1,ATLETICO,0,,Domingo
297,28/01/2008,11,FLUMINENSE,2,MACAE,2,,Sábado
297,28/01/2008,12,GAMA,2,CEILANDIA,2,,Domingo
297,28/01/2008,13,VASCO DA GAMA,3,MESQUITA,0,,Sábado
297,28/01/2008,14,PONTE PRETA,3,SAO  CAETANO,0,,Sábado
298,06/02/2008,1,VASCO DA GAMA,2,BOTAFOGO,3,,Sábado
298,06/02/2008,2,FLAMENGO,4,AMERICA,0,,Sábado
298,06/02/2008,3,PONTE PRETA,0,SAO PAULO,0,,Sábado
298,06/02/2008,4,FIGUEIRENSE,4,CRICIUMA,2,,Domingo
298,06/02/2008,5,CAXIAS,2,GREMIO,2,,Sábado
298,06/02/2008,6,ITAPIPOCA,2,CEARA,0,,Sábado
298,06/02/2008,7,CORITIBA,2,PARANAVAI,1,,Domingo
298,06/02/2008,8,PARANA,0,IRATY,2,,Domingo
298,06/02/2008,9,ANAPOLINA,0,VILA NOVA,4,,Sábado
298,06/02/2008,10,NOROESTE,1,PALMEIRAS,0,,Sábado
298,06/02/2008,11,ATLETICO,2,DEMOCRATA,1,,Sábado
298,06/02/2008,12,ITUIUTABA,0,CRUZEIRO,0,,
298,06/02/2008,13,CORINTHIANS,0,MIRASSOL,0,,Sábado
298,06/02/2008,14,PAULISTA,1,SANTOS,1,,Domingo
299,11/02/2008,1,SAO PAULO,3,SANTOS,2,,Domingo
299,11/02/2008,2,FLAMENGO,1,FLUMINENSE,4,,Domingo
299,11/02/2008,3,PARANA,1,CORITIBA,0,,Sábado
299,11/02/2008,4,BRASIL,0,INTERNACIONAL,5,,Domingo
299,11/02/2008,5,VITORIA,0,BAHIA,2,,Domingo
299,11/02/2008,6,ATHLETICO,1,LONDRINA,0,,Domingo
299,11/02/2008,7,SAO CAETANO,0,PAULISTA,2,,Domingo
299,11/02/2008,8,BRAZLANDIA,1,BRASILIENSE,0,,Domingo
299,11/02/2008,9,VASCO DA GAMA,5,CABOFRIENSE,1,,Domingo
299,11/02/2008,10,PALMEIRAS,3,GUARANI,1,,Sábado
299,11/02/2008,11,AVAI,0,FIGUEIRENSE,3,,Domingo
299,11/02/2008,12,GREMIO,2,NOVO HAMBURGO,0,,Sábado
299,11/02/2008,13,ITUANO,1,CORINTHIANS,2,,Domingo
299,11/02/2008,14,GOIAS,1,ATLETICO,1,,Domingo
300,18/02/2008,1,CORINTHIANS,1,BRAGANTINO,1,,Domingo
300,18/02/2008,2,MARILIA,3,SAO PAULO,2,,Domingo
300,18/02/2008,3,ULBRA,0,GREMIO,1,,Domingo
300,18/02/2008,4,ITABUNA,2,VITORIA,1,,Domingo
300,18/02/2008,5,GAMA,0,BRASILIENSE,1,,Sábado
300,18/02/2008,6,GUARANI,2,CRUZEIRO,3,,Sábado
300,18/02/2008,7,CHAPECOENSE,2,MARCILIO DIAS,0,,Domingo
300,18/02/2008,8,ANAPOLIS,2,GOIAS,2,,Domingo
300,18/02/2008,9,BAHIA,2,FLUMINENSE,0,,Domingo
300,18/02/2008,10,CIANORTE,0,CORITIBA,1,,Domingo
300,18/02/2008,11,INTERNACIONAL,2,GUARANY,0,,Sábado
300,18/02/2008,12,GUARATINGUETA,0,PONTE PRETA,3,,Sábado
300,18/02/2008,13,RIO PRETO,2,SANTOS,1,,Domingo
300,18/02/2008,14,JUVENTUS,0,PALMEIRAS,4,,Sábado
301,25/02/2008,1,PONTE PRETA,0,CORINTHIANS,1,,Domingo
301,25/02/2008,2,VILA NOVA,1,GOIAS,2,,Domingo
301,25/02/2008,3,BAHIA,1,VITORIA,0,,Domingo
301,25/02/2008,4,ESPORTIVO,1,GREMIO,2,,Domingo
301,25/02/2008,5,SANTOS,4,ITUANO,1,,Domingo
301,25/02/2008,6,UBERABA,0,ATLETICO,1,,Sábado
301,25/02/2008,7,GAMA,3,LEGIAO,1,,Domingo
301,25/02/2008,8,CRUZEIRO,3,VILLA NOVA,2,,Domingo
301,25/02/2008,9,SERGIPE,0,CONFIANCA,2,,Domingo
301,25/02/2008,10,CRICIUMA,1,AVAI,0,,Domingo
301,25/02/2008,11,INTERNACIONAL,3,SAO LUIZ,0,,Sábado
301,25/02/2008,12,JUVENTUS,0,GUARATINGUETA,1,,Domingo
301,25/02/2008,13,PALMEIRAS,1,RIO PRETO,1,,Sábado
301,25/02/2008,14,SAO PAULO,2,NOROESTE,2,,Domingo
302,03/03/2008,1,CORINTHIANS,0,PALMEIRAS,1,,Domingo
302,03/03/2008,2,BOTAFOGO,1,AMERICA,0,,Sábado
302,03/03/2008,3,GUARANY,0,INTERNACIONAL,6,,Domingo
302,03/03/2008,4,FIGUEIRENSE,4,JOINVILLE,0,,Sábado
302,03/03/2008,5,GOIAS,3,CRAC,0,,Domingo
302,03/03/2008,6,ATLETICO,2,ITUIUTABA,0,,Domingo
302,03/03/2008,7,FLUMINENSE,3,CABOFRIENSE,1,,Sábado
302,03/03/2008,8,LEGIAO,1,BRASILIENSE,3,,Domingo
302,03/03/2008,9,FLAMENGO,4,RESENDE,2,,Domingo
302,03/03/2008,10,SANTA CRUZ,2,CENTRAL,2,,Sábado
302,03/03/2008,11,MIRASSOL,1,SAO PAULO,2,,Domingo
302,03/03/2008,12,ATHLETICO,4,TOLEDO,1,,Domingo
302,03/03/2008,13,SERTAOZINHO,1,SANTOS,0,,Sábado
302,03/03/2008,14,PONTE PRETA,1,PORTUGUESA,1,,Domingo
303,10/03/2008,1,ATLETICO,0,CRUZEIRO,0,,Domingo
303,10/03/2008,2,CORINTHIANS,2,GUARATINGUETA,0,,Domingo
303,10/03/2008,3,FLAMENGO,3,AMERICANO,1,,Domingo
303,10/03/2008,4,CEARA,1,FORTALEZA,3,,Domingo
303,10/03/2008,5,NOVO HAMBURGO,0,GREMIO,1,,Domingo
303,10/03/2008,6,INTERNACIONAL,2,BRASIL,0,,Sábado
303,10/03/2008,7,MINEIROS,2,GOIAS,5,,Domingo
303,10/03/2008,8,JUAZEIRO,0,VITORIA,3,,Domingo
303,10/03/2008,9,IRATY,0,ATHLETICO,1,,Domingo
303,10/03/2008,10,FLUMINENSE,5,FRIBURGUENSE,2,,Sábado
303,10/03/2008,11,BOTAFOGO,3,VOLTA REDONDA,0,,Domingo
303,10/03/2008,12,SANTOS,3,NOROESTE,2,,Domingo
303,10/03/2008,13,BRAGANTINO,2,PALMEIRAS,5,,Domingo
303,10/03/2008,14,PORTUGUESA,2,SAO PAULO,0,,Sábado
304,17/03/2008,1,FLAMENGO,2,BOTAFOGO,3,,Domingo
304,17/03/2008,2,PALMEIRAS,4,SAO PAULO,1,,Domingo
304,17/03/2008,3,TUNA LUSO,0,REMO,1,,Domingo
304,17/03/2008,4,VILA NOVA,0,ATLETICO,4,,Domingo
304,17/03/2008,5,NAUTICO,0,SPORT,1,,Domingo
304,17/03/2008,6,BAHIA,0,ITABUNA,0,,Domingo
304,17/03/2008,7,ITABAIANA,1,SERGIPE,2,,Domingo
304,17/03/2008,8,CEARA,2,ITAPIPOCA,1,,Domingo
304,17/03/2008,9,JOINVILLE,2,CRICIUMA,2,,Sábado
304,17/03/2008,10,IPATINGA,1,ATLETICO,0,,Domingo
304,17/03/2008,11,SANTA CRUZ,2,GREMIO,3,,Domingo
304,17/03/2008,12,FLUMINENSE,2,AMERICANO,0,,Sábado
304,17/03/2008,13,CORINTHIANS,2,JUVENTUS,2,,Sábado
304,17/03/2008,14,PONTE PRETA,4,GUARANI,2,,Domingo
305,24/03/2008,1,FLUMINENSE,2,VASCO DA GAMA,1,,Domingo
305,24/03/2008,2,GUARANI,0,SAO PAULO,1,,Domingo
305,24/03/2008,3,FORTALEZA,3,FERROVIARIO,1,,Domingo
305,24/03/2008,4,VERANOPOLIS,1,INTERNACIONAL,3,,Domingo
305,24/03/2008,5,CRICIUMA,3,FIGUEIRENSE,1,,Domingo
305,24/03/2008,6,TOLEDO,1,CORITIBA,0,,Domingo
305,24/03/2008,7,COLO COLO,1,BAHIA,2,,Domingo
305,24/03/2008,8,DEMOCRATA,1,CRUZEIRO,2,,Sábado
305,24/03/2008,9,DOM PEDRO,1,GAMA,0,,Sábado
305,24/03/2008,10,SPORT,2,YPIRANGA,1,,Domingo
305,24/03/2008,11,ITUMBIARA,3,GOIAS,2,,Sábado
305,24/03/2008,12,FLAMENGO,2,CABOFRIENSE,0,,Sábado
305,24/03/2008,13,PAULISTA,0,PALMEIRAS,2,,Sábado
305,24/03/2008,14,GUARATINGUETA,0,SANTOS,1,,Domingo
306,31/03/2008,1,BOTAFOGO,3,FLUMINENSE,1,,Domingo
306,31/03/2008,2,PALMEIRAS,3,SAO CAETANO,1,,Sábado
306,31/03/2008,3,CRUZEIRO,2,IPATINGA,0,,Domingo
306,31/03/2008,4,FIGUEIRENSE,0,AVAI,2,,Domingo
306,31/03/2008,5,BRAGANTINO,0,SAO PAULO,2,,Domingo
306,31/03/2008,6,GOIAS,3,ANAPOLINA,1,,Domingo
306,31/03/2008,7,FERROVIARIO,0,ICASA,0,,Domingo
306,31/03/2008,8,IRATY,1,PARANA,2,,Domingo
306,31/03/2008,9,RIO BRANCO,0,ATLETICO,6,,Sábado
306,31/03/2008,10,JUVENTUS,2,GUARANI,2,,Sábado
306,31/03/2008,11,PORTUGUESA,2,BARUERI,3,,Sábado
306,31/03/2008,12,CORINTHIANS,3,MARILIA,1,,Domingo
306,31/03/2008,13,FLAMENGO,0,MADUREIRA,0,,Sábado
306,31/03/2008,14,VASCO DA GAMA,1,VOLTA REDONDA,2,,Domingo
307,07/04/2008,1,VASCO DA GAMA,2,FLAMENGO,2,,Domingo
307,07/04/2008,2,SANTOS,2,PONTE PRETA,2,,Domingo
307,07/04/2008,3,TUPI,1,CRUZEIRO,2,,Domingo
307,07/04/2008,4,BRASILIENSE,0,GAMA,2,,Domingo
307,07/04/2008,5,VILA NOVA,0,CRAC,1,,
307,07/04/2008,6,ATLETICO,1,ANAPOLIS,0,,Domingo
307,07/04/2008,7,NAUTICO,6,YPIRANGA,1,,Domingo
307,07/04/2008,8,METROPOLITANO,2,FIGUEIRENSE,4,,Domingo
307,07/04/2008,9,SERGIPE,2,GUARANY,2,,Domingo
307,07/04/2008,10,IPATINGA,2,VILLA NOVA,3,,Domingo
307,07/04/2008,11,BARUERI,0,PALMEIRAS,3,,Domingo
307,07/04/2008,12,ITUANO,1,GUARATINGUETA,2,,Domingo
307,07/04/2008,13,PAULISTA,2,BRAGANTINO,1,,Domingo
307,07/04/2008,14,NOROESTE,3,CORINTHIANS,2,,Domingo
308,14/04/2008,1,SAO PAULO,2,PALMEIRAS,1,,Domingo
308,14/04/2008,2,BOTAFOGO,3,FLAMENGO,0,,Domingo
308,14/04/2008,3,CAXIAS,0,INTERNACIONAL,1,,Domingo
308,14/04/2008,4,FERROVIARIO,0,FORTALEZA,0,,Sábado
308,14/04/2008,5,CORITIBA,1,PARANA,0,,Domingo
308,14/04/2008,6,ITUIUTABA,4,CRUZEIRO,4,,Sábado
308,14/04/2008,7,ATLETICO,3,TUPI,2,,Domingo
308,14/04/2008,8,CENTRAL,1,NAUTICO,1,,Domingo
308,14/04/2008,9,JUVENTUDE,0,INTER SM,1,,
308,14/04/2008,10,CONFIANCA,2,SERGIPE,1,,Domingo
308,14/04/2008,11,BAHIA,2,ITABUNA,1,,Domingo
308,14/04/2008,12,CHAPECOENSE,0,AVAI,6,,Domingo
308,14/04/2008,13,PONTE PRETA,1,GUARATINGUETA,0,,Sábado
308,14/04/2008,14,FLUMINENSE,1,VASCO DA GAMA,1,,Sábado
309,22/04/2008,1,PALMEIRAS,2,SAO PAULO,0,,Domingo
309,22/04/2008,2,PARANA,0,CORITIBA,2,,Domingo
309,22/04/2008,3,VITORIA,1,BAHIA,4,,Domingo
309,22/04/2008,4,SPORT,0,NAUTICO,0,,Domingo
309,22/04/2008,5,INTERNACIONAL,2,CAXIAS,1,,Domingo
309,22/04/2008,6,AVAI,1,CRICIUMA,1,,Domingo
309,22/04/2008,7,TOLEDO,1,ATHLETICO,0,,Domingo
309,22/04/2008,8,BRASILIENSE,1,LEGIAO,1,,Sábado
309,22/04/2008,9,TIRADENTES,1,REMO,2,,Domingo
309,22/04/2008,10,BARUERI,3,ITUANO,3,,Sábado
309,22/04/2008,11,GUARATINGUETA,1,PONTE PRETA,2,,Sábado
309,22/04/2008,12,GOIAS,4,ANAPOLIS,1,,Sábado
309,22/04/2008,13,TUPI,0,ATLETICO,1,,Sábado
309,22/04/2008,14,CRUZEIRO,3,ITUIUTABA,1,,Domingo
310,28/04/2008,1,FLAMENGO,1,BOTAFOGO,0,,Domingo
310,28/04/2008,2,ATLETICO,0,CRUZEIRO,5,,Domingo
310,28/04/2008,3,PONTE PRETA,0,PALMEIRAS,1,,Domingo
310,28/04/2008,4,CORITIBA,2,ATHLETICO,0,,Domingo
310,28/04/2008,5,JUVENTUDE,1,INTERNACIONAL,0,,Domingo
310,28/04/2008,6,HORIZONTE,1,FORTALEZA,0,,Domingo
310,28/04/2008,7,ITABAIANA,1,SERGIPE,2,,Domingo
310,28/04/2008,8,AGUIA,0,PAYSANDU,2,,Sábado
310,28/04/2008,9,SOUSA,0,BOTAFOGO,1,,Domingo
310,28/04/2008,10,INTERPORTO,1,PALMAS,2,,Sábado
310,28/04/2008,11,NOROESTE,1,BARUERI,2,,Sábado
310,28/04/2008,12,ITUMBIARA,1,GOIAS,0,,Domingo
310,28/04/2008,13,FIGUEIRENSE,1,CRICIUMA,0,,Domingo
310,28/04/2008,14,BAHIA,0,VITORIA,3,,Domingo
311,05/05/2008,1,CRUZEIRO,1,ATLETICO,0,,Domingo
311,05/05/2008,2,PALMEIRAS,5,PONTE PRETA,0,,Domingo
311,05/05/2008,3,CRICIUMA,3,FIGUEIRENSE,1,,Domingo
311,05/05/2008,4,INTERNACIONAL,8,JUVENTUDE,1,,Domingo
311,05/05/2008,5,BOTAFOGO,1,FLAMENGO,3,,Domingo
311,05/05/2008,6,BARUERI,4,NOROESTE,0,,Sábado
311,05/05/2008,7,SANTO ANDRE,1,UNIAO SAO JOAO,1,,Sábado
311,05/05/2008,8,CASTANHAL,2,REMO,5,,Sábado
311,05/05/2008,9,SAO RAIMUNDO,3,TUNA LUSO,2,,Sábado
311,05/05/2008,10,BAHIA,5,VITORIA CONQUISTA,0,,Domingo
311,05/05/2008,11,VITORIA,5,ITABUNA,1,,Domingo
311,05/05/2008,12,CONFIANCA,2,SERGIPE,4,,Domingo
311,05/05/2008,13,GOIAS,0,ITUMBIARA,3,,Domingo
311,05/05/2008,14,ATHLETICO,2,CORITIBA,1,,Domingo
312,12/05/2008,1,SAO PAULO,0,GREMIO,1,,Sábado
312,12/05/2008,2,FLAMENGO,3,SANTOS,1,,Domingo
312,12/05/2008,3,ATLETICO,0,FLUMINENSE,0,,Domingo
312,12/05/2008,4,CORINTHIANS,3,CRB,2,,Sábado
312,12/05/2008,5,REMO,2,PAYSANDU,0,,Domingo
312,12/05/2008,6,NAUTICO,2,GOIAS,1,,Sábado
312,12/05/2008,7,BAHIA,1,FORTALEZA,1,,Sábado
312,12/05/2008,8,A B C,3,VILA NOVA,2,,Sábado
312,12/05/2008,9,IPATINGA,0,ATHLETICO,1,,Domingo
312,12/05/2008,10,PORTUGUESA,5,FIGUEIRENSE,5,,Domingo
312,12/05/2008,11,CORITIBA,2,PALMEIRAS,0,,Domingo
312,12/05/2008,12,VITORIA,0,CRUZEIRO,2,,Sábado
312,12/05/2008,13,BOTAFOGO,2,SPORT,0,,Domingo
312,12/05/2008,14,INTERNACIONAL,1,VASCO DA GAMA,0,,Domingo
313,19/05/2008,1,PALMEIRAS,2,INTERNACIONAL,1,,Domingo
313,19/05/2008,2,GREMIO,0,FLAMENGO,0,,Domingo
313,19/05/2008,3,CRUZEIRO,1,BOTAFOGO,0,,Sábado
313,19/05/2008,4,GOIAS,1,ATLETICO,1,,Domingo
313,19/05/2008,5,GAMA,1,CORINTHIANS,3,,Sábado
313,19/05/2008,6,FLUMINENSE,0,NAUTICO,2,,Domingo
313,19/05/2008,7,AMERICA,0,BAHIA,1,,Sábado
313,19/05/2008,8,FORTALEZA,4,PARANA,1,,Sábado
313,19/05/2008,9,CRB,1,SAO CAETANO,1,,Sábado
313,19/05/2008,10,FIGUEIRENSE,2,CORITIBA,1,,Domingo
313,19/05/2008,11,SPORT,0,VITORIA,0,,Sábado
313,19/05/2008,12,VASCO DA GAMA,3,PORTUGUESA,1,,Sábado
313,19/05/2008,13,SANTOS,4,IPATINGA,0,,Domingo
313,19/05/2008,14,ATHLETICO,1,SAO PAULO,1,,Domingo
314,26/05/2008,1,FLAMENGO,2,INTERNACIONAL,1,,Sábado
314,26/05/2008,2,CRUZEIRO,4,SANTOS,0,,Domingo
314,26/05/2008,3,BOTAFOGO,1,VASCO DA GAMA,1,,Domingo
314,26/05/2008,4,SANTO ANDRE,2,BAHIA,0,,Sábado
314,26/05/2008,5,A B C,0,CORINTHIANS,1,,Sábado
314,26/05/2008,6,VITORIA,4,FIGUEIRENSE,0,,Sábado
314,26/05/2008,7,GOIAS,1,IPATINGA,1,,Domingo
314,26/05/2008,8,BARUERI,2,AVAI,2,,Sábado
314,26/05/2008,9,PONTE PRETA,3,CEARA,2,,Sábado
314,26/05/2008,10,SPORT,2,FLUMINENSE,1,,Domingo
314,26/05/2008,11,PORTUGUESA,1,PALMEIRAS,1,,Domingo
314,26/05/2008,12,ATHLETICO,1,ATLETICO,1,,Domingo
314,26/05/2008,13,SAO PAULO,1,CORITIBA,1,,Domingo
314,26/05/2008,14,GREMIO,2,NAUTICO,0,,Sábado
315,02/06/2008,1,SANTOS,0,SAO PAULO,0,,Domingo
315,02/06/2008,2,FLUMINENSE,0,FLAMENGO,1,,Domingo
315,02/06/2008,3,FIGUEIRENSE,0,GOIAS,0,,Sábado
315,02/06/2008,4,BAHIA,0,BARUERI,1,,Sábado
315,02/06/2008,5,CORINTHIANS,2,FORTALEZA,0,,Sábado
315,02/06/2008,6,GAMA,0,A B C,2,,Sábado
315,02/06/2008,7,REMO,2,TUNA LUSO,2,,Domingo
315,02/06/2008,8,IPATINGA,2,VITORIA,0,,Domingo
315,02/06/2008,9,CORITIBA,1,CRUZEIRO,1,,Domingo
315,02/06/2008,10,VASCO DA GAMA,2,GREMIO,1,,Sábado
315,02/06/2008,11,NAUTICO,3,BOTAFOGO,0,,Domingo
315,02/06/2008,12,ATLETICO,2,PORTUGUESA,0,,Domingo
315,02/06/2008,13,INTERNACIONAL,1,SPORT,1,,Sábado
315,02/06/2008,14,PALMEIRAS,1,ATHLETICO,0,,Domingo
316,09/06/2008,1,CRUZEIRO,1,VASCO DA GAMA,0,,Domingo
316,09/06/2008,2,SAO PAULO,5,ATLETICO,1,,Sábado
316,09/06/2008,3,FLAMENGO,5,FIGUEIRENSE,0,,Sábado
316,09/06/2008,4,CRICIUMA,1,BAHIA,2,,Sábado
316,09/06/2008,5,PARANA,2,CEARA,2,,Sábado
316,09/06/2008,6,BARUERI,1,CORINTHIANS,4,,Sábado
316,09/06/2008,7,VILA NOVA,3,AMERICA,2,,Sábado
316,09/06/2008,8,TUNA LUSO,1,PAYSANDU,5,,Domingo
316,09/06/2008,9,ATHLETICO,5,GOIAS,0,,Domingo
316,09/06/2008,10,VITORIA,1,SANTOS,0,,Domingo
316,09/06/2008,11,BOTAFOGO,2,CORITIBA,1,,Domingo
316,09/06/2008,12,PORTUGUESA,3,INTERNACIONAL,1,,Domingo
316,09/06/2008,13,SPORT,2,PALMEIRAS,0,,Domingo
316,09/06/2008,14,GREMIO,2,FLUMINENSE,1,,Domingo
317,16/06/2008,1,PARAGUAI,2,BRASIL,0,,Domingo
317,16/06/2008,2,FIGUEIRENSE,3,SPORT,1,,Sábado
317,16/06/2008,3,INTERNACIONAL,2,BOTAFOGO,1,,Sábado
317,16/06/2008,4,CORINTHIANS,4,BRASILIENSE,1,,Sábado
317,16/06/2008,5,BAHIA,0,PARANA,0,,Sábado
317,16/06/2008,6,SAO CAETANO,2,BRAGANTINO,0,,Sábado
317,16/06/2008,7,A B C,0,CRICIUMA,0,,Sábado
317,16/06/2008,8,GURUPI,1,PALMAS,1,,Sábado
317,16/06/2008,9,ITABAIANA,0,SERGIPE,0,,Sábado
317,16/06/2008,10,NAUTICO,1,VASCO DA GAMA,1,,Sábado
317,16/06/2008,11,GOIAS,0,GREMIO,3,,Sábado
317,16/06/2008,12,CORITIBA,0,VITORIA,0,,Sábado
317,16/06/2008,13,PORTUGUESA,1,ATHLETICO,0,,Sábado
317,16/06/2008,14,FLAMENGO,2,SAO PAULO,4,,Sábado
318,23/06/2008,1,VASCO DA GAMA,0,PALMEIRAS,2,,Domingo
318,23/06/2008,2,CRUZEIRO,3,FIGUEIRENSE,0,,Sábado
318,23/06/2008,3,VITORIA,2,INTERNACIONAL,1,,Domingo
318,23/06/2008,4,GAMA,1,BRASILIENSE,0,,Sábado
318,23/06/2008,5,PONTE PRETA,1,CORINTHIANS,1,,Sábado
318,23/06/2008,6,VILA NOVA,1,JUVENTUDE,1,,Sábado
318,23/06/2008,7,AMERICA,1,AVAI,5,,Sábado
318,23/06/2008,8,CORITIBA,2,FLUMINENSE,1,,Sábado
318,23/06/2008,9,BOTAFOGO,0,PORTUGUESA,1,,Sábado
318,23/06/2008,10,NAUTICO,2,ATLETICO,1,,Domingo
318,23/06/2008,11,SANTOS,0,GOIAS,4,,Domingo
318,23/06/2008,12,IPATINGA,1,FLAMENGO,3,,Domingo
318,23/06/2008,13,GREMIO,3,ATHLETICO,0,,Domingo
318,23/06/2008,14,SAO PAULO,1,SPORT,0,,Sábado
319,30/06/2008,1,GREMIO,1,INTERNACIONAL,1,,Domingo
319,30/06/2008,2,SPORT,1,FLAMENGO,2,,Domingo
319,30/06/2008,3,CRUZEIRO,1,SAO PAULO,1,,Domingo
319,30/06/2008,4,BRASILIENSE,0,BARUERI,1,,Sábado
319,30/06/2008,5,FORTALEZA,2,A B C,3,,Sábado
319,30/06/2008,6,CRB,2,MARILIA,2,,Sábado
319,30/06/2008,7,SAO CAETANO,3,GAMA,1,,Sábado
319,30/06/2008,8,VITORIA,3,GOIAS,0,,Sábado
319,30/06/2008,9,PALMEIRAS,2,NAUTICO,0,,Domingo
319,30/06/2008,10,VASCO DA GAMA,4,IPATINGA,2,,Sábado
319,30/06/2008,11,FIGUEIRENSE,1,ATLETICO,1,,Domingo
319,30/06/2008,12,ATHLETICO,1,CORITIBA,1,,Domingo
319,30/06/2008,13,PORTUGUESA,0,SANTOS,0,,Sábado
319,30/06/2008,14,FLUMINENSE,0,BOTAFOGO,0,,Domingo
320,07/07/2008,1,BOTAFOGO,2,GREMIO,0,,Domingo
320,07/07/2008,2,SAO PAULO,1,IPATINGA,1,,Domingo
320,07/07/2008,3,GOIAS,1,FLUMINENSE,0,,Domingo
320,07/07/2008,4,CORINTHIANS,1,SAO CAETANO,0,,Sábado
320,07/07/2008,5,A B C,3,CEARA,3,,Sábado
320,07/07/2008,6,BARUERI,2,BRAGANTINO,1,,Sábado
320,07/07/2008,7,MARILIA,2,GAMA,2,,Sábado
320,07/07/2008,8,PORTUGUESA,1,VITORIA,2,,Domingo
320,07/07/2008,9,SPORT,1,CRUZEIRO,0,,Sábado
320,07/07/2008,10,FIGUEIRENSE,2,VASCO DA GAMA,1,,Domingo
320,07/07/2008,11,ATHLETICO,1,SANTOS,0,,Sábado
320,07/07/2008,12,FLAMENGO,3,NAUTICO,0,,Sábado
320,07/07/2008,13,INTERNACIONAL,3,CORITIBA,0,,Domingo
320,07/07/2008,14,ATLETICO,1,PALMEIRAS,1,,Domingo
321,14/07/2008,1,FLAMENGO,3,VASCO DA GAMA,1,,Domingo
321,14/07/2008,2,CRUZEIRO,2,ATLETICO,1,,Domingo
321,14/07/2008,3,SAO PAULO,2,PALMEIRAS,1,,Domingo
321,14/07/2008,4,CEARA,1,FORTALEZA,0,,Sábado
321,14/07/2008,5,CRICIUMA,1,AVAI,1,,Sábado
321,14/07/2008,6,SANTO ANDRE,1,CORINTHIANS,1,,Sábado
321,14/07/2008,7,PARANA,1,JUVENTUDE,2,,Sábado
321,14/07/2008,8,GOIAS,2,CORITIBA,2,,Sábado
321,14/07/2008,9,A B C,0,AMERICA,0,,Sábado
321,14/07/2008,10,NAUTICO,0,SPORT,2,,Domingo
321,14/07/2008,11,GREMIO,2,PORTUGUESA,1,,Domingo
321,14/07/2008,12,FLUMINENSE,2,VITORIA,1,,Sábado
321,14/07/2008,13,ATHLETICO,1,INTERNACIONAL,1,,Domingo
321,14/07/2008,14,SANTOS,2,BOTAFOGO,2,,Domingo
322,21/07/2008,1,SAO PAULO,2,BOTAFOGO,1,,Domingo
322,21/07/2008,2,GOIAS,3,PALMEIRAS,2,,Domingo
322,21/07/2008,3,FLAMENGO,0,VITORIA,1,,Domingo
322,21/07/2008,4,PAYSANDU,2,PALMAS,1,,Domingo
322,21/07/2008,5,FORTALEZA,0,PONTE PRETA,3,,Sábado
322,21/07/2008,6,CORINTHIANS,0,BAHIA,1,,Sábado
322,21/07/2008,7,JUVENTUDE,4,CRB,0,,Sábado
322,21/07/2008,8,ATLETICO,3,OPERARIO,0,,Domingo
322,21/07/2008,9,FLUMINENSE,1,FIGUEIRENSE,0,,Sábado
322,21/07/2008,10,ATHLETICO,3,VASCO DA GAMA,1,,Domingo
322,21/07/2008,11,NAUTICO,1,INTERNACIONAL,1,,Domingo
322,21/07/2008,12,ATLETICO,3,CORITIBA,2,,Domingo
322,21/07/2008,13,SANTOS,1,SPORT,0,,Domingo
322,21/07/2008,14,GREMIO,1,CRUZEIRO,0,,Sábado
323,28/07/2008,1,FLAMENGO,0,BOTAFOGO,0,,Domingo
323,28/07/2008,2,SANTOS,5,VASCO DA GAMA,2,,Domingo
323,28/07/2008,3,FLUMINENSE,1,CRUZEIRO,3,,Sábado
323,28/07/2008,4,MIXTO,1,OPERARIO,1,,Domingo
323,28/07/2008,5,CRB,1,AMERICA,1,,Sábado
323,28/07/2008,6,PARANA,0,CORINTHIANS,2,,Sábado
323,28/07/2008,7,GAMA,2,VILA NOVA,2,,Sábado
323,28/07/2008,8,MADUREIRA,2,GUARANI,1,,Domingo
323,28/07/2008,9,GOIAS,1,SPORT,2,,Domingo
323,28/07/2008,10,ATHLETICO,0,FIGUEIRENSE,0,,Domingo
323,28/07/2008,11,IPATINGA,1,INTERNACIONAL,0,,Sábado
323,28/07/2008,12,SAO PAULO,3,PORTUGUESA,1,,Domingo
323,28/07/2008,13,ATLETICO,2,VITORIA,1,,Domingo
323,28/07/2008,14,GREMIO,1,PALMEIRAS,1,,Domingo
324,04/08/2008,1,FLAMENGO,1,CRUZEIRO,2,,Domingo
324,04/08/2008,2,IPATINGA,1,PALMEIRAS,2,,Domingo
324,04/08/2008,3,SANTOS,1,CORITIBA,3,,Domingo
324,04/08/2008,4,FLUMINENSE,1,INTERNACIONAL,2,,Sábado
324,04/08/2008,5,BRASILIENSE,2,BAHIA,3,,Sábado
324,04/08/2008,6,SAO  CAETANO,3,PARANA,1,,Sábado
324,04/08/2008,7,AVAI,5,CRB,1,,Sábado
324,04/08/2008,8,CORINTHIANS,0,CRICIUMA,0,,Sábado
324,04/08/2008,9,ATHLETICO,0,BOTAFOGO,3,,Domingo
324,04/08/2008,10,GOIAS,4,PORTUGUESA,0,,Sábado
324,04/08/2008,11,NAUTICO,1,FIGUEIRENSE,2,,Sábado
324,04/08/2008,12,GREMIO,2,VITORIA,0,,Domingo
324,04/08/2008,13,ATLETICO,2,SPORT,1,,Domingo
324,04/08/2008,14,SAO PAULO,4,VASCO DA GAMA,0,,Domingo
325,11/08/2008,1,BOTAFOGO,1,PALMEIRAS,0,,Domingo
325,11/08/2008,2,ATLETICO,0,GREMIO,4,,Sábado
325,11/08/2008,3,NAUTICO,1,SANTOS,0,,Domingo
325,11/08/2008,4,VILA NOVA,2,CORINTHIANS,1,,Sábado
325,11/08/2008,5,PAYSANDU,2,SAMPAIO CORREA,0,,Domingo
325,11/08/2008,6,CRB,1,BAHIA,2,,Sábado
325,11/08/2008,7,FORTALEZA,2,BARUERI,1,,Sábado
325,11/08/2008,8,CONFIANCA,0,SERGIPE,0,,
325,11/08/2008,9,IPATINGA,2,FLUMINENSE,1,,Domingo
325,11/08/2008,10,CORITIBA,3,SPORT,0,,Domingo
325,11/08/2008,11,PORTUGUESA,2,CRUZEIRO,1,,Domingo
325,11/08/2008,12,INTERNACIONAL,1,FIGUEIRENSE,1,,Domingo
325,11/08/2008,13,SAO PAULO,2,GOIAS,1,,Sábado
325,11/08/2008,14,FLAMENGO,1,ATHLETICO,0,,Sábado
326,18/08/2008,1,GREMIO,1,SAO PAULO,0,,Domingo
326,18/08/2008,2,SANTOS,2,FLAMENGO,2,,Domingo
326,18/08/2008,3,VASCO DA GAMA,4,INTERNACIONAL,0,,Domingo
326,18/08/2008,4,BRASILIENSE,0,FORTALEZA,0,,Sábado
326,18/08/2008,5,CRICIUMA,0,PONTE PRETA,3,,Sábado
326,18/08/2008,6,BARUERI,4,JUVENTUDE,0,,Sábado
326,18/08/2008,7,A B C,1,CRB,0,,Sábado
326,18/08/2008,8,BRAGANTINO,2,VILA NOVA,1,,Sábado
326,18/08/2008,9,FIGUEIRENSE,2,PORTUGUESA,1,,Sábado
326,18/08/2008,10,GOIAS,3,NAUTICO,0,,Domingo
326,18/08/2008,11,SPORT,0,BOTAFOGO,1,,Domingo
326,18/08/2008,12,PALMEIRAS,1,CORITIBA,0,,Domingo
326,18/08/2008,13,FLUMINENSE,1,ATLETICO,0,,Domingo
326,18/08/2008,14,CRUZEIRO,2,VITORIA,1,,Sábado
327,25/08/2008,1,VASCO DA GAMA,1,BOTAFOGO,1,,Domingo
327,25/08/2008,2,SANTOS,2,CRUZEIRO,0,,Domingo
327,25/08/2008,3,NAUTICO,1,GREMIO,1,,Domingo
327,25/08/2008,4,CRB,1,CORINTHIANS,2,,Sábado
327,25/08/2008,5,FORTALEZA,5,BAHIA,1,,Sábado
327,25/08/2008,6,JUVENTUDE,0,CEARA,0,,Sábado
327,25/08/2008,7,AMERICA,1,CRICIUMA,0,,Sábado
327,25/08/2008,8,ATLETICO,1,ITUMBIARA,0,,
327,25/08/2008,9,FIGUEIRENSE,1,VITORIA,2,,Sábado
327,25/08/2008,10,IPATINGA,1,GOIAS,0,,Domingo
327,25/08/2008,11,FLUMINENSE,1,SPORT,1,,Sábado
327,25/08/2008,12,CORITIBA,2,SAO PAULO,2,,Domingo
327,25/08/2008,13,ATLETICO,4,ATHLETICO,0,,Domingo
327,25/08/2008,14,INTERNACIONAL,1,FLAMENGO,1,,Domingo
328,01/09/2008,1,FLAMENGO,2,FLUMINENSE,2,,Domingo
328,01/09/2008,2,SAO PAULO,0,SANTOS,0,,Domingo
328,01/09/2008,3,GREMIO,2,VASCO DA GAMA,1,,Domingo
328,01/09/2008,4,CEARA,2,PONTE PRETA,0,,Sábado
328,01/09/2008,5,AVAI,3,BARUERI,0,,Sábado
328,01/09/2008,6,GAMA,2,FORTALEZA,0,,Sábado
328,01/09/2008,7,PARANA,1,MARILIA,0,,Sábado
328,01/09/2008,8,VITORIA,0,IPATINGA,0,,Sábado
328,01/09/2008,9,GOIAS,2,FIGUEIRENSE,0,,Sábado
328,01/09/2008,10,PORTUGUESA,1,ATLETICO,1,,Domingo
328,01/09/2008,11,BOTAFOGO,1,NAUTICO,1,,Sábado
328,01/09/2008,12,SPORT,1,INTERNACIONAL,0,,Domingo
328,01/09/2008,13,ATHLETICO,1,PALMEIRAS,2,,Domingo
328,01/09/2008,14,CRUZEIRO,1,CORITIBA,1,,Domingo
329,08/09/2008,1,FLUMINENSE,0,GREMIO,0,,Sábado
329,08/09/2008,2,CORITIBA,0,BOTAFOGO,1,,Sábado
329,08/09/2008,3,INTERNACIONAL,1,PORTUGUESA,0,,Sábado
329,08/09/2008,4,FORTALEZA,1,CORINTHIANS,3,,Sábado
329,08/09/2008,5,VILA NOVA,2,SAO  CAETANO,1,,Sábado
329,08/09/2008,6,RIO BRANCO,3,REMO,0,,Sábado
329,08/09/2008,7,CAMPINENSE,2,ICASA,0,,Sábado
329,08/09/2008,8,ITUANO,1,NOROESTE,1,,Sábado
329,08/09/2008,9,AMERICA,2,BOAVISTA,0,,Sábado
329,08/09/2008,10,PICOS,3,PAYSANDU,0,,Sábado
329,08/09/2008,11,DOM PEDRO,1,MIXTO,0,,Sábado
329,08/09/2008,12,SANTO ANDRE,1,AVAI,0,,Sábado
329,08/09/2008,13,BARUERI,3,BAHIA,2,,Sábado
329,08/09/2008,14,NAUTICO,2,IPATINGA,0,,Sábado
330,15/09/2008,1,SAO PAULO,2,FLAMENGO,0,,Domingo
330,15/09/2008,2,CRUZEIRO,0,PALMEIRAS,1,,Domingo
330,15/09/2008,3,SANTOS,2,FLUMINENSE,1,,Domingo
330,15/09/2008,4,GAMA,1,PONTE PRETA,1,,Sábado
330,15/09/2008,5,BAHIA,2,CRICIUMA,0,,Sábado
330,15/09/2008,6,SAO  CAETANO,4,BRASILIENSE,1,,Sábado
330,15/09/2008,7,CORINTHIANS,1,BARUERI,0,,Sábado
330,15/09/2008,8,IPATINGA,3,ATLETICO,2,,Sábado
330,15/09/2008,9,ATHLETICO,2,PORTUGUESA,0,,Sábado
330,15/09/2008,10,VITORIA,1,CORITIBA,0,,Domingo
330,15/09/2008,11,SPORT,5,FIGUEIRENSE,0,,Domingo
330,15/09/2008,12,VASCO DA GAMA,1,NAUTICO,3,,Domingo
330,15/09/2008,13,GREMIO,1,GOIAS,2,,Sábado
330,15/09/2008,14,BOTAFOGO,1,INTERNACIONAL,2,,Domingo
331,22/09/2008,1,SPORT,0,SAO PAULO,0,,Domingo
331,22/09/2008,2,FIGUEIRENSE,3,CRUZEIRO,4,,Domingo
331,22/09/2008,3,ATLETICO,2,NAUTICO,1,,Sábado
331,22/09/2008,4,BRASILIENSE,3,GAMA,2,,Sábado
331,22/09/2008,5,FORTALEZA,2,CRICIUMA,1,,Sábado
331,22/09/2008,6,CORINTHIANS,3,PONTE PRETA,0,,Sábado
331,22/09/2008,7,A B C,1,PARANA,0,,Sábado
331,22/09/2008,8,FLUMINENSE,2,CORITIBA,3,,Sábado
331,22/09/2008,9,INTERNACIONAL,1,VITORIA,0,,Domingo
331,22/09/2008,10,ATHLETICO,0,GREMIO,0,,Domingo
331,22/09/2008,11,GOIAS,4,SANTOS,1,,Sábado
331,22/09/2008,12,PORTUGUESA,3,BOTAFOGO,1,,Domingo
331,22/09/2008,13,FLAMENGO,1,IPATINGA,0,,Domingo
331,22/09/2008,14,PALMEIRAS,2,VASCO DA GAMA,0,,Domingo
332,29/09/2008,1,INTERNACIONAL,4,GREMIO,1,,Domingo
332,29/09/2008,2,IPATINGA,3,VASCO,1,,Domingo
332,29/09/2008,3,FLAMENGO,2,SPORT,1,,Sábado
332,29/09/2008,4,AMERICA,2,JUVENTUDE,0,,Sábado
332,29/09/2008,5,GAMA,2,MARILIA,1,,Sábado
332,29/09/2008,6,CEARA,3,A B C,1,,Sábado
332,29/09/2008,7,SAO  CAETANO,2,CORINTHIANS,2,,Sábado
332,29/09/2008,8,RIO BRANCO,2,PAYSANDU,1,,Domingo
332,29/09/2008,9,CORITIBA,1,ATHLETICO,1,,Domingo
332,29/09/2008,10,NAUTICO,0,PALMEIRAS,0,,Domingo
332,29/09/2008,11,GOIAS,3,VITORIA,0,,Sábado
332,29/09/2008,12,ATLETICO,0,FIGUEIRENSE,0,,Sábado
332,29/09/2008,13,BOTAFOGO,1,FLUMINENSE,1,,Domingo
332,29/09/2008,14,S. PAULO,2,CRUZEIRO,0,,Domingo
333,06/10/2008,1,GREMIO,2,BOTAFOGO,1,,Sábado
333,06/10/2008,2,NAUTICO,0,FLAMENGO,2,,Sábado
333,06/10/2008,3,SANTOS,4,ATHLETICO,0,,Sábado
333,06/10/2008,4,JUVENTUDE,1,AVAI,0,,Sábado
333,06/10/2008,5,CRICIUMA,2,CEARA,0,,Sábado
333,06/10/2008,6,FORTALEZA,2,AMERICA,1,,Sábado
333,06/10/2008,7,MARILIA,1,CORINTHIANS,1,,Sábado
333,06/10/2008,8,AGUIA,2,GUARANI,1,,Sábado
333,06/10/2008,9,CAMPINENSE,2,ATLETICO,1,,Sábado
333,06/10/2008,10,BRASIL,2,RIO BRANCO,1,,Sábado
333,06/10/2008,11,PALMEIRAS,3,ATLETICO,1,,Sábado
333,06/10/2008,12,VASCO DA GAMA,2,FIGUEIRENSE,4,,Sábado
333,06/10/2008,13,IPATINGA,1,SAO PAULO,3,,Sábado
333,06/10/2008,14,CORITIBA,4,INTERNACIONAL,2,,Sábado
334,13/10/2008,1,FLAMENGO,0,ATLETICO,3,,Sábado
334,13/10/2008,2,PORTUGUESA,0,CORITIBA,0,,Sábado
334,13/10/2008,3,ATHLETICO,1,FLUMINENSE,3,,Sábado
334,13/10/2008,4,FORTALEZA,2,CEARA,2,,Sábado
334,13/10/2008,5,AMERICA,3,A B C,2,,Sábado
334,13/10/2008,6,JUVENTUDE,1,PARANA,1,,Sábado
334,13/10/2008,7,AGUIA,2,CONFIANCA,2,,Sábado
334,13/10/2008,8,CAMPINENSE,3,RIO BRANCO,0,,Sábado
334,13/10/2008,9,UBERLANDIA,0,ARAXA,0,,Sábado
334,13/10/2008,10,BRASIL,1,ATLETICO,0,,Sábado
334,13/10/2008,11,DUQUE DE CAXIAS,2,GUARANI,4,,Sábado
334,13/10/2008,12,BARUERI,1,PONTE PRETA,0,,Sábado
334,13/10/2008,13,CORINTHIANS,2,SANTO ANDRE,2,,Sábado
334,13/10/2008,14,GOIAS,1,INTERNACIONAL,1,,Sábado
335,20/10/2008,1,VASCO DA GAMA,0,FLAMENGO,1,,Domingo
335,20/10/2008,2,ATLETICO,0,CRUZEIRO,2,,Domingo
335,20/10/2008,3,PALMEIRAS,2,SAO PAULO,2,,Domingo
335,20/10/2008,4,BAHIA,0,CORINTHIANS,3,,Sábado
335,20/10/2008,5,CRB,0,JUVENTUDE,2,,Sábado
335,20/10/2008,6,A B C,2,SAO CAETANO,1,,Sábado
335,20/10/2008,7,GUARANI,3,RIO BRANCO,1,,Domingo
335,20/10/2008,8,FIGUEIRENSE,1,IPATINGA,1,,Sábado
335,20/10/2008,9,PORTUGUESA,2,GREMIO,0,,Domingo
335,20/10/2008,10,SPORT,2,NAUTICO,2,,Domingo
335,20/10/2008,11,CORITIBA,1,GOIAS,1,,Domingo
335,20/10/2008,12,INTERNACIONAL,2,ATHLETICO,1,,Sábado
335,20/10/2008,13,VITORIA,2,FLUMINENSE,2,,Domingo
335,20/10/2008,14,BOTAFOGO,0,SANTOS,1,,Sábado
336,27/10/2008,1,FLUMINENSE,3,PALMEIRAS,0,,Sábado
336,27/10/2008,2,ATLETICO,2,INTERNACIONAL,2,,Sábado
336,27/10/2008,3,IPATINGA,0,BOTAFOGO,3,,Sábado
336,27/10/2008,4,SAO CAETANO,3,BAHIA,1,,Sábado
336,27/10/2008,5,CAMPINENSE,2,AGUIA,2,,Sábado
336,27/10/2008,6,AVAI,3,MARILIA,1,,Sábado
336,27/10/2008,7,CORINTHIANS,2,CEARA,0,,Sábado
336,27/10/2008,8,BARUERI,1,PARANA,2,,Sábado
336,27/10/2008,9,CONFIANCA,2,RIO BRANCO,2,,Sábado
336,27/10/2008,10,GUARANI,0,ATLETICO,3,,Sábado
336,27/10/2008,11,BRASIL,1,DUQUE DE CAXIAS,1,,Sábado
336,27/10/2008,12,NAUTICO,1,PORTUGUESA,1,,Sábado
336,27/10/2008,13,SANTOS,3,FIGUEIRENSE,0,,Sábado
336,27/10/2008,14,ATHLETICO,1,CRUZEIRO,0,,Sábado
337,03/11/2008,1,SANTOS,1,PALMEIRAS,2,,Domingo
337,03/11/2008,2,GOIAS,3,CRUZEIRO,0,,Domingo
337,03/11/2008,3,SAO PAULO,3,INTERNACIONAL,0,,Domingo
337,03/11/2008,4,BRAGANTINO,4,BAHIA,0,,Sábado
337,03/11/2008,5,CORINTHIANS,2,PARANA,1,,Sábado
337,03/11/2008,6,SAO  CAETANO,2,CEARA,2,,Sábado
337,03/11/2008,7,AMERICA,0,CRB,0,,Sábado
337,03/11/2008,8,ATLETICO,5,RIO BRANCO,0,,Sábado
337,03/11/2008,9,NAUTICO,1,VITORIA,0,,Sábado
337,03/11/2008,10,ATHLETICO,1,SPORT,0,,Domingo
337,03/11/2008,11,GREMIO,1,FIGUEIRENSE,1,,Domingo
337,03/11/2008,12,FLAMENGO,2,PORTUGUESA,2,,Sábado
337,03/11/2008,13,ATLETICO,2,BOTAFOGO,1,,Domingo
337,03/11/2008,14,FLUMINENSE,0,VASCO DA GAMA,1,,Domingo
338,10/11/2008,1,BOTAFOGO,0,FLAMENGO,1,,Domingo
338,10/11/2008,2,PALMEIRAS,0,GREMIO,1,,Domingo
338,10/11/2008,3,FIGUEIRENSE,0,ATHLETICO,2,,Sábado
338,10/11/2008,4,A B C,3,BARUERI,0,,Sábado
338,10/11/2008,5,SANTO ANDRE,3,FORTALEZA,0,,Sábado
338,10/11/2008,6,CRB,1,AVAI,1,,Sábado
338,10/11/2008,7,CRICIUMA,0,CORINTHIANS,2,,Sábado
338,10/11/2008,8,CRUZEIRO,1,FLUMINENSE,0,,Domingo
338,10/11/2008,9,CORITIBA,0,NAUTICO,0,,Domingo
338,10/11/2008,10,SPORT,2,GOIAS,1,,Domingo
338,10/11/2008,11,DUQUE DE CAXIAS,2,ATLETICO,2,,Domingo
338,10/11/2008,12,VITORIA,0,ATLETICO,1,,Domingo
338,10/11/2008,13,PORTUGUESA,2,SAO PAULO,3,,Sábado
338,10/11/2008,14,VASCO DA GAMA,1,SANTOS,0,,Sábado
339,17/11/2008,1,FLAMENGO,5,PALMEIRAS,2,,Domingo
339,17/11/2008,2,SANTOS,1,INTERNACIONAL,0,,Domingo
339,17/11/2008,3,NAUTICO,5,CRUZEIRO,2,,Sábado
339,17/11/2008,4,PARANA,1,PONTE PRETA,0,,Sábado
339,17/11/2008,5,CRICIUMA,2,GAMA,0,,Sábado
339,17/11/2008,6,A B C,1,MARILIA,1,,Sábado
339,17/11/2008,7,CORINTHIANS,3,VILA NOVA,1,,Sábado
339,17/11/2008,8,BRAGANTINO,3,AVAI,2,,Sábado
339,17/11/2008,9,CAMPINENSE,0,GUARANI,0,,Domingo
339,17/11/2008,10,IPATINGA,3,SPORT,0,,Sábado
339,17/11/2008,11,ATHLETICO,2,VITORIA,1,,Domingo
339,17/11/2008,12,GREMIO,2,CORITIBA,1,,Domingo
339,17/11/2008,13,FLUMINENSE,3,PORTUGUESA,1,,Sábado
339,17/11/2008,14,GOIAS,3,BOTAFOGO,1,,Domingo
340,24/11/2008,1,CRUZEIRO,3,FLAMENGO,2,,Domingo
340,24/11/2008,2,VASCO DA GAMA,1,SAO PAULO,2,,Domingo
340,24/11/2008,3,SPORT,3,ATLETICO,0,,Domingo
340,24/11/2008,4,BRASILIENSE,2,VILA NOVA,1,,Sábado
340,24/11/2008,5,CRICIUMA,4,SANTO ANDRE,4,,Sábado
340,24/11/2008,6,ATLETICO,0,CAMPINENSE,0,,Domingo
340,24/11/2008,7,CORINTHIANS,3,AVAI,2,,Sábado
340,24/11/2008,8,RIO BRANCO,4,BRASIL,1,,Domingo
340,24/11/2008,9,BRAGANTINO,0,FORTALEZA,1,,Sábado
340,24/11/2008,10,PORTUGUESA,0,GOIAS,0,,Sábado
340,24/11/2008,11,BOTAFOGO,2,ATHLETICO,2,,Sábado
340,24/11/2008,12,CORITIBA,5,SANTOS,1,,Sábado
340,24/11/2008,13,VITORIA,4,GREMIO,2,,Domingo
340,24/11/2008,14,INTERNACIONAL,0,FLUMINENSE,2,,Domingo
341,01/12/2008,1,SAO PAULO,1,FLUMINENSE,1,,Domingo
341,01/12/2008,2,IPATINGA,1,GREMIO,4,,Domingo
341,01/12/2008,3,ATLETICO,0,SANTOS,0,,Domingo
341,01/12/2008,4,FORTALEZA,3,BRASILIENSE,0,,Sábado
341,01/12/2008,5,AMERICA,2,CORINTHIANS,0,,Sábado
341,01/12/2008,6,VILA NOVA,2,BRAGANTINO,0,,Sábado
341,01/12/2008,7,CRB,1,A B C,3,,Sábado
341,01/12/2008,8,JUVENTUDE,3,BARUERI,2,,Sábado
341,01/12/2008,9,PORTUGUESA,2,SPORT,2,,Domingo
341,01/12/2008,10,NAUTICO,2,ATHLETICO,1,,Domingo
341,01/12/2008,11,CORITIBA,0,VASCO DA GAMA,2,,Domingo
341,01/12/2008,12,VITORIA,0,PALMEIRAS,0,,Domingo
341,01/12/2008,13,INTERNACIONAL,1,CRUZEIRO,0,,Domingo
341,01/12/2008,14,FLAMENGO,3,GOIAS,3,,Domingo
342,08/12/2008,1,GOIAS,0,SAO PAULO,1,,Domingo
342,08/12/2008,2,VASCO DA GAMA,0,VITORIA,2,,Domingo
342,08/12/2008,3,SPORT,4,CORITIBA,3,,Domingo
342,08/12/2008,4,ATHLETICO,5,FLAMENGO,3,,Domingo
342,08/12/2008,5,SANTOS,0,NAUTICO,0,,Domingo
342,08/12/2008,6,TIRADENTES,0,TUNA LUSO,4,,Domingo
342,08/12/2008,7,PEDREIRA,0,CASTANHAL,5,,Sábado
342,08/12/2008,8,BELEM,2,BRAGANTINO,3,,Domingo
342,08/12/2008,9,SAO RAIMUNDO,1,TIME NEGRA,1,,Domingo
342,08/12/2008,10,FLUMINENSE,1,IPATINGA,1,,Domingo
342,08/12/2008,11,GREMIO,2,ATLETICO,0,,Domingo
342,08/12/2008,12,FIGUEIRENSE,3,INTERNACIONAL,1,,Domingo
342,08/12/2008,13,CRUZEIRO,4,PORTUGUESA,1,,Domingo
342,08/12/2008,14,PALMEIRAS,0,BOTAFOGO,1,,Domingo
343,15/12/2008,1,BELEM,3,TUNA LUSO,2,,Domingo
343,15/12/2008,2,GREMIO,2,CORITIBA,2,SUB 20,Domingo
343,15/12/2008,3,JUVENTUDE,5,SANTOS,0,SUB 20,Sábado
343,15/12/2008,4,FIGUEIRENSE,0,PALMEIRAS,0,SUB 20,Domingo
343,15/12/2008,5,ATHLETICO,0,FLAMENGO,0,SUB 20,Sábado
343,15/12/2008,6,NAUTICO,3,BOTAFOGO,0,SUB 20,Domingo
343,15/12/2008,7,PINHEIRENSE,5,PEDREIRA,2,,Sábado
343,15/12/2008,8,VILA RICA,0,TIME NEGRA,0,,Domingo
343,15/12/2008,9,BRAGANTINO,1,CASTANHAL,2,,Sábado
343,15/12/2008,10,AMERICA T OTONI,5,SANTARRITENSE,1,,Domingo
343,15/12/2008,11,TRICORDIANO,2,GUAXUPE,1,,Domingo
343,15/12/2008,12,PORTUGUESA,0,SPORT,3,SUB 20,Sábado
343,15/12/2008,13,VITORIA,2,GOIAS,2,SUB 20,Sábado
343,15/12/2008,14,ATLETICO,0,IPATINGA,2,SUB 20,Domingo
344,05/01/2009,1,SAO PAULO,5,CEARA,0,,Sábado
344,05/01/2009,2,GREMIO,4,PORTUGUESA,3,,Domingo
344,05/01/2009,3,VITORIA,2,FORTALEZA,3,,Domingo
344,05/01/2009,4,CRB,2,LONDRINA,0,,Domingo
344,05/01/2009,5,VILA NOVA,4,PARANA,2,,Domingo
344,05/01/2009,6,ATLETICO,0,PORTO,0,,Domingo
344,05/01/2009,7,BRASILIENSE,1,GUARANI,1,,Domingo
344,05/01/2009,8,INTERNACIONAL,3,NOROESTE,1,,Domingo
344,05/01/2009,9,UNIAO SAO JOAO,1,BOTAFOGO,0,,Domingo
344,05/01/2009,10,AVAI,1,AMERICA,2,,Domingo
344,05/01/2009,11,VASCO DA GAMA,4,MOGI MIRIM,1,,Sábado
344,05/01/2009,12,FIGUEIRENSE,2,MARILIA,0,,Domingo
344,05/01/2009,13,JUVENTUDE,1,SAO CAETANO,0,,Domingo
344,05/01/2009,14,FLAMENGO,1,UNIAO BARBARENSE,1,,Domingo
345,12/01/2009,1,CEARA,2,QUIXADA,1,,Sábado
345,12/01/2009,2,RIO BRANCO,1,DESPORTIVA,0,,Domingo
345,12/01/2009,3,FORTALEZA,4,ITAPIPOCA,1,,Domingo
345,12/01/2009,4,NAUTICO,2,CABENSE,2,,Domingo
345,12/01/2009,5,VILAVELHENSE,1,JAGUARE,5,,Domingo
345,12/01/2009,6,CENTRAL,1,SALGUEIRO,2,,Domingo
345,12/01/2009,7,FERROVIARIO,0,HORIZONTE,3,,Domingo
345,12/01/2009,8,LINHARES,1,SAO MATEUS,2,,Domingo
345,12/01/2009,9,ICASA,1,BOA VIAGEM,2,,Domingo
345,12/01/2009,10,RIO BRANCO,3,ATLETICO,0,,Domingo
345,12/01/2009,11,FERROVIARIA,2,PALMEIRAS,3,,Domingo
345,12/01/2009,12,TABOAO DA SERRA,4,VITORIA,2,,Domingo
345,12/01/2009,13,JACAREI,0,ATLETICO,10,,Domingo
345,12/01/2009,14,SAO CARLOS,0,CORINTHIANS,1,,Sábado
346,19/01/2009,1,NAUTICO,2,SALGUEIRO,2,,Sábado
346,19/01/2009,2,BOA VIAGEM,1,FORTALEZA,2,,Sábado
346,19/01/2009,3,ITABUNA,1,BAHIA,1,,Domingo
346,19/01/2009,4,NACIONAL,2,BOTAFOGO,1,,Domingo
346,19/01/2009,5,JOINVILLE,3,CRICIUMA,2,,Domingo
346,19/01/2009,6,BRASILIENSE,3,LUZIANIA,0,,Domingo
346,19/01/2009,7,MARANGUAPE,3,ICASA,2,,Sábado
346,19/01/2009,8,SANTA CRUZ,2,CENTRAL,1,,Domingo
346,19/01/2009,9,FERROVIARIO,1,CEARA,1,,Domingo
346,19/01/2009,10,GAMA,1,BRAZLANDIA,0,,Domingo
346,19/01/2009,11,VITORIA,3,ATLETICO,0,,Domingo
346,19/01/2009,12,CEILANDIA,1,LEGIAO,0,,Domingo
346,19/01/2009,13,SOUSA,4,TREZE,0,,Domingo
346,19/01/2009,14,METROPOLITANO,1,MARCILIO DIAS,1,,Domingo
347,26/01/2009,1,PORTUGUESA,0,SAO PAULO,2,,Domingo
347,26/01/2009,2,FLAMENGO,1,FRIBURGUENSE,0,,Domingo
347,26/01/2009,3,GREMIO,5,ESPORTIVO,0,,Sábado
347,26/01/2009,4,CABOFRIENSE,3,FLUMINENSE,1,,Domingo
347,26/01/2009,5,UBERLANDIA,1,CRUZEIRO,2,,Domingo
347,26/01/2009,6,ITUMBIARA,0,GOIAS,0,,Domingo
347,26/01/2009,7,NOROESTE,1,SANTOS,2,,Domingo
347,26/01/2009,8,RIO BRANCO,0,ATHLETICO,3,,Domingo
347,26/01/2009,9,PALMEIRAS,3,MOGI MIRIM,0,,Sábado
347,26/01/2009,10,BOAVISTA,1,BOTAFOGO,2,,Sábado
347,26/01/2009,11,ITABUNA,0,ATLETICO,1,,Domingo
347,26/01/2009,12,VASCO DA GAMA,0,AMERICANO,2,,Sábado
347,26/01/2009,13,ATLETICO,0,AMERICA,0,,Domingo
347,26/01/2009,14,BRAGANTINO,0,CORINTHIANS,1,,Domingo
348,02/02/2009,1,CORITIBA,0,ATHLETICO,0,,Domingo
348,02/02/2009,2,PONTE PRETA,2,PALMEIRAS,3,,Domingo
348,02/02/2009,3,VOLTA REDONDA,0,FLAMENGO,1,,Domingo
348,02/02/2009,4,ITUANO,2,SANTOS,0,,Domingo
348,02/02/2009,5,METROPOLITANO,0,FIGUEIRENSE,0,,Domingo
348,02/02/2009,6,TUPI,2,ATLETICO,2,,Sábado
348,02/02/2009,7,APARECIDENSE,1,VILA NOVA,0,,Domingo
348,02/02/2009,8,JUVENTUDE,1,SANTA CRUZ,0,,Sábado
348,02/02/2009,9,NOROESTE,1,PORTUGUESA,2,,Domingo
348,02/02/2009,10,VITORIA CONQUISTA,2,ATLETICO,0,,Domingo
348,02/02/2009,11,VASCO DA GAMA,3,DUQUE DE CAXIAS,1,,Sábado
348,02/02/2009,12,NAUTICO,2,SANTA CRUZ,2,,Domingo
348,02/02/2009,13,GAMA,1,BRASILIENSE,1,,Domingo
348,02/02/2009,14,FORTALEZA,1,CEARA,2,,Domingo
349,09/02/2009,1,PALMEIRAS,4,SANTOS,1,,Domingo
349,09/02/2009,2,FLUMINENSE,0,VASCO DA GAMA,0,,Domingo
349,09/02/2009,3,VILLA NOVA,2,CRUZEIRO,3,,Domingo
349,09/02/2009,4,GREMIO,1,INTERNACIONAL,2,,Domingo
349,09/02/2009,5,VITORIA,0,BAHIA,2,,Domingo
349,09/02/2009,6,SANTA CRUZ,1,SPORT,1,,Domingo
349,09/02/2009,7,BOTAFOGO,1,SAO PAULO,2,,Domingo
349,09/02/2009,8,GUARANI,2,PONTE PRETA,2,,Domingo
349,09/02/2009,9,CORINTHIANS,1,PORTUGUESA,1,,Sábado
349,09/02/2009,10,AVAI,0,JOINVILLE,0,,Domingo
349,09/02/2009,11,REMO,2,PAYSANDU,2,,Domingo
349,09/02/2009,12,PARANA,1,LONDRINA,2,,Domingo
349,09/02/2009,13,VILA NOVA,1,GOIAS,6,,Domingo
349,09/02/2009,14,BOTAFOGO,4,BANGU,1,,Domingo
350,16/02/2009,1,SAO PAULO,1,CORINTHIANS,1,,Domingo
350,16/02/2009,2,BOTAFOGO,1,FLAMENGO,1,,Domingo
350,16/02/2009,3,CRUZEIRO,2,ATLETICO,1,,Domingo
350,16/02/2009,4,SPORT,2,NAUTICO,0,,Domingo
350,16/02/2009,5,VILA NOVA,1,ATLETICO,1,,Domingo
350,16/02/2009,6,CRICIUMA,4,FIGUEIRENSE,1,,Domingo
350,16/02/2009,7,BRAZLANDIA,0,BRASILIENSE,3,,Domingo
350,16/02/2009,8,VILLA NOVA,1,AMERICA,1,,Domingo
350,16/02/2009,9,CASTANHAL,2,REMO,1,,Domingo
350,16/02/2009,10,LONDRINA,2,CASCAVEL,2,,Sábado
350,16/02/2009,11,AVENIDA,1,GREMIO,2,,Domingo
350,16/02/2009,12,MADUREIRA,0,VASCO DA GAMA,3,,Domingo
350,16/02/2009,13,PONTE PRETA,2,SAO CAETANO,1,,Domingo
350,16/02/2009,14,SANTOS,3,GUARANI,1,,Domingo
351,25/02/2009,1,PORTUGUESA,2,PALMEIRAS,2,,Sábado
351,25/02/2009,2,BARUERI,1,SAO PAULO,3,,Sábado
351,25/02/2009,3,ATHLETICO,2,PARANA,1,,Domingo
351,25/02/2009,4,CRAC,1,GOIAS,1,,Sábado
351,25/02/2009,5,CRICIUMA,2,JOINVILLE,3,,Sábado
351,25/02/2009,6,UBERABA,2,CRUZEIRO,2,,Sábado
351,25/02/2009,7,ITUMBIARA,2,ANAPOLINA,2,,Sábado
351,25/02/2009,8,ATLETICO,0,MINEIROS,0,,Sábado
351,25/02/2009,9,LUZIANIA,0,BRASILIENSE,2,,Sábado
351,25/02/2009,10,BRAZLANDIA,1,GAMA,5,,Sábado
351,25/02/2009,11,ATLETICO,2,RIO BRANCO,0,,Sábado
351,25/02/2009,12,SANTO ANDRE,2,GUARANI,0,,Sábado
351,25/02/2009,13,GUARATINGUETA,1,CORINTHIANS,3,,Sábado
351,25/02/2009,14,SANTOS,1,BOTAFOGO,0,,Domingo
352,02/03/2009,1,SANTOS,1,SAO PAULO,0,,Domingo
352,02/03/2009,2,PALMEIRAS,1,GUARANI,0,,Sábado
352,02/03/2009,3,CRUZEIRO,4,ITUIUTABA,1,,Domingo
352,02/03/2009,4,COLO COLO,2,BAHIA,0,,Domingo
352,02/03/2009,5,ATHLETICO,2,IRATY,1,,Domingo
352,02/03/2009,6,TOLEDO,3,PARANA,5,,Domingo
352,02/03/2009,7,GOIAS,3,ANAPOLIS,2,,Sábado
352,02/03/2009,8,FIGUEIRENSE,2,JOINVILLE,4,,Domingo
352,02/03/2009,9,CHAPECOENSE,5,AVAI,1,,Domingo
352,02/03/2009,10,VITORIA,5,ITABUNA,1,,Domingo
352,02/03/2009,11,GAMA,1,DOM PEDRO,1,,Domingo
352,02/03/2009,12,ATLETICO,4,UBERLANDIA,0,,Sábado
352,02/03/2009,13,BARUERI,2,PORTUGUESA,1,,Sábado
352,02/03/2009,14,MARILIA,1,CORINTHIANS,1,,Domingo
353,09/03/2009,1,PALMEIRAS,1,CORINTHIANS,1,,Domingo
353,09/03/2009,2,SANTA CRUZ,3,GREMIO,2,,Domingo
353,09/03/2009,3,GOIAS,1,VILA NOVA,0,,Domingo
353,09/03/2009,4,AVAI,4,CRICIUMA,0,,Sábado
353,09/03/2009,5,INTERNACIONAL,4,VERANOPOLIS,0,,Sábado
353,09/03/2009,6,SANTA CRUZ,2,PORTO,0,,Domingo
353,09/03/2009,7,BRASILIENSE,4,GAMA,0,,Sábado
353,09/03/2009,8,VILA RICA,1,PAYSANDU,2,,Domingo
353,09/03/2009,9,SAO RAIMUNDO,1,REMO,1,,Domingo
353,09/03/2009,10,ATHLETICO,3,LONDRINA,0,,Sábado
353,09/03/2009,11,CRAC,1,ATLETICO,2,,Domingo
353,09/03/2009,12,VILLA NOVA,3,GUARANI,1,,Domingo
353,09/03/2009,13,PORTUGUESA,1,PONTE PRETA,0,,Domingo
353,09/03/2009,14,MOGI MIRIM,2,SAO PAULO,0,,Domingo
354,16/03/2009,1,CABOFRIENSE,0,BOTAFOGO,4,,Domingo
354,16/03/2009,2,SANTO ANDRE,0,CORINTHIANS,0,,Domingo
354,16/03/2009,3,AMERICA,0,CRUZEIRO,0,,Domingo
354,16/03/2009,4,CEARA,1,FERROVIARIO,4,,Domingo
354,16/03/2009,5,AVAI,1,FIGUEIRENSE,1,,Domingo
354,16/03/2009,6,CHAPECOENSE,3,CRICIUMA,0,,Sábado
354,16/03/2009,7,LEGIAO,1,BRASILIENSE,2,,Domingo
354,16/03/2009,8,POCOES,0,BAHIA,2,,Domingo
354,16/03/2009,9,TIME NEGRA,3,PAYSANDU,3,,Domingo
354,16/03/2009,10,GUARANI,0,ATLETICO,1,,Sábado
354,16/03/2009,11,ITUMBIARA,1,MINEIROS,1,,Domingo
354,16/03/2009,12,BOAVISTA,0,VASCO DA GAMA,1,,Domingo
354,16/03/2009,13,SAO CAETANO,0,PORTUGUESA,1,,Sábado
354,16/03/2009,14,PALMEIRAS,3,BARUERI,0,,Sábado
355,23/03/2009,1,VASCO DA GAMA,2,FLAMENGO,0,,Domingo
355,23/03/2009,2,CORINTHIANS,1,SANTOS,0,,Domingo
355,23/03/2009,3,BAHIA,0,VITORIA,0,,Domingo
355,23/03/2009,4,CEARA,2,FORTALEZA,1,,Domingo
355,23/03/2009,5,RIO BRANCO,1,CRUZEIRO,1,,Domingo
355,23/03/2009,6,PARANAVAI,2,ATHLETICO,1,,Domingo
355,23/03/2009,7,BRASIL,0,JUVENTUDE,0,,Sábado
355,23/03/2009,8,CHAPECOENSE,2,FIGUEIRENSE,2,,Domingo
355,23/03/2009,9,ATLETICO,0,GOIAS,2,,Domingo
355,23/03/2009,10,CENTRAL,3,NAUTICO,2,,Domingo
355,23/03/2009,11,BANGU,1,FLUMINENSE,3,,Sábado
355,23/03/2009,12,ITUANO,0,PORTUGUESA,2,,Domingo
355,23/03/2009,13,PAULISTA,1,SAO PAULO,1,,Domingo
355,23/03/2009,14,PAYSANDU,1,REMO,0,,Domingo
356,30/03/2009,1,SAO PAULO,1,PALMEIRAS,0,,Sábado
356,30/03/2009,2,FLUMINENSE,2,BOTAFOGO,1,,Sábado
356,30/03/2009,3,JUVENTUDE,3,INTERNACIONAL,3,,Sábado
356,30/03/2009,4,BAHIA,0,FLUMINENSE,0,,Sábado
356,30/03/2009,5,SANTA CRUZ,1,NAUTICO,3,,Domingo
356,30/03/2009,6,ITUMBIARA,3,CRAC,0,,Sábado
356,30/03/2009,7,ITAPIPOCA,2,FORTALEZA,4,,Sábado
356,30/03/2009,8,CEARA,4,GUARANI,3,,Sábado
356,30/03/2009,9,SAO RAIMUNDO,1,PAYSANDU,2,,Sábado
356,30/03/2009,10,BOAVISTA,3,MADUREIRA,1,,Sábado
356,30/03/2009,11,VOLTA REDONDA,3,VASCO DA GAMA,5,,Sábado
356,30/03/2009,12,BRAGANTINO,6,SAO CAETANO,1,,Sábado
356,30/03/2009,13,BARUERI,0,SANTOS,0,,Sábado
356,30/03/2009,14,GUARANI,0,CORINTHIANS,0,,Sábado
357,06/04/2009,1,FLAMENGO,1,FLUMINENSE,1,,Domingo
357,06/04/2009,2,PONTE PRETA,2,SANTOS,3,,Domingo
357,06/04/2009,3,VILA NOVA,1,ITUMBIARA,1,,Domingo
357,06/04/2009,4,BRASILIENSE,5,DOM PEDRO,0,,Sábado
357,06/04/2009,5,HORIZONTE,1,FORTALEZA,1,,Domingo
357,06/04/2009,6,FERROVIARIO,1,MARANGUAPE,1,,Domingo
357,06/04/2009,7,ANAPOLIS,2,MINEIROS,1,,Domingo
357,06/04/2009,8,MADUREIRA,0,FRIBURGUENSE,2,,Domingo
357,06/04/2009,9,VASCO DA GAMA,4,BANGU,0,,Domingo
357,06/04/2009,10,BRAGANTINO,1,GUARANI,0,,Domingo
357,06/04/2009,11,MIRASSOL,2,CORINTHIANS,2,,Domingo
357,06/04/2009,12,PORTUGUESA,2,SANTO ANDRE,1,,Domingo
357,06/04/2009,13,SAO CAETANO,2,SAO PAULO,2,,Domingo
357,06/04/2009,14,SPORT,2,SANTA CRUZ,1,,Domingo
358,13/04/2009,1,FLAMENGO,1,FLUMINENSE,0,,Domingo
358,13/04/2009,2,CORINTHIANS,2,SAO PAULO,1,,Domingo
358,13/04/2009,3,CRAC,1,GOIAS,3,,Domingo
358,13/04/2009,4,CORITIBA,2,PARANA,0,,Sábado
358,13/04/2009,5,JOINVILLE,1,AVAI,0,,Domingo
358,13/04/2009,6,CHAPECOENSE,2,CRICIUMA,1,,Domingo
358,13/04/2009,7,ATLETICO,3,VITORIA,2,,Domingo
358,13/04/2009,8,PORTO,0,NAUTICO,1,,Domingo
358,13/04/2009,9,GAMA,0,DOM PEDRO,0,,Domingo
358,13/04/2009,10,FORTALEZA,3,BOA VIAGEM,2,,Domingo
358,13/04/2009,11,GUARANY,1,FERROVIARIO,0,,Domingo
358,13/04/2009,12,ATLETICO,5,ITUMBIARA,1,,Domingo
358,13/04/2009,13,VASCO DA GAMA,0,BOTAFOGO,4,,Sábado
358,13/04/2009,14,SANTOS,2,PALMEIRAS,1,,Sábado
359,20/04/2009,1,SAO PAULO,0,CORINTHIANS,2,,Domingo
359,20/04/2009,2,INTERNACIONAL,8,CAXIAS,1,,Domingo
359,20/04/2009,3,BRASILIENSE,1,GAMA,1,,Domingo
359,20/04/2009,4,GOIAS,2,CRAC,0,,Domingo
359,20/04/2009,5,CORITIBA,0,IRATY,1,,Domingo
359,20/04/2009,6,ATHLETICO,3,PARANA,0,,Sábado
359,20/04/2009,7,AVAI,0,CHAPECOENSE,1,,Domingo
359,20/04/2009,8,CRICIUMA,1,JOINVILLE,2,,Domingo
359,20/04/2009,9,DOM PEDRO,1,BRASILIA,3,,Domingo
359,20/04/2009,10,ITUMBIARA,1,ATLETICO,2,,Domingo
359,20/04/2009,11,NAUTICO,0,SPORT,0,,Domingo
359,20/04/2009,12,REMO,1,SAO RAIMUNDO,1,,Domingo
359,20/04/2009,13,PALMEIRAS,1,SANTOS,2,,Sábado
359,20/04/2009,14,FLAMENGO,1,BOTAFOGO,0,,Domingo
360,27/04/2009,1,BOTAFOGO,2,FLAMENGO,2,,Domingo
360,27/04/2009,2,CEARA,1,FORTALEZA,2,,Domingo
360,27/04/2009,3,TREZE,2,SOUSA,0,,Domingo
360,27/04/2009,4,BRASILIA,1,BRASILIENSE,2,,Sábado
360,27/04/2009,5,ATHLETICO,2,CORITIBA,4,,Domingo
360,27/04/2009,6,PARANA,3,IRATY,3,,Sábado
360,27/04/2009,7,SAO MATEUS,2,RIO BRANCO,1,,Sábado
360,27/04/2009,8,CONFIANCA,1,SERGIPE,3,,Sábado
360,27/04/2009,9,ATLETICO,2,GOIAS,1,,Domingo
360,27/04/2009,10,CHAPECOENSE,3,AVAI,1,,Domingo
360,27/04/2009,11,SAO RAIMUNDO,2,REMO,1,,Domingo
360,27/04/2009,12,CRUZEIRO,5,ATLETICO,0,,Domingo
360,27/04/2009,13,PONTE PRETA,2,BARUERI,0,,Sábado
360,27/04/2009,14,SANTOS,1,CORINTHIANS,3,,Domingo
361,04/05/2009,1,CORINTHIANS,1,SANTOS,1,,Domingo
361,04/05/2009,2,ATLETICO,1,CRUZEIRO,1,,Domingo
361,04/05/2009,3,GOIAS,2,ATLETICO,0,,Domingo
361,04/05/2009,4,PAYSANDU,6,SAO RAIMUNDO,1,,Domingo
361,04/05/2009,5,AVAI,3,CHAPECOENSE,1,,Domingo
361,04/05/2009,6,BRASILIENSE,2,BRASILIA,0,,Sábado
361,04/05/2009,7,VITORIA,2,BAHIA,2,,Domingo
361,04/05/2009,8,FORTALEZA,1,CEARA,1,,Domingo
361,04/05/2009,9,TREZE,1,SOUSA,2,,Domingo
361,04/05/2009,10,VILAVELHENSE,0,RIO BRANCO,0,,Sábado
361,04/05/2009,11,DESPORTIVA,2,SAO MATEUS,1,,Sábado
361,04/05/2009,12,ATHLETICO,2,CIANORTE,0,,Domingo
361,04/05/2009,13,BARUERI,1,PONTE PRETA,1,,Sábado
361,04/05/2009,14,FLAMENGO,2,BOTAFOGO,2,,Domingo
362,11/05/2009,1,CORINTHIANS,0,INTERNACIONAL,1,,Domingo
362,11/05/2009,2,CRUZEIRO,2,FLAMENGO,0,,Domingo
362,11/05/2009,3,FLUMINENSE,1,SAO PAULO,0,,Domingo
362,11/05/2009,4,BAHIA,2,PARANA,0,,Sábado
362,11/05/2009,5,AMERICA,1,ATLETICO,2,,Sábado
362,11/05/2009,6,JUVENTUDE,2,CEARA,2,,Sábado
362,11/05/2009,7,VILA NOVA,0,PORTUGUESA,0,,Sábado
362,11/05/2009,8,GOIAS,3,NAUTICO,3,,Domingo
362,11/05/2009,9,AVAI,2,ATLETICO,2,,Sábado
362,11/05/2009,10,SPORT,1,BARUERI,1,,Sábado
362,11/05/2009,11,ATHLETICO,0,VITORIA,2,,Domingo
362,11/05/2009,12,SANTO ANDRE,1,BOTAFOGO,1,,Domingo
362,11/05/2009,13,PALMEIRAS,2,CORITIBA,1,,Sábado
362,11/05/2009,14,GREMIO,1,SANTOS,1,,Domingo
363,18/05/2009,1,INTERNACIONAL,2,PALMEIRAS,0,,Domingo
363,18/05/2009,2,BOTAFOGO,0,CORINTHIANS,0,,Domingo
363,18/05/2009,3,SANTOS,3,GOIAS,3,,Domingo
363,18/05/2009,4,A B C,1,FIGUEIRENSE,3,,Sábado
363,18/05/2009,5,BRASILIENSE,2,CAMPINENSE,1,,Sábado
363,18/05/2009,6,SAO CAETANO,2,BAHIA,1,,Sábado
363,18/05/2009,7,CEARA,0,VASCO DA GAMA,2,,Sábado
363,18/05/2009,8,BARUERI,0,FLUMINENSE,0,,Domingo
363,18/05/2009,9,CORITIBA,2,SANTO ANDRE,4,,Sábado
363,18/05/2009,10,NAUTICO,2,CRUZEIRO,0,,Domingo
363,18/05/2009,11,FLAMENGO,0,AVAI,0,,Sábado
363,18/05/2009,12,VITORIA,1,SPORT,0,,Domingo
363,18/05/2009,13,SAO PAULO,2,ATHLETICO,2,,Domingo
363,18/05/2009,14,ATLETICO,2,GREMIO,1,,Sábado
364,25/05/2009,1,PALMEIRAS,0,SAO PAULO,0,,Domingo
364,25/05/2009,2,GREMIO,2,BOTAFOGO,0,,Domingo
364,25/05/2009,3,SPORT,2,ATLETICO,3,,Domingo
364,25/05/2009,4,BAHIA,1,CEARA,0,,Sábado
364,25/05/2009,5,AMERICA,2,GAMA,0,,Domingo
364,25/05/2009,6,JUVENTUDE,2,A B C,0,,Sábado
364,25/05/2009,7,CRICIUMA,1,MARILIA,1,,Domingo
364,25/05/2009,8,AVAI,2,CORITIBA,2,,Domingo
364,25/05/2009,9,FLUMINENSE,1,SANTOS,4,,Domingo
364,25/05/2009,10,ATHLETICO,2,NAUTICO,3,,Domingo
364,25/05/2009,11,CRUZEIRO,2,VITORIA,0,,Sábado
364,25/05/2009,12,SANTO ANDRE,1,FLAMENGO,2,,Domingo
364,25/05/2009,13,CORINTHIANS,2,BARUERI,1,,Sábado
364,25/05/2009,14,GOIAS,0,INTERNACIONAL,1,,Sábado
365,01/06/2009,1,SANTOS,3,CORINTHIANS,1,,Domingo
365,01/06/2009,2,CORITIBA,1,GOIAS,3,,Sábado
365,01/06/2009,3,BRASILIENSE,2,JUVENTUDE,0,,Sábado
365,01/06/2009,4,PARANA,3,VASCO DA GAMA,1,,Sábado
365,01/06/2009,5,CAXIAS,1,CRICIUMA,0,,Domingo
365,01/06/2009,6,PORTUGUESA,0,BAHIA,0,,Sábado
365,01/06/2009,7,VITORIA,1,GREMIO,0,,Domingo
365,01/06/2009,8,INTERNACIONAL,2,AVAI,1,,Domingo
365,01/06/2009,9,BARUERI,2,PALMEIRAS,2,,Domingo
365,01/06/2009,10,NAUTICO,1,FLUMINENSE,1,,Domingo
365,01/06/2009,11,ATLETICO,0,SANTO ANDRE,0,,Sábado
365,01/06/2009,12,BOTAFOGO,2,SPORT,2,,Sábado
365,01/06/2009,13,FLAMENGO,2,ATHLETICO,1,,Domingo
365,01/06/2009,14,SAO PAULO,3,CRUZEIRO,0,,Domingo
366,08/06/2009,1,CRUZEIRO,1,INTERNACIONAL,1,,Domingo
366,08/06/2009,2,ATHLETICO,0,ATLETICO,4,,Domingo
366,08/06/2009,3,AVAI,0,SAO PAULO,0,,Domingo
366,08/06/2009,4,AMERICA,2,BRASILIENSE,1,,Sábado
366,08/06/2009,5,PONTE PRETA,5,PORTUGUESA,2,,Sábado
366,08/06/2009,6,BAHIA,4,A B C,0,,Sábado
366,08/06/2009,7,VASCO DA GAMA,0,SAO CAETANO,0,,Sábado
366,08/06/2009,8,CONFIANCA,1,SERGIPE,2,,Domingo
366,08/06/2009,9,CRB,0,ASA,1,,Domingo
366,08/06/2009,10,CORINTHIANS,2,CORITIBA,0,,Sábado
366,08/06/2009,11,GOIAS,2,BARUERI,2,,Domingo
366,08/06/2009,12,PALMEIRAS,2,VITORIA,1,,Domingo
366,08/06/2009,13,SPORT,4,FLAMENGO,2,,Domingo
366,08/06/2009,14,FLUMINENSE,1,BOTAFOGO,0,,Domingo
367,15/06/2009,1,PALMEIRAS,3,CRUZEIRO,1,,Domingo
367,15/06/2009,2,GOIAS,0,CORINTHIANS,0,,Domingo
367,15/06/2009,3,INTERNACIONAL,0,VITORIA,0,,Domingo
367,15/06/2009,4,GUARANI,0,VASCO DA GAMA,0,,Sábado
367,15/06/2009,5,PAYSANDU,3,RIO BRANCO,1,,Domingo
367,15/06/2009,6,BRASIL,1,CRICIUMA,0,,Domingo
367,15/06/2009,7,A B C,1,VILA NOVA,0,,Sábado
367,15/06/2009,8,ATLETICO,3,FIGUEIRENSE,2,,Sábado
367,15/06/2009,9,SAO PAULO,1,SANTO ANDRE,1,,Sábado
367,15/06/2009,10,SPORT,0,ATHLETICO,1,,Sábado
367,15/06/2009,11,CORITIBA,5,FLAMENGO,0,,Domingo
367,15/06/2009,12,ATLETICO,3,NAUTICO,0,,Domingo
367,15/06/2009,13,BOTAFOGO,2,SANTOS,0,,Sábado
367,15/06/2009,14,FLUMINENSE,0,GREMIO,0,,Domingo
368,22/06/2009,1,FLAMENGO,4,INTERNACIONAL,0,,Domingo
368,22/06/2009,2,SANTOS,2,ATLETICO,3,,Domingo
368,22/06/2009,3,VITORIA,4,BOTAFOGO,3,,Sábado
368,22/06/2009,4,CAMPINENSE,2,FORTALEZA,4,,Sábado
368,22/06/2009,5,VILA NOVA,2,ATLETICO,3,,Sábado
368,22/06/2009,6,PONTE PRETA,0,GUARANI,1,,Sábado
368,22/06/2009,7,AMERICA,1,A B C,0,,Sábado
368,22/06/2009,8,SANTO ANDRE,2,SPORT,1,,Sábado
368,22/06/2009,9,NAUTICO,0,CORITIBA,1,,Sábado
368,22/06/2009,10,CRUZEIRO,2,BARUERI,4,,Domingo
368,22/06/2009,11,AVAI,3,FLUMINENSE,2,,Sábado
368,22/06/2009,12,GREMIO,2,GOIAS,2,,Sábado
368,22/06/2009,13,ATHLETICO,2,PALMEIRAS,2,,Sábado
368,22/06/2009,14,CORINTHIANS,3,SAO PAULO,1,,Domingo
369,29/06/2009,1,FLUMINENSE,0,FLAMENGO,0,,Domingo
369,29/06/2009,2,PALMEIRAS,1,SANTOS,1,,Domingo
369,29/06/2009,3,FIGUEIRENSE,1,VASCO DA GAMA,1,,Sábado
369,29/06/2009,4,PARANA,0,BRASILIENSE,2,,Sábado
369,29/06/2009,5,CEARA,2,CAMPINENSE,0,,Sábado
369,29/06/2009,6,DUQUE DE CAXIAS,0,BAHIA,0,,Sábado
369,29/06/2009,7,ATLETICO,2,A B C,0,,Sábado
369,29/06/2009,8,CRB,1,ICASA,2,,Sábado
369,29/06/2009,9,MARILIA,2,CAXIAS,0,,Sábado
369,29/06/2009,10,BARUERI,4,ATLETICO,2,,Sábado
369,29/06/2009,11,BOTAFOGO,1,GOIAS,4,,Sábado
369,29/06/2009,12,SAO PAULO,2,NAUTICO,0,,Sábado
369,29/06/2009,13,SPORT,3,GREMIO,1,,Domingo
369,29/06/2009,14,ATHLETICO,1,CORINTHIANS,0,,Sábado
370,06/07/2009,1,CORINTHIANS,1,FLUMINENSE,0,,
370,06/07/2009,2,GOIAS,1,CRUZEIRO,0,,Domingo
370,06/07/2009,3,ATLETICO,1,BOTAFOGO,1,,Domingo
370,06/07/2009,4,FORTALEZA,0,CEARA,0,,Sábado
370,06/07/2009,5,MIXTO,2,GAMA,2,,Domingo
370,06/07/2009,6,CAMPINENSE,0,AMERICA,1,,Sábado
370,06/07/2009,7,BAHIA,0,FIGUEIRENSE,1,,Sábado
370,06/07/2009,8,SAO  CAETANO,2,ATLETICO,2,,Sábado
370,06/07/2009,9,NAUTICO,0,INTERNACIONAL,2,,Domingo
370,06/07/2009,10,SANTO ANDRE,1,BARUERI,1,,Sábado
370,06/07/2009,11,GREMIO,4,ATHLETICO,1,,Domingo
370,06/07/2009,12,CORITIBA,2,SAO PAULO,0,,Domingo
370,06/07/2009,13,AVAI,0,PALMEIRAS,3,,Domingo
370,06/07/2009,14,FLAMENGO,2,VITORIA,1,,Sábado
371,13/07/2009,1,SAO PAULO,2,FLAMENGO,2,,Domingo
371,13/07/2009,2,CRUZEIRO,0,ATLETICO,3,,Domingo
371,13/07/2009,3,AVAI,1,BOTAFOGO,2,,Sábado
371,13/07/2009,4,VASCO DA GAMA,3,PONTE PRETA,0,,Sábado
371,13/07/2009,5,RIO BRANCO,4,PAYSANDU,0,,Domingo
371,13/07/2009,6,CRB,2,CONFIANCA,1,,Domingo
371,13/07/2009,7,AMERICA,4,BAHIA,1,,Sábado
371,13/07/2009,8,CEARA,2,A B C,0,,Sábado
371,13/07/2009,9,BRAGANTINO,2,VILA NOVA,1,,Sábado
371,13/07/2009,10,VITORIA,6,SANTOS,2,,Domingo
371,13/07/2009,11,FLUMINENSE,0,SANTO ANDRE,1,,Domingo
371,13/07/2009,12,SPORT,1,GOIAS,0,,Domingo
371,13/07/2009,13,ATHLETICO,3,INTERNACIONAL,2,,Domingo
371,13/07/2009,14,GREMIO,3,CORINTHIANS,0,,Domingo
372,20/07/2009,1,GREMIO,2,INTERNACIONAL,1,,Domingo
372,20/07/2009,2,ATHLETICO,0,CORITIBA,0,,Domingo
372,20/07/2009,3,FLAMENGO,2,BOTAFOGO,2,,Domingo
372,20/07/2009,4,CAMPINENSE,1,BAHIA,2,,Sábado
372,20/07/2009,5,ATLETICO,3,FORTALEZA,1,,Sábado
372,20/07/2009,6,CAXIAS,1,MARILIA,1,,Domingo
372,20/07/2009,7,AMERICA,0,JUVENTUDE,2,,Sábado
372,20/07/2009,8,SAO  CAETANO,4,DUQUE DE CAXIAS,0,,Sábado
372,20/07/2009,9,BRAGANTINO,1,PONTE PRETA,1,,Sábado
372,20/07/2009,10,VITORIA,0,ATLETICO,0,,Domingo
372,20/07/2009,11,SPORT,1,AVAI,3,,Domingo
372,20/07/2009,12,FLUMINENSE,1,GOIAS,4,,Sábado
372,20/07/2009,13,CRUZEIRO,1,CORINTHIANS,2,,Domingo
372,20/07/2009,14,SAO PAULO,2,SANTOS,1,,Domingo
373,27/07/2009,1,FLUMINENSE,1,CRUZEIRO,1,,Domingo
373,27/07/2009,2,SANTOS,1,FLAMENGO,2,,Domingo
373,27/07/2009,3,BOTAFOGO,3,INTERNACIONAL,2,,Sábado
373,27/07/2009,4,BRASILIENSE,0,ATLETICO,1,,Sábado
373,27/07/2009,5,BAHIA,2,VASCO DA GAMA,1,,Sábado
373,27/07/2009,6,PORTUGUESA,2,AMERICA,1,,Sábado
373,27/07/2009,7,ITUIUTABA,2,GAMA,1,,Domingo
373,27/07/2009,8,CRICIUMA,0,CAXIAS,1,,Domingo
373,27/07/2009,9,VITORIA,1,CORITIBA,0,,Domingo
373,27/07/2009,10,GREMIO,3,SANTO ANDRE,2,,Sábado
373,27/07/2009,11,BARUERI,1,SAO PAULO,2,,Domingo
373,27/07/2009,12,ATLETICO,0,GOIAS,1,,Domingo
373,27/07/2009,13,SPORT,3,NAUTICO,3,,Domingo
373,27/07/2009,14,CORINTHIANS,0,PALMEIRAS,3,,Domingo
374,03/08/2009,1,SPORT,0,PALMEIRAS,1,,Sábado
374,03/08/2009,2,VITORIA,0,SAO PAULO,1,,Domingo
374,03/08/2009,3,BOTAFOGO,2,BARUERI,1,,Sábado
374,03/08/2009,4,FORTALEZA,3,BAHIA,2,,Sábado
374,03/08/2009,5,JUVENTUDE,1,VASCO DA GAMA,2,,Sábado
374,03/08/2009,6,BRASILIENSE,3,PONTE PRETA,0,,Sábado
374,03/08/2009,7,RIO BRANCO,2,AGUIA,1,,Domingo
374,03/08/2009,8,MARILIA,2,CRICIUMA,0,,Domingo
374,03/08/2009,9,FERROVIARIO,2,TREZE,0,,Domingo
374,03/08/2009,10,SANTO ANDRE,1,GOIAS,2,,Domingo
374,03/08/2009,11,ATHLETICO,1,FLUMINENSE,0,,Domingo
374,03/08/2009,12,FLAMENGO,1,NAUTICO,1,,Domingo
374,03/08/2009,13,ATLETICO,3,CORITIBA,2,,Domingo
374,03/08/2009,14,GREMIO,4,CRUZEIRO,1,,Domingo
375,10/08/2009,1,FLAMENGO,1,CORINTHIANS,0,,Domingo
375,10/08/2009,2,BOTAFOGO,0,ATHLETICO,1,,Sábado
375,10/08/2009,3,CORITIBA,1,CRUZEIRO,3,,Domingo
375,10/08/2009,4,CEARA,1,ATLETICO,0,,Sábado
375,10/08/2009,5,SANTA CRUZ,2,CSA,2,,Domingo
375,10/08/2009,6,MOTO CLUBE,3,SAO RAIMUNDO,0,,Domingo
375,10/08/2009,7,UBERABA,2,ITUANO,2,,Domingo
375,10/08/2009,8,VILA NOVA,1,BAHIA,0,,Sábado
375,10/08/2009,9,A B C,1,DUQUE DE CAXIAS,2,,Sábado
375,10/08/2009,10,NAUTICO,2,SANTO ANDRE,1,,Sábado
375,10/08/2009,11,SANTOS,2,AVAI,2,,Sábado
375,10/08/2009,12,BARUERI,1,GREMIO,0,,Domingo
375,10/08/2009,13,VITORIA,2,FLUMINENSE,2,,Domingo
375,10/08/2009,14,SAO PAULO,3,GOIAS,1,,Domingo
376,17/08/2009,1,GREMIO,4,FLAMENGO,1,,Domingo
376,17/08/2009,2,CRUZEIRO,0,SANTOS,0,,Domingo
376,17/08/2009,3,ICASA,6,PAYSANDU,2,,Domingo
376,17/08/2009,4,DUQUE DE CAXIAS,2,FIGUEIRENSE,3,,Sábado
376,17/08/2009,5,PORTUGUESA,1,VASCO DA GAMA,3,,Sábado
376,17/08/2009,6,SAO  CAETANO,2,FORTALEZA,0,,Sábado
376,17/08/2009,7,IPATINGA,2,AMERICA,2,,Sábado
376,17/08/2009,8,A B C,1,CAMPINENSE,2,,Sábado
376,17/08/2009,9,FLUMINENSE,1,CORITIBA,3,,Domingo
376,17/08/2009,10,ATHLETICO,3,BARUERI,0,,Domingo
376,17/08/2009,11,GOIAS,3,VITORIA,2,,Domingo
376,17/08/2009,12,SANTO ANDRE,0,INTERNACIONAL,2,,Sábado
376,17/08/2009,13,SPORT,1,SAO PAULO,2,,Domingo
376,17/08/2009,14,CORINTHIANS,2,ATLETICO,0,,Domingo
377,24/08/2009,1,PALMEIRAS,2,INTERNACIONAL,1,,Sábado
377,24/08/2009,2,GOIAS,2,SANTOS,1,,Domingo
377,24/08/2009,3,AVAI,3,FLAMENGO,0,,Domingo
377,24/08/2009,4,AMERICA,1,CEARA,5,,Sábado
377,24/08/2009,5,VILA NOVA,0,BRASILIENSE,0,,Sábado
377,24/08/2009,6,FORTALEZA,4,PARANA,0,,Sábado
377,24/08/2009,7,FERROVIARIO,3,SERGIPE,3,,Domingo
377,24/08/2009,8,TUPI,4,FLUMINENSE,2,,Sábado
377,24/08/2009,9,SANTO ANDRE,1,CORITIBA,0,,Sábado
377,24/08/2009,10,FLUMINENSE,0,BARUERI,0,,Domingo
377,24/08/2009,11,SPORT,2,VITORIA,0,,Sábado
377,24/08/2009,12,CORINTHIANS,3,BOTAFOGO,3,,Domingo
377,24/08/2009,13,ATHLETICO,1,SAO PAULO,0,,Domingo
377,24/08/2009,14,GREMIO,4,ATLETICO,1,,Domingo
378,31/08/2009,1,SAO PAULO,0,PALMEIRAS,0,,Domingo
378,31/08/2009,2,BOTAFOGO,3,GREMIO,3,,Domingo
378,31/08/2009,3,CORITIBA,2,AVAI,0,,Sábado
378,31/08/2009,4,BRAGANTINO,2,ATLETICO,2,,Sábado
378,31/08/2009,5,BAHIA,3,SAO CAETANO,1,,Sábado
378,31/08/2009,6,PONTE PRETA,3,PARANA,3,,Sábado
378,31/08/2009,7,AMERICA,3,GUARANI,1,,Sábado
378,31/08/2009,8,JUVENTUDE,0,DUQUE DE CAXIAS,0,,Sábado
378,31/08/2009,9,ICASA,2,ASA,3,,Domingo
378,31/08/2009,10,NAUTICO,3,ATHLETICO,0,,Sábado
378,31/08/2009,11,FLAMENGO,3,SANTO ANDRE,0,,Sábado
378,31/08/2009,12,VITORIA,3,CRUZEIRO,3,,Domingo
378,31/08/2009,13,SANTOS,2,FLUMINENSE,0,,Domingo
378,31/08/2009,14,INTERNACIONAL,4,GOIAS,0,,Domingo
379,08/09/2009,1,CRUZEIRO,1,SAO PAULO,2,,Domingo
379,08/09/2009,2,AVAI,0,INTERNACIONAL,2,,Domingo
379,08/09/2009,3,SPORT,2,BOTAFOGO,1,,Sábado
379,08/09/2009,4,ATLETICO,2,VASCO DA GAMA,2,,Sábado
379,08/09/2009,5,CEARA,2,BAHIA,1,,Sábado
379,08/09/2009,6,BRASILIENSE,1,FORTALEZA,0,,Sábado
379,08/09/2009,7,SAO CAETANO,3,VILA NOVA,1,,Sábado
379,08/09/2009,8,A B C,2,JUVENTUDE,1,,Sábado
379,08/09/2009,9,SANTO ANDRE,1,ATLETICO,2,,Domingo
379,08/09/2009,10,FLUMINENSE,1,NAUTICO,1,,Domingo
379,08/09/2009,11,GOIAS,2,CORITIBA,2,,Domingo
379,08/09/2009,12,ATHLETICO,0,FLAMENGO,0,,Domingo
379,08/09/2009,13,PALMEIRAS,2,BARUERI,1,,Sábado
379,08/09/2009,14,GREMIO,1,VITORIA,1,,Sábado
380,14/09/2009,1,BOTAFOGO,0,FLUMINENSE,0,,Domingo
380,14/09/2009,2,NAUTICO,0,GREMIO,2,,Domingo
380,14/09/2009,3,VITORIA,3,PALMEIRAS,2,,Domingo
380,14/09/2009,4,FIGUEIRENSE,2,CEARA,1,,Sábado
380,14/09/2009,5,AMERICA,0,SAO CAETANO,0,,Sábado
380,14/09/2009,6,BAHIA,1,PORTUGUESA,4,,Sábado
380,14/09/2009,7,FORTALEZA,3,A B C,3,,Sábado
380,14/09/2009,8,ASA,1,AMERICA,3,,Domingo
380,14/09/2009,9,LONDRINA,1,CHAPECOENSE,1,,Domingo
380,14/09/2009,10,SANTOS,1,SANTO ANDRE,0,,Domingo
380,14/09/2009,11,BARUERI,3,GOIAS,1,,Domingo
380,14/09/2009,12,SAO PAULO,2,AVAI,0,,Sábado
380,14/09/2009,13,FLAMENGO,3,SPORT,0,,Sábado
380,14/09/2009,14,INTERNACIONAL,2,CRUZEIRO,3,,Domingo
381,21/09/2009,1,VITORIA,2,INTERNACIONAL,0,,Sábado
381,21/09/2009,2,SANTOS,0,BOTAFOGO,0,,Domingo
381,21/09/2009,3,ATHLETICO,1,SPORT,0,,Sábado
381,21/09/2009,4,VASCO DA GAMA,1,GUARANI,0,,Sábado
381,21/09/2009,5,JUVENTUDE,2,FORTALEZA,0,,Sábado
381,21/09/2009,6,AMERICA,0,DUQUE DE CAXIAS,1,,Sábado
381,21/09/2009,7,PORTUGUESA,0,IPATINGA,1,,Sábado
381,21/09/2009,8,VILA NOVA,1,A B C,0,,Sábado
381,21/09/2009,9,AMERICA,1,ASA,0,,Sábado
381,21/09/2009,10,SANTO ANDRE,1,SAO PAULO,1,,Domingo
381,21/09/2009,11,NAUTICO,0,ATLETICO,0,,Sábado
381,21/09/2009,12,AVAI,4,BARUERI,0,,Domingo
381,21/09/2009,13,FLAMENGO,3,CORITIBA,0,,Domingo
381,21/09/2009,14,CORINTHIANS,1,GOIAS,4,,Domingo
382,28/09/2009,1,SAO PAULO,1,CORINTHIANS,1,,Domingo
382,28/09/2009,2,GOIAS,2,GREMIO,1,,Domingo
382,28/09/2009,3,BOTAFOGO,1,VITORIA,3,,Domingo
382,28/09/2009,4,GUARANI,2,PONTE PRETA,1,,Sábado
382,28/09/2009,5,ATLETICO,2,VILA NOVA,1,,Sábado
382,28/09/2009,6,PARANA,0,FIGUEIRENSE,4,,Sábado
382,28/09/2009,7,A B C,1,AMERICA,0,,Sábado
382,28/09/2009,8,MACAE,2,TUPI,1,,Domingo
382,28/09/2009,9,SPORT,2,SANTO ANDRE,1,,Domingo
382,28/09/2009,10,CORITIBA,2,NAUTICO,0,,Domingo
382,28/09/2009,11,FLUMINENSE,3,AVAI,2,,Domingo
382,28/09/2009,12,BARUERI,0,CRUZEIRO,1,,Sábado
382,28/09/2009,13,ATLETICO,3,SANTOS,1,,Domingo
382,28/09/2009,14,INTERNACIONAL,0,FLAMENGO,0,,Domingo
383,05/10/2009,1,FLAMENGO,2,FLUMINENSE,0,,Domingo
383,05/10/2009,2,GOIAS,1,BOTAFOGO,3,,Domingo
383,05/10/2009,3,AVAI,2,CRUZEIRO,2,,Domingo
383,05/10/2009,4,GUARANI,1,VILA NOVA,1,,Sábado
383,05/10/2009,5,CEARA,1,FORTALEZA,0,,Sábado
383,05/10/2009,6,FIGUEIRENSE,2,BAHIA,0,,Sábado
383,05/10/2009,7,BRAGANTINO,0,VASCO DA GAMA,0,,Sábado
383,05/10/2009,8,ATLETICO,2,SAO CAETANO,0,,Sábado
383,05/10/2009,9,DUQUE DE CAXIAS,0,BRASILIENSE,0,,Sábado
383,05/10/2009,10,SANTO ANDRE,1,VITORIA,0,,Sábado
383,05/10/2009,11,ATLETICO,2,BARUERI,1,,Sábado
383,05/10/2009,12,CORITIBA,2,INTERNACIONAL,0,,Domingo
383,05/10/2009,13,CORINTHIANS,1,ATHLETICO,3,,Sábado
383,05/10/2009,14,SANTOS,1,PALMEIRAS,3,,Domingo
384,13/10/2009,1,ATLETICO,0,CRUZEIRO,1,,Segunda-feira
384,13/10/2009,2,FLAMENGO,2,SAO PAULO,1,,Sábado
384,13/10/2009,3,SANTOS,0,VITORIA,0,,Segunda-feira
384,13/10/2009,4,FORTALEZA,3,FIGUEIRENSE,1,,Sábado
384,13/10/2009,5,BRASILIENSE,1,GUARANI,2,,Sábado
384,13/10/2009,6,PONTE PRETA,1,VASCO DA GAMA,1,,Sábado
384,13/10/2009,7,JUVENTUDE,0,CAMPINENSE,1,,Sábado
384,13/10/2009,8,GOIAS,1,SPORT,1,,Segunda-feira
384,13/10/2009,9,SANTO ANDRE,1,FLUMINENSE,2,,Sábado
384,13/10/2009,10,CORITIBA,1,BARUERI,2,,Sábado
384,13/10/2009,11,BOTAFOGO,2,AVAI,2,,Segunda-feira
384,13/10/2009,12,NAUTICO,3,PALMEIRAS,0,,Segunda-feira
384,13/10/2009,13,INTERNACIONAL,1,ATHLETICO,1,,Sábado
384,13/10/2009,14,CORINTHIANS,2,GREMIO,1,,Sábado
385,19/10/2009,1,PALMEIRAS,0,FLAMENGO,2,,Domingo
385,19/10/2009,2,CRUZEIRO,1,BOTAFOGO,0,,Domingo
385,19/10/2009,3,FLUMINENSE,2,INTERNACIONAL,2,,Domingo
385,19/10/2009,4,ATLETICO,0,PORTUGUESA,1,,Sábado
385,19/10/2009,5,AMERICA,2,FORTALEZA,1,,Sábado
385,19/10/2009,6,CEARA,2,BRASILIENSE,1,,Sábado
385,19/10/2009,7,IPATINGA,1,PARANA,1,,Sábado
385,19/10/2009,8,CHAPECOENSE,3,MACAE,2,,Domingo
385,19/10/2009,9,VITORIA,3,NAUTICO,1,,Domingo
385,19/10/2009,10,SPORT,2,CORINTHIANS,0,,Domingo
385,19/10/2009,11,AVAI,2,GOIAS,1,,Sábado
385,19/10/2009,12,BARUERI,0,SANTOS,0,,Sábado
385,19/10/2009,13,GREMIO,2,CORITIBA,0,,Domingo
385,19/10/2009,14,SAO PAULO,0,ATLETICO,1,,Sábado
386,26/10/2009,1,INTERNACIONAL,1,GREMIO,0,,Domingo
386,26/10/2009,2,BOTAFOGO,0,FLAMENGO,1,,Domingo
386,26/10/2009,3,SANTOS,3,SAO PAULO,4,,Domingo
386,26/10/2009,4,FIGUEIRENSE,1,PONTE PRETA,2,,Sábado
386,26/10/2009,5,VASCO DA GAMA,2,BAHIA,1,,Sábado
386,26/10/2009,6,SAO CAETANO,1,PARANA,2,,Sábado
386,26/10/2009,7,CAMPINENSE,2,VILA NOVA,3,,Sábado
386,26/10/2009,8,IPATINGA,0,JUVENTUDE,1,,Sábado
386,26/10/2009,9,AVAI,2,SPORT,2,,Domingo
386,26/10/2009,10,NAUTICO,2,BARUERI,1,,Sábado
386,26/10/2009,11,GOIAS,2,FLUMINENSE,2,,Domingo
386,26/10/2009,12,CORITIBA,3,ATHLETICO,2,,Domingo
386,26/10/2009,13,ATLETICO,1,VITORIA,0,,Sábado
386,26/10/2009,14,CORINTHIANS,0,CRUZEIRO,1,,Domingo
387,03/11/2009,1,PALMEIRAS,2,CORINTHIANS,2,,Domingo
387,03/11/2009,2,INTERNACIONAL,0,BOTAFOGO,1,,Domingo
387,03/11/2009,3,FLAMENGO,1,SANTOS,0,,Sábado
387,03/11/2009,4,BRASILIENSE,0,FIGUEIRENSE,4,,Sábado
387,03/11/2009,5,FORTALEZA,1,VASCO DA GAMA,1,,Sábado
387,03/11/2009,6,GUARANI,0,PORTUGUESA,3,,Sábado
387,03/11/2009,7,A B C,1,PARANA,1,,Sábado
387,03/11/2009,8,SANTO ANDRE,2,GREMIO,0,,Domingo
387,03/11/2009,9,AVAI,2,ATHLETICO,0,,Sábado
387,03/11/2009,10,CORITIBA,1,VITORIA,0,,Domingo
387,03/11/2009,11,NAUTICO,3,SPORT,2,,Domingo
387,03/11/2009,12,SAO PAULO,1,BARUERI,0,,Sábado
387,03/11/2009,13,GOIAS,2,ATLETICO,3,,Domingo
387,03/11/2009,14,CRUZEIRO,2,FLUMINENSE,3,,Domingo
388,09/11/2009,1,ATLETICO,1,FLAMENGO,3,,Domingo
388,09/11/2009,2,BOTAFOGO,2,CORITIBA,0,,Domingo
388,09/11/2009,3,VITORIA,0,AVAI,1,,Sábado
388,09/11/2009,4,ATLETICO,4,GUARANI,1,,Sábado
388,09/11/2009,5,AMERICA,2,VILA NOVA,0,,Sábado
388,09/11/2009,6,PARANA,1,DUQUE DE CAXIAS,1,,Sábado
388,09/11/2009,7,VASCO DA GAMA,2,JUVENTUDE,1,,Sábado
388,09/11/2009,8,MOGI MIRIM,1,XV NOV PIRACICABA,1,,Domingo
388,09/11/2009,9,ATHLETICO,2,GOIAS,0,,Domingo
388,09/11/2009,10,BARUERI,1,INTERNACIONAL,1,,Domingo
388,09/11/2009,11,SANTOS,3,NAUTICO,1,,Sábado
388,09/11/2009,12,CORINTHIANS,2,SANTO ANDRE,0,,Domingo
388,09/11/2009,13,SPORT,2,CRUZEIRO,3,,Sábado
388,09/11/2009,14,FLUMINENSE,1,PALMEIRAS,0,,Domingo
389,16/11/2009,1,CRUZEIRO,1,GREMIO,1,,Sábado
389,16/11/2009,2,FLUMINENSE,2,ATHLETICO,1,,Domingo
389,16/11/2009,3,NAUTICO,0,FLAMENGO,2,,Domingo
389,16/11/2009,4,CEARA,2,GUARANI,2,,Sábado
389,16/11/2009,5,IPATINGA,1,ATLETICO,0,,Sábado
389,16/11/2009,6,PONTE PRETA,1,BAHIA,3,,Sábado
389,16/11/2009,7,VILA NOVA,2,FORTALEZA,1,,Sábado
389,16/11/2009,8,SAO CAETANO,0,JUVENTUDE,0,,Sábado
389,16/11/2009,9,BARUERI,3,BOTAFOGO,0,,Domingo
389,16/11/2009,10,GOIAS,3,SANTO ANDRE,1,,Domingo
389,16/11/2009,11,INTERNACIONAL,3,SANTOS,1,,Domingo
389,16/11/2009,12,AVAI,3,CORINTHIANS,1,,Domingo
389,16/11/2009,13,CORITIBA,2,ATLETICO,1,,Sábado
389,16/11/2009,14,SAO PAULO,2,VITORIA,0,,Sábado
390,23/11/2009,1,BOTAFOGO,3,SAO PAULO,2,,Domingo
390,23/11/2009,2,SPORT,0,FLUMINENSE,3,,Domingo
390,23/11/2009,3,ATHLETICO,1,CRUZEIRO,1,,Sábado
390,23/11/2009,4,PONTE PRETA,1,CEARA,2,,Sábado
390,23/11/2009,5,JUVENTUDE,1,ATLETICO,3,,Sábado
390,23/11/2009,6,AMERICA,1,IPATINGA,0,,Sábado
390,23/11/2009,7,BAHIA,2,GUARANI,0,,Sábado
390,23/11/2009,8,FORTALEZA,1,SAO CAETANO,2,,Sábado
390,23/11/2009,9,SANTO ANDRE,4,AVAI,2,,Domingo
390,23/11/2009,10,VITORIA,2,BARUERI,1,,Domingo
390,23/11/2009,11,ATLETICO,0,INTERNACIONAL,1,,Domingo
390,23/11/2009,12,CORINTHIANS,2,NAUTICO,3,,Sábado
390,23/11/2009,13,SANTOS,4,CORITIBA,0,,Domingo
390,23/11/2009,14,FLAMENGO,0,GOIAS,0,,Domingo
391,30/11/2009,1,CORINTHIANS,0,FLAMENGO,2,,Domingo
391,30/11/2009,2,PALMEIRAS,3,ATLETICO,1,,Domingo
391,30/11/2009,3,ATHLETICO,2,BOTAFOGO,0,,Domingo
391,30/11/2009,4,BRASILIENSE,2,VILA NOVA,1,,Sábado
391,30/11/2009,5,PARANA,1,FORTALEZA,1,,Sexta-feira
391,30/11/2009,6,IPATINGA,2,VASCO DA GAMA,0,,Sábado
391,30/11/2009,7,ATLETICO,0,BAHIA,3,,Sexta-feira
391,30/11/2009,8,SAO CAETANO,2,FIGUEIRENSE,1,,Sexta-feira
391,30/11/2009,9,DUQUE DE CAXIAS,4,PONTE PRETA,1,,Sexta-feira
391,30/11/2009,10,FLUMINENSE,4,VITORIA,0,,Domingo
391,30/11/2009,11,AVAI,2,SANTOS,2,,Domingo
391,30/11/2009,12,CRUZEIRO,4,CORITIBA,1,,Domingo
391,30/11/2009,13,SPORT,1,INTERNACIONAL,2,,Domingo
391,30/11/2009,14,GOIAS,4,SAO PAULO,2,,Domingo
392,07/12/2009,1,FLAMENGO,2,GREMIO,1,,Domingo
392,07/12/2009,2,SAO PAULO,4,SPORT,0,,Domingo
392,07/12/2009,3,BOTAFOGO,2,PALMEIRAS,1,,Domingo
392,07/12/2009,4,VITORIA,2,GOIAS,2,,Domingo
392,07/12/2009,5,CORITIBA,1,FLUMINENSE,1,,Domingo
392,07/12/2009,6,BRAGANTINO,1,VILA RICA,3,,Sábado
392,07/12/2009,7,BELEM,1,INDEPENDENTE,2,,Sábado
392,07/12/2009,8,CAMETA,1,TIME NEGRA,0,,Sábado
392,07/12/2009,9,VOTORATY,5,PAULISTA,1,,Domingo
392,07/12/2009,10,BARUERI,0,ATHLETICO,0,,Domingo
392,07/12/2009,11,NAUTICO,0,AVAI,1,,Sábado
392,07/12/2009,12,SANTOS,1,CRUZEIRO,2,,Domingo
392,07/12/2009,13,INTERNACIONAL,4,SANTO ANDRE,1,,Domingo
392,07/12/2009,14,ATLETICO,0,CORINTHIANS,3,,Sábado
393,14/12/2009,2,CORITIBA,1,FLAMENGO,1,SUB 20,Sábado
393,14/12/2009,3,VITORIA,1,INTERNACIONAL,2,SUB 20,Domingo
393,14/12/2009,4,FIGUEIRENSE,3,SANTO ANDRE,1,SUB 20,Domingo
393,14/12/2009,5,PALMEIRAS,0,NAUTICO,2,SUB 20,Sábado
393,14/12/2009,6,BARUERI,1,SPORT,2,SUB 20,Domingo
393,14/12/2009,7,GREMIO,1,AVAI,0,SUB 20,Sábado
393,14/12/2009,8,ATHLETICO,3,SANTOS,4,SUB 20,Sábado
393,14/12/2009,9,RIO VERDE,3,CRISTALINA,0,,Domingo
393,14/12/2009,10,INDEPENDENTE,0,CAMETA,2,,Domingo
393,14/12/2009,11,VILA RICA,1,BELEM,0,,Sábado
393,14/12/2009,12,BRAGANTINO,2,SANTA ROSA,2,,Sábado
393,14/12/2009,13,CASTANHAL,1,ANANINDEUA,2,,Sábado
393,14/12/2009,14,TUNA LUSO,0,TIME NEGRA,1,,Domingo
394,04/01/2010,1,SAO PAULO,4,CSA,0,,Domingo
394,04/01/2010,2,VILA NOVA,1,XV NOV PIRACICABA,1,,Domingo
394,04/01/2010,3,GREMIO,1,CONFIANCA,1,,Domingo
394,04/01/2010,4,AVAI,2,OPERARIO,2,,Domingo
394,04/01/2010,5,VASCO DA GAMA,4,CFZ BRASILIA,4,,Sábado
394,04/01/2010,6,BAHIA,7,PORTO,0,,Domingo
394,04/01/2010,7,RIO BRANCO,1,SAO CAETANO,1,,Domingo
394,04/01/2010,8,JUVENTUDE,0,JUVENTUS,0,,Domingo
394,04/01/2010,9,GUARANI,1,RIO PRETO,0,,Domingo
394,04/01/2010,10,FLUMINENSE,1,FUNORTE,1,,Domingo
394,04/01/2010,11,BRASILIENSE,2,VILAVELHENSE,0,,Domingo
394,04/01/2010,12,INTER LIMEIRA,1,MOGI MIRIM,0,,Domingo
394,04/01/2010,13,FIGUEIRENSE,4,UNIAO BARBARENSE,1,,Domingo
394,04/01/2010,14,CAMPINAS,2,PONTE PRETA,2,,Domingo
395,11/01/2010,1,INTER LIMEIRA,2,INTERNACIONAL,2,,Domingo
395,11/01/2010,2,FERROVIARIA,2,CORINTHIANS,3,,Domingo
395,11/01/2010,3,RIO CLARO,3,SANTOS,2,,Domingo
395,11/01/2010,4,CAMPINAS,1,BRASILIENSE,0,,Domingo
395,11/01/2010,5,OPERARIO,1,CSA,1,,Sábado
395,11/01/2010,6,PORTO,2,MARILIA,1,,Domingo
395,11/01/2010,7,JUVENTUDE,2,VILA NOVA,1,,Domingo
395,11/01/2010,8,UNIAO BARBARENSE,5,CEARA,5,,Domingo
395,11/01/2010,9,VILAVELHENSE,0,PONTE PRETA,5,,Domingo
395,11/01/2010,10,CONFIANCA,2,NACIONAL,1,,Sábado
395,11/01/2010,11,SAO BENTO,0,PARANA,4,,Domingo
395,11/01/2010,12,GUARANI,2,FLUMINENSE,1,,Domingo
395,11/01/2010,13,NACIONAL,2,BOTAFOGO,2,,Domingo
395,11/01/2010,14,SAO CARLOS,2,PALMEIRAS,4,,Domingo
396,18/01/2010,1,FLAMENGO,3,DUQUE DE CAXIAS,2,,Domingo
396,18/01/2010,2,S. PAULO,1,PORTUGUESA,3,,Domingo
396,18/01/2010,3,CRAC,1,GOIAS,0,,Domingo
396,18/01/2010,4,JOINVILLE,3,CRICIUMA,0,,Domingo
396,18/01/2010,5,COLO COLO,1,BAHIA,5,,Domingo
396,18/01/2010,6,TOLEDO,1,ATHLETICO,1,,Domingo
396,18/01/2010,7,SANTA CRUZ,1,CENTRAL,1,,Domingo
396,18/01/2010,8,SERGIPE,0,GUARANY,1,,Domingo
396,18/01/2010,9,CEILANDIA,0,GAMA,3,,Sábado
396,18/01/2010,10,PELOTAS,2,GREMIO,3,,Domingo
396,18/01/2010,11,MACAE,2,BOTAFOGO,3,,Sábado
396,18/01/2010,12,AMERICANO,0,FLUMINENSE,3,,Domingo
396,18/01/2010,13,RIO BRANCO,0,SANTOS,4,,Domingo
396,18/01/2010,14,PONTE PRETA,1,SANTO ANDRE,1,,Sábado
397,25/01/2010,1,VITORIA,2,BAHIA,0,,Domingo
397,25/01/2010,2,AMERICA,1,ATLETICO,1,,Domingo
397,25/01/2010,3,BOTAFOGO,0,VASCO DA GAMA,6,,Domingo
397,25/01/2010,4,MOGI MIRIM,2,SANTOS,1,,Domingo
397,25/01/2010,5,ATLETICO,2,GOIAS,1,,Domingo
397,25/01/2010,6,JOINVILLE,2,FIGUEIRENSE,1,,Domingo
397,25/01/2010,7,PARANA,2,PARANAVAI,1,,Domingo
397,25/01/2010,8,BRASILIA,3,GAMA,3,,Domingo
397,25/01/2010,9,CENTRAL,1,SPORT,2,,Domingo
397,25/01/2010,10,INTER SM,1,INTERNACIONAL,1,,Domingo
397,25/01/2010,11,BANGU,1,FLAMENGO,2,,Sábado
397,25/01/2010,12,FLUMINENSE,1,VOLTA REDONDA,0,,Domingo
397,25/01/2010,13,PALMEIRAS,3,ITUANO,3,,Domingo
397,25/01/2010,14,FERROVIARIO,1,CEARA,0,,Domingo
398,01/02/2010,1,CORINTHIANS,1,PALMEIRAS,0,,Domingo
398,01/02/2010,2,FLUMINENSE,3,FLAMENGO,5,,Domingo
398,01/02/2010,3,CEARA,0,FORTALEZA,0,,Domingo
398,01/02/2010,4,GOIAS,2,VILA NOVA,0,,Sábado
398,01/02/2010,5,GAMA,3,BRASILIENSE,1,,Domingo
398,01/02/2010,6,SERTAOZINHO,2,SAO PAULO,2,,Domingo
398,01/02/2010,7,CIANORTE,1,PARANA,1,,Domingo
398,01/02/2010,8,FRIBURGUENSE,0,VASCO DA GAMA,3,,Domingo
398,01/02/2010,9,IPATINGA,3,CRUZEIRO,0,,Sábado
398,01/02/2010,10,AMERICANO,1,VOLTA REDONDA,3,,Sábado
398,01/02/2010,11,PORTO,3,SANTA CRUZ,1,,Domingo
398,01/02/2010,12,CRAC,3,ATLETICO,2,,Domingo
398,01/02/2010,13,FLUMINENSE,2,VITORIA,2,,Domingo
398,01/02/2010,14,INTERNACIONAL,1,GREMIO,0,,Domingo
399,08/02/2010,1,SAO PAULO,1,SANTOS,2,,Domingo
399,08/02/2010,2,ULBRA,1,GREMIO,5,,Domingo
399,08/02/2010,3,VILA NOVA,1,ATLETICO,3,,Sábado
399,08/02/2010,4,FORTALEZA,3,FERROVIARIO,2,,Sábado
399,08/02/2010,5,OLARIA,0,FLUMINENSE,0,,Domingo
399,08/02/2010,6,CRUZEIRO,4,VILLA NOVA,2,,Sábado
399,08/02/2010,7,PORTO,0,CENTRAL,1,,Domingo
399,08/02/2010,8,LUZIANIA,0,BRASILIENSE,3,,Domingo
399,08/02/2010,9,BRAGANTINO,2,PALMEIRAS,3,,Domingo
399,08/02/2010,10,FEIRENSE,0,VITORIA,3,,Domingo
399,08/02/2010,11,AVAI,5,JOINVILLE,1,,Domingo
399,08/02/2010,12,PAYSANDU,1,REMO,1,,Domingo
399,08/02/2010,13,BOAVISTA,1,FLAMENGO,2,,Domingo
399,08/02/2010,14,PARANA,0,ATHLETICO,1,,Domingo
400,18/02/2010,1,VASCO DA GAMA,0,FLUMINENSE,0,,Sábado
400,18/02/2010,2,FLAMENGO,1,BOTAFOGO,2,,Quarta-feira
400,18/02/2010,3,PORTUGUESA,1,CORINTHIANS,1,,Sábado
400,18/02/2010,4,UBERABA,2,ATLETICO,2,,Sábado
400,18/02/2010,5,QUIXADA,1,CEARA,5,,Sábado
400,18/02/2010,6,CRICIUMA,1,FIGUEIRENSE,2,,Sábado
400,18/02/2010,7,CHAPECOENSE,1,JOINVILLE,1,,Sábado
400,18/02/2010,8,ESPORTIVO,1,INTERNACIONAL,2,,Sábado
400,18/02/2010,9,GAMA,1,CEILANDIA,2,,Sábado
400,18/02/2010,10,ANAPOLINA,0,VILA NOVA,0,,Sábado
400,18/02/2010,11,CALDENSE,0,CRUZEIRO,2,,Sábado
400,18/02/2010,12,PAULISTA,2,BRAGANTINO,2,,Sábado
400,18/02/2010,13,ITUANO,0,SAO PAULO,1,,Sábado
400,18/02/2010,14,BOTAFOGO,1,PALMEIRAS,1,,Sábado
401,22/02/2010,1,VASCO DA GAMA,0,BOTAFOGO,2,,Domingo
401,22/02/2010,2,PALMEIRAS,2,SAO PAULO,0,,Domingo
401,22/02/2010,3,ATLETICO,1,CRUZEIRO,3,,Sábado
401,22/02/2010,4,CORITIBA,0,PARANA,1,,Domingo
401,22/02/2010,5,SPORT,1,NAUTICO,1,,Sábado
401,22/02/2010,6,CEILANDIA,0,BRASILIENSE,3,,Sábado
401,22/02/2010,7,MORRINHOS,1,ITUMBIARA,1,,Domingo
401,22/02/2010,8,CORINTHIANS,0,RIO BRANCO,0,,Sábado
401,22/02/2010,9,AMERICA,1,VILLA NOVA,2,,Domingo
401,22/02/2010,10,BRAGANTINO,2,BOTAFOGO,0,,Domingo
401,22/02/2010,11,PORTUGUESA,2,PAULISTA,1,,Sábado
401,22/02/2010,12,MIRASSOL,1,SANTOS,2,,Domingo
401,22/02/2010,13,CONFIANCA,0,SERGIPE,0,,Sábado
401,22/02/2010,14,CAMPINENSE,0,BOTAFOGO,0,,Domingo
402,01/03/2010,1,SANTOS,2,CORINTHIANS,1,,Domingo
402,01/03/2010,2,BAHIA,2,VITORIA,1,,Domingo
402,01/03/2010,3,GOIAS,2,ATLETICO,1,,Domingo
402,01/03/2010,4,VASCO DA GAMA,2,VOLTA REDONDA,1,,Domingo
402,01/03/2010,5,BOTAFOGO,2,SOUSA,3,,Domingo
402,01/03/2010,6,RIO BRANCO,1,ATHLETICO,2,,Domingo
402,01/03/2010,7,CRICIUMA,1,JOINVILLE,1,,Domingo
402,01/03/2010,8,GAMA,5,BRASILIA,1,,Domingo
402,01/03/2010,9,DESPORTIVA,1,VITORIA,1,,Domingo
402,01/03/2010,10,UBERLANDIA,2,ATLETICO,5,,Domingo
402,01/03/2010,11,BOTAFOGO,1,SAO CAETANO,0,,Sábado
402,01/03/2010,12,RIO CLARO,1,PALMEIRAS,0,,Domingo
402,01/03/2010,13,AMERICANO,1,BOTAFOGO,3,,Sábado
402,01/03/2010,14,MACAE,1,FLAMENGO,4,,Sábado
403,09/03/2010,1,FLUMINENSE,2,BOTAFOGO,1,,Domingo
403,09/03/2010,2,PONTE PRETA,0,SAO PAULO,2,,Domingo
403,09/03/2010,3,ATLETICO,3,VILA NOVA,2,,Sábado
403,09/03/2010,4,TUPI,3,CRUZEIRO,2,,Domingo
403,09/03/2010,5,ATHLETICO,1,CORITIBA,1,,Domingo
403,09/03/2010,6,FIGUEIRENSE,3,JOINVILLE,0,,Sábado
403,09/03/2010,7,PORTO,0,SPORT,4,,Domingo
403,09/03/2010,8,BRASILIENSE,2,GAMA,0,,Domingo
403,09/03/2010,9,CAMACARI,1,VITORIA,3,,Domingo
403,09/03/2010,10,JAGUARE,2,DESPORTIVA,1,,Sábado
403,09/03/2010,11,PALMEIRAS,3,SERTAOZINHO,2,,Segunda-feira
403,09/03/2010,12,ANAPOLINA,2,GOIAS,1,,Domingo
403,09/03/2010,13,SAO CAETANO,0,CORINTHIANS,1,,Domingo
403,09/03/2010,14,PORTUGUESA,1,SANTOS,1,,Domingo
404,15/03/2010,1,FLAMENGO,1,VASCO DA GAMA,0,,Domingo
404,15/03/2010,2,SANTOS,3,PALMEIRAS,4,,Domingo
404,15/03/2010,3,CRUZEIRO,3,AMERICA,2,,Domingo
404,15/03/2010,4,AVAI,1,CRICIUMA,0,,Sábado
404,15/03/2010,5,IRATY,1,ATHLETICO,0,,Sábado
404,15/03/2010,6,VERA CRUZ,1,SANTA CRUZ,4,,Domingo
404,15/03/2010,7,CEARA,2,FERROVIARIO,0,,Domingo
404,15/03/2010,8,GUARANY,1,ITABAIANA,1,,Domingo
404,15/03/2010,9,BRASILIA,1,BRASILIENSE,1,,Domingo
404,15/03/2010,10,VILAVELHENSE,1,DESPORTIVA,1,,Domingo
404,15/03/2010,11,CRAC,2,ANAPOLINA,2,,Domingo
404,15/03/2010,12,AMERICA,1,FLUMINENSE,1,,Sábado
404,15/03/2010,13,PORTUGUESA,1,SAO CAETANO,0,,Sábado
404,15/03/2010,14,CORINTHIANS,2,SANTO ANDRE,1,,Domingo
405,22/03/2010,1,BOTAFOGO,2,FLAMENGO,2,,Domingo
405,22/03/2010,2,VILLA NOVA,1,ATLETICO,3,,Domingo
405,22/03/2010,3,PALMEIRAS,0,PONTE PRETA,2,,Sábado
405,22/03/2010,4,SANTA CRUZ,4,NAUTICO,2,,Domingo
405,22/03/2010,5,FORTALEZA,1,CEARA,3,,Domingo
405,22/03/2010,6,ATLETICO,3,CRAC,1,,Domingo
405,22/03/2010,7,TOLEDO,1,PARANA,2,,Domingo
405,22/03/2010,8,BRASILIA,1,CEILANDIA,2,,Domingo
405,22/03/2010,9,TREZE,1,BOTAFOGO,0,,Domingo
405,22/03/2010,10,SOUSA,1,CAMPINENSE,2,,Domingo
405,22/03/2010,11,CONFIANCA,1,ITABAIANA,3,,Domingo
405,22/03/2010,12,OLARIA,1,VASCO DA GAMA,0,,Sábado
405,22/03/2010,13,PAULISTA,1,BOTAFOGO,0,,Domingo
405,22/03/2010,14,BARUERI,2,CORINTHIANS,0,,Domingo
406,30/03/2010,1,CORINTHIANS,4,SAO PAULO,3,,Domingo
406,30/03/2010,2,VASCO DA GAMA,3,FLUMINENSE,0,,Domingo
406,30/03/2010,3,ATLETICO,6,ITUIUTABA,0,,Domingo
406,30/03/2010,4,VILA NOVA,2,GOIAS,1,,Domingo
406,30/03/2010,5,JOINVILLE,3,AVAI,2,,Domingo
406,30/03/2010,6,SPORT,2,SANTA CRUZ,0,,Domingo
406,30/03/2010,7,ITABAIANA,1,SERGIPE,2,,Domingo
406,30/03/2010,8,CAMPINENSE,0,TREZE,0,,Domingo
406,30/03/2010,9,DESPORTIVA,1,RIO BRANCO,0,,Domingo
406,30/03/2010,10,MOGI MIRIM,3,SANTO ANDRE,2,,Domingo
406,30/03/2010,11,SAO CAETANO,2,PONTE PRETA,0,,Sábado
406,30/03/2010,12,DEMOCRATA,3,CRUZEIRO,1,,Domingo
406,30/03/2010,13,BOAVISTA,1,BOTAFOGO,4,,Segunda-feira
406,30/03/2010,14,FLAMENGO,2,AMERICA,1,,Domingo
407,05/04/2010,1,SAO CAETANO,1,SANTOS,3,,Domingo
407,05/04/2010,2,DUQUE DE CAXIAS,3,VASCO DA GAMA,4,,Domingo
407,05/04/2010,3,JUVENTUDE,1,GREMIO,2,,Domingo
407,05/04/2010,4,GOIAS,2,CRAC,0,,Domingo
407,05/04/2010,5,ATHLETICO,1,PARANA,0,,Domingo
407,05/04/2010,6,CHAPECOENSE,0,FIGUEIRENSE,0,,Domingo
407,05/04/2010,7,SAO LUIZ,0,CAXIAS,2,,Domingo
407,05/04/2010,8,BOTAFOGO,1,CAMPINENSE,1,,Domingo
407,05/04/2010,9,YPIRANGA,0,SANTA CRUZ,2,,Domingo
407,05/04/2010,10,FLUMINENSE,1,BAHIA,2,,Domingo
407,05/04/2010,11,SERGIPE,1,CONFIANCA,3,,Domingo
407,05/04/2010,12,FRIBURGUENSE,0,FLAMENGO,3,,Domingo
407,05/04/2010,13,ITUANO,0,CORINTHIANS,2,,Domingo
407,05/04/2010,14,SAO PAULO,5,BOTAFOGO,0,,Domingo
408,12/04/2010,1,FLAMENGO,2,VASCO DA GAMA,1,,Domingo
408,12/04/2010,2,GOIAS,0,ATLETICO,0,,Sábado
408,12/04/2010,3,REMO,2,PAYSANDU,1,,Domingo
408,12/04/2010,4,ATHLETICO,1,PARANAVAI,0,,Sábado
408,12/04/2010,5,CEILANDIA,2,BRASILIENSE,1,,Domingo
408,12/04/2010,6,COMERCIAL,3,MISTO,1,,Sábado
408,12/04/2010,7,VILA NOVA,1,SANTA HELENA,3,,Domingo
408,12/04/2010,8,SAO RAIMUNDO,2,CAMETA,2,,Domingo
408,12/04/2010,9,VILAVELHENSE,1,JAGUARE,1,,Domingo
408,12/04/2010,10,BOTAFOGO,4,NACIONAL,0,,Domingo
408,12/04/2010,11,PORTO,0,NAUTICO,3,,Domingo
408,12/04/2010,12,AMERICA,3,BOAVISTA,1,,Sábado
408,12/04/2010,13,BANGU,0,MACAE,1,,Domingo
408,12/04/2010,14,BOTAFOGO,3,FLUMINENSE,2,,Sábado
409,19/04/2010,1,FLAMENGO,1,BOTAFOGO,2,,Domingo
409,19/04/2010,2,SANTOS,3,SAO PAULO,0,,Domingo
409,19/04/2010,3,INTERNACIONAL,3,PELOTAS,2,,Domingo
409,19/04/2010,4,AVAI,1,FIGUEIRENSE,1,,Domingo
409,19/04/2010,5,CRUZEIRO,1,IPATINGA,3,,Domingo
409,19/04/2010,6,E C DEMOCRATA,0,ATLETICO,0,,Sábado
409,19/04/2010,7,ATLETICO,4,GOIAS,2,,Domingo
409,19/04/2010,8,SANTA HELENA,4,VILA NOVA,2,,Sábado
409,19/04/2010,9,DESPORTIVA,1,JAGUARE,2,,Sábado
409,19/04/2010,10,CEARA,1,GUARANY,0,,Domingo
409,19/04/2010,11,NAUTICO,2,SPORT,0,,Domingo
409,19/04/2010,12,BOTAFOGO,2,CAMPINENSE,1,,Domingo
409,19/04/2010,13,SANTO ANDRE,1,GREMIO PRUDENTE,2,,Domingo
409,19/04/2010,14,CORITIBA,2,ATHLETICO,0,,Domingo
410,26/04/2010,1,INTERNACIONAL,0,GREMIO,2,,Domingo
410,26/04/2010,2,SANTO ANDRE,2,SANTOS,3,,Domingo
410,26/04/2010,3,IPATINGA,2,ATLETICO,3,,Domingo
410,26/04/2010,4,BAHIA,0,VITORIA,1,,Domingo
410,26/04/2010,5,CEILANDIA,3,BRASILIENSE,1,,Sábado
410,26/04/2010,6,ATLETICO,4,SANTA HELENA,0,,Domingo
410,26/04/2010,7,SAO CAETANO,1,BOTAFOGO,0,,Sábado
410,26/04/2010,8,JOINVILLE,1,AVAI,3,,Domingo
410,26/04/2010,9,CONFIANCA,3,ITABAIANA,1,,Domingo
410,26/04/2010,10,CAMPINENSE,0,TREZE,4,,Domingo
410,26/04/2010,11,SAO RAIMUNDO,1,REMO,2,,Domingo
410,26/04/2010,12,CENTRAL,0,SPORT,3,,Domingo
410,26/04/2010,13,SANTA CRUZ,0,NAUTICO,0,,Domingo
410,26/04/2010,14,FORTALEZA,1,CEARA,0,,Domingo
411,03/05/2010,1,GREMIO,0,INTERNACIONAL,1,,Domingo
411,03/05/2010,2,ATLETICO,2,IPATINGA,0,,Domingo
411,03/05/2010,3,SANTOS,2,SANTO ANDRE,3,,Domingo
411,03/05/2010,4,CEARA,2,FORTALEZA,1,,Domingo
411,03/05/2010,5,SANTA HELENA,1,ATLETICO,3,,Domingo
411,03/05/2010,6,AGUIA,1,REMO,1,,Sábado
411,03/05/2010,7,BOTAFOGO,1,SAO CAETANO,0,,Sábado
411,03/05/2010,8,VILAVELHENSE,0,RIO BRANCO,6,,Sábado
411,03/05/2010,9,GURUPI,1,ARAGUAINA,1,,Sábado
411,03/05/2010,10,ITABAIANA,0,CONFIANCA,1,,Domingo
411,03/05/2010,11,CAMPINENSE,0,BOTAFOGO,0,,Domingo
411,03/05/2010,12,BRASILIENSE,2,CEILANDIA,2,,Sábado
411,03/05/2010,13,AVAI,2,JOINVILLE,0,,Domingo
411,03/05/2010,14,VITORIA,1,BAHIA,2,,Domingo
412,10/05/2010,1,FLAMENGO,1,SAO PAULO,1,,Domingo
412,10/05/2010,2,INTERNACIONAL,1,CRUZEIRO,2,,Domingo
412,10/05/2010,3,BOTAFOGO,3,SANTOS,3,,Sábado
412,10/05/2010,4,NAUTICO,3,CORITIBA,1,,Sábado
412,10/05/2010,5,BRASILIENSE,2,SPORT,1,,Sábado
412,10/05/2010,6,PARANA,3,IPATINGA,0,,Sábado
412,10/05/2010,7,SAO CAETANO,0,FIGUEIRENSE,1,,Sábado
412,10/05/2010,8,AVAI,6,GREMIO PRUDENTE,1,,Domingo
412,10/05/2010,9,PALMEIRAS,1,VITORIA,0,,Sábado
412,10/05/2010,10,ATLETICO,0,GREMIO,0,,Sábado
412,10/05/2010,11,CORINTHIANS,2,ATHLETICO,1,,Domingo
412,10/05/2010,12,GUARANI,1,GOIAS,0,,Domingo
412,10/05/2010,13,CEARA,1,FLUMINENSE,0,,Domingo
412,10/05/2010,14,ATLETICO,2,VASCO DA GAMA,1,,Domingo
413,17/05/2010,1,GREMIO,1,CORINTHIANS,2,,Domingo
413,17/05/2010,2,CRUZEIRO,2,AVAI,2,,Domingo
413,17/05/2010,3,SAO PAULO,1,BOTAFOGO,2,,Domingo
413,17/05/2010,4,IPATINGA,1,BAHIA,2,,Sábado
413,17/05/2010,5,PONTE PRETA,1,PARANA,0,,Sábado
413,17/05/2010,6,AMERICA,3,SAO CAETANO,3,,Sábado
413,17/05/2010,7,DUQUE DE CAXIAS,1,NAUTICO,2,,Sábado
413,17/05/2010,8,GREMIO PRUDENTE,4,ATLETICO,0,,Sábado
413,17/05/2010,9,ATHLETICO,2,GUARANI,2,,Domingo
413,17/05/2010,10,VASCO DA GAMA,0,PALMEIRAS,0,,Domingo
413,17/05/2010,11,FLUMINENSE,1,ATLETICO,0,,Sábado
413,17/05/2010,12,SANTOS,1,CEARA,1,,Domingo
413,17/05/2010,13,GOIAS,2,INTERNACIONAL,3,,Domingo
413,17/05/2010,14,VITORIA,1,FLAMENGO,1,,Sábado
414,24/05/2010,1,INTERNACIONAL,0,SAO PAULO,2,,Domingo
414,24/05/2010,2,BOTAFOGO,3,GOIAS,0,,Sábado
414,24/05/2010,3,CEARA,1,VITORIA,0,,Domingo
414,24/05/2010,4,AMERICA,1,FIGUEIRENSE,0,,Sábado
414,24/05/2010,5,ASA,4,SPORT,1,,Sábado
414,24/05/2010,6,SAO CAETANO,2,IPATINGA,1,,Sábado
414,24/05/2010,7,ICASA,2,AMERICA,2,,Sábado
414,24/05/2010,8,ATLETICO,3,ATHLETICO,1,,Domingo
414,24/05/2010,9,PALMEIRAS,4,GREMIO,2,,Sábado
414,24/05/2010,10,AVAI,2,VASCO DA GAMA,0,,Domingo
414,24/05/2010,11,GUARANI,2,CRUZEIRO,2,,Domingo
414,24/05/2010,12,ATLETICO,1,SANTOS,2,,Sábado
414,24/05/2010,13,FLAMENGO,3,GREMIO PRUDENTE,1,,Domingo
414,24/05/2010,14,CORINTHIANS,1,FLUMINENSE,0,,Domingo
415,31/05/2010,1,FLAMENGO,1,GREMIO,1,,Sábado
415,31/05/2010,2,CORINTHIANS,4,SANTOS,2,,Domingo
415,31/05/2010,3,CEARA,1,CRUZEIRO,0,,Domingo
415,31/05/2010,4,BAHIA,2,SPORT,0,,Sábado
415,31/05/2010,5,BRASILIENSE,1,FIGUEIRENSE,1,,Sábado
415,31/05/2010,6,SAO CAETANO,3,PONTE PRETA,1,,Sábado
415,31/05/2010,7,AMERICA,4,IPATINGA,0,,Sábado
415,31/05/2010,8,INTERNACIONAL,4,ATHLETICO,1,,Domingo
415,31/05/2010,9,ATLETICO,1,GOIAS,3,,Domingo
415,31/05/2010,10,AVAI,0,VITORIA,0,,Sábado
415,31/05/2010,11,PALMEIRAS,0,GREMIO PRUDENTE,0,,Sábado
415,31/05/2010,12,GUARANI,0,SAO PAULO,0,,Domingo
415,31/05/2010,13,BOTAFOGO,1,VASCO DA GAMA,1,,Domingo
415,31/05/2010,14,ATLETICO,1,FLUMINENSE,3,,Domingo
416,07/06/2010,1,INTERNACIONAL,1,PALMEIRAS,1,,Domingo
416,07/06/2010,2,SANTOS,4,VASCO DA GAMA,0,,Domingo
416,07/06/2010,3,ATLETICO,2,CRUZEIRO,1,,Domingo
416,07/06/2010,4,ASA,3,ICASA,0,,Sábado
416,07/06/2010,5,AMERICA,0,SPORT,5,,Sábado
416,07/06/2010,6,SANTO ANDRE,1,CORITIBA,3,,Sábado
416,07/06/2010,7,PONTE PRETA,1,FIGUEIRENSE,2,,Sábado
416,07/06/2010,8,VITORIA,1,ATHLETICO,0,,Sábado
416,07/06/2010,9,GUARANI,1,GREMIO PRUDENTE,0,,Domingo
416,07/06/2010,10,AVAI,0,FLUMINENSE,3,,Sábado
416,07/06/2010,11,FLAMENGO,1,GOIAS,2,,Sábado
416,07/06/2010,12,ATLETICO,0,CEARA,1,,Domingo
416,07/06/2010,13,BOTAFOGO,2,CORINTHIANS,2,,Domingo
416,07/06/2010,14,SAO PAULO,3,GREMIO,1,,Domingo
417,16/06/2010,1,BRASIL,2,COREIA DO NORTE,1,,Terça-feira
417,16/06/2010,2,ITALIA,1,PARAGUAI,1,,Segunda-feira
417,16/06/2010,3,ARGENTINA,1,NIGERIA,0,,Sábado
417,16/06/2010,4,HOLANDA,2,DINAMARCA,0,,Segunda-feira
417,16/06/2010,5,INGLATERRA,1,ESTADOS UNIDOS,1,,Sábado
417,16/06/2010,6,COREIA DO SUL,2,GRECIA,0,,Sábado
417,16/06/2010,7,ARGELIA,0,ESLOVENIA,1,,Domingo
417,16/06/2010,8,SERVIA,0,GANA,1,,Domingo
417,16/06/2010,9,JAPAO,1,CAMAROES,0,,Segunda-feira
417,16/06/2010,10,NOVA ZELANDIA,1,ESLOVAQUIA,1,,Terça-feira
417,16/06/2010,11,COSTA DO MARFIM,0,PORTUGAL,0,,Terça-feira
417,16/06/2010,12,AFRICA DO SUL,1,MEXICO,1,,Sexta-feira
417,16/06/2010,13,ALEMANHA,4,AUSTRALIA,0,,Domingo
417,16/06/2010,14,URUGUAI,0,FRANCA,0,,Sexta-feira
418,21/06/2010,1,BRASIL,3,COSTA DO MARFIM,1,,Domingo
418,21/06/2010,2,ALEMANHA,0,SERVIA,1,,Sexta-feira
418,21/06/2010,3,FRANCA,0,MEXICO,2,,Quinta-feira
418,21/06/2010,4,ESPANHA,0,SUICA,1,,Quarta-feira
418,21/06/2010,5,ARGENTINA,4,COREIA DO SUL,1,,Quinta-feira
418,21/06/2010,6,GRECIA,2,NIGERIA,1,,Quinta-feira
418,21/06/2010,7,AFRICA DO SUL,0,URUGUAI,3,,Quarta-feira
418,21/06/2010,8,ESLOVENIA,2,ESTADOS UNIDOS,2,,Sexta-feira
418,21/06/2010,9,GANA,1,AUSTRALIA,1,,Sábado
418,21/06/2010,10,CAMAROES,1,DINAMARCA,2,,Sábado
418,21/06/2010,11,HONDURAS,0,CHILE,1,,Quarta-feira
418,21/06/2010,12,INGLATERRA,0,ARGELIA,0,,Sexta-feira
418,21/06/2010,13,ITALIA,1,NOVA ZELANDIA,1,,Domingo
418,21/06/2010,14,HOLANDA,1,JAPAO,0,,Sábado
419,25/06/2010,1,GANA,0,ALEMANHA,1,,Quarta-feira
419,25/06/2010,2,FRANCA,1,AFRICA DO SUL,2,,Terça-feira
419,25/06/2010,3,MEXICO,0,URUGUAI,1,,Terça-feira
419,25/06/2010,4,GRECIA,0,ARGENTINA,2,,Terça-feira
419,25/06/2010,5,CAMAROES,1,HOLANDA,2,,Quinta-feira
419,25/06/2010,6,ESTADOS UNIDOS,1,ARGELIA,0,,Quarta-feira
419,25/06/2010,7,AUSTRALIA,2,SERVIA,1,,Quarta-feira
419,25/06/2010,8,ESLOVAQUIA,0,PARAGUAI,2,,Domingo
419,25/06/2010,9,DINAMARCA,1,JAPAO,3,,Quinta-feira
419,25/06/2010,10,ESLOVENIA,0,INGLATERRA,1,,Quarta-feira
419,25/06/2010,11,NIGERIA,2,COREIA DO SUL,2,,Terça-feira
419,25/06/2010,12,CHILE,1,SUICA,0,,Segunda-feira
419,25/06/2010,13,PORTUGAL,7,COREIA DO NORTE,0,,Segunda-feira
419,25/06/2010,14,ESPANHA,2,HONDURAS,0,,Segunda-feira
420,28/06/2010,1,PORTUGAL,0,BRASIL,0,,Sexta-feira
420,28/06/2010,2,CHILE,1,ESPANHA,2,,Sexta-feira
420,28/06/2010,3,PARAGUAI,0,NOVA ZELANDIA,0,,Quinta-feira
420,28/06/2010,4,COREIA DO NORTE,0,COSTA DO MARFIM,3,,Sexta-feira
420,28/06/2010,5,SUICA,0,HONDURAS,0,,Sexta-feira
420,28/06/2010,6,ESLOVAQUIA,3,ITALIA,2,,Quinta-feira
420,28/06/2010,7,JACAREI,5,SUZANO,1,,Sábado
420,28/06/2010,8,JABAQUARA,2,NACIONAL,2,,Domingo
420,28/06/2010,9,VELO CLUBE,2,RADIUM,1,,Domingo
420,28/06/2010,10,FERNANDOPOLIS,2,ASSISENSE,1,,Domingo
420,28/06/2010,11,ELOSPORT,2,AMPARO,0,,Domingo
420,28/06/2010,12,PAULINIA,2,PRIMAVERA,2,,Sábado
420,28/06/2010,13,GUARULHOS,2,SAO BERNARDO,1,,Sábado
420,28/06/2010,14,INTER LIMEIRA,3,GUACUANO,3,,Sábado
421,05/07/2010,1,HOLANDA,2,BRASIL,1,,Sexta-feira
421,05/07/2010,2,ARGENTINA,0,ALEMANHA,4,,Sábado
421,05/07/2010,3,URUGUAI,1,GANA,1,,Sexta-feira
421,05/07/2010,4,PARAGUAI,0,ESPANHA,1,,Sábado
421,05/07/2010,5,CRICIUMA,1,BRUSQUE,1,,Domingo
421,05/07/2010,6,SUZANO,0,ATIBAIA,3,,Sábado
421,05/07/2010,7,TUPA,0,JOSE BONIFACIO,2,,Domingo
421,05/07/2010,8,GUARULHOS,0,JABAQUARA,2,,Sábado
421,05/07/2010,9,INDEPENDENTE,1,VELO CLUBE,1,,Domingo
421,05/07/2010,10,MATONENSE,0,GUARIBA,1,,Domingo
421,05/07/2010,11,PRIMAVERA,6,SUMARE,2,,Domingo
421,05/07/2010,12,ELOSPORT,1,CAPIVARIANO,0,,Domingo
421,05/07/2010,13,BRASILIS,5,INTER LIMEIRA,0,,Domingo
421,05/07/2010,14,S. BERNARDO,2,SAO VICENTE,5,,Domingo
422,15/07/2010,1,HOLANDA,0,ESPANHA,0,,Domingo
422,15/07/2010,2,URUGUAI,2,ALEMANHA,3,,Sábado
422,15/07/2010,3,FLAMENGO,1,BOTAFOGO,0,,Quarta-feira
422,15/07/2010,4,CEARA,0,CORINTHIANS,0,,Quarta-feira
422,15/07/2010,5,ATHLETICO,0,CRUZEIRO,2,,Quarta-feira
422,15/07/2010,6,BRASILIENSE,1,AMERICA,1,,Terça-feira
422,15/07/2010,7,FIGUEIRENSE,2,VILA NOVA,0,,Terça-feira
422,15/07/2010,8,IPATINGA,1,SPORT,3,,Terça-feira
422,15/07/2010,9,SAO CAETANO,3,SANTO ANDRE,2,,Terça-feira
422,15/07/2010,10,ICASA,3,PARANA,0,,Terça-feira
422,15/07/2010,11,GUARANI,0,INTERNACIONAL,3,,Quarta-feira
422,15/07/2010,12,SAO PAULO,1,AVAI,2,,Quarta-feira
422,15/07/2010,13,GREMIO,1,VITORIA,1,,Quarta-feira
422,15/07/2010,14,GOIAS,0,VASCO DA GAMA,0,,Quarta-feira
423,19/07/2010,1,SANTOS,0,FLUMINENSE,1,,Domingo
423,19/07/2010,2,INTERNACIONAL,2,CEARA,1,,Domingo
423,19/07/2010,3,ATLETICO,0,FLAMENGO,1,,Domingo
423,19/07/2010,4,AMERICA,1,NAUTICO,2,,Sábado
423,19/07/2010,5,VILA NOVA,2,IPATINGA,2,,Sábado
423,19/07/2010,6,PORTUGUESA,3,ICASA,1,,Sábado
423,19/07/2010,7,SPORT,1,PONTE PRETA,1,,Sábado
423,19/07/2010,8,GREMIO PRUDENTE,2,GREMIO,0,,Domingo
423,19/07/2010,9,VASCO,3,ATHLETICO,1,,Sábado
423,19/07/2010,10,BOTAFOGO,1,GUARANI,1,,Domingo
423,19/07/2010,11,AVAI,4,PALMEIRAS,2,,Domingo
423,19/07/2010,12,CRUZEIRO,1,GOIAS,0,,Domingo
423,19/07/2010,13,VITORIA,3,SAO PAULO,2,,Sábado
423,19/07/2010,14,CORINTHIANS,1,ATLETICO,0,,Domingo
424,26/07/2010,1,SANTOS,1,SAO PAULO,0,,Domingo
424,26/07/2010,2,INTERNACIONAL,1,FLAMENGO,0,,Domingo
424,26/07/2010,3,GOIAS,0,ATHLETICO,2,,Domingo
424,26/07/2010,4,NAUTICO,3,BAHIA,2,,Sábado
424,26/07/2010,5,SAO  CAETANO,2,ASA,0,,Sábado
424,26/07/2010,6,CORITIBA,2,SPORT,1,,Sábado
424,26/07/2010,7,RIO BRANCO,0,FORTALEZA,0,,Domingo
424,26/07/2010,8,AVAI,0,ATLETICO,0,,Sábado
424,26/07/2010,9,GREMIO PRUDENTE,0,VITORIA,0,,Sábado
424,26/07/2010,10,CORINTHIANS,3,GUARANI,1,,Domingo
424,26/07/2010,11,VASCO DA GAMA,2,ATLETICO,0,,Sábado
424,26/07/2010,12,CEARA,0,PALMEIRAS,0,,Domingo
424,26/07/2010,13,CRUZEIRO,2,GREMIO,2,,Domingo
424,26/07/2010,14,BOTAFOGO,1,FLUMINENSE,1,,Domingo
425,02/08/2010,1,FLAMENGO,0,VASCO DA GAMA,0,,Domingo
425,02/08/2010,2,PALMEIRAS,1,CORINTHIANS,1,,Domingo
425,02/08/2010,3,INTERNACIONAL,0,GREMIO,0,,Domingo
425,02/08/2010,4,BAHIA,2,FIGUEIRENSE,2,,Sábado
425,02/08/2010,5,PARANA,4,NAUTICO,0,,Sábado
425,02/08/2010,6,IPATINGA,3,BRASILIENSE,1,,Sábado
425,02/08/2010,7,ASA,2,AMERICA,1,,Sábado
425,02/08/2010,8,ATLETICO,1,GUARANI,1,,Sábado
425,02/08/2010,9,GREMIO PRUDENTE,1,SANTOS,2,,Domingo
425,02/08/2010,10,AVAI,4,GOIAS,1,,Domingo
425,02/08/2010,11,FLUMINENSE,3,ATHLETICO,1,,Sábado
425,02/08/2010,12,SAO PAULO,2,CEARA,1,,Sábado
425,02/08/2010,13,VITORIA,1,BOTAFOGO,3,,Domingo
425,02/08/2010,14,ATLETICO,0,CRUZEIRO,1,,Domingo
426,09/08/2010,1,CORINTHIANS,1,FLAMENGO,0,,Domingo
426,09/08/2010,2,SANTOS,1,INTERNACIONAL,0,,
426,09/08/2010,3,GREMIO,1,FLUMINENSE,2,,Domingo
426,09/08/2010,4,PARANA,0,CORITIBA,1,,Sábado
426,09/08/2010,5,NAUTICO,1,SPORT,1,,Sábado
426,09/08/2010,6,BRASILIENSE,3,VILA NOVA,0,,Sábado
426,09/08/2010,7,ASA,0,BAHIA,1,,Sábado
426,09/08/2010,8,GUARANI,4,AVAI,1,,Sábado
426,09/08/2010,9,CEARA,0,ATLETICO,0,,Domingo
426,09/08/2010,10,GOIAS,1,PALMEIRAS,1,,Domingo
426,09/08/2010,11,FORTALEZA,1,PAYSANDU,1,,Sábado
426,09/08/2010,12,VASCO DA GAMA,1,VITORIA,0,,Domingo
426,09/08/2010,13,ATHLETICO,1,SAO PAULO,1,,Domingo
426,09/08/2010,14,BOTAFOGO,3,ATLETICO,0,,Sábado
427,16/08/2010,1,FLUMINENSE,3,INTERNACIONAL,0,,Domingo
427,16/08/2010,2,SAO PAULO,2,CRUZEIRO,2,,Domingo
427,16/08/2010,3,VITORIA,4,SANTOS,2,,Domingo
427,16/08/2010,4,CORITIBA,2,BAHIA,0,,Sábado
427,16/08/2010,5,NAUTICO,1,PORTUGUESA,0,,Sábado
427,16/08/2010,6,AMERICA,1,PARANA,0,,Sábado
427,16/08/2010,7,SAO RAIMUNDO,0,PAYSANDU,2,,Domingo
427,16/08/2010,8,ATLETICO,0,BOTAFOGO,2,,Sábado
427,16/08/2010,9,GREMIO,2,GOIAS,0,,Domingo
427,16/08/2010,10,ATLETICO,3,GUARANI,1,,Sábado
427,16/08/2010,11,GREMIO PRUDENTE,1,VASCO DA GAMA,2,,Domingo
427,16/08/2010,12,FLAMENGO,1,CEARA,0,,Sábado
427,16/08/2010,13,PALMEIRAS,2,ATHLETICO,0,,Sábado
427,16/08/2010,14,AVAI,3,CORINTHIANS,2,,Domingo
428,23/08/2010,1,VASCO DA GAMA,2,FLUMINENSE,2,,Domingo
428,23/08/2010,2,SANTOS,2,ATLETICO,0,,Domingo
428,23/08/2010,3,CEARA,2,GREMIO,1,,Sábado
428,23/08/2010,4,BAHIA,1,BRASILIENSE,1,,Sábado
428,23/08/2010,5,IPATINGA,5,CORITIBA,1,,Sábado
428,23/08/2010,6,GUARATINGUETA,1,AMERICA,3,,Sábado
428,23/08/2010,7,PAYSANDU,1,FORTALEZA,1,,Domingo
428,23/08/2010,8,GUARANI,0,PALMEIRAS,0,,Domingo
428,23/08/2010,9,INTERNACIONAL,1,ATLETICO,1,,Domingo
428,23/08/2010,10,GOIAS,1,GREMIO PRUDENTE,2,,Sábado
428,23/08/2010,11,CRUZEIRO,0,VITORIA,1,,Domingo
428,23/08/2010,12,BOTAFOGO,1,AVAI,0,,Sábado
428,23/08/2010,13,ATHLETICO,1,FLAMENGO,0,,Domingo
428,23/08/2010,14,CORINTHIANS,3,SAO PAULO,0,,Domingo
429,30/08/2010,1,INTERNACIONAL,1,BOTAFOGO,0,,Sábado
429,30/08/2010,2,ATLETICO,1,PALMEIRAS,2,,Domingo
429,30/08/2010,3,VASCO DA GAMA,1,CRUZEIRO,1,,Sábado
429,30/08/2010,4,FIGUEIRENSE,2,CORITIBA,0,,Sábado
429,30/08/2010,5,PORTUGUESA,2,BAHIA,4,,Sábado
429,30/08/2010,6,SANTO ANDRE,2,SPORT,2,,Sábado
429,30/08/2010,7,VILA NOVA,3,BRAGANTINO,1,,Sábado
429,30/08/2010,8,ATLETICO,2,AVAI,2,,Domingo
429,30/08/2010,9,CEARA,2,GREMIO PRUDENTE,2,,Sábado
429,30/08/2010,10,ATHLETICO,1,GREMIO,1,,Domingo
429,30/08/2010,11,GUARANI,2,FLAMENGO,1,,Domingo
429,30/08/2010,12,SANTOS,2,GOIAS,0,,Sábado
429,30/08/2010,13,CORINTHIANS,2,VITORIA,1,,Domingo
429,30/08/2010,14,FLUMINENSE,2,SAO PAULO,2,,Domingo
430,06/09/2010,1,FLAMENGO,0,SANTOS,0,,Domingo
430,06/09/2010,2,CORINTHIANS,5,GOIAS,1,,Sábado
430,06/09/2010,3,BOTAFOGO,2,GREMIO,2,,Sábado
430,06/09/2010,4,PORTUGUESA,1,SPORT,2,,Sábado
430,06/09/2010,5,PARANA,1,FIGUEIRENSE,1,,Sábado
430,06/09/2010,6,BRASILIENSE,1,AMERICA,0,,Sábado
430,06/09/2010,7,PAYSANDU,1,SAO RAIMUNDO,0,,Domingo
430,06/09/2010,8,ATLETICO,2,SAO PAULO,3,,Domingo
430,06/09/2010,9,PALMEIRAS,2,CRUZEIRO,3,,Domingo
430,06/09/2010,10,AVAI,0,ATHLETICO,1,,Domingo
430,06/09/2010,11,CEARA,0,VASCO DA GAMA,2,,Sábado
430,06/09/2010,12,ATLETICO,4,VITORIA,1,,Domingo
430,06/09/2010,13,INTERNACIONAL,2,GREMIO PRUDENTE,0,,Domingo
430,06/09/2010,14,GUARANI,2,FLUMINENSE,1,,Domingo
431,13/09/2010,1,PALMEIRAS,0,VASCO DA GAMA,0,,Domingo
431,13/09/2010,2,CEARA,2,SANTOS,1,,Domingo
431,13/09/2010,3,AVAI,1,CRUZEIRO,2,,Domingo
431,13/09/2010,4,AMERICA,1,CORITIBA,1,,Sábado
431,13/09/2010,5,BRASILIENSE,1,SANTO ANDRE,0,,Sábado
431,13/09/2010,6,PORTUGUESA,1,FIGUEIRENSE,0,,Sábado
431,13/09/2010,7,FORTALEZA,1,RIO BRANCO,1,,Sábado
431,13/09/2010,8,BOTAFOGO,2,SAO PAULO,0,,Domingo
431,13/09/2010,9,ATLETICO,1,GREMIO PRUDENTE,0,,Domingo
431,13/09/2010,10,INTERNACIONAL,0,GOIAS,0,,Domingo
431,13/09/2010,11,GUARANI,1,ATHLETICO,0,,Domingo
431,13/09/2010,12,CORINTHIANS,0,GREMIO,1,,Sábado
431,13/09/2010,13,FLAMENGO,2,VITORIA,2,,Sábado
431,13/09/2010,14,ATLETICO,2,FLUMINENSE,1,,Sábado
432,20/09/2010,1,FLAMENGO,3,FLUMINENSE,3,,Domingo
432,20/09/2010,2,PALMEIRAS,0,SAO PAULO,2,,Domingo
432,20/09/2010,3,ATLETICO,2,VITORIA,3,,Domingo
432,20/09/2010,4,CORITIBA,2,PORTUGUESA,0,,Sábado
432,20/09/2010,5,AMERICA,2,ICASA,0,,Sábado
432,20/09/2010,6,PONTE PRETA,1,BAHIA,2,,Sábado
432,20/09/2010,7,BRAGANTINO,3,NAUTICO,0,,Sábado
432,20/09/2010,8,ATLETICO,1,ATHLETICO,2,,Sábado
432,20/09/2010,9,CEARA,1,GOIAS,1,,Domingo
432,20/09/2010,10,GUARANI,0,SANTOS,0,,Domingo
432,20/09/2010,11,CORINTHIANS,3,GREMIO PRUDENTE,0,,Sábado
432,20/09/2010,12,INTERNACIONAL,1,VASCO DA GAMA,0,,Domingo
432,20/09/2010,13,AVAI,0,GREMIO,3,,Domingo
432,20/09/2010,14,BOTAFOGO,2,CRUZEIRO,2,,Sábado
433,27/09/2010,1,INTERNACIONAL,3,CORINTHIANS,2,,Domingo
433,27/09/2010,2,FLAMENGO,1,PALMEIRAS,3,,Sábado
433,27/09/2010,3,SANTOS,4,CRUZEIRO,1,,Sábado
433,27/09/2010,4,FIGUEIRENSE,1,BRASILIENSE,0,,Sábado
433,27/09/2010,5,SPORT,1,BAHIA,2,,Sábado
433,27/09/2010,6,AMERICA,2,NAUTICO,1,,Sábado
433,27/09/2010,7,DUQUE DE CAXIAS,1,ICASA,0,,Sábado
433,27/09/2010,8,ATLETICO,3,GREMIO PRUDENTE,0,,Sábado
433,27/09/2010,9,BOTAFOGO,1,ATHLETICO,1,,Domingo
433,27/09/2010,10,AVAI,5,CEARA,0,,Domingo
433,27/09/2010,11,GUARANI,1,VASCO DA GAMA,0,,Sábado
433,27/09/2010,12,SAO PAULO,0,GOIAS,3,,Sábado
433,27/09/2010,13,VITORIA,1,FLUMINENSE,2,,Domingo
433,27/09/2010,14,ATLETICO,1,GREMIO,2,,Domingo
434,04/10/2010,1,SANTOS,1,PALMEIRAS,1,,Sábado
434,04/10/2010,2,VITORIA,0,GREMIO,3,,Sábado
434,04/10/2010,3,ATLETICO,2,ATLETICO,3,,Sábado
434,04/10/2010,4,BRASILIA,1,ARAGUAINA,2,,Sábado
434,04/10/2010,5,ICASA,0,ASA,1,,Sábado
434,04/10/2010,6,SAMPAIO CORREA,1,GUARANY,1,,Sábado
434,04/10/2010,7,IPATINGA,2,NAUTICO,1,,Sábado
434,04/10/2010,8,CORITIBA,3,SANTO ANDRE,2,,Sábado
434,04/10/2010,9,BOTAFOGO,1,FLAMENGO,1,,Sábado
434,04/10/2010,10,INTERNACIONAL,3,GUARANI,0,,Sábado
434,04/10/2010,11,AVAI,0,SAO PAULO,0,,Sábado
434,04/10/2010,12,CRUZEIRO,0,ATHLETICO,0,,Sábado
434,04/10/2010,13,GREMIO PRUDENTE,1,FLUMINENSE,1,,Sábado
434,04/10/2010,14,CORINTHIANS,2,CEARA,2,,Sábado
435,11/10/2010,1,CRUZEIRO,1,FLUMINENSE,0,,Domingo
435,11/10/2010,2,SANTOS,2,ATHLETICO,0,,Sábado
435,11/10/2010,3,GOIAS,1,VITORIA,0,,Domingo
435,11/10/2010,4,BRAGANTINO,2,CORITIBA,3,,Sábado
435,11/10/2010,5,AMERICA,2,BRASILIENSE,1,,Sábado
435,11/10/2010,6,VILA NOVA,3,FIGUEIRENSE,1,,Sábado
435,11/10/2010,7,SPORT,0,IPATINGA,1,,Sábado
435,11/10/2010,8,INTERNACIONAL,1,ATLETICO,0,,Domingo
435,11/10/2010,9,AVAI,2,FLAMENGO,2,,Domingo
435,11/10/2010,10,CEARA,2,GUARANI,0,,Domingo
435,11/10/2010,11,VASCO DA GAMA,3,GREMIO,3,,Sábado
435,11/10/2010,12,GREMIO PRUDENTE,2,SAO PAULO,3,,Sábado
435,11/10/2010,13,BOTAFOGO,0,PALMEIRAS,0,,Domingo
435,11/10/2010,14,CORINTHIANS,3,ATLETICO,4,,Domingo
436,18/10/2010,1,FLUMINENSE,0,BOTAFOGO,0,,Domingo
436,18/10/2010,2,SAO PAULO,4,SANTOS,3,,Domingo
436,18/10/2010,3,GREMIO,2,CRUZEIRO,1,,Domingo
436,18/10/2010,4,SPORT,3,CORITIBA,2,,Sábado
436,18/10/2010,5,SANTO ANDRE,0,FIGUEIRENSE,2,,Sábado
436,18/10/2010,6,BAHIA,3,NAUTICO,0,,Sábado
436,18/10/2010,7,PARANA,2,BRASILIENSE,0,,Sábado
436,18/10/2010,8,VITORIA,2,GREMIO PRUDENTE,0,,Domingo
436,18/10/2010,9,ATHLETICO,2,GOIAS,1,,Sábado
436,18/10/2010,10,ATLETICO,2,VASCO DA GAMA,0,,Domingo
436,18/10/2010,11,PALMEIRAS,1,CEARA,1,,Domingo
436,18/10/2010,12,ATLETICO,2,AVAI,0,,Domingo
436,18/10/2010,13,GUARANI,0,CORINTHIANS,0,,Domingo
436,18/10/2010,14,FLAMENGO,3,INTERNACIONAL,0,,Sábado
437,25/10/2010,1,VASCO DA GAMA,1,FLAMENGO,1,,Domingo
437,25/10/2010,2,CORINTHIANS,1,PALMEIRAS,0,,Domingo
437,25/10/2010,3,GREMIO,2,INTERNACIONAL,2,,Domingo
437,25/10/2010,4,SPORT,1,NAUTICO,1,,Sábado
437,25/10/2010,5,CORITIBA,0,PARANA,0,,Sábado
437,25/10/2010,6,VILA NOVA,4,BRASILIENSE,0,,Sábado
437,25/10/2010,7,ICASA,3,FIGUEIRENSE,1,,Sábado
437,25/10/2010,8,GUARANI,0,ATLETICO,1,,Sábado
437,25/10/2010,9,BOTAFOGO,1,VITORIA,0,,Sábado
437,25/10/2010,10,GOIAS,1,AVAI,0,,Domingo
437,25/10/2010,11,SANTOS,2,GREMIO PRUDENTE,3,,Domingo
437,25/10/2010,12,CEARA,2,SAO PAULO,0,,Domingo
437,25/10/2010,13,ATHLETICO,2,FLUMINENSE,2,,Domingo
437,25/10/2010,14,CRUZEIRO,3,ATLETICO,4,,Domingo
438,01/11/2010,1,INTERNACIONAL,1,SANTOS,1,,Sábado
438,01/11/2010,2,ATLETICO,0,BOTAFOGO,2,,Sábado
438,01/11/2010,3,VITORIA,4,VASCO DA GAMA,2,,Sábado
438,01/11/2010,4,FIGUEIRENSE,0,SPORT,0,,Sábado
438,01/11/2010,5,SAO CAETANO,3,CORITIBA,1,,Sábado
438,01/11/2010,6,FUNORTE,2,UBERABA,4,,Sábado
438,01/11/2010,7,BRAGANTINO,4,DUQUE DE CAXIAS,1,,Sábado
438,01/11/2010,8,AMERICA,0,IPATINGA,1,,Sábado
438,01/11/2010,9,GUARANY,0,ARAGUAINA,0,,Sábado
438,01/11/2010,10,MAMORE,3,TRICORDIANO,2,,Sábado
438,01/11/2010,11,VILLA NOVA,0,UBERLANDIA,1,,Sábado
438,01/11/2010,12,AVAI,1,GUARANI,0,,Sábado
438,01/11/2010,13,PALMEIRAS,3,GOIAS,2,,Sábado
438,01/11/2010,14,GREMIO PRUDENTE,0,CRUZEIRO,2,,Sábado
439,08/11/2010,1,FLUMINENSE,1,VASCO DA GAMA,0,,Domingo
439,08/11/2010,2,SAO PAULO,0,CORINTHIANS,2,,Domingo
439,08/11/2010,3,ATLETICO,2,SANTOS,2,,Sábado
439,08/11/2010,4,BRASILIENSE,3,BAHIA,2,,Sábado
439,08/11/2010,5,SAO CAETANO,2,SPORT,1,,Sábado
439,08/11/2010,6,PONTE PRETA,0,PORTUGUESA,2,,Sábado
439,08/11/2010,7,ASA,2,VILA NOVA,1,,Sábado
439,08/11/2010,8,PALMEIRAS,1,GUARANI,0,,Domingo
439,08/11/2010,9,GREMIO PRUDENTE,4,GOIAS,1,,Domingo
439,08/11/2010,10,ATLETICO,2,INTERNACIONAL,2,,Sábado
439,08/11/2010,11,GREMIO,5,CEARA,1,,Sábado
439,08/11/2010,12,AVAI,0,BOTAFOGO,0,,Domingo
439,08/11/2010,13,FLAMENGO,0,ATHLETICO,1,,Domingo
439,08/11/2010,14,VITORIA,0,CRUZEIRO,1,,Domingo
440,16/11/2010,1,CORINTHIANS,1,CRUZEIRO,0,,Sábado
440,16/11/2010,2,VASCO DA GAMA,1,SAO PAULO,1,,Domingo
440,16/11/2010,3,ATLETICO,4,FLAMENGO,1,,Sábado
440,16/11/2010,4,CORITIBA,2,FIGUEIRENSE,1,,Sábado
440,16/11/2010,5,BAHIA,3,PORTUGUESA,0,,Sábado
440,16/11/2010,6,BRASILIENSE,0,NAUTICO,1,,Sábado
440,16/11/2010,7,ASA,0,PARANA,1,,Sábado
440,16/11/2010,8,PONTE PRETA,0,ICASA,1,,Sábado
440,16/11/2010,9,ATHLETICO,2,GREMIO PRUDENTE,1,,Domingo
440,16/11/2010,10,GUARANI,1,VITORIA,1,,Domingo
440,16/11/2010,11,ATLETICO,3,PALMEIRAS,0,,Domingo
440,16/11/2010,12,INTERNACIONAL,2,AVAI,3,,Domingo
440,16/11/2010,13,FLUMINENSE,1,GOIAS,1,,Domingo
440,16/11/2010,14,SANTOS,0,GREMIO,0,,Sábado
441,22/11/2010,1,SAO PAULO,1,FLUMINENSE,4,,Domingo
441,22/11/2010,2,CRUZEIRO,3,VASCO DA GAMA,1,,Domingo
441,22/11/2010,3,VITORIA,1,CORINTHIANS,1,,Domingo
441,22/11/2010,4,NAUTICO,4,VILA NOVA,1,,Sábado
441,22/11/2010,5,ICASA,2,CORITIBA,2,,Sábado
441,22/11/2010,6,AMERICA,2,SPORT,1,,Sábado
441,22/11/2010,7,BRASILIENSE,2,PONTE PRETA,1,,Sábado
441,22/11/2010,8,AVAI,3,ATLETICO,0,,Domingo
441,22/11/2010,9,GREMIO PRUDENTE,1,CEARA,1,,Sábado
441,22/11/2010,10,PALMEIRAS,0,ATLETICO,2,,Domingo
441,22/11/2010,11,GOIAS,1,SANTOS,4,,Domingo
441,22/11/2010,12,FLAMENGO,2,GUARANI,1,,Sábado
441,22/11/2010,13,GREMIO,3,ATHLETICO,1,,Sábado
441,22/11/2010,14,BOTAFOGO,1,INTERNACIONAL,2,,Domingo
442,29/11/2010,1,FLAMENGO,1,CRUZEIRO,2,,Domingo
442,29/11/2010,2,CORINTHIANS,2,VASCO DA GAMA,0,,Domingo
442,29/11/2010,3,PALMEIRAS,1,FLUMINENSE,2,,Domingo
442,29/11/2010,4,SPORT,1,PORTUGUESA,2,,Sábado
442,29/11/2010,5,VILA NOVA,2,SAO CAETANO,1,,Sábado
442,29/11/2010,6,PONTE PRETA,0,AMERICA,0,,Sábado
442,29/11/2010,7,FIGUEIRENSE,4,PARANA,2,,Sábado
442,29/11/2010,8,CEARA,1,ATHLETICO,1,,Domingo
442,29/11/2010,9,BOTAFOGO,3,GREMIO PRUDENTE,1,,Domingo
442,29/11/2010,10,INTERNACIONAL,1,VITORIA,1,,Domingo
442,29/11/2010,11,ATLETICO,1,SAO PAULO,1,,Domingo
442,29/11/2010,12,GUARANI,0,GREMIO,3,,Domingo
442,29/11/2010,13,ATLETICO,3,GOIAS,1,,Domingo
442,29/11/2010,14,AVAI,3,SANTOS,2,,Domingo
443,06/12/2010,1,GOIAS,1,CORINTHIANS,1,,Domingo
443,06/12/2010,2,CRUZEIRO,2,PALMEIRAS,1,,Domingo
443,06/12/2010,3,GREMIO,3,BOTAFOGO,0,,Domingo
443,06/12/2010,4,SANTOS,0,FLAMENGO,0,,Domingo
443,06/12/2010,5,SAO PAULO,4,ATLETICO,0,,Domingo
443,06/12/2010,6,ABAETE,3,SANTA ROSA,1,,Domingo
443,06/12/2010,7,CASTANHAL,2,PARAUAPEBAS,2,,Sábado
443,06/12/2010,8,ANANINDEUA,1,BELEM,0,,Sábado
443,06/12/2010,9,TIME NEGRA,0,TUNA LUSO,2,,Domingo
443,06/12/2010,10,RIO VERDE,2,GOIATUBA,0,,Sábado
443,06/12/2010,11,VASCO DA GAMA,2,CEARA,0,,Domingo
443,06/12/2010,12,ATHLETICO,1,AVAI,0,,Domingo
443,06/12/2010,13,VITORIA,0,ATLETICO,0,,Domingo
443,06/12/2010,14,FLUMINENSE,1,GUARANI,0,,Domingo
444,10/01/2011,1,ITABUNA,1,SAO PAULO,3,,Sábado
444,10/01/2011,2,NOROESTE,0,BAHIA,1,,Domingo
444,10/01/2011,3,PALMEIRAS,7,MIRASSOL,0,,Domingo
444,10/01/2011,4,RIO BRANCO,2,FIGUEIRENSE,2,,Domingo
444,10/01/2011,5,PORTO,3,PARANA,1,,Domingo
444,10/01/2011,6,SAO BERNARDO,0,JUVENTUDE,2,,Domingo
444,10/01/2011,7,RIO CLARO,3,GUARANI,1,,Domingo
444,10/01/2011,8,BANDEIRANTE,3,CEARA,1,,Domingo
444,10/01/2011,9,TABOAO DA SERRA,0,AMERICA,1,,Domingo
444,10/01/2011,10,FUNORTE,0,PAULISTA,1,,Domingo
444,10/01/2011,11,SAO CARLOS,3,CONFIANCA,1,,Domingo
444,10/01/2011,12,INTER LIMEIRA,3,JI PARANA,0,,Sábado
444,10/01/2011,13,SUMARE,0,PONTE PRETA,4,,Domingo
444,10/01/2011,14,JAGUARE,0,VITORIA,2,,Domingo
445,17/01/2011,1,CORINTHIANS,2,PORTUGUESA,0,,Domingo
445,17/01/2011,2,FERROVIARIO,1,FORTALEZA,2,,Domingo
445,17/01/2011,3,VITORIA,0,COLO COLO,1,,Domingo
445,17/01/2011,4,CSA,0,CRB,2,,Domingo
445,17/01/2011,5,CENTRAL,1,SALGUEIRO,0,,Domingo
445,17/01/2011,6,PALMEIRAS,0,BOTAFOGO,0,,Sábado
445,17/01/2011,7,MARILIA,2,AMERICA,3,,Sábado
445,17/01/2011,8,CFZ,2,BRASILIENSE,3,,Sábado
445,17/01/2011,9,NOROESTE,2,SANTO ANDRE,2,,Domingo
445,17/01/2011,10,MIRASSOL,2,PONTE PRETA,1,,Domingo
445,17/01/2011,11,SANTA CRUZ,0,CAXIAS,1,,Domingo
445,17/01/2011,12,AVAI,1,CHAPECOENSE,2,,Sábado
445,17/01/2011,13,SAO BERNARDO,3,GREMIO PRUDENTE,1,,Sábado
445,17/01/2011,14,MOGI MIRIM,0,SAO PAULO,2,,Domingo
446,24/01/2011,1,BRASIL,1,BOLIVIA,1,SUB 20,Domingo
446,24/01/2011,2,AMERICA,1,FLAMENGO,3,,Sábado
446,24/01/2011,3,COLO COLO,1,FLUMINENSE,1,,Domingo
446,24/01/2011,4,BRAGANTINO,2,SANTO ANDRE,1,,Sábado
446,24/01/2011,5,VILA NOVA,0,GOIAS,0,,Sábado
446,24/01/2011,6,CRICIUMA,2,AVAI,0,,Domingo
446,24/01/2011,7,PARANA,1,CORITIBA,1,,Domingo
446,24/01/2011,8,INTERNACIONAL,1,SANTA CRUZ,0,,Sábado
446,24/01/2011,9,ATHLETICO,2,IRATY,1,,Sábado
446,24/01/2011,10,SAO CAETANO,0,ITUANO,1,,Domingo
446,24/01/2011,11,GREMIO PRUDENTE,2,SANTOS,4,,Domingo
446,24/01/2011,12,GUARANY,4,ITAPIPOCA,0,,Domingo
446,24/01/2011,13,SAO PAULO,0,PONTE PRETA,1,,Sábado
446,24/01/2011,14,FLUMINENSE,6,OLARIA,2,,Domingo
447,31/01/2011,1,VASCO DA GAMA,1,FLAMENGO,2,,Domingo
447,31/01/2011,2,SANTOS,2,SAO PAULO,0,,Domingo
447,31/01/2011,3,FUNORTE,1,ATLETICO,2,,Domingo
447,31/01/2011,4,GREMIO,2,INTERNACIONAL,1,,Domingo
447,31/01/2011,5,GOIAS,1,ATLETICO,0,,Sábado
447,31/01/2011,6,NAUTICO,3,SANTA CRUZ,1,,Domingo
447,31/01/2011,7,BAHIA,1,FLUMINENSE,2,,Domingo
447,31/01/2011,8,FERROVIARIO,0,ICASA,1,,
447,31/01/2011,9,FORTALEZA,1,CEARA,2,,Domingo
447,31/01/2011,10,BOTAFOGO,3,OLARIA,1,,Sábado
447,31/01/2011,11,PARANA,0,CIANORTE,2,,Sábado
447,31/01/2011,12,MACAE,2,BANGU,2,,Domingo
447,31/01/2011,13,PONTE PRETA,0,SAO  CAETANO,0,,Sábado
447,31/01/2011,14,PORTUGUESA,0,PALMEIRAS,2,,Domingo
448,07/02/2011,1,PALMEIRAS,0,CORINTHIANS,1,,Domingo
448,07/02/2011,2,BOAVISTA,2,FLAMENGO,3,,Domingo
448,07/02/2011,3,VERANOPOLIS,2,INTERNACIONAL,1,,Domingo
448,07/02/2011,4,VILLA NOVA,0,CRUZEIRO,1,,Domingo
448,07/02/2011,5,VITORIA,3,BAHIA,0,,Domingo
448,07/02/2011,6,ATHLETICO,5,PARANA,1,,Domingo
448,07/02/2011,7,SANTA CRUZ,2,SPORT,0,,Domingo
448,07/02/2011,8,FIGUEIRENSE,2,AVAI,2,,Domingo
448,07/02/2011,9,ATLETICO,2,VILA NOVA,1,,Sábado
448,07/02/2011,10,GAMA,0,CEILANDIA,0,,Domingo
448,07/02/2011,11,CEARA,3,FERROVIARIO,1,,Domingo
448,07/02/2011,12,BOTAFOGO,2,SAO PAULO,1,,Domingo
448,07/02/2011,13,SANTO ANDRE,1,SANTOS,1,,Sábado
448,07/02/2011,14,FLUMINENSE,2,BOTAFOGO,3,,Domingo
449,14/02/2011,1,CRUZEIRO,3,ATLETICO,4,,Sábado
449,14/02/2011,2,PORTUGUESA,2,SAO PAULO,3,,Domingo
449,14/02/2011,3,NOVO HAMBURGO,2,GREMIO,0,,Domingo
449,14/02/2011,4,AMERICA,0,VASCO DA GAMA,9,,Sábado
449,14/02/2011,5,REMO,3,PAYSANDU,1,,Domingo
449,14/02/2011,6,CRAC,2,ATLETICO,4,,Domingo
449,14/02/2011,7,IRATY,1,PARANA,0,,Sábado
449,14/02/2011,8,CRATO,0,FORTALEZA,5,,Domingo
449,14/02/2011,9,VITORIA,3,ATLETICO,1,,Domingo
449,14/02/2011,10,OLARIA,1,BANGU,0,,Domingo
449,14/02/2011,11,BOTAFOGO,2,SANTO ANDRE,0,,Sábado
449,14/02/2011,12,PAULISTA,0,CORINTHIANS,0,,Domingo
449,14/02/2011,13,MADUREIRA,0,FLUMINENSE,1,,Domingo
449,14/02/2011,14,SPORT,1,NAUTICO,1,,Domingo
450,21/02/2011,1,FLAMENGO,1,BOTAFOGO,1,,Domingo
450,21/02/2011,2,CORINTHIANS,3,SANTOS,1,,Domingo
450,21/02/2011,3,CORITIBA,4,ATHLETICO,2,,Domingo
450,21/02/2011,4,CRUZEIRO,2,IPATINGA,0,,Sábado
450,21/02/2011,5,GAMA,1,BRASILIENSE,2,,Sábado
450,21/02/2011,6,FORTALEZA,5,ICASA,1,,Domingo
450,21/02/2011,7,TUNA LUSO,0,REMO,0,,Domingo
450,21/02/2011,8,CENTRAL,0,SANTA CRUZ,1,,Domingo
450,21/02/2011,9,SAO MATEUS,2,VITORIA,1,,Sábado
450,21/02/2011,10,ANAPOLINA,1,ATLETICO,0,,Domingo
450,21/02/2011,11,BAHIA,2,VITORIA,0,,Domingo
450,21/02/2011,12,FLUMINENSE,2,BOAVISTA,2,,Sábado
450,21/02/2011,13,SAO PAULO,4,BRAGANTINO,0,,Sábado
450,21/02/2011,14,MOGI MIRIM,0,PALMEIRAS,0,,Domingo
451,28/02/2011,1,SAO PAULO,1,PALMEIRAS,1,,Domingo
451,28/02/2011,2,FLAMENGO,1,BOAVISTA,0,,Domingo
451,28/02/2011,3,CEARA,4,HORIZONTE,0,,Domingo
451,28/02/2011,4,ATLETICO,1,AMERICA,2,,Domingo
451,28/02/2011,5,GOIAS,2,VILA NOVA,1,,Sábado
451,28/02/2011,6,FLUMINENSE F SANT,0,BAHIA,4,,Domingo
451,28/02/2011,7,CIANORTE,1,CORITIBA,2,,Domingo
451,28/02/2011,8,ATHLETICO,2,RIO BRANCO,0,,Domingo
451,28/02/2011,9,VITORIA,2,BAHIA DE FEIRA,0,,Domingo
451,28/02/2011,10,SANTA HELENA,2,ANAPOLINA,3,,Domingo
451,28/02/2011,11,SAO RAIMUNDO,3,PAYSANDU,2,,Domingo
451,28/02/2011,12,CORINTHIANS,4,GREMIO PRUDENTE,0,,Sábado
451,28/02/2011,13,SANTOS,1,SAO BERNARDO,1,,Sábado
451,28/02/2011,14,FIGUEIRENSE,0,CRICIUMA,1,,Domingo
452,10/03/2011,1,FLAMENGO,3,OLARIA,2,,Sábado
452,10/03/2011,2,SAO CAETANO,0,SAO PAULO,2,,Sábado
452,10/03/2011,3,CORITIBA,3,OPERARIO,2,,Domingo
452,10/03/2011,4,CHAPECOENSE,2,AVAI,0,,Sábado
452,10/03/2011,5,TREZE,1,SOUSA,1,,Sábado
452,10/03/2011,6,SERGIPE,1,ITABAIANA,1,,Sábado
452,10/03/2011,7,MAMORE,2,UBERLANDIA,1,,Sábado
452,10/03/2011,8,IRATY,1,CIANORTE,2,,Domingo
452,10/03/2011,9,RIO BRANCO,1,XV PIRACICABA,4,,Sábado
452,10/03/2011,10,SERTAOZINHO,2,UNIAO SAO JOAO,0,,Sábado
452,10/03/2011,11,BOTAFOGO,1,PORTUGUESA,4,,Sábado
452,10/03/2011,12,BRAGANTINO,0,PAULISTA,1,,Sábado
452,10/03/2011,13,PALMEIRAS,0,SANTO ANDRE,0,,Sábado
452,10/03/2011,14,BOTAFOGO,4,VOLTA REDONDA,2,,Sábado
453,14/03/2011,1,FLAMENGO,0,FLUMINENSE,0,,Domingo
453,14/03/2011,2,MIRASSOL,2,CORINTHIANS,3,,Domingo
453,14/03/2011,3,IPATINGA,2,ATLETICO,2,,Domingo
453,14/03/2011,4,CAXIAS,3,INTERNACIONAL,3,,Domingo
453,14/03/2011,5,ATLETICO,2,GOIAS,0,,Domingo
453,14/03/2011,6,CORITIBA,4,PARANA,2,,Domingo
453,14/03/2011,7,SAO MATEUS,5,RIO BRANCO,0,,Sábado
453,14/03/2011,8,PORTO,2,NAUTICO,1,,Domingo
453,14/03/2011,9,BRASILIA,0,GAMA,2,,Domingo
453,14/03/2011,10,COLO COLO,1,VITORIA,3,,Domingo
453,14/03/2011,11,BOTAFOGO,0,TREZE,2,,Domingo
453,14/03/2011,12,AVAI,2,CRICIUMA,2,,Domingo
453,14/03/2011,13,MADUREIRA,2,VASCO DA GAMA,4,,Domingo
453,14/03/2011,14,BOTAFOGO,4,AMERICANO,0,,Sábado
454,21/03/2011,1,VASCO DA GAMA,2,BOTAFOGO,0,,Domingo
454,21/03/2011,2,SAO CAETANO,1,PALMEIRAS,1,,Domingo
454,21/03/2011,3,INTERNACIONAL,0,NOVO HAMBURGO,0,,Sábado
454,21/03/2011,4,ATLETICO,2,VILLA NOVA,1,,Domingo
454,21/03/2011,5,SANTA CRUZ,3,NAUTICO,3,,Domingo
454,21/03/2011,6,CEILANDIA,2,GAMA,0,,Domingo
454,21/03/2011,7,ATLETICO,2,CRAC,1,,Domingo
454,21/03/2011,8,RIO BRANCO,2,VITORIA,0,,Sábado
454,21/03/2011,9,OLARIA,1,AMERICA,0,,Domingo
454,21/03/2011,10,CABOFRIENSE,0,FLAMENGO,0,,Domingo
454,21/03/2011,11,FLUMINENSE,0,BOAVISTA,2,,Sábado
454,21/03/2011,12,PORTUGUESA,4,MIRASSOL,1,,Sábado
454,21/03/2011,13,BRAGANTINO,2,SANTOS,1,,Sábado
454,21/03/2011,14,GREMIO PRUDENTE,0,SAO PAULO,1,,Domingo
455,28/03/2011,1,SAO PAULO,2,CORINTHIANS,1,,Domingo
455,28/03/2011,2,FLUMINENSE,0,VASCO DA GAMA,0,,Domingo
455,28/03/2011,3,VILA NOVA,1,ATLETICO,0,,Domingo
455,28/03/2011,4,CEARA,0,FORTALEZA,1,,Domingo
455,28/03/2011,5,AMERICA,2,CRUZEIRO,3,,Domingo
455,28/03/2011,6,PELOTAS,1,GREMIO,3,,Domingo
455,28/03/2011,7,IRATY,2,CORITIBA,4,,Sábado
455,28/03/2011,8,CENTRAL,2,SPORT,3,,Domingo
455,28/03/2011,9,JOINVILLE,4,AVAI,0,,Domingo
455,28/03/2011,10,MOGI MIRIM,1,PORTUGUESA,3,,Sábado
455,28/03/2011,11,PALMEIRAS,3,BRAGANTINO,0,,Sábado
455,28/03/2011,12,ITUANO,2,SANTOS,3,,Domingo
455,28/03/2011,13,BANGU,2,VOLTA REDONDA,1,,Domingo
455,28/03/2011,14,BOAVISTA,0,BOTAFOGO,0,,Sábado
456,04/04/2011,1,SANTOS,0,PALMEIRAS,1,,Domingo
456,04/04/2011,2,VOLTA REDONDA,1,FLUMINENSE,2,,Sábado
456,04/04/2011,3,SPORT,0,SANTA CRUZ,2,,Domingo
456,04/04/2011,4,AVAI,0,FIGUEIRENSE,1,,Domingo
456,04/04/2011,5,PARANA,2,ATHLETICO,3,,Domingo
456,04/04/2011,6,GREMIO,2,VERANOPOLIS,1,,Domingo
456,04/04/2011,7,CRICIUMA,1,JOINVILLE,1,,Domingo
456,04/04/2011,8,NAUTICO,4,CENTRAL,3,,Sábado
456,04/04/2011,9,SAO RAIMUNDO,3,REMO,1,,Domingo
456,04/04/2011,10,BOTAFOGO,3,SOUSA,0,,Sábado
456,04/04/2011,11,BAHIA DE FEIRA,1,BAHIA,0,,Domingo
456,04/04/2011,12,BOTAFOGO,0,CORINTHIANS,0,,Domingo
456,04/04/2011,13,AMERICANO,0,OLARIA,0,,Domingo
456,04/04/2011,14,DUQUE DE CAXIAS,0,FLAMENGO,2,,Sábado
457,11/04/2011,1,BOTAFOGO,0,FLAMENGO,2,,Domingo
457,11/04/2011,2,CORINTHIANS,1,SAO CAETANO,2,,Domingo
457,11/04/2011,3,FIGUEIRENSE,3,CRICIUMA,2,,Domingo
457,11/04/2011,4,VERANOPOLIS,1,JUVENTUDE,3,,Domingo
457,11/04/2011,5,TREZE,4,CAMPINENSE,1,,Domingo
457,11/04/2011,6,CRAC,2,GOIAS,2,,Domingo
457,11/04/2011,7,ATLETICO,1,BAHIA,0,,Domingo
457,11/04/2011,8,VITORIA,0,SAO MATEUS,0,,Sábado
457,11/04/2011,9,IPATINGA,4,UBERABA,0,,Domingo
457,11/04/2011,10,CIANORTE,0,ATHLETICO,1,,Domingo
457,11/04/2011,11,SPORT,3,PORTO,1,,Sábado
457,11/04/2011,12,CASTANHAL,0,TUNA LUSO,0,,Sábado
457,11/04/2011,13,AMERICANO,1,FLUMINENSE,5,,Domingo
457,11/04/2011,14,NOROESTE,1,SAO PAULO,4,,Domingo
458,18/04/2011,1,PONTE PRETA,2,PALMEIRAS,1,,Domingo
458,18/04/2011,2,OLARIA,2,VASCO DA GAMA,2,,Domingo
458,18/04/2011,3,UBERABA,0,CRUZEIRO,1,,Domingo
458,18/04/2011,4,TUNA LUSO,1,PAYSANDU,3,,Domingo
458,18/04/2011,5,NAUTICO,1,SPORT,0,,Domingo
458,18/04/2011,6,TREZE,1,BOTAFOGO,0,,Domingo
458,18/04/2011,7,VILLA NOVA,2,AMERICA,2,,Domingo
458,18/04/2011,8,PARANA,1,IRATY,0,,Domingo
458,18/04/2011,9,BAHIA,4,VITORIA CONQUISTA,0,,Domingo
458,18/04/2011,10,SANTA HELENA,2,ATLETICO,1,,Domingo
458,18/04/2011,11,SERRA,0,VITORIA,0,,
458,18/04/2011,12,BRAGANTINO,2,MOGI MIRIM,3,,Domingo
458,18/04/2011,13,SANTO ANDRE,0,CORINTHIANS,2,,Domingo
458,18/04/2011,14,AMERICA,1,BOTAFOGO,3,,Domingo
459,25/04/2011,1,FLUMINENSE,1,FLAMENGO,1,,Domingo
459,25/04/2011,2,SAO PAULO,2,PORTUGUESA,0,,Domingo
459,25/04/2011,3,JUVENTUDE,1,INTERNACIONAL,2,,Domingo
459,25/04/2011,4,AMERICA,1,ATLETICO,3,,Domingo
459,25/04/2011,5,GOIAS,1,VILA NOVA,0,,Domingo
459,25/04/2011,6,FIGUEIRENSE,0,AVAI,2,,Domingo
459,25/04/2011,7,BAHIA,0,VITORIA,1,,Domingo
459,25/04/2011,8,CAMETA,2,PAYSANDU,1,,Domingo
459,25/04/2011,9,ICASA,3,FORTALEZA,2,,Domingo
459,25/04/2011,10,ATHLETICO,0,CORITIBA,3,,Domingo
459,25/04/2011,11,SPORT,3,NAUTICO,1,,Domingo
459,25/04/2011,12,VASCO DA GAMA,1,OLARIA,0,,Sábado
459,25/04/2011,13,SANTOS,1,PONTE PRETA,0,,Sábado
459,25/04/2011,14,PALMEIRAS,2,MIRASSOL,1,,Domingo
460,02/05/2011,1,VASCO DA GAMA,0,FLAMENGO,0,,Domingo
460,02/05/2011,2,SAO PAULO,0,SANTOS,2,,Sábado
460,02/05/2011,3,INTERNACIONAL,1,GREMIO,1,,Domingo
460,02/05/2011,4,VITORIA,2,BAHIA,3,,Domingo
460,02/05/2011,5,NAUTICO,3,SPORT,2,,Domingo
460,02/05/2011,6,VILA NOVA,2,GOIAS,2,,Domingo
460,02/05/2011,7,CHAPECOENSE,2,AVAI,2,,Domingo
460,02/05/2011,8,CORITIBA,2,CIANORTE,0,,Domingo
460,02/05/2011,9,BRASILIENSE,1,GAMA,2,,Domingo
460,02/05/2011,10,CEARA,1,GUARANY,0,,Domingo
460,02/05/2011,11,ATLETICO,4,ANAPOLINA,2,,Sábado
460,02/05/2011,12,PAYSANDU,1,REMO,1,,Domingo
460,02/05/2011,13,ATLETICO,2,AMERICA,1,,Sábado
460,02/05/2011,14,PALMEIRAS,1,CORINTHIANS,1,,Domingo
461,09/05/2011,1,CORINTHIANS,0,SANTOS,0,,Domingo
461,09/05/2011,2,ATLETICO,2,CRUZEIRO,1,,Domingo
461,09/05/2011,3,INTERNACIONAL,2,GREMIO,3,,Domingo
461,09/05/2011,4,SPORT,0,SANTA CRUZ,2,,Domingo
461,09/05/2011,5,GOIAS,1,ATLETICO,1,,Domingo
461,09/05/2011,6,GURUPI,1,INTERPORTO,1,,Sábado
461,09/05/2011,7,AGUIA,3,PAYSANDU,1,,Sábado
461,09/05/2011,8,LINHARES,2,VITORIA,1,,Sábado
461,09/05/2011,9,TREZE,4,BOTAFOGO,0,,Domingo
461,09/05/2011,10,SAO MATEUS,2,RIO BRANCO,0,,Sábado
461,09/05/2011,11,GAMA,1,BRASILIENSE,1,,Sábado
461,09/05/2011,12,CEARA,5,GUARANI,0,,Domingo
461,09/05/2011,13,CRICIUMA,1,CHAPECOENSE,0,,Domingo
461,09/05/2011,14,BAHIA DE FEIRA,2,VITORIA,2,,Domingo
462,16/05/2011,1,SANTOS,2,CORINTHIANS,1,,Domingo
462,16/05/2011,2,CRUZEIRO,2,ATLETICO,0,,Domingo
462,16/05/2011,3,SANTA CRUZ,0,SPORT,1,,Domingo
462,16/05/2011,4,BRASILIENSE,0,GAMA,0,,Sábado
462,16/05/2011,5,ATLETICO,1,GOIAS,1,,Domingo
462,16/05/2011,6,RIO BRANCO,1,SAO MATEUS,2,,Sábado
462,16/05/2011,7,VITORIA,1,LINHARES,1,,Sábado
462,16/05/2011,8,TREZE,0,CAMPINENSE,1,,
462,16/05/2011,9,CASTANHAL,1,AGUIA,2,,Domingo
462,16/05/2011,10,TUNA LUSO,1,CAMETA,2,,Domingo
462,16/05/2011,11,PAYSANDU,3,SAO RAIMUNDO,1,,Domingo
462,16/05/2011,12,VITORIA,1,BAHIA DE FEIRA,2,,Domingo
462,16/05/2011,13,CHAPECOENSE,1,CRICIUMA,0,,Domingo
462,16/05/2011,14,GREMIO,2,INTERNACIONAL,3,,Domingo
463,23/05/2011,1,FLUMINENSE,0,SAO PAULO,2,,Domingo
463,23/05/2011,2,SANTOS,1,INTERNACIONAL,1,,Sábado
463,23/05/2011,3,ATLETICO,3,ATHLETICO,0,,Sábado
463,23/05/2011,4,VITORIA,1,VILA NOVA,0,,Sábado
463,23/05/2011,5,SPORT,1,ICASA,0,,Sábado
463,23/05/2011,6,CRICIUMA,2,GUARANI,2,,Sábado
463,23/05/2011,7,PORTUGUESA,4,NAUTICO,0,,Sábado
463,23/05/2011,8,AMERICA,2,BAHIA,1,,Domingo
463,23/05/2011,9,FIGUEIRENSE,1,CRUZEIRO,0,,Domingo
463,23/05/2011,10,CORITIBA,0,ATLETICO,1,,Domingo
463,23/05/2011,11,FLAMENGO,4,AVAI,0,,Sábado
463,23/05/2011,12,CEARA,1,VASCO DA GAMA,3,,Sábado
463,23/05/2011,13,PALMEIRAS,1,BOTAFOGO,0,,Domingo
463,23/05/2011,14,GREMIO,1,CORINTHIANS,2,,Domingo
464,30/05/2011,1,CRUZEIRO,1,PALMEIRAS,1,,Domingo
464,30/05/2011,2,BOTAFOGO,1,SANTOS,0,,Sábado
464,30/05/2011,3,ATHLETICO,0,GREMIO,1,,Domingo
464,30/05/2011,4,NAUTICO,1,GOIAS,0,,Sábado
464,30/05/2011,5,ICASA,3,VITORIA,1,,Sábado
464,30/05/2011,6,GUARANI,1,SPORT,1,,Sábado
464,30/05/2011,7,DUQUE DE CAXIAS,1,CRICIUMA,2,,Sábado
464,30/05/2011,8,INTERNACIONAL,0,CEARA,1,,Sábado
464,30/05/2011,9,BAHIA,3,FLAMENGO,3,,Domingo
464,30/05/2011,10,VASCO DA GAMA,3,AMERICA,0,,Domingo
464,30/05/2011,11,AVAI,1,ATLETICO,3,,Sábado
464,30/05/2011,12,SAO PAULO,1,FIGUEIRENSE,0,,Sábado
464,30/05/2011,13,ATLETICO,0,FLUMINENSE,1,,Domingo
464,30/05/2011,14,CORINTHIANS,2,CORITIBA,1,,Domingo
465,06/06/2011,1,BRASIL,0,HOLANDA,0,,Sábado
465,06/06/2011,2,FLUMINENSE,2,CRUZEIRO,1,,Sábado
465,06/06/2011,3,AMERICA,2,INTERNACIONAL,4,,Domingo
465,06/06/2011,4,CRICIUMA,0,NAUTICO,0,,Sábado
465,06/06/2011,5,ITUIUTABA,0,VILA NOVA,0,,Sábado
465,06/06/2011,6,PONTE PRETA,4,ICASA,1,,Sábado
465,06/06/2011,7,SALGUEIRO,2,DUQUE DE CAXIAS,0,,Sábado
465,06/06/2011,8,FIGUEIRENSE,2,ATLETICO,0,,Sábado
465,06/06/2011,9,SANTOS,3,AVAI,1,,Domingo
465,06/06/2011,10,CEARA,2,BOTAFOGO,2,,Sábado
465,06/06/2011,11,PALMEIRAS,1,ATHLETICO,0,,Sábado
465,06/06/2011,12,GREMIO,2,BAHIA,0,,Domingo
465,06/06/2011,13,CORITIBA,5,VASCO DA GAMA,1,,Domingo
465,06/06/2011,14,FLAMENGO,1,CORINTHIANS,1,,Domingo
466,13/06/2011,1,CORINTHIANS,2,FLUMINENSE,0,,Domingo
466,13/06/2011,2,ATHLETICO,1,FLAMENGO,1,,Domingo
466,13/06/2011,3,INTERNACIONAL,2,PALMEIRAS,2,,Domingo
466,13/06/2011,4,CRUZEIRO,1,SANTOS,1,,Sábado
466,13/06/2011,5,VILA NOVA,2,CRICIUMA,0,,Sábado
466,13/06/2011,6,ASA,1,SPORT,1,,Sábado
466,13/06/2011,7,NAUTICO,2,BRAGANTINO,2,,Sábado
466,13/06/2011,8,GREMIO BARUERI,1,PORTUGUESA,1,,Sábado
466,13/06/2011,9,AVAI,2,AMERICA,2,,Sábado
466,13/06/2011,10,ATLETICO,4,CEARA,1,,Domingo
466,13/06/2011,11,BAHIA,1,ATLETICO,1,,Domingo
466,13/06/2011,12,BOTAFOGO,3,CORITIBA,1,,Domingo
466,13/06/2011,13,VASCO DA GAMA,1,FIGUEIRENSE,1,,Sábado
466,13/06/2011,14,SAO PAULO,3,GREMIO,1,,Sábado
467,20/06/2011,1,FLAMENGO,0,BOTAFOGO,0,,Domingo
467,20/06/2011,2,CEARA,0,SAO PAULO,2,,Domingo
467,20/06/2011,3,VITORIA,2,SPORT,0,,Sábado
467,20/06/2011,4,FIGUEIRENSE,2,ATHLETICO,0,,Domingo
467,20/06/2011,5,SALGUEIRO,2,GOIAS,0,,Sábado
467,20/06/2011,6,DUQUE DE CAXIAS,0,PONTE PRETA,2,,Sábado
467,20/06/2011,7,NAUTICO,1,PARANA,1,,Sábado
467,20/06/2011,8,VILA NOVA,2,A B C,2,,Sábado
467,20/06/2011,9,PALMEIRAS,5,AVAI,0,,Domingo
467,20/06/2011,10,ATLETICO,2,ATLETICO,2,,Domingo
467,20/06/2011,11,AMERICA,1,CRUZEIRO,1,,Sábado
467,20/06/2011,12,FLUMINENSE,0,BAHIA,1,,Sábado
467,20/06/2011,13,CORITIBA,1,INTERNACIONAL,1,,Domingo
467,20/06/2011,14,GREMIO,1,VASCO DA GAMA,1,,Domingo
468,27/06/2011,1,CORINTHIANS,5,SAO PAULO,0,,Domingo
468,27/06/2011,2,FLAMENGO,4,ATLETICO,1,,Sábado
468,27/06/2011,3,CEARA,2,PALMEIRAS,0,,Domingo
468,27/06/2011,4,PONTE PRETA,0,VITORIA,0,,Sábado
468,27/06/2011,5,GOIAS,1,PORTUGUESA,4,,Sábado
468,27/06/2011,6,ASA,1,VILA NOVA,0,,Sábado
468,27/06/2011,7,A B C,1,NAUTICO,0,,Sábado
468,27/06/2011,8,PAYSANDU,3,INDEPENDENTE,3,,Domingo
468,27/06/2011,9,ATHLETICO,0,BAHIA,2,,Sábado
468,27/06/2011,10,INTERNACIONAL,4,FIGUEIRENSE,1,,Domingo
468,27/06/2011,11,AVAI,0,FLUMINENSE,1,,Domingo
468,27/06/2011,12,CRUZEIRO,2,CORITIBA,1,,Sábado
468,27/06/2011,13,ATLETICO,0,VASCO DA GAMA,1,,Domingo
468,27/06/2011,14,BOTAFOGO,2,GREMIO,1,,Domingo
469,07/07/2011,1,BRASIL,0,VENEZUELA,0,,Domingo
469,07/07/2011,2,CHILE,2,MEXICO,1,,Segunda-feira
469,07/07/2011,3,CORINTHIANS,2,VASCO DA GAMA,1,,Quarta-feira
469,07/07/2011,4,FLAMENGO,1,SAO PAULO,0,,Quarta-feira
469,07/07/2011,5,CRUZEIRO,2,GREMIO,0,,Quarta-feira
469,07/07/2011,6,NAUTICO,2,GUARANI,0,,Sábado
469,07/07/2011,7,SAO CAETANO,3,SPORT,3,,Sábado
469,07/07/2011,8,A B C,1,CRICIUMA,1,,Sábado
469,07/07/2011,9,INTERNACIONAL,1,ATHLETICO,0,,Quarta-feira
469,07/07/2011,10,AVAI,2,BAHIA,2,,Quarta-feira
469,07/07/2011,11,CEARA,3,ATLETICO,0,,Quarta-feira
469,07/07/2011,12,PARAGUAI,0,EQUADOR,0,,Domingo
469,07/07/2011,13,URUGUAI,1,PERU,1,,Segunda-feira
469,07/07/2011,14,ARGENTINA,0,COLOMBIA,0,,Quarta-feira
470,11/07/2011,1,BRASIL,2,PARAGUAI,2,,Sábado
470,11/07/2011,2,FLUMINENSE,0,FLAMENGO,1,,Domingo
470,11/07/2011,3,PALMEIRAS,3,SANTOS,0,,Domingo
470,11/07/2011,4,GREMIO,2,CORITIBA,0,,Domingo
470,11/07/2011,5,ICASA,1,NAUTICO,2,,Sábado
470,11/07/2011,6,ASA,4,PARANA,2,,Sábado
470,11/07/2011,7,SPORT,3,PONTE PRETA,1,,Sábado
470,11/07/2011,8,ATHLETICO,0,AVAI,0,,Sábado
470,11/07/2011,9,FIGUEIRENSE,1,CEARA,1,,Domingo
470,11/07/2011,10,ATLETICO,2,AMERICA,0,,Domingo
470,11/07/2011,11,VASCO DA GAMA,2,INTERNACIONAL,0,,Sábado
470,11/07/2011,12,BAHIA,1,BOTAFOGO,1,,Domingo
470,11/07/2011,13,ATLETICO,0,CORINTHIANS,1,,Domingo
470,11/07/2011,14,SAO PAULO,2,CRUZEIRO,1,,Sábado
471,18/07/2011,1,INTERNACIONAL,0,SAO PAULO,3,,Domingo
471,18/07/2011,2,CRUZEIRO,2,BAHIA,1,,Domingo
471,18/07/2011,3,CORITIBA,3,FLUMINENSE,1,,Sábado
471,18/07/2011,4,CRB,1,FORTALEZA,0,,Sábado
471,18/07/2011,5,SALGUEIRO,2,CRICIUMA,1,,Sábado
471,18/07/2011,6,ATLETICO,0,AVAI,1,,Sábado
471,18/07/2011,7,BRAGANTINO,3,SPORT,2,,Sábado
471,18/07/2011,8,CAXIAS,2,CHAPECOENSE,2,,Domingo
471,18/07/2011,9,VASCO DA GAMA,2,ATHLETICO,1,,Sábado
471,18/07/2011,10,A B C,3,DUQUE DE CAXIAS,0,,Sábado
471,18/07/2011,11,BRASILIENSE,1,MADUREIRA,0,,Sábado
471,18/07/2011,12,CEARA,4,AMERICA,0,,Domingo
471,18/07/2011,13,SANTOS,2,ATLETICO,1,,Sábado
471,18/07/2011,14,PONTE PRETA,2,GUARANI,0,,Sábado
472,25/07/2011,1,CORINTHIANS,0,CRUZEIRO,1,,Domingo
472,25/07/2011,2,ATLETICO,1,VASCO DA GAMA,2,,Domingo
472,25/07/2011,3,FLUMINENSE,1,PALMEIRAS,0,,Domingo
472,25/07/2011,4,VILA NOVA,0,NAUTICO,0,,Sábado
472,25/07/2011,5,VITORIA,0,PORTUGUESA,2,,Sábado
472,25/07/2011,6,PONTE PRETA,1,BRAGANTINO,3,,Sábado
472,25/07/2011,7,CRICIUMA,1,PARANA,2,,Sábado
472,25/07/2011,8,FORTALEZA,1,AMERICA,3,,Sábado
472,25/07/2011,9,CAMPINENSE,2,CRB,0,,Sábado
472,25/07/2011,10,ATHLETICO,2,BOTAFOGO,1,,Sábado
472,25/07/2011,11,AMERICA,0,FIGUEIRENSE,0,,Sábado
472,25/07/2011,12,SAO PAULO,2,ATLETICO,2,,Sábado
472,25/07/2011,13,BAHIA,0,CORITIBA,0,,Domingo
472,25/07/2011,14,FLAMENGO,1,CEARA,1,,Sábado
473,01/08/2011,1,SAO PAULO,0,VASCO DA GAMA,2,,Domingo
473,01/08/2011,2,FLAMENGO,2,GREMIO,0,,Sábado
473,01/08/2011,3,BAHIA,3,FIGUEIRENSE,1,,Domingo
473,01/08/2011,4,SAO CAETANO,1,PARANA,1,,Sábado
473,01/08/2011,5,AMERICA,1,CAMPINENSE,0,,Sábado
473,01/08/2011,6,INTERNACIONAL,0,ATLETICO,0,,Domingo
473,01/08/2011,7,ICASA,2,BRAGANTINO,0,,Sábado
473,01/08/2011,8,AMERICA,1,CORITIBA,3,,Domingo
473,01/08/2011,9,ATHLETICO,3,SANTOS,2,,Domingo
473,01/08/2011,10,PONTE PRETA,0,PORTUGUESA,3,,Sábado
473,01/08/2011,11,FLUMINENSE,4,CEARA,0,,Domingo
473,01/08/2011,12,PALMEIRAS,3,ATLETICO,2,,Sábado
473,01/08/2011,13,AVAI,3,CORINTHIANS,2,,Domingo
473,01/08/2011,14,CRUZEIRO,0,BOTAFOGO,1,,Sábado
474,08/08/2011,1,BOTAFOGO,4,VASCO DA GAMA,0,,Domingo
474,08/08/2011,2,INTERNACIONAL,3,CRUZEIRO,2,,Domingo
474,08/08/2011,3,ATHLETICO,1,CORINTHIANS,1,,Domingo
474,08/08/2011,4,GOIAS,1,VILA NOVA,1,,Sábado
474,08/08/2011,5,SALGUEIRO,0,VITORIA,2,,Sábado
474,08/08/2011,6,A B C,1,ICASA,1,,Sábado
474,08/08/2011,7,JOINVILLE,2,SANTO ANDRE,0,,Domingo
474,08/08/2011,8,ATLETICO,1,FIGUEIRENSE,2,,Sábado
474,08/08/2011,9,AMERICA,3,FLUMINENSE,0,,Domingo
474,08/08/2011,10,SANTOS,1,CEARA,0,,Domingo
474,08/08/2011,11,BAHIA,2,ATLETICO,1,,Domingo
474,08/08/2011,12,AVAI,1,SAO PAULO,2,,Domingo
474,08/08/2011,13,FLAMENGO,1,CORITIBA,0,,Sábado
474,08/08/2011,14,PALMEIRAS,0,GREMIO,0,,Sábado
475,15/08/2011,1,GREMIO,2,FLUMINENSE,1,,Domingo
475,15/08/2011,2,VASCO DA GAMA,1,PALMEIRAS,0,,Domingo
475,15/08/2011,3,CORITIBA,3,ATLETICO,0,,Domingo
475,15/08/2011,4,SPORT,2,PORTUGUESA,3,,Sábado
475,15/08/2011,5,CAMPINENSE,1,FORTALEZA,1,,Domingo
475,15/08/2011,6,PARANA,1,A B C,0,,Sábado
475,15/08/2011,7,PONTE PRETA,3,CRICIUMA,0,,Sábado
475,15/08/2011,8,ATLETICO,2,SANTOS,0,,Sábado
475,15/08/2011,9,CRUZEIRO,5,AVAI,0,,Sábado
475,15/08/2011,10,BOTAFOGO,4,AMERICA,2,,Sábado
475,15/08/2011,11,SAO PAULO,2,ATHLETICO,2,,Sábado
475,15/08/2011,12,BAHIA,1,INTERNACIONAL,1,,Domingo
475,15/08/2011,13,FIGUEIRENSE,2,FLAMENGO,2,,Domingo
475,15/08/2011,14,CORINTHIANS,2,CEARA,2,,Domingo
476,22/08/2011,1,SAO PAULO,1,PALMEIRAS,1,,Domingo
476,22/08/2011,2,VASCO DA GAMA,1,FLUMINENSE,1,,Domingo
476,22/08/2011,3,INTERNACIONAL,2,FLAMENGO,2,,Domingo
476,22/08/2011,4,SAO  CAETANO,2,VITORIA,2,,Sábado
476,22/08/2011,5,PARANA,1,SPORT,2,,Sábado
476,22/08/2011,6,ASA,2,BRAGANTINO,1,,Sábado
476,22/08/2011,7,GUARANI,1,SALGUEIRO,2,,Sábado
476,22/08/2011,8,AVAI,0,CORITIBA,0,,Domingo
476,22/08/2011,9,ATHLETICO,2,AMERICA,2,,Domingo
476,22/08/2011,10,CRUZEIRO,1,CEARA,0,,Sábado
476,22/08/2011,11,ATLETICO,1,GREMIO,0,,Domingo
476,22/08/2011,12,BAHIA,1,SANTOS,2,,Domingo
476,22/08/2011,13,CORINTHIANS,0,FIGUEIRENSE,2,,Sábado
476,22/08/2011,14,BOTAFOGO,3,ATLETICO,1,,Sábado
477,29/08/2011,1,FLAMENGO,0,VASCO DA GAMA,0,,Domingo
477,29/08/2011,2,PALMEIRAS,2,CORINTHIANS,1,,Domingo
477,29/08/2011,3,GREMIO,2,INTERNACIONAL,1,,Domingo
477,29/08/2011,4,VITORIA,1,ASA,0,,Sábado
477,29/08/2011,5,FORTALEZA,1,CAMPINENSE,1,,Sábado
477,29/08/2011,6,BRAGANTINO,2,PARANA,1,,Sábado
477,29/08/2011,7,PONTE PRETA,3,NAUTICO,3,,Sábado
477,29/08/2011,8,CORITIBA,1,ATHLETICO,1,,Sábado
477,29/08/2011,9,FIGUEIRENSE,2,AVAI,3,,Domingo
477,29/08/2011,10,CEARA,3,BAHIA,0,,Domingo
477,29/08/2011,11,AMERICA,1,ATLETICO,2,,Sábado
477,29/08/2011,12,FLUMINENSE,1,BOTAFOGO,2,,Sábado
477,29/08/2011,13,ATLETICO,1,CRUZEIRO,2,,Domingo
477,29/08/2011,14,SANTOS,1,SAO PAULO,1,,Domingo
478,05/09/2011,1,CORITIBA,1,CORINTHIANS,0,,Domingo
478,05/09/2011,2,FLUMINENSE,3,ATLETICO,2,,Sábado
478,05/09/2011,3,SANTOS,0,BOTAFOGO,0,,
478,05/09/2011,4,VITORIA,1,ICASA,1,,Sábado
478,05/09/2011,5,GREMIO,4,ATHLETICO,0,,Domingo
478,05/09/2011,6,SALGUEIRO,0,A B C,1,,Sábado
478,05/09/2011,7,PORTUGUESA,2,PARANA,1,,Sábado
478,05/09/2011,8,PALMEIRAS,1,CRUZEIRO,1,,Domingo
478,05/09/2011,9,SPORT,3,GUARANI,1,,Sábado
478,05/09/2011,10,FIGUEIRENSE,1,SAO PAULO,2,,Sábado
478,05/09/2011,11,ATLETICO,2,AVAI,0,,Sábado
478,05/09/2011,12,AMERICA,4,VASCO DA GAMA,1,,Domingo
478,05/09/2011,13,CEARA,1,INTERNACIONAL,1,,Domingo
478,05/09/2011,14,FLAMENGO,1,BAHIA,3,,Domingo
479,12/09/2011,1,FLUMINENSE,1,CORINTHIANS,0,,Domingo
479,12/09/2011,2,PALMEIRAS,0,INTERNACIONAL,3,,Domingo
479,12/09/2011,3,FIGUEIRENSE,1,VASCO DA GAMA,1,,Domingo
479,12/09/2011,4,CRB,1,CAMPINENSE,1,,Sábado
479,12/09/2011,5,AMERICA,4,FORTALEZA,0,,Sábado
479,12/09/2011,6,NAUTICO,2,CRICIUMA,1,,Sábado
479,12/09/2011,7,SAO CAETANO,0,BRAGANTINO,2,,Sábado
479,12/09/2011,8,CEARA,1,ATLETICO,1,,Domingo
479,12/09/2011,9,SANTOS,1,CRUZEIRO,0,,Sábado
479,12/09/2011,10,AMERICA,2,AVAI,2,,Sábado
479,12/09/2011,11,ATLETICO,2,BAHIA,0,,Domingo
479,12/09/2011,12,GREMIO,1,SAO PAULO,0,,Domingo
479,12/09/2011,13,CORITIBA,5,BOTAFOGO,0,,Domingo
479,12/09/2011,14,FLAMENGO,1,ATHLETICO,2,,Domingo
480,19/09/2011,1,CORINTHIANS,1,SANTOS,3,,Domingo
480,19/09/2011,2,BOTAFOGO,1,FLAMENGO,1,,Domingo
480,19/09/2011,3,ATLETICO,1,ATLETICO,0,,Sábado
480,19/09/2011,4,A B C,0,VITORIA,0,,Sábado
480,19/09/2011,5,CHAPECOENSE,1,CAXIAS,0,,Domingo
480,19/09/2011,6,GUARANI,0,PORTUGUESA,2,,Sábado
480,19/09/2011,7,FORTALEZA,4,CRB,0,,Sábado
480,19/09/2011,8,BAHIA,3,FLUMINENSE,0,,Domingo
480,19/09/2011,9,ATHLETICO,0,FIGUEIRENSE,0,,Domingo
480,19/09/2011,10,CRUZEIRO,0,AMERICA,0,,Domingo
480,19/09/2011,11,AVAI,1,PALMEIRAS,1,,Domingo
480,19/09/2011,12,INTERNACIONAL,1,CORITIBA,1,,Domingo
480,19/09/2011,13,SAO PAULO,4,CEARA,0,,Sábado
480,19/09/2011,14,VASCO DA GAMA,4,GREMIO,0,,Sábado
481,26/09/2011,1,BOTAFOGO,2,SAO PAULO,2,,Domingo
481,26/09/2011,2,CRUZEIRO,0,VASCO DA GAMA,3,,Domingo
481,26/09/2011,3,INTERNACIONAL,2,ATLETICO,1,,Domingo
481,26/09/2011,4,SPORT,4,VITORIA,0,,Sábado
481,26/09/2011,5,BRAGANTINO,1,PORTUGUESA,1,,Sábado
481,26/09/2011,6,SAO CAETANO,2,ICASA,2,,Sábado
481,26/09/2011,7,PONTE PRETA,2,DUQUE DE CAXIAS,1,,Sábado
481,26/09/2011,8,ATLETICO,1,PALMEIRAS,1,,Domingo
481,26/09/2011,9,CEARA,3,CORITIBA,2,,Domingo
481,26/09/2011,10,ATHLETICO,1,FLUMINENSE,1,,Sábado
481,26/09/2011,11,SANTOS,2,FIGUEIRENSE,3,,Sábado
481,26/09/2011,12,AVAI,1,GREMIO,2,,Domingo
481,26/09/2011,13,FLAMENGO,2,AMERICA,1,,Sábado
481,26/09/2011,14,CORINTHIANS,1,BAHIA,0,,Domingo
482,03/10/2011,1,VASCO DA GAMA,2,CORINTHIANS,2,,Domingo
482,03/10/2011,2,SAO PAULO,1,FLAMENGO,2,,Domingo
482,03/10/2011,3,GREMIO,2,CRUZEIRO,0,,Domingo
482,03/10/2011,4,A B C,3,SPORT,0,,Sábado
482,03/10/2011,5,ASA,2,ICASA,1,,Sábado
482,03/10/2011,6,SAO CAETANO,3,PORTUGUESA,3,,Sábado
482,03/10/2011,7,BRAGANTINO,2,CRICIUMA,2,,Sábado
482,03/10/2011,8,ATHLETICO,2,INTERNACIONAL,0,,Domingo
482,03/10/2011,9,BAHIA,3,AVAI,2,,Sábado
482,03/10/2011,10,ATLETICO,1,CEARA,1,,Domingo
482,03/10/2011,11,PALMEIRAS,1,AMERICA,1,,Sábado
482,03/10/2011,12,FIGUEIRENSE,0,CORITIBA,0,,Domingo
482,03/10/2011,13,ATLETICO,2,BOTAFOGO,0,,Domingo
482,03/10/2011,14,FLUMINENSE,3,SANTOS,2,,Sábado
483,10/10/2011,1,FLAMENGO,3,FLUMINENSE,2,,Domingo
483,10/10/2011,2,SANTOS,1,PALMEIRAS,0,,Domingo
483,10/10/2011,3,CORINTHIANS,3,ATLETICO,0,,Domingo
483,10/10/2011,4,PONTE PRETA,1,SPORT,1,,Sábado
483,10/10/2011,5,BRAGANTINO,2,VITORIA,2,,Sábado
483,10/10/2011,6,NAUTICO,2,ICASA,2,,Sábado
483,10/10/2011,7,A B C,2,GUARANI,1,,Sábado
483,10/10/2011,8,JOINVILLE,4,BRASILIENSE,1,,Domingo
483,10/10/2011,9,CEARA,1,FIGUEIRENSE,1,,Domingo
483,10/10/2011,10,AVAI,3,ATHLETICO,0,,Domingo
483,10/10/2011,11,CORITIBA,2,GREMIO,0,,Sábado
483,10/10/2011,12,AMERICA,0,ATLETICO,0,,Sábado
483,10/10/2011,13,BOTAFOGO,2,BAHIA,2,,Sábado
483,10/10/2011,14,INTERNACIONAL,3,VASCO DA GAMA,0,,Domingo
484,17/10/2011,1,PALMEIRAS,1,FLUMINENSE,2,,Domingo
484,17/10/2011,2,CRUZEIRO,0,CORINTHIANS,1,,Domingo
484,17/10/2011,3,SANTOS,0,GREMIO,1,,Domingo
484,17/10/2011,4,VILA NOVA,0,PARANA,1,,Sábado
484,17/10/2011,5,PAYSANDU,0,CRB,1,,Domingo
484,17/10/2011,6,ASA,0,SAO  CAETANO,0,,Sábado
484,17/10/2011,7,VITORIA,3,GOIAS,2,,Sábado
484,17/10/2011,8,FIGUEIRENSE,2,AMERICA,1,,Sábado
484,17/10/2011,9,CORITIBA,0,BAHIA,0,,Domingo
484,17/10/2011,10,ATLETICO,3,SAO PAULO,0,,Domingo
484,17/10/2011,11,INTERNACIONAL,4,AVAI,2,,Domingo
484,17/10/2011,12,BOTAFOGO,2,ATHLETICO,0,,Domingo
484,17/10/2011,13,CEARA,0,FLAMENGO,1,,Sábado
484,17/10/2011,14,VASCO DA GAMA,2,ATLETICO,0,,Domingo
485,24/10/2011,1,INTERNACIONAL,1,CORINTHIANS,1,,Domingo
485,24/10/2011,2,FLAMENGO,1,SANTOS,1,,Domingo
485,24/10/2011,3,BAHIA,0,VASCO DA GAMA,2,,Domingo
485,24/10/2011,4,SPORT,0,GOIAS,1,,Sábado
485,24/10/2011,5,CRICIUMA,5,ICASA,2,,Sábado
485,24/10/2011,6,VITORIA,3,NAUTICO,2,,Sábado
485,24/10/2011,7,SAO CAETANO,4,A B C,0,,Sábado
485,24/10/2011,8,CRUZEIRO,3,ATLETICO,2,,Domingo
485,24/10/2011,9,ATHLETICO,1,CEARA,0,,Domingo
485,24/10/2011,10,AMERICA,2,GREMIO,2,,Sábado
485,24/10/2011,11,PALMEIRAS,1,FIGUEIRENSE,2,,Sábado
485,24/10/2011,12,AVAI,3,BOTAFOGO,2,,Sábado
485,24/10/2011,13,SAO PAULO,0,CORITIBA,0,,Domingo
485,24/10/2011,14,FLUMINENSE,0,ATLETICO,2,,Sábado
486,31/10/2011,1,VASCO DA GAMA,0,SAO PAULO,0,,Domingo
486,31/10/2011,2,GREMIO,4,FLAMENGO,2,,Domingo
486,31/10/2011,3,ATLETICO,2,PALMEIRAS,1,,Domingo
486,31/10/2011,4,NAUTICO,2,SPORT,0,,Sábado
486,31/10/2011,5,A B C,1,ASA,1,,Sábado
486,31/10/2011,6,PARANA,2,SAO CAETANO,2,,Sábado
486,31/10/2011,7,BRAGANTINO,1,ICASA,1,,Sábado
486,31/10/2011,8,CORITIBA,3,AMERICA,1,,Domingo
486,31/10/2011,9,FIGUEIRENSE,2,BAHIA,1,,Domingo
486,31/10/2011,10,ATLETICO,0,INTERNACIONAL,1,,Domingo
486,31/10/2011,11,CEARA,1,FLUMINENSE,2,,Sábado
486,31/10/2011,12,SANTOS,4,ATHLETICO,1,,Sábado
486,31/10/2011,13,BOTAFOGO,1,CRUZEIRO,0,,Sábado
486,31/10/2011,14,CORINTHIANS,2,AVAI,1,,Domingo
487,07/11/2011,1,FLAMENGO,5,CRUZEIRO,1,,Domingo
487,07/11/2011,2,INTERNACIONAL,1,FLUMINENSE,2,,Domingo
487,07/11/2011,3,AMERICA,2,CORINTHIANS,1,,Domingo
487,07/11/2011,4,ICASA,1,A B C,3,,Sábado
487,07/11/2011,5,ASA,1,NAUTICO,2,,Sábado
487,07/11/2011,6,GREMIO BARUERI,1,PARANA,0,,Sábado
487,07/11/2011,7,AMERICA,1,MADUREIRA,2,,Sábado
487,07/11/2011,8,ATHLETICO,2,ATLETICO,1,,Domingo
487,07/11/2011,9,PALMEIRAS,0,CORITIBA,2,,Domingo
487,07/11/2011,10,AVAI,1,CEARA,2,,Domingo
487,07/11/2011,11,BAHIA,4,SAO PAULO,3,,Sábado
487,07/11/2011,12,ATLETICO,2,GREMIO,0,,Sábado
487,07/11/2011,13,BOTAFOGO,0,FIGUEIRENSE,1,,Sábado
487,07/11/2011,14,SANTOS,2,VASCO DA GAMA,0,,Domingo
488,14/11/2011,1,VASCO DA GAMA,2,BOTAFOGO,0,,Domingo
488,14/11/2011,2,CORITIBA,2,FLAMENGO,0,,Domingo
488,14/11/2011,3,GREMIO,2,PALMEIRAS,2,,Domingo
488,14/11/2011,4,VITORIA,3,CRICIUMA,1,,Sábado
488,14/11/2011,5,BRAGANTINO,4,GOIAS,0,,Sábado
488,14/11/2011,6,SAO CAETANO,0,NAUTICO,0,,Sábado
488,14/11/2011,7,VILA NOVA,1,PORTUGUESA,3,,Sábado
488,14/11/2011,8,FIGUEIRENSE,2,ATLETICO,1,,Sábado
488,14/11/2011,9,CEARA,2,SANTOS,3,,Domingo
488,14/11/2011,10,SAO PAULO,2,AVAI,0,,Sábado
488,14/11/2011,11,ATLETICO,0,BAHIA,1,,Domingo
488,14/11/2011,12,FLUMINENSE,1,AMERICA,2,,Sábado
488,14/11/2011,13,CRUZEIRO,1,INTERNACIONAL,0,,Domingo
488,14/11/2011,14,CORINTHIANS,2,ATHLETICO,1,,Domingo
489,21/11/2011,1,BOTAFOGO,1,INTERNACIONAL,2,,Domingo
489,21/11/2011,2,CORINTHIANS,2,ATLETICO,1,,Domingo
489,21/11/2011,3,ATLETICO,0,FLAMENGO,0,,Domingo
489,21/11/2011,4,SPORT,3,PARANA,0,,Sábado
489,21/11/2011,5,VITORIA,1,SAO  CAETANO,2,,Sábado
489,21/11/2011,6,GOIAS,0,ICASA,0,,Sábado
489,21/11/2011,7,PONTE PRETA,4,A B C,1,,Sábado
489,21/11/2011,8,BAHIA,0,PALMEIRAS,2,,Domingo
489,21/11/2011,9,GREMIO,1,CEARA,3,,Sábado
489,21/11/2011,10,FIGUEIRENSE,0,FLUMINENSE,4,,Domingo
489,21/11/2011,11,CRUZEIRO,1,ATHLETICO,1,,Domingo
489,21/11/2011,12,SAO PAULO,3,AMERICA,1,,Sábado
489,21/11/2011,13,CORITIBA,1,SANTOS,0,,Domingo
489,21/11/2011,14,VASCO DA GAMA,2,AVAI,0,,Sábado
490,28/11/2011,1,FLUMINENSE,1,VASCO DA GAMA,2,,Domingo
490,28/11/2011,2,PALMEIRAS,1,SAO PAULO,0,,Domingo
490,28/11/2011,3,FLAMENGO,1,INTERNACIONAL,0,,Domingo
490,28/11/2011,4,NAUTICO,2,PONTE PRETA,2,,Sábado
490,28/11/2011,5,VILA NOVA,0,SPORT,1,,Sábado
490,28/11/2011,6,PARANA,1,BRAGANTINO,0,,Sábado
490,28/11/2011,7,SAO CAETANO,1,CRICIUMA,0,,Sábado
490,28/11/2011,8,AMERICA,2,ATHLETICO,1,,Domingo
490,28/11/2011,9,CEARA,2,CRUZEIRO,2,,Domingo
490,28/11/2011,10,CORITIBA,1,AVAI,0,,Domingo
490,28/11/2011,11,GREMIO,2,ATLETICO,2,,Domingo
490,28/11/2011,12,SANTOS,1,BAHIA,1,,Domingo
490,28/11/2011,13,ATLETICO,4,BOTAFOGO,0,,Domingo
490,28/11/2011,14,FIGUEIRENSE,0,CORINTHIANS,1,,Domingo
491,05/12/2011,1,VASCO DA GAMA,1,FLAMENGO,1,,Domingo
491,05/12/2011,2,CORINTHIANS,0,PALMEIRAS,0,,Domingo
491,05/12/2011,3,CRUZEIRO,6,ATLETICO,1,,Domingo
491,05/12/2011,4,INTERNACIONAL,1,GREMIO,0,,Domingo
491,05/12/2011,5,BOTAFOGO,1,FLUMINENSE,1,,Domingo
491,05/12/2011,6,JOINVILLE,4,CRB,0,,Sábado
491,05/12/2011,7,ANANINDEUA,0,ABAETE,0,,Sábado
491,05/12/2011,8,CASTANHAL,2,PARAUAPEBAS,0,,Sábado
491,05/12/2011,9,BELEM,0,TUNA LUSO,1,,Sábado
491,05/12/2011,10,ATLETICO,5,AMERICA,1,,Domingo
491,05/12/2011,11,BAHIA,2,CEARA,1,,Domingo
491,05/12/2011,12,AVAI,1,FIGUEIRENSE,1,,Domingo
491,05/12/2011,13,ATHLETICO,1,CORITIBA,0,,Domingo
491,05/12/2011,14,SAO PAULO,4,SANTOS,1,,Domingo
492,09/01/2012,1,PORTUGUESA,0,VITORIA,2,,Domingo
492,09/01/2012,2,PAULISTA,2,FORTALEZA,0,,Sábado
492,09/01/2012,3,GUARANI,2,GOIAS,2,,Domingo
492,09/01/2012,4,VILA NOVA,0,BOTAFOGO,2,,Sábado
492,09/01/2012,5,PONTE PRETA,2,FIGUEIRENSE,3,,Domingo
492,09/01/2012,6,BOTAFOGO,3,PORTO,1,,Sábado
492,09/01/2012,7,NOROESTE,1,PARANA,2,,Domingo
492,09/01/2012,8,MOGI MIRIM,1,FLUMINENSE,2,,Domingo
492,09/01/2012,9,XV NOV PIRACICABA,1,CEARA,3,,Domingo
492,09/01/2012,10,GREMIO BARUERI,6,PALMAS,0,,Sábado
492,09/01/2012,11,SERGIPE,0,SAO PAULO,0,,Sábado
492,09/01/2012,12,REMO,1,VASCO DA GAMA,2,,Domingo
492,09/01/2012,13,MARILIA,0,ATLETICO,7,,Sábado
492,09/01/2012,14,RIO PRETO,0,SPORT,1,,Domingo
493,16/01/2012,1,PORTO,0,NAUTICO,2,,Domingo
493,16/01/2012,2,PAYSANDU,1,CAMETA,2,,Sábado
493,16/01/2012,3,SANTA CRUZ,2,BELO JARDIM,1,,Domingo
493,16/01/2012,4,INDEPENDENTE,1,TUNA LUSO,2,,Sábado
493,16/01/2012,5,REMO,1,AGUIA,0,,Domingo
493,16/01/2012,6,PETROLINA,3,SALGUEIRO,1,,Domingo
493,16/01/2012,7,SANTA CRUZ,4,PALMEIRA,0,,Domingo
493,16/01/2012,8,ARARIPINA,1,SPORT,1,,Domingo
493,16/01/2012,9,AMERICA,0,SERRA TALHADA,4,,Domingo
493,16/01/2012,10,YPIRANGA,1,CENTRAL,0,,Domingo
493,16/01/2012,11,AMERICA,5,CAICO,0,,Domingo
493,16/01/2012,12,BARAUNAS,1,ABC,1,,Domingo
493,16/01/2012,13,SAO RAIMUNDO,1,SAO FRANCISCO,1,,Sábado
493,16/01/2012,14,ASSU,1,ALECRIM,3,,Domingo
494,23/01/2012,1,CORINTHIANS,2,MIRASSOL,1,,Sábado
494,23/01/2012,2,FLUMINENSE,3,FRIBURGUENSE,0,,Sábado
494,23/01/2012,3,CRAC,2,VILA NOVA,1,,Domingo
494,23/01/2012,4,BAHIA DE FEIRA,1,BAHIA,0,,Domingo
494,23/01/2012,5,GUARANY,1,CEARA,1,,Domingo
494,23/01/2012,6,VASCO DA GAMA,2,AMERICANO,0,,Domingo
494,23/01/2012,7,AGUIA,3,SAO RAIMUNDO,1,,Domingo
494,23/01/2012,8,CHAPECOENSE,1,AVAI,0,,Domingo
494,23/01/2012,9,SAO  CAETANO,1,PONTE PRETA,0,,Domingo
494,23/01/2012,10,SAO PAULO,4,BOTAFOGO,0,,Domingo
494,23/01/2012,11,CENTRAL,4,PORTO,0,,Domingo
494,23/01/2012,12,BRAGANTINO,1,PALMEIRAS,2,,Domingo
494,23/01/2012,13,BANGU,1,VOLTA REDONDA,2,,Domingo
494,23/01/2012,14,PORTUGUESA,0,PAULISTA,2,,Sábado
495,30/01/2012,1,SPORT,4,NAUTICO,3,,Sábado
495,30/01/2012,2,PAYSANDU,2,REMO,0,,Domingo
495,30/01/2012,3,JUVENTUDE,2,GREMIO,1,,Domingo
495,30/01/2012,4,GOIAS,3,VILA NOVA,1,,Sábado
495,30/01/2012,5,FERROVIARIO,1,CEARA,2,,Domingo
495,30/01/2012,6,DUQUE DE CAXIAS,1,VASCO DA GAMA,3,,Domingo
495,30/01/2012,7,JOINVILLE,2,FIGUEIRENSE,2,,Domingo
495,30/01/2012,8,MOGI MIRIM,1,PONTE PRETA,3,,Domingo
495,30/01/2012,9,GUARANI,2,ITUANO,0,,Domingo
495,30/01/2012,10,VOLTA REDONDA,0,FLUMINENSE,3,,Sábado
495,30/01/2012,11,PAULISTA,1,SANTOS,1,,Domingo
495,30/01/2012,12,SAO PAULO,2,SAO CAETANO,1,,Sábado
495,30/01/2012,13,ATLETICO,2,BOA ESPORTE,0,,Domingo
495,30/01/2012,14,MACAE,0,FLAMENGO,0,,Sábado
496,06/02/2012,1,SANTOS,1,PALMEIRAS,2,,Domingo
496,06/02/2012,2,BOTAFOGO,0,FLAMENGO,0,,Domingo
496,06/02/2012,3,VITORIA,4,BAHIA DE FEIRA,0,,Domingo
496,06/02/2012,4,CORINTHIANS,1,BRAGANTINO,1,,Domingo
496,06/02/2012,5,ATLETICO,0,GOIAS,1,,Domingo
496,06/02/2012,6,PAYSANDU,0,SAO RAIMUNDO,1,,Domingo
496,06/02/2012,7,NAUTICO,2,SANTA CRUZ,2,,Sábado
496,06/02/2012,8,CIANORTE,2,ATHLETICO,2,,Domingo
496,06/02/2012,9,SAO MATEUS,1,RIO BRANCO,0,,Sábado
496,06/02/2012,10,CHAPECOENSE,3,FIGUEIRENSE,1,,Domingo
496,06/02/2012,11,AMERICANO,2,BANGU,1,,Domingo
496,06/02/2012,12,PONTE PRETA,1,SAO PAULO,3,,Domingo
496,06/02/2012,13,FLUMINENSE,1,DUQUE DE CAXIAS,1,,Sábado
496,06/02/2012,14,GREMIO,2,INTERNACIONAL,2,,Domingo
497,13/02/2012,1,VASCO DA GAMA,2,FLUMINENSE,1,,Domingo
497,13/02/2012,2,CEARA,1,FORTALEZA,2,,Domingo
497,13/02/2012,3,BAHIA,0,VITORIA,0,,Domingo
497,13/02/2012,4,AVAI,0,FIGUEIRENSE,1,,Domingo
497,13/02/2012,5,AMERICANO,0,FRIBURGUENSE,1,,Sábado
497,13/02/2012,6,SPORT,4,PORTO,2,,Sábado
497,13/02/2012,7,VILA NOVA,0,ATLETICO,1,,Sábado
497,13/02/2012,8,BOTAFOGO,4,CAMPINENSE,3,,Domingo
497,13/02/2012,9,CAXIAS,0,INTERNACIONAL,2,,Domingo
497,13/02/2012,10,DUQUE DE CAXIAS,1,VOLTA REDONDA,3,,Domingo
497,13/02/2012,11,BRAGANTINO,2,MOGI MIRIM,0,,Sábado
497,13/02/2012,12,PORTUGUESA,3,BOTAFOGO,0,,Domingo
497,13/02/2012,13,PALMEIRAS,3,ITUANO,0,,Sábado
497,13/02/2012,14,CORINTHIANS,1,SAO PAULO,0,,Domingo
498,23/02/2012,1,SAO CAETANO,0,CORINTHIANS,1,,Sábado
498,23/02/2012,2,BOAVISTA,0,VASCO DA GAMA,1,,Sábado
498,23/02/2012,3,MACAE,0,BOTAFOGO,3,,Sábado
498,23/02/2012,4,INTERNACIONAL,3,PELOTAS,1,,Sábado
498,23/02/2012,5,BRAZLANDIA,1,BRASILIENSE,1,,Sábado
498,23/02/2012,6,CEILANDIA,1,LUZIANIA,1,,Sábado
498,23/02/2012,7,VELO CLUBE,3,SANTO ANDRE,0,,Sábado
498,23/02/2012,8,GREMIO BARUERI,4,RIO PRETO,1,,Sábado
498,23/02/2012,9,ITUANO,1,CATANDUVENSE,1,,Sábado
498,23/02/2012,10,SAO JOSE,2,GREMIO,1,,Sábado
498,23/02/2012,11,VOLTA REDONDA,2,FRIBURGUENSE,2,,Sábado
498,23/02/2012,12,DUQUE DE CAXIAS,3,AMERICANO,1,,Sábado
498,23/02/2012,13,MIRASSOL,1,SANTOS,3,,Sábado
498,23/02/2012,14,FLUMINENSE,3,BANGU,0,,Sábado
499,27/02/2012,1,PALMEIRAS,3,SAO PAULO,3,,Domingo
499,27/02/2012,2,CORINTHIANS,1,BOTAFOGO,0,,Sábado
499,27/02/2012,3,ATLETICO,1,ITUMBIARA,1,,Domingo
499,27/02/2012,4,HORIZONTE,3,ITAPIPOCA,1,,Sábado
499,27/02/2012,5,SANTA CRUZ,6,PETROLINA,0,,Sábado
499,27/02/2012,6,CENTRAL,1,SPORT,1,,Domingo
499,27/02/2012,7,PORTO,0,SALGUEIRO,1,,Sábado
499,27/02/2012,8,ANAPOLINA,0,GOIAS,0,,Domingo
499,27/02/2012,9,FLUMINENSE,0,ITABUNA,3,,Domingo
499,27/02/2012,10,LINHARES,5,SERRA,0,,Sábado
499,27/02/2012,11,CRICIUMA,1,CHAPECOENSE,1,,Domingo
499,27/02/2012,12,AVAI,0,METROPOLITANO,1,,Domingo
499,27/02/2012,13,SAO CAETANO,1,PORTUGUESA,1,,Domingo
499,27/02/2012,14,SANTOS,6,PONTE PRETA,1,,Sábado
500,05/03/2012,1,SANTOS,1,CORINTHIANS,0,,Domingo
500,05/03/2012,2,BOTAFOGO,3,VOLTA REDONDA,1,,Domingo
500,05/03/2012,3,FLUMINENSE,0,BAHIA,2,,Domingo
500,05/03/2012,4,GAMA,3,BRASILIENSE,2,,Sábado
500,05/03/2012,5,PALMEIRAS,0,SAO CAETANO,0,,Domingo
500,05/03/2012,6,VILA NOVA,3,ITUMBIARA,2,,Domingo
500,05/03/2012,7,BRAGANTINO,1,GUARANI,0,,Sábado
500,05/03/2012,8,XV PIRACICABA,0,SAO PAULO,1,,Domingo
500,05/03/2012,9,SANTA CRUZ,2,SERRA TALHADA,0,,Domingo
500,05/03/2012,10,FERROVIARIO,1,HORIZONTE,4,,Sábado
500,05/03/2012,11,OLARIA,0,VASCO DA GAMA,2,,Sábado
500,05/03/2012,12,DUQUE DE CAXIAS,1,FLAMENGO,2,,Domingo
500,05/03/2012,13,CRICIUMA,0,AVAI,2,,Domingo
500,05/03/2012,14,AMERICA,1,ATLETICO,2,,Domingo
501,12/03/2012,1,FLAMENGO,2,FLUMINENSE,0,,Domingo
501,12/03/2012,2,CRUZEIRO,2,VILLA NOVA,0,,Domingo
501,12/03/2012,3,FIGUEIRENSE,3,JOINVILLE,3,,Domingo
501,12/03/2012,4,BANGU,1,BOTAFOGO,1,,Sábado
501,12/03/2012,5,CEARA,1,FERROVIARIO,0,,Domingo
501,12/03/2012,6,GREMIO,5,NOVO HAMBURGO,0,,Domingo
501,12/03/2012,7,BRASILIENSE,1,CEILANDIA,0,,Domingo
501,12/03/2012,8,BAHIA,1,JUAZEIRO,1,,Domingo
501,12/03/2012,9,ATLETICO,2,VILA NOVA,2,,Domingo
501,12/03/2012,10,BOTAFOGO,2,PALMEIRAS,6,,Domingo
501,12/03/2012,11,VASCO DA GAMA,3,MADUREIRA,0,,Domingo
501,12/03/2012,12,MOGI MIRIM,3,SANTOS,1,,Sábado
501,12/03/2012,13,CORINTHIANS,1,GUARANI,1,,Sábado
501,12/03/2012,14,SAO PAULO,2,PORTUGUESA,1,,Domingo
502,19/03/2012,1,BOTAFOGO,3,VASCO DA GAMA,1,,Domingo
502,19/03/2012,2,SAO PAULO,3,SANTOS,2,,Domingo
502,19/03/2012,3,INTERNACIONAL,7,JUVENTUDE,0,,Domingo
502,19/03/2012,4,VITORIA,3,BAHIA,2,,Domingo
502,19/03/2012,5,SERRA TALHADA,1,BELO JARDIM,1,,Domingo
502,19/03/2012,6,RIO BRANCO,1,SAO MATEUS,2,,Domingo
502,19/03/2012,7,GUARANI,2,MIRASSOL,0,,Sábado
502,19/03/2012,8,SANTA CRUZ,0,ABC,1,,Domingo
502,19/03/2012,9,HORIZONTE,1,FORTALEZA,0,,Domingo
502,19/03/2012,10,PAYSANDU,2,AGUIA,1,,Domingo
502,19/03/2012,11,VILLA NOVA,1,ATLETICO,2,,Domingo
502,19/03/2012,12,FRIBURGUENSE,0,FLAMENGO,1,,Domingo
502,19/03/2012,13,FLUMINENSE,1,MACAE,3,,Sábado
502,19/03/2012,14,PALMEIRAS,2,PONTE PRETA,1,,Sábado
503,26/03/2012,1,CORINTHIANS,2,PALMEIRAS,1,,Domingo
503,26/03/2012,2,VOLTA REDONDA,2,FLAMENGO,4,,Sábado
503,26/03/2012,3,FORTALEZA,0,CEARA,1,,Domingo
503,26/03/2012,4,BAHIA DE FEIRA,2,VITORIA,0,,Domingo
503,26/03/2012,5,GOIAS,2,ATLETICO,0,,Sábado
503,26/03/2012,6,SERRA,3,SAO MATEUS,4,,Sábado
503,26/03/2012,7,BOTAFOGO,2,DUQUE DE CAXIAS,0,,Sábado
503,26/03/2012,8,AMERICANO,3,MACAE,1,,Domingo
503,26/03/2012,9,SANTOS,2,BRAGANTINO,0,,Domingo
503,26/03/2012,10,FIGUEIRENSE,3,CHAPECOENSE,0,,Domingo
503,26/03/2012,11,INTERNACIONAL,3,SAO JOSE,0,,Domingo
503,26/03/2012,12,CRUZEIRO,2,AMERICA,1,,Domingo
503,26/03/2012,13,PONTE PRETA,1,GUARANI,1,,Sábado
503,26/03/2012,14,REMO,0,PAYSANDU,0,,Domingo
504,02/04/2012,1,PORTUGUESA,0,SANTOS,2,,Domingo
504,02/04/2012,2,FIGUEIRENSE,2,AVAI,2,,Domingo
504,02/04/2012,3,VILA NOVA,3,GOIAS,2,,Domingo
504,02/04/2012,4,FLUMINENSE,1,ATLETICO,1,,Domingo
504,02/04/2012,5,SANTA CRUZ,1,NAUTICO,0,,Domingo
504,02/04/2012,6,FORTALEZA,2,ICASA,0,,Domingo
504,02/04/2012,7,UBERABA,0,ATLETICO,3,,Domingo
504,02/04/2012,8,PELOTAS,1,GREMIO,0,,Domingo
504,02/04/2012,9,ITUANO,2,SAO PAULO,4,,Domingo
504,02/04/2012,10,PALMEIRAS,0,MIRASSOL,1,,Sábado
504,02/04/2012,11,MOGI MIRIM,3,PAULISTA,1,,Sábado
504,02/04/2012,12,FLAMENGO,2,BANGU,1,,Domingo
504,02/04/2012,13,MACAE,1,VASCO DA GAMA,4,,Sábado
504,02/04/2012,14,FLUMINENSE,1,BOTAFOGO,1,,Domingo
505,09/04/2012,1,ATLETICO,2,CRUZEIRO,2,,Domingo
505,09/04/2012,2,GUARANI,3,PALMEIRAS,1,,Domingo
505,09/04/2012,3,AVAI,1,JOINVILLE,0,,Domingo
505,09/04/2012,4,BRAZLANDIA,1,GAMA,2,,Domingo
505,09/04/2012,5,VITORIA,3,RIO BRANCO,2,,Sábado
505,09/04/2012,6,ANAPOLINA,0,ATLETICO,2,,Domingo
505,09/04/2012,7,PORTO,1,SPORT,3,,Domingo
505,09/04/2012,8,LUZIANIA,3,BRASILIENSE,1,,Domingo
505,09/04/2012,9,GREMIO,3,CAXIAS,1,,Domingo
505,09/04/2012,10,BANGU,1,MACAE,0,,Sábado
505,09/04/2012,11,CORITIBA,3,CIANORTE,1,,Domingo
505,09/04/2012,12,SAO CAETANO,2,SANTOS,1,,Domingo
505,09/04/2012,13,CORINTHIANS,1,PAULISTA,0,,Domingo
505,09/04/2012,14,VASCO DA GAMA,1,FLAMENGO,2,,Sábado
506,16/04/2012,1,SPORT,2,SANTA CRUZ,1,,Domingo
506,16/04/2012,2,BOTAFOGO,2,TREZE,1,,Domingo
506,16/04/2012,3,CHAPECOENSE,3,CRICIUMA,1,,Domingo
506,16/04/2012,4,VILA NOVA,0,CRAC,1,,Domingo
506,16/04/2012,5,PAYSANDU,1,AGUIA,1,,Sábado
506,16/04/2012,6,REMO,1,SAO FRANCISCO,1,,Domingo
506,16/04/2012,7,CRUZEIRO,3,UBERABA,2,,Domingo
506,16/04/2012,8,CENTRAL,1,NAUTICO,2,,Domingo
506,16/04/2012,9,BOTAFOGO,2,GUARANI,1,,Domingo
506,16/04/2012,10,PAULISTA,2,BRAGANTINO,0,,Domingo
506,16/04/2012,11,PONTE PRETA,1,CORINTHIANS,2,,Domingo
506,16/04/2012,12,FLUMINENSE,5,OLARIA,1,,Domingo
506,16/04/2012,13,BOAVISTA,1,BOTAFOGO,1,,Domingo
506,16/04/2012,14,FLAMENGO,3,AMERICANO,1,,Domingo
507,23/04/2012,1,FLAMENGO,2,VASCO DA GAMA,3,,Domingo
507,23/04/2012,2,CORINTHIANS,2,PONTE PRETA,3,,Domingo
507,23/04/2012,3,TUPI,1,ATLETICO,1,,Domingo
507,23/04/2012,4,VILA NOVA,0,GOIAS,1,,Domingo
507,23/04/2012,5,CORITIBA,4,ATHLETICO,2,,Domingo
507,23/04/2012,6,NAUTICO,1,SPORT,2,,Domingo
507,23/04/2012,7,AGUIA,0,REMO,1,,Domingo
507,23/04/2012,8,CEILANDIA,2,BRAZLANDIA,0,,Sábado
507,23/04/2012,9,CRAC,1,ATLETICO,4,,Domingo
507,23/04/2012,10,AMERICA,3,CRUZEIRO,2,,Domingo
507,23/04/2012,11,BANGU,2,BOTAFOGO,4,,Sábado
507,23/04/2012,12,GUARANI,3,PALMEIRAS,2,,Domingo
507,23/04/2012,13,SANTOS,2,MOGI MIRIM,0,,Domingo
507,23/04/2012,14,SAO PAULO,4,BRAGANTINO,1,,Sábado
508,02/05/2012,1,BOTAFOGO,3,VASCO DA GAMA,1,,Domingo
508,02/05/2012,2,SAO PAULO,1,SANTOS,3,,Domingo
508,02/05/2012,3,CRUZEIRO,1,AMERICA,2,,Domingo
508,02/05/2012,4,GOIAS,3,VILA NOVA,0,,Domingo
508,02/05/2012,5,GAMA,0,CEILANDIA,2,,Sábado
508,02/05/2012,6,GUARANI,3,PONTE PRETA,1,,Domingo
508,02/05/2012,7,REMO,2,AGUIA,0,,Domingo
508,02/05/2012,8,FIGUEIRENSE,3,JOINVILLE,1,,Domingo
508,02/05/2012,9,ATLETICO,8,CRAC,0,,Sábado
508,02/05/2012,10,ATLETICO,1,TUPI,0,,Sábado
508,02/05/2012,11,SANTA CRUZ,3,SALGUEIRO,1,,Segunda-feira
508,02/05/2012,12,BAHIA,1,VITORIA CONQUISTA,0,,Domingo
508,02/05/2012,13,SPORT,0,NAUTICO,0,,Domingo
508,02/05/2012,14,INTERNACIONAL,2,GREMIO,1,,Domingo
509,08/05/2012,1,FLUMINENSE,4,BOTAFOGO,1,,Domingo
509,08/05/2012,2,GUARANI,0,SANTOS,3,,Domingo
509,08/05/2012,3,ATHLETICO,2,CORITIBA,2,,Domingo
509,08/05/2012,4,ATLETICO,2,GOIAS,2,,Domingo
509,08/05/2012,5,VITORIA,0,BAHIA,0,,Domingo
509,08/05/2012,6,AVAI,3,FIGUEIRENSE,0,,Domingo
509,08/05/2012,7,CAMETA,2,REMO,1,,Segunda-feira
509,08/05/2012,8,MOTO CLUBE,2,SAMPAIO CORREA,3,,Segunda-feira
509,08/05/2012,9,CSA,0,ASA,0,,Sábado
509,08/05/2012,10,ABC,0,AMERICA,2,,Domingo
509,08/05/2012,11,BRAGANTINO,2,MOGI MIRIM,4,,Sábado
509,08/05/2012,12,FORTALEZA,0,CEARA,0,,Domingo
509,08/05/2012,13,AMERICA,1,ATLETICO,1,,Domingo
509,08/05/2012,14,CAXIAS,1,INTERNACIONAL,1,,Domingo
510,14/05/2012,1,BOTAFOGO,0,FLUMINENSE,1,,Domingo
510,14/05/2012,2,SANTOS,4,GUARANI,2,,Domingo
510,14/05/2012,3,GOIAS,1,ATLETICO,1,,Domingo
510,14/05/2012,4,CORITIBA,0,ATHLETICO,0,,Domingo
510,14/05/2012,5,CEARA,1,FORTALEZA,1,,Domingo
510,14/05/2012,6,MOGI MIRIM,4,BRAGANTINO,2,,Sábado
510,14/05/2012,7,FIGUEIRENSE,1,AVAI,2,,Domingo
510,14/05/2012,8,SAO BERNARDO,2,UNIAO BARBARENSE,2,,Sábado
510,14/05/2012,9,SPORT,2,SANTA CRUZ,3,,Domingo
510,14/05/2012,10,IPATINGA,2,MAMORE,0,,Sábado
510,14/05/2012,11,REMO,2,CAMETA,2,,Domingo
510,14/05/2012,12,BAHIA,3,VITORIA,3,,Domingo
510,14/05/2012,13,INTERNACIONAL,2,CAXIAS,1,,Domingo
510,14/05/2012,14,ATLETICO,3,AMERICA,0,,Domingo
511,21/05/2012,1,CORINTHIANS,0,FLUMINENSE,1,,Domingo
511,21/05/2012,2,VASCO DA GAMA,2,GREMIO,1,,Domingo
511,21/05/2012,3,PONTE PRETA,0,ATLETICO,1,,Domingo
511,21/05/2012,4,CEILANDIA,0,LUZIANIA,1,,Sábado
511,21/05/2012,5,PARANA,1,GUARANI,1,,Sábado
511,21/05/2012,6,PALMEIRAS,1,PORTUGUESA,1,,Sábado
511,21/05/2012,7,JOINVILLE,1,ATHLETICO,4,,Sábado
511,21/05/2012,8,BARUERI,0,VITORIA,1,,Sábado
511,21/05/2012,9,CRUZEIRO,0,ATLETICO,0,,Domingo
511,21/05/2012,10,BAHIA,0,SANTOS,0,,Domingo
511,21/05/2012,11,FIGUEIRENSE,2,NAUTICO,1,,Sábado
511,21/05/2012,12,INTERNACIONAL,2,CORITIBA,0,,Domingo
511,21/05/2012,13,SPORT,1,FLAMENGO,1,,Sábado
511,21/05/2012,14,BOTAFOGO,4,SAO PAULO,2,,Domingo
512,28/05/2012,1,GREMIO,1,PALMEIRAS,0,,Domingo
512,28/05/2012,2,CORITIBA,2,BOTAFOGO,3,,Domingo
512,28/05/2012,3,ATLETICO,1,CORINTHIANS,0,,Domingo
512,28/05/2012,4,BRAGANTINO,3,CRICIUMA,4,,Sábado
512,28/05/2012,5,RIO BRANCO,0,SALGUEIRO,1,,
512,28/05/2012,6,NAUTICO,0,CRUZEIRO,0,,Sábado
512,28/05/2012,7,AMERICA,4,CRB,0,,Sábado
512,28/05/2012,8,FORTALEZA,1,AGUIA,0,,
512,28/05/2012,9,PORTUGUESA,0,VASCO DA GAMA,1,,Sábado
512,28/05/2012,10,ATLETICO,1,PONTE PRETA,1,,Sábado
512,28/05/2012,11,SANTOS,0,SPORT,0,,Domingo
512,28/05/2012,12,SAO PAULO,1,BAHIA,0,,Domingo
512,28/05/2012,13,FLUMINENSE,2,FIGUEIRENSE,2,,Domingo
512,28/05/2012,14,FLAMENGO,3,INTERNACIONAL,3,,Sábado
513,04/06/2012,1,BRASIL,0,MEXICO,2,,Domingo
513,04/06/2012,2,URUGUAI,1,VENEZUELA,1,,Sábado
513,04/06/2012,3,BOLIVIA,0,CHILE,2,,Sábado
513,04/06/2012,4,ARGENTINA,4,EQUADOR,0,,Sábado
513,04/06/2012,5,PERU,0,COLOMBIA,1,,Domingo
513,04/06/2012,6,AMERICA,3,CRICIUMA,0,,Sábado
513,04/06/2012,7,GUARANI,4,CEARA,1,,Sábado
513,04/06/2012,8,JOSE BONIFACIO,5,JABOTICABAL,2,,Domingo
513,04/06/2012,9,VITORIA,4,IPATINGA,0,,Sábado
513,04/06/2012,10,ABC,0,SAO CAETANO,1,,Sábado
513,04/06/2012,11,PRIMAVERA,2,SUMARE,2,,Sábado
513,04/06/2012,12,ASA,3,BOA ESPORTE,2,,Sábado
513,04/06/2012,13,BRAGANTINO,3,PARANA,3,,Sábado
513,04/06/2012,14,AVAI,1,JOINVILLE,2,,Sábado
514,11/06/2012,1,BRASIL,3,ARGENTINA,4,,Sábado
514,11/06/2012,2,FLUMINENSE,0,INTERNACIONAL,0,,Domingo
514,11/06/2012,3,CRICIUMA,3,GOIAS,0,,Sábado
514,11/06/2012,4,CRB,2,ATHLETICO,0,,Sábado
514,11/06/2012,5,GREMIO BARUERI,2,GUARANI,2,,Sábado
514,11/06/2012,6,CEARA,4,ABC,2,,Sábado
514,11/06/2012,7,FLAMENGO,3,CORITIBA,1,,Sábado
514,11/06/2012,8,NAUTICO,3,BOTAFOGO,2,,Domingo
514,11/06/2012,9,CRUZEIRO,1,SPORT,0,,Domingo
514,11/06/2012,10,FIGUEIRENSE,0,PONTE PRETA,0,,Domingo
514,11/06/2012,11,BAHIA,1,VASCO DA GAMA,2,,Domingo
514,11/06/2012,12,PALMEIRAS,0,ATLETICO,1,,Sábado
514,11/06/2012,13,SAO PAULO,1,SANTOS,0,,Domingo
514,11/06/2012,14,GREMIO,2,CORINTHIANS,0,,Domingo
515,18/06/2012,1,PORTUGAL,2,HOLANDA,1,,Domingo
515,18/06/2012,2,DINAMARCA,1,ALEMANHA,2,,Domingo
515,18/06/2012,3,FLAMENGO,1,SANTOS,0,,Domingo
515,18/06/2012,4,SAO PAULO,1,ATLETICO,0,,Domingo
515,18/06/2012,5,ATHLETICO,0,GOIAS,0,,Sábado
515,18/06/2012,6,JOINVILLE,1,CEARA,1,,Sábado
515,18/06/2012,7,CRUZEIRO,1,FIGUEIRENSE,0,,Sábado
515,18/06/2012,8,BAHIA,2,SPORT,1,,Domingo
515,18/06/2012,9,NAUTICO,1,GREMIO,0,,Domingo
515,18/06/2012,10,CORITIBA,3,ATLETICO,0,,Domingo
515,18/06/2012,11,PONTE PRETA,1,CORINTHIANS,0,,Domingo
515,18/06/2012,12,PALMEIRAS,1,VASCO DA GAMA,1,,Domingo
515,18/06/2012,13,FLUMINENSE,4,PORTUGUESA,1,,Sábado
515,18/06/2012,14,INTERNACIONAL,1,BOTAFOGO,2,,Sábado
516,25/06/2012,1,CORINTHIANS,2,PALMEIRAS,1,,Domingo
516,25/06/2012,2,GREMIO,2,FLAMENGO,0,,Domingo
516,25/06/2012,3,CEARA,1,ATHLETICO,0,,Sábado
516,25/06/2012,4,GOIAS,4,VITORIA,3,,Sábado
516,25/06/2012,5,GUARANI,1,ABC,1,,Sábado
516,25/06/2012,6,CRICIUMA,3,IPATINGA,2,,Sábado
516,25/06/2012,7,PORTUGUESA,1,SAO PAULO,0,,Sábado
516,25/06/2012,8,BOTAFOGO,1,PONTE PRETA,2,,Domingo
516,25/06/2012,9,SANTOS,2,CORITIBA,2,,Domingo
516,25/06/2012,10,SPORT,0,INTERNACIONAL,2,,Domingo
516,25/06/2012,11,ATLETICO,1,FLUMINENSE,4,,Domingo
516,25/06/2012,12,FIGUEIRENSE,1,BAHIA,1,,Domingo
516,25/06/2012,13,ATLETICO,5,NAUTICO,1,,Sábado
516,25/06/2012,14,VASCO DA GAMA,1,CRUZEIRO,3,,Sábado
517,02/07/2012,1,CRUZEIRO,2,SAO PAULO,3,,Sábado
517,02/07/2012,2,PALMEIRAS,3,FIGUEIRENSE,1,,Domingo
517,02/07/2012,3,CORITIBA,2,SPORT,3,,Domingo
517,02/07/2012,4,CRICIUMA,2,CRB,0,,Sábado
517,02/07/2012,5,SAO CAETANO,1,PARANA,1,,Sábado
517,02/07/2012,6,VITORIA,2,AVAI,0,,Sábado
517,02/07/2012,7,ATHLETICO,0,BRAGANTINO,0,,Sábado
517,02/07/2012,8,PORTUGUESA,0,SANTOS,0,,Domingo
517,02/07/2012,9,BAHIA,1,INTERNACIONAL,1,,Domingo
517,02/07/2012,10,BOA ESPORTE,0,JOINVILLE,0,,Sábado
517,02/07/2012,11,NAUTICO,0,FLUMINENSE,2,,Sábado
517,02/07/2012,12,VASCO DA GAMA,3,PONTE PRETA,2,,Sábado
517,02/07/2012,13,FLAMENGO,3,ATLETICO,2,,Domingo
517,02/07/2012,14,GREMIO,0,ATLETICO,1,,Domingo
518,09/07/2012,1,FLUMINENSE,1,FLAMENGO,0,,Domingo
518,09/07/2012,2,SANTOS,4,GREMIO,2,,Domingo
518,09/07/2012,3,SAO PAULO,3,CORITIBA,1,,Domingo
518,09/07/2012,4,AMERICA,3,ATHLETICO,2,,Sábado
518,09/07/2012,5,CRB,4,AMERICA,2,,Sábado
518,09/07/2012,6,BRAGANTINO,3,GOIAS,3,,Sábado
518,09/07/2012,7,ABC,0,VITORIA,1,,Sábado
518,09/07/2012,8,ATLETICO,0,NAUTICO,1,,Sábado
518,09/07/2012,9,SPORT,1,CORINTHIANS,1,,Domingo
518,09/07/2012,10,BOTAFOGO,3,BAHIA,0,,Sábado
518,09/07/2012,11,PONTE PRETA,1,PALMEIRAS,0,,Domingo
518,09/07/2012,12,FIGUEIRENSE,1,VASCO DA GAMA,1,,Domingo
518,09/07/2012,13,ATLETICO,2,PORTUGUESA,0,,Domingo
518,09/07/2012,14,INTERNACIONAL,2,CRUZEIRO,1,,Sábado
519,16/07/2012,1,BOTAFOGO,1,FLUMINENSE,1,,Domingo
519,16/07/2012,2,INTERNACIONAL,0,SANTOS,0,,Domingo
519,16/07/2012,3,AMERICA,1,CEARA,1,,Sábado
519,16/07/2012,4,BRASILIENSE,3,DUQUE DE CAXIAS,2,,Sábado
519,16/07/2012,5,HORIZONTE,0,CAMPINENSE,0,,Domingo
519,16/07/2012,6,BRAGANTINO,0,GUARANI,0,,Sábado
519,16/07/2012,7,CORINTHIANS,2,NAUTICO,1,,Sábado
519,16/07/2012,8,SPORT,2,PORTUGUESA,1,,Domingo
519,16/07/2012,9,VASCO DA GAMA,1,ATLETICO,0,,Domingo
519,16/07/2012,10,PONTE PRETA,4,CORITIBA,1,,Sábado
519,16/07/2012,11,FIGUEIRENSE,3,ATLETICO,4,,Sábado
519,16/07/2012,12,BAHIA,1,FLAMENGO,2,,Domingo
519,16/07/2012,13,CRUZEIRO,1,GREMIO,3,,Domingo
519,16/07/2012,14,PALMEIRAS,1,SAO PAULO,1,,Domingo
520,23/07/2012,1,VASCO DA GAMA,2,SANTOS,0,,Sábado
520,23/07/2012,2,FIGUEIRENSE,0,SAO PAULO,2,,Domingo
520,23/07/2012,3,PALMEIRAS,3,NAUTICO,0,,Domingo
520,23/07/2012,4,GOIAS,2,AVAI,0,,Sábado
520,23/07/2012,5,CRICIUMA,2,PARANA,1,,Sábado
520,23/07/2012,6,ATHLETICO,0,VITORIA,1,,Sábado
520,23/07/2012,7,BRAGANTINO,1,ABC,2,,Sábado
520,23/07/2012,8,INTERNACIONAL,4,ATLETICO,1,,Domingo
520,23/07/2012,9,CORINTHIANS,1,PORTUGUESA,1,,Sábado
520,23/07/2012,10,BAHIA,2,CORITIBA,2,,Domingo
520,23/07/2012,11,PONTE PRETA,1,FLUMINENSE,2,,Domingo
520,23/07/2012,12,CRUZEIRO,1,FLAMENGO,0,,Domingo
520,23/07/2012,13,SPORT,1,ATLETICO,4,,Sábado
520,23/07/2012,14,BOTAFOGO,0,GREMIO,1,,Domingo
521,30/07/2012,1,FLUMINENSE,0,ATLETICO,0,,Domingo
521,30/07/2012,2,SAO PAULO,4,FLAMENGO,1,,Domingo
521,30/07/2012,3,GUARANI,2,ATHLETICO,1,,Sábado
521,30/07/2012,4,VITORIA,1,CRB,0,,Sábado
521,30/07/2012,5,VILA NOVA,0,TUPI,0,,Sábado
521,30/07/2012,6,PARANA,1,CEARA,0,,Sábado
521,30/07/2012,7,BOTAFOGO,1,FIGUEIRENSE,0,,Sábado
521,30/07/2012,8,CORITIBA,2,GREMIO,1,,Sábado
521,30/07/2012,9,INTERNACIONAL,0,VASCO DA GAMA,0,,Sábado
521,30/07/2012,10,BAHIA,0,CORINTHIANS,0,,Domingo
521,30/07/2012,11,SPORT,0,ATLETICO,0,,Domingo
521,30/07/2012,12,PORTUGUESA,3,NAUTICO,1,,Domingo
521,30/07/2012,13,SANTOS,2,PONTE PRETA,1,,Domingo
521,30/07/2012,14,CRUZEIRO,2,PALMEIRAS,1,,Domingo
522,06/08/2012,1,FLAMENGO,0,ATLETICO,0,,
522,06/08/2012,2,CORITIBA,0,FLUMINENSE,2,,Domingo
522,06/08/2012,3,JOINVILLE,3,CRICIUMA,1,,Sábado
522,06/08/2012,4,AVAI,2,CEARA,1,,Sábado
522,06/08/2012,5,AGUIA,2,SALGUEIRO,2,,Sábado
522,06/08/2012,6,ABC,2,PARANA,0,,Sábado
522,06/08/2012,7,PORTUGUESA,2,FIGUEIRENSE,0,,Sábado
522,06/08/2012,8,GREMIO,3,BAHIA,1,,Domingo
522,06/08/2012,9,ATLETICO,1,BOTAFOGO,2,,Sábado
522,06/08/2012,10,CRUZEIRO,1,PONTE PRETA,2,,Domingo
522,06/08/2012,11,NAUTICO,3,SANTOS,0,,Domingo
522,06/08/2012,12,SAO PAULO,1,SPORT,0,,Domingo
522,06/08/2012,13,PALMEIRAS,0,INTERNACIONAL,1,,Sábado
522,06/08/2012,14,VASCO DA GAMA,0,CORINTHIANS,0,,Domingo
523,13/08/2012,1,ATLETICO,1,VASCO DA GAMA,0,,Domingo
523,13/08/2012,2,SAO PAULO,1,GREMIO,2,,Domingo
523,13/08/2012,3,AMERICA,1,VITORIA,2,,Sábado
523,13/08/2012,4,SAO CAETANO,1,CRICIUMA,1,,Sábado
523,13/08/2012,5,FORTALEZA,2,SANTA CRUZ,0,,Domingo
523,13/08/2012,6,PARANA,4,CRB,0,,Sábado
523,13/08/2012,7,SPORT,0,FIGUEIRENSE,1,,Sábado
523,13/08/2012,8,BAHIA,0,CRUZEIRO,1,,Sábado
523,13/08/2012,9,FLAMENGO,2,NAUTICO,0,,Sábado
523,13/08/2012,10,SANTOS,2,ATLETICO,2,,Sábado
523,13/08/2012,11,PORTUGUESA,1,BOTAFOGO,1,,Domingo
523,13/08/2012,12,CORITIBA,1,CORINTHIANS,2,,Domingo
523,13/08/2012,13,INTERNACIONAL,2,PONTE PRETA,1,,Domingo
523,13/08/2012,14,FLUMINENSE,1,PALMEIRAS,0,,Domingo
524,20/08/2012,1,FLAMENGO,1,VASCO DA GAMA,0,,Domingo
524,20/08/2012,2,ATLETICO,3,BOTAFOGO,2,,Domingo
524,20/08/2012,3,GREMIO,4,FIGUEIRENSE,0,,Domingo
524,20/08/2012,4,ATHLETICO,1,CRICIUMA,0,,Sábado
524,20/08/2012,5,GOIAS,0,SAO CAETANO,0,,Sábado
524,20/08/2012,6,BRAGANTINO,1,CEARA,3,,Sábado
524,20/08/2012,7,BRASILIENSE,2,CAXIAS,1,,Sábado
524,20/08/2012,8,NAUTICO,1,BAHIA,0,,Sábado
524,20/08/2012,9,FLUMINENSE,1,SPORT,0,,Sábado
524,20/08/2012,10,ATLETICO,2,PALMEIRAS,1,,Domingo
524,20/08/2012,11,PORTUGUESA,1,INTERNACIONAL,1,,Domingo
524,20/08/2012,12,CORITIBA,4,CRUZEIRO,0,,Domingo
524,20/08/2012,13,SAO PAULO,3,PONTE PRETA,0,,Sábado
524,20/08/2012,14,SANTOS,3,CORINTHIANS,2,,Domingo
525,27/08/2012,1,VASCO DA GAMA,1,FLUMINENSE,2,,Sábado
525,27/08/2012,2,CORINTHIANS,1,SAO PAULO,2,,Domingo
525,27/08/2012,3,CRUZEIRO,2,ATLETICO,2,,Domingo
525,27/08/2012,4,PAYSANDU,1,ICASA,1,,Sábado
525,27/08/2012,5,SAMPAIO CORREA,1,MIXTO,0,,Domingo
525,27/08/2012,6,PARANA,1,ATHLETICO,2,,Sábado
525,27/08/2012,7,AMERICA,1,ABC,0,,Sábado
525,27/08/2012,8,PONTE PRETA,2,PORTUGUESA,1,,Sábado
525,27/08/2012,9,FIGUEIRENSE,3,CORITIBA,1,,Domingo
525,27/08/2012,10,SPORT,0,NAUTICO,0,,Domingo
525,27/08/2012,11,BAHIA,1,ATLETICO,1,,Domingo
525,27/08/2012,12,PALMEIRAS,1,SANTOS,2,,Sábado
525,27/08/2012,13,INTERNACIONAL,0,GREMIO,1,,Domingo
525,27/08/2012,14,BOTAFOGO,0,FLAMENGO,0,,Domingo
526,03/09/2012,1,INTERNACIONAL,4,FLAMENGO,1,,Domingo
526,03/09/2012,2,CORINTHIANS,1,ATLETICO,0,,Domingo
526,03/09/2012,3,FIGUEIRENSE,2,FLUMINENSE,2,,Sábado
526,03/09/2012,4,PARANA,1,GOIAS,3,,Sábado
526,03/09/2012,5,AMERICA,2,VITORIA,2,,Sábado
526,03/09/2012,6,CRB,0,AMERICA,1,,Sábado
526,03/09/2012,7,SAO  CAETANO,1,AVAI,0,,Sábado
526,03/09/2012,8,BAHIA,1,SAO PAULO,0,,Domingo
526,03/09/2012,9,SPORT,2,SANTOS,1,,Domingo
526,03/09/2012,10,PONTE PRETA,3,ATLETICO,1,,Domingo
526,03/09/2012,11,CRUZEIRO,3,NAUTICO,0,,Domingo
526,03/09/2012,12,VASCO DA GAMA,2,PORTUGUESA,0,,Sábado
526,03/09/2012,13,BOTAFOGO,2,CORITIBA,0,,Domingo
526,03/09/2012,14,PALMEIRAS,0,GREMIO,0,,Sábado
527,10/09/2012,1,SANTOS,0,SAO PAULO,0,,Domingo
527,10/09/2012,2,CORINTHIANS,3,GREMIO,1,,Sábado
527,10/09/2012,3,ATLETICO,3,PALMEIRAS,0,,Domingo
527,10/09/2012,4,JOINVILLE,1,AVAI,0,,Sábado
527,10/09/2012,5,CRB,0,GOIAS,2,,Sábado
527,10/09/2012,6,IPATINGA,1,VITORIA,1,,Sábado
527,10/09/2012,7,CRICIUMA,0,AMERICA,4,,Sábado
527,10/09/2012,8,BOTAFOGO,3,NAUTICO,1,,Domingo
527,10/09/2012,9,ATLETICO,1,PORTUGUESA,1,,Domingo
527,10/09/2012,10,SPORT,2,CRUZEIRO,1,,Domingo
527,10/09/2012,11,PONTE PRETA,2,FIGUEIRENSE,2,,Sábado
527,10/09/2012,12,CORITIBA,3,FLAMENGO,0,,Sábado
527,10/09/2012,13,VASCO DA GAMA,0,BAHIA,4,,Domingo
527,10/09/2012,14,INTERNACIONAL,0,FLUMINENSE,1,,Domingo
528,17/09/2012,1,CRUZEIRO,1,VASCO DA GAMA,1,,Domingo
528,17/09/2012,2,FLAMENGO,1,GREMIO,1,,Domingo
528,17/09/2012,3,PALMEIRAS,0,CORINTHIANS,2,,Domingo
528,17/09/2012,4,GOIAS,3,ATHLETICO,2,,Sábado
528,17/09/2012,5,CEARA,4,JOINVILLE,3,,Sábado
528,17/09/2012,6,GUARANI,0,VITORIA,0,,Sábado
528,17/09/2012,7,CRB,3,ABC,3,,Sábado
528,17/09/2012,8,BAHIA,2,FIGUEIRENSE,1,,Domingo
528,17/09/2012,9,INTERNACIONAL,2,SPORT,2,,Domingo
528,17/09/2012,10,PONTE PRETA,0,BOTAFOGO,0,,Domingo
528,17/09/2012,11,CORITIBA,1,SANTOS,2,,Domingo
528,17/09/2012,12,SAO PAULO,3,PORTUGUESA,1,,Sábado
528,17/09/2012,13,FLUMINENSE,1,ATLETICO,2,,Sábado
528,17/09/2012,14,NAUTICO,1,ATLETICO,0,,Domingo
529,24/09/2012,1,BOTAFOGO,2,CORINTHIANS,2,,Domingo
529,24/09/2012,2,SAO PAULO,1,CRUZEIRO,0,,Domingo
529,24/09/2012,3,SANTOS,1,PORTUGUESA,3,,Sábado
529,24/09/2012,4,VITORIA,3,GOIAS,1,,Sábado
529,24/09/2012,5,ATHLETICO,2,CEARA,1,,Sábado
529,24/09/2012,6,IPATINGA,2,CRICIUMA,3,,Sábado
529,24/09/2012,7,ASA,0,AMERICA,2,,Sábado
529,24/09/2012,8,ATLETICO,1,FLAMENGO,2,,Domingo
529,24/09/2012,9,FIGUEIRENSE,1,PALMEIRAS,3,,Sábado
529,24/09/2012,10,SPORT,1,CORITIBA,0,,Domingo
529,24/09/2012,11,FLUMINENSE,2,NAUTICO,1,,Sábado
529,24/09/2012,12,INTERNACIONAL,3,BAHIA,1,,Domingo
529,24/09/2012,13,PONTE PRETA,0,VASCO DA GAMA,0,,Domingo
529,24/09/2012,14,ATLETICO,0,GREMIO,0,,Domingo
530,01/10/2012,1,FLAMENGO,0,FLUMINENSE,1,,Domingo
530,01/10/2012,2,BAHIA,2,BOTAFOGO,0,,Domingo
530,01/10/2012,3,CRUZEIRO,0,INTERNACIONAL,0,,Sábado
530,01/10/2012,4,BRAGANTINO,2,ATHLETICO,1,,Sábado
530,01/10/2012,5,AVAI,2,VITORIA,0,,Sábado
530,01/10/2012,6,GUARANI,0,AMERICA,0,,Sábado
530,01/10/2012,7,CEARA,1,IPATINGA,1,,Sábado
530,01/10/2012,8,VASCO DA GAMA,3,FIGUEIRENSE,1,,Sábado
530,01/10/2012,9,PORTUGUESA,1,ATLETICO,1,,Sábado
530,01/10/2012,10,PALMEIRAS,3,PONTE PRETA,0,,Sábado
530,01/10/2012,11,CORINTHIANS,3,SPORT,0,,Domingo
530,01/10/2012,12,CORITIBA,1,SAO PAULO,1,,Domingo
530,01/10/2012,13,NAUTICO,2,ATLETICO,0,,Sábado
530,01/10/2012,14,GREMIO,1,SANTOS,1,,Domingo
531,08/10/2012,1,FLUMINENSE,1,BOTAFOGO,0,,Sábado
531,08/10/2012,2,SAO PAULO,3,PALMEIRAS,0,,Sábado
531,08/10/2012,3,CHAPECOENSE,3,BRASILIENSE,0,,Sábado
531,08/10/2012,4,VITORIA,1,ABC,0,,Sábado
531,08/10/2012,5,SALGUEIRO,1,AGUIA,1,,Sábado
531,08/10/2012,6,ICASA,3,SANTA CRUZ,1,,Sábado
531,08/10/2012,7,SANTO ANDRE,1,TUPI,1,,Sábado
531,08/10/2012,8,PAYSANDU,5,TREZE,1,,Sábado
531,08/10/2012,9,MACAE,0,MADUREIRA,0,,
531,08/10/2012,10,ATLETICO,6,FIGUEIRENSE,0,,Sábado
531,08/10/2012,11,NAUTICO,2,CORINTHIANS,1,,Sábado
531,08/10/2012,12,ATLETICO,0,VASCO DA GAMA,1,,Sábado
531,08/10/2012,13,SANTOS,1,INTERNACIONAL,1,,Sábado
531,08/10/2012,14,GREMIO,2,CRUZEIRO,1,,Sábado
532,15/10/2012,1,SANTOS,2,VASCO DA GAMA,0,,Domingo
532,15/10/2012,2,GREMIO,1,BOTAFOGO,1,,Domingo
532,15/10/2012,3,CEARA,4,AMERICA,0,,Sábado
532,15/10/2012,4,PARANA,3,VITORIA,1,,Sábado
532,15/10/2012,5,SANTA CRUZ,1,FORTALEZA,2,,Sábado
532,15/10/2012,6,AMERICA,1,GOIAS,2,,Sábado
532,15/10/2012,7,ATLETICO,3,INTERNACIONAL,1,,Sábado
532,15/10/2012,8,PORTUGUESA,1,CORINTHIANS,1,,Sábado
532,15/10/2012,9,ATLETICO,2,SPORT,1,,Domingo
532,15/10/2012,10,NAUTICO,1,PALMEIRAS,0,,Domingo
532,15/10/2012,11,FLUMINENSE,2,PONTE PRETA,1,,Domingo
532,15/10/2012,12,SAO PAULO,2,FIGUEIRENSE,0,,Domingo
532,15/10/2012,13,CORITIBA,2,BAHIA,1,,Domingo
532,15/10/2012,14,FLAMENGO,1,CRUZEIRO,1,,Sábado
533,22/10/2012,1,ATLETICO,3,FLUMINENSE,2,,Domingo
533,22/10/2012,2,FLAMENGO,1,SAO PAULO,0,,Domingo
533,22/10/2012,3,VITORIA,0,ATHLETICO,2,,Sábado
533,22/10/2012,4,GUARANI,0,AMERICA,3,,Sábado
533,22/10/2012,5,FORTALEZA,1,ICASA,0,,Domingo
533,22/10/2012,6,JOINVILLE,3,CRB,1,,Sábado
533,22/10/2012,7,PARANA,1,CRICIUMA,1,,Sábado
533,22/10/2012,8,ABC,1,BRAGANTINO,0,,Sábado
533,22/10/2012,9,GREMIO,0,CORITIBA,0,,Sábado
533,22/10/2012,10,CORINTHIANS,1,BAHIA,1,,Sábado
533,22/10/2012,11,ATLETICO,0,SPORT,1,,Domingo
533,22/10/2012,12,NAUTICO,0,PORTUGUESA,0,,Domingo
533,22/10/2012,13,PONTE PRETA,1,SANTOS,0,,Domingo
533,22/10/2012,14,PALMEIRAS,2,CRUZEIRO,0,,Sábado
534,29/10/2012,1,CORINTHIANS,1,VASCO DA GAMA,0,,Sábado
534,29/10/2012,2,BOTAFOGO,4,ATLETICO,0,,Sábado
534,29/10/2012,3,GUARANI,1,CRICIUMA,2,,Sábado
534,29/10/2012,4,JOINVILLE,2,AMERICA,2,,Sábado
534,29/10/2012,5,BRASILIENSE,4,VILA NOVA,2,,Sábado
534,29/10/2012,6,CHAPECOENSE,5,TUPI,0,,Sábado
534,29/10/2012,7,MACAE,3,SANTO ANDRE,1,,Sábado
534,29/10/2012,8,DUQUE DE CAXIAS,2,CAXIAS,1,,Sábado
534,29/10/2012,9,IPATINGA,3,CRB,2,,Sábado
534,29/10/2012,10,ICASA,1,PAYSANDU,0,,Domingo
534,29/10/2012,11,SPORT,2,SAO PAULO,4,,Sábado
534,29/10/2012,12,BAHIA,1,GREMIO,1,,Sábado
534,29/10/2012,13,FIGUEIRENSE,0,PORTUGUESA,0,,Sábado
534,29/10/2012,14,INTERNACIONAL,2,PALMEIRAS,1,,Sábado
535,05/11/2012,1,SAO PAULO,1,FLUMINENSE,1,,Domingo
535,05/11/2012,2,CRUZEIRO,0,SANTOS,4,,Sábado
535,05/11/2012,3,GREMIO,1,PONTE PRETA,0,,Sábado
535,05/11/2012,4,CRICIUMA,2,JOINVILLE,3,,Sábado
535,05/11/2012,5,SAO CAETANO,1,ATHLETICO,3,,Sábado
535,05/11/2012,6,AMERICA,4,BOA ESPORTE,4,,Sábado
535,05/11/2012,7,BRAGANTINO,3,VITORIA,0,,Sábado
535,05/11/2012,8,FLAMENGO,1,FIGUEIRENSE,0,,Sábado
535,05/11/2012,9,PORTUGUESA,0,BAHIA,1,,Domingo
535,05/11/2012,10,PALMEIRAS,2,BOTAFOGO,2,,Domingo
535,05/11/2012,11,NAUTICO,3,INTERNACIONAL,0,,Domingo
535,05/11/2012,12,ATLETICO,0,CORINTHIANS,2,,Domingo
535,05/11/2012,13,VASCO DA GAMA,0,SPORT,3,,Domingo
535,05/11/2012,14,CORITIBA,1,ATLETICO,0,,Domingo
536,12/11/2012,1,PALMEIRAS,2,FLUMINENSE,3,,Domingo
536,12/11/2012,2,VASCO DA GAMA,1,ATLETICO,1,,Domingo
536,12/11/2012,3,CORINTHIANS,5,CORITIBA,1,,Sábado
536,12/11/2012,4,PARANA,2,IPATINGA,0,,Sábado
536,12/11/2012,5,AMERICA,1,CRICIUMA,4,,Sábado
536,12/11/2012,6,CEARA,1,CRB,2,,Sábado
536,12/11/2012,7,AMERICA,3,ABC,3,,Sábado
536,12/11/2012,8,PONTE PRETA,1,INTERNACIONAL,0,,Domingo
536,12/11/2012,9,CRUZEIRO,3,BAHIA,1,,Domingo
536,12/11/2012,10,NAUTICO,0,FLAMENGO,1,,Domingo
536,12/11/2012,11,FIGUEIRENSE,1,SPORT,1,,Domingo
536,12/11/2012,12,ATLETICO,2,SANTOS,1,,Sábado
536,12/11/2012,13,BOTAFOGO,3,PORTUGUESA,0,,Sábado
536,12/11/2012,14,GREMIO,2,SAO PAULO,1,,Domingo
537,19/11/2012,1,FLAMENGO,1,PALMEIRAS,1,,Domingo
537,19/11/2012,2,FLUMINENSE,0,CRUZEIRO,2,,Domingo
537,19/11/2012,3,CORITIBA,1,VASCO DA GAMA,2,,Sábado
537,19/11/2012,4,JOINVILLE,1,VITORIA,1,,Sábado
537,19/11/2012,5,CRICIUMA,0,ATHLETICO,0,,Sábado
537,19/11/2012,6,SAO CAETANO,1,GOIAS,1,,Sábado
537,19/11/2012,7,CRB,2,GUARANI,1,,Sábado
537,19/11/2012,8,BAHIA,1,PONTE PRETA,0,,Domingo
537,19/11/2012,9,SPORT,2,BOTAFOGO,0,,Domingo
537,19/11/2012,10,PORTUGUESA,2,GREMIO,2,,Domingo
537,19/11/2012,11,SANTOS,2,FIGUEIRENSE,0,,Sábado
537,19/11/2012,12,SAO PAULO,2,NAUTICO,1,,Domingo
537,19/11/2012,13,INTERNACIONAL,0,CORINTHIANS,2,,Domingo
537,19/11/2012,14,ATLETICO,2,ATLETICO,2,,Domingo
538,26/11/2012,1,VASCO DA GAMA,1,FLAMENGO,1,,Sábado
538,26/11/2012,2,CORINTHIANS,1,SANTOS,1,,Sábado
538,26/11/2012,3,CRUZEIRO,2,CORITIBA,1,,Domingo
538,26/11/2012,4,ATHLETICO,1,PARANA,1,,Sábado
538,26/11/2012,5,BRAGANTINO,3,BOA ESPORTE,0,,Sábado
538,26/11/2012,6,GUARANI,1,SAO CAETANO,2,,Sábado
538,26/11/2012,7,VITORIA,1,CEARA,1,,Sábado
538,26/11/2012,8,BAHIA,1,NAUTICO,1,,Domingo
538,26/11/2012,9,PONTE PRETA,0,SAO PAULO,0,,Domingo
538,26/11/2012,10,INTERNACIONAL,0,PORTUGUESA,2,,Domingo
538,26/11/2012,11,PALMEIRAS,1,ATLETICO,2,,Domingo
538,26/11/2012,12,FIGUEIRENSE,2,GREMIO,4,,Domingo
538,26/11/2012,13,BOTAFOGO,2,ATLETICO,3,,Domingo
538,26/11/2012,14,SPORT,1,FLUMINENSE,1,,Domingo
539,03/12/2012,1,SAO PAULO,3,CORINTHIANS,1,,Domingo
539,03/12/2012,2,FLAMENGO,2,BOTAFOGO,2,,Sábado
539,03/12/2012,3,GREMIO,0,INTERNACIONAL,0,,Domingo
539,03/12/2012,4,ATLETICO,3,CRUZEIRO,2,,Domingo
539,03/12/2012,5,FLUMINENSE,1,VASCO DA GAMA,2,,Domingo
539,03/12/2012,6,SANTOS,3,PALMEIRAS,1,,Sábado
539,03/12/2012,7,PARAGOMINAS,1,SAO RAIMUNDO,0,,Sábado
539,03/12/2012,8,INDEPENDENTE,2,PARAUAPEBAS,3,,Sábado
539,03/12/2012,9,CASTANHAL,1,SANTA CRUZ,4,,Sábado
539,03/12/2012,10,ESTANCIANO,1,AMERICA,1,,Sábado
539,03/12/2012,11,P.  DESPORTOS,0,PONTE PRETA,0,,Domingo
539,03/12/2012,12,CORITIBA,3,FIGUEIRENSE,0,,Domingo
539,03/12/2012,13,ATLETICO,0,BAHIA,1,,Domingo
539,03/12/2012,14,NAUTICO,1,SPORT,0,,Domingo
540,07/01/2013,1,GOIAS,4,GUARANI,0,,Domingo
540,07/01/2013,2,CORITIBA,2,MIRASSOL,1,,Sábado
540,07/01/2013,3,CEARA,1,SANTA CRUZ,3,,Domingo
540,07/01/2013,4,PALMEIRAS,6,CONFIANCA,0,,Sábado
540,07/01/2013,5,BOTAFOGO,1,SANTO ANDRE,0,,Sábado
540,07/01/2013,6,ATLETICO,1,NOROESTE,1,,Domingo
540,07/01/2013,7,VITORIA,2,MOGI MIRIM,2,,Domingo
540,07/01/2013,8,FORTALEZA,1,CAXIAS,1,,Domingo
540,07/01/2013,9,AMERICA,0,VILA NOVA,0,,Domingo
540,07/01/2013,10,INTERNACIONAL,4,PAULISTA,1,,Domingo
540,07/01/2013,11,PARANA,1,PONTE PRETA,0,,Domingo
540,07/01/2013,12,CORINTHIANS,2,XV PIRACICABA,2,,Domingo
540,07/01/2013,13,JUVENTUDE,3,PORTUGUESA,0,,Domingo
540,07/01/2013,14,AVAI,2,ATLETICO,1,,Domingo
541,14/01/2013,1,TREZE,3,BOTAFOGO,4,,Domingo
541,14/01/2013,2,ICASA,1,FERROVIARIO,1,,Sábado
541,14/01/2013,3,SANTA CRUZ,0,PALMEIRA,1,,Domingo
541,14/01/2013,4,SERGIPE,1,AMERICA,0,,Domingo
541,14/01/2013,5,AGUIA,0,TUNA LUSO,0,,Sábado
541,14/01/2013,6,CAMETA,0,PARAGOMINAS,1,,Sábado
541,14/01/2013,7,ATLETICO,1,AMERICA,3,,Sábado
541,14/01/2013,8,SUMARE,0,CEARA,1,,Sábado
541,14/01/2013,9,VELO CLUBE,2,FLUMINENSE,2,,Domingo
541,14/01/2013,10,ATIBAIA,3,SPORT,3,,Sábado
541,14/01/2013,11,SAO BERNARDO,1,FORTALEZA,1,,Domingo
541,14/01/2013,12,UNIAO S.JOAO,2,CORINTHIANS,4,,Sábado
541,14/01/2013,13,PONTE PRETA,4,TOCANTINOPOLIS,0,,Sábado
541,14/01/2013,14,PAYSANDU,2,SAO FRANCISCO,2,,Domingo
542,21/01/2013,1,SANTA CRUZ,1,CRB,0,,Domingo
542,21/01/2013,2,CEARA,1,ABC,0,,Sábado
542,21/01/2013,3,SALGUEIRO,1,ASA,0,,Sábado
542,21/01/2013,4,PALMEIRAS,0,BRAGANTINO,0,,Domingo
542,21/01/2013,5,GOIAS,2,ITUMBIARA,0,,Domingo
542,21/01/2013,6,BRASILIENSE,0,BRASILIA,2,,Sábado
542,21/01/2013,7,JOINVILLE,1,CHAPECOENSE,2,,Domingo
542,21/01/2013,8,PAULISTA,1,CORINTHIANS,1,,Domingo
542,21/01/2013,9,SAO PAULO,2,MIRASSOL,0,,Sábado
542,21/01/2013,10,PAYSANDU,6,AGUIA,2,,Domingo
542,21/01/2013,11,SERRA TALHADA,2,PETROLINA,1,,Domingo
542,21/01/2013,12,SAO BERNARDO,1,SANTOS,3,,Sábado
542,21/01/2013,13,BAHIA,3,ITABAIANA,2,,Sábado
542,21/01/2013,14,AMERICA,1,VITORIA,2,,Domingo
543,28/01/2013,1,BOTAFOGO,1,FLUMINENSE,1,,Domingo
543,28/01/2013,2,CRICIUMA,1,AVAI,1,,Domingo
543,28/01/2013,3,ATLETICO,1,GOIAS,1,,Domingo
543,28/01/2013,4,CEARA,0,BAHIA,1,,Domingo
543,28/01/2013,5,CEILANDIA,1,LUZIANIA,0,,Sábado
543,28/01/2013,6,FLAMENGO,1,VOLTA REDONDA,0,,Domingo
543,28/01/2013,7,ATHLETICO,0,PARANA,1,,Domingo
543,28/01/2013,8,CAXIAS,1,INTERNACIONAL,0,,
543,28/01/2013,9,OESTE,1,SAO CAETANO,1,,Sábado
543,28/01/2013,10,BRAGANTINO,2,SANTOS,2,,Domingo
543,28/01/2013,11,FIGUEIRENSE,2,CHAPECOENSE,1,,Domingo
543,28/01/2013,12,FLUMINENSE,0,ATLETICO,0,,Domingo
543,28/01/2013,13,REMO,2,PAYSANDU,1,,Sábado
543,28/01/2013,14,GUARANI,1,PONTE PRETA,3,,Sábado
544,04/02/2013,1,CRUZEIRO,2,ATLETICO,1,,Domingo
544,04/02/2013,2,SANTOS,3,SAO PAULO,1,,Domingo
544,04/02/2013,3,GOIAS,3,VILA NOVA,0,,Sábado
544,04/02/2013,4,PORTO,0,NAUTICO,3,,Sábado
544,04/02/2013,5,AMERICA,0,ASA,1,,Sábado
544,04/02/2013,6,FERROVIARIO,2,ICASA,3,,Sábado
544,04/02/2013,7,JUVENTUDE,1,CAXIAS,1,,Domingo
544,04/02/2013,8,VASCO DA GAMA,0,BANGU,1,,Domingo
544,04/02/2013,9,CORINTHIANS,5,OESTE,0,,Domingo
544,04/02/2013,10,MACAE,1,BOTAFOGO,3,,Domingo
544,04/02/2013,11,XV PIRACICABA,3,PALMEIRAS,3,,Domingo
544,04/02/2013,12,PAYSANDU,3,TUNA LUSO,1,,Domingo
544,04/02/2013,13,PARANA,0,CORITIBA,0,,Domingo
544,04/02/2013,14,INTERNACIONAL,2,GREMIO,1,,Domingo
545,14/02/2013,1,FLUMINENSE,1,VASCO DA GAMA,1,,Sábado
545,14/02/2013,2,CORINTHIANS,2,SAO  CAETANO,2,,Sábado
545,14/02/2013,3,JUVENTUDE,2,GREMIO,1,,Sábado
545,14/02/2013,4,LONDRINA,2,ATHLETICO,0,,Domingo
545,14/02/2013,5,SANTA CRUZ,5,NOVO HAMBURGO,0,,Sábado
545,14/02/2013,6,INTERNACIONAL,3,PELOTAS,0,,Sábado
545,14/02/2013,7,MOGI MIRIM,2,PALMEIRAS,2,,Domingo
545,14/02/2013,8,SANTOS,1,PAULISTA,3,,Domingo
545,14/02/2013,9,BRAGANTINO,3,SAO BERNARDO,2,,Sábado
545,14/02/2013,10,ITUANO,3,PONTE PRETA,3,,Sábado
545,14/02/2013,11,UNIAO BARBARENSE,1,BOTAFOGO,1,,Sábado
545,14/02/2013,12,PARANAVAI,1,CIANORTE,1,,Domingo
545,14/02/2013,13,OESTE,2,MIRASSOL,1,,Sábado
545,14/02/2013,14,GUARANI,1,SAO PAULO,2,,Sábado
546,18/02/2013,1,FLAMENGO,1,BOTAFOGO,0,,Domingo
546,18/02/2013,2,BOTAFOGO,1,TREZE,1,,Domingo
546,18/02/2013,3,BRASILIENSE,0,CEILANDIA,0,,Sábado
546,18/02/2013,4,FIGUEIRENSE,1,AVAI,0,,Domingo
546,18/02/2013,5,CORINTHIANS,2,PALMEIRAS,2,,Domingo
546,18/02/2013,6,PONTE PRETA,3,SANTOS,1,,Domingo
546,18/02/2013,7,SOROCABA,2,LINENSE,3,,Domingo
546,18/02/2013,8,VOLTA REDONDA,1,FLUMINENSE,3,,Domingo
546,18/02/2013,9,AMERICA,0,BOA ESPORTE,0,,Sábado
546,18/02/2013,10,NAUTICO,0,CENTRAL,1,,Domingo
546,18/02/2013,11,ALECRIM,1,SANTA CRUZ,0,,Domingo
546,18/02/2013,12,GREMIO,1,VERANOPOLIS,0,,Domingo
546,18/02/2013,13,VILA NOVA,0,ATLETICO,1,,Sábado
546,18/02/2013,14,SAO PAULO,3,ITUANO,2,,Sábado
547,25/02/2013,1,CRICIUMA,2,FIGUEIRENSE,0,,Domingo
547,25/02/2013,2,BRAGANTINO,2,CORINTHIANS,2,,Domingo
547,25/02/2013,3,GAMA,1,LUZIANIA,0,,Domingo
547,25/02/2013,4,OLARIA,0,FLAMENGO,2,,Sábado
547,25/02/2013,5,BOTAFOGO,2,BOAVISTA,2,,Domingo
547,25/02/2013,6,FLUMINENSE,2,MADUREIRA,2,,Domingo
547,25/02/2013,7,PALMEIRAS,1,UNIAO BARBARENSE,0,,Domingo
547,25/02/2013,8,SANTOS,2,XV PIRACICABA,1,,Domingo
547,25/02/2013,9,ITUMBIARA,2,VILA NOVA,5,,Domingo
547,25/02/2013,10,NAUTICO,8,PETROLINA,0,,Domingo
547,25/02/2013,11,DUQUE DE CAXIAS,1,VASCO DA GAMA,2,,Domingo
547,25/02/2013,12,ITUANO,2,GUARANI,2,,Domingo
547,25/02/2013,13,BAHIA DE FEIRA,2,FLUMINENSE,0,,Domingo
547,25/02/2013,14,CORITIBA,2,ATHLETICO,1,,Domingo
548,04/03/2013,1,FLAMENGO,0,BOTAFOGO,2,,Domingo
548,04/03/2013,2,VASCO DA GAMA,3,FLUMINENSE,2,,Sábado
548,04/03/2013,3,PARANA,2,PARANAVAI,1,,Domingo
548,04/03/2013,4,BRAGANTINO,1,SOROCABA,2,,Sábado
548,04/03/2013,5,METROPOLITANO,2,CRICIUMA,1,,Domingo
548,04/03/2013,6,GUARANI,0,MOGI MIRIM,2,,Domingo
548,04/03/2013,7,SANTA CRUZ,0,SALGUEIRO,1,,Domingo
548,04/03/2013,8,CRATO,2,HORIZONTE,2,,Sábado
548,04/03/2013,9,CENTRAL,0,SPORT,1,,Domingo
548,04/03/2013,10,SAO MATEUS,4,VITORIA,1,,Sábado
548,04/03/2013,11,ATLETICO,3,CRAC,0,,Domingo
548,04/03/2013,12,VILLA NOVA,3,BOA ESPORTE,1,,Domingo
548,04/03/2013,13,LONDRINA,0,CORITIBA,1,,Domingo
548,04/03/2013,14,SANTOS,0,CORINTHIANS,0,,Domingo
549,12/03/2013,1,VASCO DA GAMA,0,BOTAFOGO,1,,Domingo
549,12/03/2013,2,SAO LUIZ,0,INTERNACIONAL,5,,Domingo
549,12/03/2013,3,VILA NOVA,0,GOIAS,2,,Domingo
549,12/03/2013,4,CHAPECOENSE,3,JOINVILLE,2,,Domingo
549,12/03/2013,5,SOROCABA,1,SANTOS,2,,Domingo
549,12/03/2013,6,PONTE PRETA,3,SAO CAETANO,1,,Domingo
549,12/03/2013,7,VITORIA,2,RIO BRANCO,0,,Sábado
549,12/03/2013,8,BOTAFOGO,2,MOGI MIRIM,0,,Sábado
549,12/03/2013,9,SPORT,2,PORTO,0,,Domingo
549,12/03/2013,10,CORINTHIANS,3,ITUANO,2,,Sábado
549,12/03/2013,11,BAHIA DE FEIRA,2,ATLETICO,1,,Domingo
549,12/03/2013,12,REMO,1,TUNA LUSO,0,,Domingo
549,12/03/2013,13,SANTA CRUZ,2,CENTRAL,0,,Segunda-feira
549,12/03/2013,14,SAO PAULO,0,PALMEIRAS,0,,Domingo
550,18/03/2013,1,SANTOS,2,GUARANI,1,,Sábado
550,18/03/2013,2,ATLETICO,5,AMERICA,2,,Domingo
550,18/03/2013,3,CAMPINENSE,2,ASA,0,,Domingo
550,18/03/2013,4,PARANA,2,ATHLETICO,2,,Domingo
550,18/03/2013,5,PAYSANDU,3,REMO,1,,Domingo
550,18/03/2013,6,CRAC,2,ATLETICO,1,,Domingo
550,18/03/2013,7,BRASILIA,0,BRASILIENSE,1,,Sábado
550,18/03/2013,8,ESPORTIVO,1,JUVENTUDE,2,,Sábado
550,18/03/2013,9,JOINVILLE,1,FIGUEIRENSE,1,,Domingo
550,18/03/2013,10,OLARIA,1,MADUREIRA,0,,Sábado
550,18/03/2013,11,PAULISTA,1,BOTAFOGO,1,,Domingo
550,18/03/2013,12,SAO CAETANO,1,PALMEIRAS,1,,Domingo
550,18/03/2013,13,VASCO DA GAMA,0,VOLTA REDONDA,1,,Domingo
550,18/03/2013,14,SPORT,2,NAUTICO,1,,Domingo
551,25/03/2013,1,PALMEIRAS,0,SANTOS,0,,Domingo
551,25/03/2013,2,BOAVISTA,0,FLAMENGO,0,,Sábado
551,25/03/2013,3,CORITIBA,2,PARANA,3,,Domingo
551,25/03/2013,4,SAO PAULO,2,BRAGANTINO,0,,Sábado
551,25/03/2013,5,GREMIO,2,CAXIAS,0,,Sábado
551,25/03/2013,6,BRASILIA,5,BRAZLANDIA,0,,Sábado
551,25/03/2013,7,CRICIUMA,0,CHAPECOENSE,0,,Domingo
551,25/03/2013,8,TUNA LUSO,2,PAYSANDU,2,,Sábado
551,25/03/2013,9,CIANORTE,1,ATHLETICO,2,,Domingo
551,25/03/2013,10,ATLETICO,4,VILA NOVA,1,,Sábado
551,25/03/2013,11,PAULISTA,0,PONTE PRETA,1,,Domingo
551,25/03/2013,12,MADUREIRA,1,BOTAFOGO,2,,Domingo
551,25/03/2013,13,DUQUE DE CAXIAS,0,FLUMINENSE,0,,Sábado
551,25/03/2013,14,GUARANI,0,CORINTHIANS,1,,Domingo
552,01/04/2013,1,VASCO DA GAMA,0,BOTAFOGO,1,,
552,01/04/2013,2,SAO PAULO,1,CORINTHIANS,2,,Domingo
552,01/04/2013,3,PORTO,4,SERRA TALHADA,0,,Domingo
552,01/04/2013,4,ATHLETICO,1,LONDRINA,1,,Sábado
552,01/04/2013,5,GAMA,3,CEILANDIA,1,,Sábado
552,01/04/2013,6,SAO  CAETANO,0,MOGI MIRIM,2,,Domingo
552,01/04/2013,7,CIANORTE,3,PARANAVAI,0,,Domingo
552,01/04/2013,8,GUARANI,0,SOROCABA,3,,Domingo
552,01/04/2013,9,CEARA,0,HORIZONTE,0,,Domingo
552,01/04/2013,10,JOINVILLE,3,AVAI,0,,Domingo
552,01/04/2013,11,XV PIRACICABA,2,PONTE PRETA,2,,Sábado
552,01/04/2013,12,FLUMINENSE,2,BOAVISTA,0,,Sábado
552,01/04/2013,13,VILLA NOVA,2,CRUZEIRO,4,,Sábado
552,01/04/2013,14,NAUTICO,0,SANTA CRUZ,2,,Domingo
553,08/04/2013,1,PONTE PRETA,1,PALMEIRAS,2,,Domingo
553,08/04/2013,2,FLAMENGO,1,DUQUE DE CAXIAS,1,,Sábado
553,08/04/2013,3,CRB,1,CSA,0,,Sábado
553,08/04/2013,4,GOIAS,2,ATLETICO,2,,Sábado
553,08/04/2013,5,AVAI,2,FIGUEIRENSE,1,,Domingo
553,08/04/2013,6,BRASILIA,1,CEILANDIA,3,,Sábado
553,08/04/2013,7,BOTAFOGO,3,OLARIA,0,,Domingo
553,08/04/2013,8,VERANOPOLIS,1,INTERNACIONAL,0,,Domingo
553,08/04/2013,9,PORTO,1,SANTA CRUZ,1,,Domingo
553,08/04/2013,10,FERROVIARIO,0,CEARA,2,,Domingo
553,08/04/2013,11,LINHARES,3,RIO BRANCO,1,,Sábado
553,08/04/2013,12,CRICIUMA,3,JOINVILLE,0,,Domingo
553,08/04/2013,13,AMERICA,1,CRUZEIRO,4,,Domingo
553,08/04/2013,14,BAHIA,1,VITORIA,5,,Domingo
554,15/04/2013,1,FLAMENGO,3,FLUMINENSE,1,,Domingo
554,15/04/2013,2,INTERNACIONAL,4,JUVENTUDE,1,,Domingo
554,15/04/2013,3,GAMA,0,BRASILIA,2,,Domingo
554,15/04/2013,4,FIGUEIRENSE,1,CRICIUMA,3,,Domingo
554,15/04/2013,5,SANTA CRUZ,2,SPORT,2,,Domingo
554,15/04/2013,6,CSA,2,ASA,0,,Domingo
554,15/04/2013,7,ESTANCIANO,2,AMERICA,1,,Domingo
554,15/04/2013,8,VITORIA,1,SAO MATEUS,1,,Sábado
554,15/04/2013,9,CRAC,3,VILA NOVA,2,,Domingo
554,15/04/2013,10,SAO PAULO,0,XV PIRACICABA,1,,Sábado
554,15/04/2013,11,BAHIA,1,VITORIA CONQUISTA,1,,Domingo
554,15/04/2013,12,NOVO HAMBURGO,0,GREMIO,0,,Domingo
554,15/04/2013,13,PALMEIRAS,4,GUARANI,1,,Domingo
554,15/04/2013,14,FORTALEZA,0,CEARA,1,,Domingo
555,22/04/2013,1,ATHLETICO,3,CORITIBA,1,,Domingo
555,22/04/2013,2,ITUANO,2,PALMEIRAS,1,,Domingo
555,22/04/2013,3,BRAZLANDIA,0,GAMA,1,,Sábado
555,22/04/2013,4,FLAMENGO,0,RIVER,0,,Domingo
555,22/04/2013,5,ABC,1,AMERICA,1,,Domingo
555,22/04/2013,6,SAO CAETANO,0,PAULISTA,2,,Domingo
555,22/04/2013,7,CRICIUMA,3,METROPOLITANO,3,,Domingo
555,22/04/2013,8,HORIZONTE,1,FERROVIARIO,0,,Sábado
555,22/04/2013,9,FLUMINENSE,2,BANGU,0,,Domingo
555,22/04/2013,10,MADUREIRA,1,VASCO DA GAMA,0,,Sábado
555,22/04/2013,11,ESTANCIANO,1,SERGIPE,0,,Domingo
555,22/04/2013,12,MACAE,1,FLAMENGO,3,,Sábado
555,22/04/2013,13,MOGI MIRIM,1,SAO PAULO,0,,Domingo
555,22/04/2013,14,ATLETICO,2,VILLA NOVA,1,,Domingo
556,29/04/2013,1,SANTOS,1,PALMEIRAS,1,,Sábado
556,29/04/2013,2,FLUMINENSE,4,VOLTA REDONDA,1,,Domingo
556,29/04/2013,3,PAISSANDU,1,REMO,2,,Sábado
556,29/04/2013,4,NAUTICO,2,SANTA CRUZ,1,,Domingo
556,29/04/2013,5,FORTALEZA,3,ICASA,0,,Domingo
556,29/04/2013,6,CORITIBA,3,LONDRINA,1,,Domingo
556,29/04/2013,7,MOGI MIRIM,6,BOTAFOGO,0,,Sábado
556,29/04/2013,8,PONTE PRETA,0,CORINTHIANS,4,,Domingo
556,29/04/2013,9,ITABAIANA,1,SERGIPE,1,,Domingo
556,29/04/2013,10,ABC,1,ALECRIM,0,,Domingo
556,29/04/2013,11,PARANAVAI,0,PARANA,3,,Domingo
556,29/04/2013,12,AVAI,3,CRICIUMA,2,,Domingo
556,29/04/2013,13,GUARANY,3,CEARA,2,,Domingo
556,29/04/2013,14,VITORIA,2,BAHIA,1,,Domingo
557,06/05/2013,1,BOTAFOGO,1,FLUMINENSE,0,,Domingo
557,06/05/2013,2,SAO PAULO,0,CORINTHIANS,0,,Domingo
557,06/05/2013,3,MOGI MIRIM,1,SANTOS,1,,Sábado
557,06/05/2013,4,CRICIUMA,1,AVAI,0,,Sábado
557,06/05/2013,5,CSA,0,ASA,1,,Domingo
557,06/05/2013,6,CHAPECOENSE,2,FIGUEIRENSE,1,,Domingo
557,06/05/2013,7,ATHLETICO,2,CORITIBA,2,,Domingo
557,06/05/2013,8,SANTA CRUZ,1,SPORT,0,,Domingo
557,06/05/2013,9,FORTALEZA,0,CEARA,3,,Domingo
557,06/05/2013,10,BRASILIENSE,2,CEILANDIA,0,,Sábado
557,06/05/2013,11,GUARANY,3,ICASA,0,,Domingo
557,06/05/2013,12,JUAZEIRO,0,BAHIA,1,,Sábado
557,06/05/2013,13,PARAGOMINAS,3,REMO,1,,Domingo
557,06/05/2013,14,INTERNACIONAL,0,JUVENTUDE,0,,Domingo
558,13/05/2013,1,CORINTHIANS,2,SANTOS,1,,Domingo
558,13/05/2013,2,CEARA,3,FORTALEZA,1,,Domingo
558,13/05/2013,3,BAHIA,3,VITORIA,7,,Domingo
558,13/05/2013,4,CRICIUMA,2,CHAPECOENSE,0,,Domingo
558,13/05/2013,5,BRASILIA,0,BRASILIENSE,1,,Sábado
558,13/05/2013,6,PARAGOMINAS,0,PAYSANDU,4,,Domingo
558,13/05/2013,7,ATLETICO,0,GOIAS,0,,Domingo
558,13/05/2013,8,TREZE,0,CAMPINENSE,0,,Domingo
558,13/05/2013,9,SPORT,0,SANTA CRUZ,2,,Domingo
558,13/05/2013,10,CSA,2,CRB,4,,Sábado
558,13/05/2013,11,INTERPORTO,3,PALMAS,3,,Sábado
558,13/05/2013,12,SAMPAIO CORREA,2,MARANHAO,1,,Domingo
558,13/05/2013,13,ICASA,4,GUARANY,1,,Domingo
558,13/05/2013,14,CORITIBA,3,ATHLETICO,1,,Domingo
559,20/05/2013,1,SANTOS,1,CORINTHIANS,1,,Domingo
559,20/05/2013,2,VITORIA,1,BAHIA,1,,Domingo
559,20/05/2013,3,CHAPECOENSE,1,CRICIUMA,0,,Domingo
559,20/05/2013,4,GOIAS,2,ATLETICO,2,,Domingo
559,20/05/2013,5,PAYSANDU,3,PARAGOMINAS,1,,Domingo
559,20/05/2013,6,CEARA,1,GUARANY,1,,Domingo
559,20/05/2013,7,RIVER,2,PARNAIBA,2,,Domingo
559,20/05/2013,8,CRB,0,CSA,1,,Sábado
559,20/05/2013,9,MESQUITA,1,CABOFRIENSE,2,,Sábado
559,20/05/2013,10,BATATAIS,1,SAO BENTO,3,,Sábado
559,20/05/2013,11,PONTE PRETA,4,PENAPOLENSE,2,,Sábado
559,20/05/2013,12,TOCANTINOPOLIS,3,ARAGUAINA,1,,Sábado
559,20/05/2013,13,BRASILIENSE,3,BRASILIA,0,,Sábado
559,20/05/2013,14,CRUZEIRO,2,ATLETICO,1,,Domingo
560,27/05/2013,1,SANTOS,0,FLAMENGO,0,,Domingo
560,27/05/2013,2,FLUMINENSE,2,ATHLETICO,1,,Domingo
560,27/05/2013,3,PONTE PRETA,0,SAO PAULO,2,,Domingo
560,27/05/2013,4,FIGUEIRENSE,3,AMERICA,2,,Sábado
560,27/05/2013,5,PALMEIRAS,1,ATLETICO,0,,Sábado
560,27/05/2013,6,ICASA,2,SPORT,1,,Sábado
560,27/05/2013,7,ABC,0,PARANA,2,,Sábado
560,27/05/2013,8,VITORIA,2,INTERNACIONAL,2,,Sábado
560,27/05/2013,9,VASCO DA GAMA,1,PORTUGUESA,0,,Sábado
560,27/05/2013,10,CRUZEIRO,5,GOIAS,0,,Domingo
560,27/05/2013,11,CORITIBA,2,ATLETICO,1,,Domingo
560,27/05/2013,12,CRICIUMA,3,BAHIA,1,,Domingo
560,27/05/2013,13,GREMIO,2,NAUTICO,0,,Domingo
560,27/05/2013,14,CORINTHIANS,1,BOTAFOGO,1,,Sábado
561,03/06/2013,1,BRASIL,2,INGLATERRA,2,,Domingo
561,03/06/2013,2,ATLETICO,0,SAO PAULO,0,,Domingo
561,03/06/2013,3,VITORIA,2,VASCO DA GAMA,0,,Sábado
561,03/06/2013,4,PALMEIRAS,0,AMERICA,1,,Sábado
561,03/06/2013,5,SAO  CAETANO,0,CHAPECOENSE,1,,Sábado
561,03/06/2013,6,BOA ESPORTE CLUBE,0,ATLETICO,0,,Sábado
561,03/06/2013,7,BOTAFOGO,2,CRUZEIRO,1,,Sábado
561,03/06/2013,8,FLUMINENSE,3,CRICIUMA,0,,Domingo
561,03/06/2013,9,NAUTICO,2,PORTUGUESA,2,,Domingo
561,03/06/2013,10,GOIAS,1,CORITIBA,1,,Sábado
561,03/06/2013,11,ATHLETICO,2,FLAMENGO,2,,Sábado
561,03/06/2013,12,SANTOS,1,GREMIO,1,,Sábado
561,03/06/2013,13,INTERNACIONAL,1,BAHIA,2,,Domingo
561,03/06/2013,14,CORINTHIANS,1,PONTE PRETA,0,,Sábado
562,10/06/2013,1,BRASIL,3,FRANCA,0,,Domingo
562,10/06/2013,2,CRICIUMA,0,FLAMENGO,3,,Sábado
562,10/06/2013,3,FLUMINENSE,2,GOIAS,1,,Domingo
562,10/06/2013,4,BRAGANTINO,1,SAO  CAETANO,0,,Sábado
562,10/06/2013,5,TREZE,1,SAMPAIO CORREA,1,,Sábado
562,10/06/2013,6,SPORT,1,PALMEIRAS,0,,Sábado
562,10/06/2013,7,PARANA,1,FIGUEIRENSE,0,,Sábado
562,10/06/2013,8,CEARA,2,BOA ESPORTE CLUBE,2,,Sábado
562,10/06/2013,9,PONTE PRETA,0,BOTAFOGO,2,,Sábado
562,10/06/2013,10,CORINTHIANS,0,PORTUGUESA,0,,Sábado
562,10/06/2013,11,CORITIBA,1,NAUTICO,0,,Domingo
562,10/06/2013,12,VITORIA,3,ATHLETICO,2,,Domingo
562,10/06/2013,13,CRUZEIRO,2,INTERNACIONAL,2,,Sábado
562,10/06/2013,14,VASCO DA GAMA,1,BAHIA,1,,Sábado
563,24/06/2013,1,BRASIL,3,JAPAO,0,,Sábado
563,24/06/2013,2,MEXICO,1,ITALIA,2,,Domingo
563,24/06/2013,3,ESPANHA,2,URUGUAI,1,,Domingo
563,24/06/2013,4,TAITI,1,NIGERIA,6,,Segunda-feira
563,24/06/2013,5,ESTADOS UNIDOS,1,HONDURAS,0,,Terça-feira
563,24/06/2013,6,COREIA DO SUL,0,IRA,1,,Terça-feira
563,24/06/2013,7,BRASIL,2,MEXICO,0,,Quarta-feira
563,24/06/2013,8,ITALIA,4,JAPAO,3,,Quarta-feira
563,24/06/2013,9,ESPANHA,10,TAITI,0,,Quinta-feira
563,24/06/2013,10,NIGERIA,1,URUGUAI,2,,Quinta-feira
563,24/06/2013,11,ITALIA,2,BRASIL,4,,Sábado
563,24/06/2013,12,JAPAO,1,MEXICO,2,,Sábado
563,24/06/2013,13,URUGUAI,8,TAITI,0,,Domingo
563,24/06/2013,14,NIGERIA,0,ESPANHA,3,,Domingo
564,01/07/2013,1,CHILE,1,INGLATERRA,1,SUB 20,Quarta-feira
564,01/07/2013,2,NOVA ZELANDIA,0,URUGUAI,2,SUB 20,Quarta-feira
564,01/07/2013,3,IRAQUE,2,EGITO,1,SUB 20,Quarta-feira
564,01/07/2013,4,CROACIA,1,UZBEQUISTAO,1,SUB 20,Quarta-feira
564,01/07/2013,5,PORTUGAL,5,CUBA,0,SUB 20,Quinta-feira
564,01/07/2013,6,COREIA DO SUL,0,NIGERIA,1,SUB 20,Quinta-feira
564,01/07/2013,7,GANA,4,ESTADOS UNIDOS,1,SUB 20,Quinta-feira
564,01/07/2013,8,ESPANHA,2,FRANCA,1,SUB 20,Quinta-feira
564,01/07/2013,9,GRECIA,1,PARAGUAI,1,SUB 20,Sexta-feira
564,01/07/2013,10,MALI,1,MEXICO,4,,Sexta-feira
564,01/07/2013,11,AUSTRALIA,1,TURQUIA,2,SUB 20,Sexta-feira
564,01/07/2013,12,EL SALVADOR,0,COLOMBIA,3,SUB 20,Sexta-feira
564,01/07/2013,13,IRAQUE0,2,CHILE,1,SUB 20,Sábado
564,01/07/2013,14,EGITO,2,INGLATERRA,0,SUB 20,Sábado
565,08/07/2013,1,SAO PAULO,0,SANTOS,2,,Domingo
565,08/07/2013,2,BOTAFOGO,1,FLUMINENSE,0,,Domingo
565,08/07/2013,3,FLAMENGO,2,CORITIBA,2,,Sábado
565,08/07/2013,4,PALMEIRAS,4,OESTE,0,,Sábado
565,08/07/2013,5,FORTALEZA,3,CRB,0,,Sábado
565,08/07/2013,6,JOINVILLE,2,SPORT,3,,Sábado
565,08/07/2013,7,SAO CAETANO,0,AVAI,0,,Sábado
565,08/07/2013,8,ATHLETICO,1,GREMIO,1,,Sábado
565,08/07/2013,9,NAUTICO,1,PONTE PRETA,3,,Sábado
565,08/07/2013,10,PORTUGUESA,1,CRUZEIRO,1,,Sábado
565,08/07/2013,11,BAHIA,0,CORINTHIANS,2,,Domingo
565,08/07/2013,12,GOIAS,1,VITORIA,0,,Domingo
565,08/07/2013,13,ATLETICO,3,CRICIUMA,2,,Domingo
565,08/07/2013,14,INTERNACIONAL,5,VASCO DA GAMA,3,,Domingo
566,15/07/2013,1,VASCO DA GAMA,0,FLAMENGO,1,,Domingo
566,15/07/2013,2,FLUMINENSE,2,INTERNACIONAL,3,,Sábado
566,15/07/2013,3,CORINTHIANS,0,ATLETICO,1,,Domingo
566,15/07/2013,4,AMERICA,2,BRAGANTINO,2,,Sábado
566,15/07/2013,5,AMERICA,2,SPORT,4,,Sábado
566,15/07/2013,6,AVAI,2,PARANA,2,,Sábado
566,15/07/2013,7,CEARA,4,ASA,1,,Sábado
566,15/07/2013,8,SANTOS,4,PORTUGUESA,1,,Sábado
566,15/07/2013,9,PONTE PRETA,0,BAHIA,0,,Sábado
566,15/07/2013,10,VITORIA,3,SAO PAULO,2,,Domingo
566,15/07/2013,11,CRUZEIRO,3,NAUTICO,0,,Domingo
566,15/07/2013,12,CRICIUMA,0,GOIAS,0,,Domingo
566,15/07/2013,13,CORITIBA,1,ATHLETICO,0,,Domingo
566,15/07/2013,14,GREMIO,2,BOTAFOGO,1,,Domingo
567,22/07/2013,1,FLUMINENSE,1,VASCO DA GAMA,3,,Domingo
567,22/07/2013,2,INTERNACIONAL,1,FLAMENGO,0,,Domingo
567,22/07/2013,3,CRICIUMA,2,GREMIO,1,,Sábado
567,22/07/2013,4,FIGUEIRENSE,2,PALMEIRAS,3,,Sábado
567,22/07/2013,5,BRASILIENSE,1,FORTALEZA,0,,Domingo
567,22/07/2013,6,ABC,0,JOINVILLE,0,,Sábado
567,22/07/2013,7,TREZE,0,CRB,1,,Domingo
567,22/07/2013,8,ATLETICO,0,PONTE PRETA,0,,
567,22/07/2013,9,SANTOS,2,CORITIBA,2,,Domingo
567,22/07/2013,10,BOTAFOGO,2,NAUTICO,0,,Sábado
567,22/07/2013,11,ATHLETICO,1,CORINTHIANS,1,,Domingo
567,22/07/2013,12,GOIAS,2,PORTUGUESA,1,,Domingo
567,22/07/2013,13,VITORIA,0,BAHIA,0,,Domingo
567,22/07/2013,14,SAO PAULO,0,CRUZEIRO,3,,Sábado
568,29/07/2013,1,FLAMENGO,1,BOTAFOGO,1,,Domingo
568,29/07/2013,2,CRUZEIRO,4,ATLETICO,1,,Domingo
568,29/07/2013,3,GREMIO,2,FLUMINENSE,0,,Domingo
568,29/07/2013,4,FORTALEZA,3,TREZE,2,,Sábado
568,29/07/2013,5,SERGIPE,2,CSA,0,,Domingo
568,29/07/2013,6,PARANA,3,CEARA,0,,Sábado
568,29/07/2013,7,ABC,3,PAYSANDU,0,,Sábado
568,29/07/2013,8,PONTE PRETA,1,SANTOS,0,,Sábado
568,29/07/2013,9,NAUTICO,3,INTERNACIONAL,0,,Domingo
568,29/07/2013,10,CORITIBA,1,VITORIA,1,,Domingo
568,29/07/2013,11,BAHIA,2,GOIAS,1,,Domingo
568,29/07/2013,12,VASCO DA GAMA,3,CRICIUMA,2,,Sábado
568,29/07/2013,13,PORTUGUESA,2,ATHLETICO,3,,Sábado
568,29/07/2013,14,CORINTHIANS,0,SAO PAULO,0,,Domingo
569,05/08/2013,1,FLAMENGO,3,ATLETICO,0,,Domingo
569,05/08/2013,2,VASCO DA GAMA,2,BOTAFOGO,3,,Domingo
569,05/08/2013,3,AVAI,2,PAYSANDU,0,,Sábado
569,05/08/2013,4,SAMPAIO CORREA,3,SANTA CRUZ,0,,Sábado
569,05/08/2013,5,VILA NOVA,4,CAXIAS,0,,Domingo
569,05/08/2013,6,TREZE,1,BRASILIENSE,1,,Domingo
569,05/08/2013,7,CENTRAL,1,GUARANY,0,,Domingo
569,05/08/2013,8,ATLETICO,0,PARANA,2,,Sábado
569,05/08/2013,9,CRICIUMA,0,CORINTHIANS,2,,Domingo
569,05/08/2013,10,VITORIA,2,PORTUGUESA,1,,Domingo
569,05/08/2013,11,ATHLETICO,2,GOIAS,0,,Domingo
569,05/08/2013,12,CRUZEIRO,1,CORITIBA,0,,Sábado
569,05/08/2013,13,PONTE PRETA,1,FLUMINENSE,1,,Domingo
569,05/08/2013,14,GREMIO,1,INTERNACIONAL,1,,Domingo
570,12/08/2013,1,FLUMINENSE,2,FLAMENGO,3,,Domingo
570,12/08/2013,2,CORITIBA,0,VASCO DA GAMA,1,,Domingo
570,12/08/2013,3,BAHIA,0,GREMIO,3,,Domingo
570,12/08/2013,4,PALMEIRAS,2,PARANA,1,,Sábado
570,12/08/2013,5,SANTA CRUZ,6,TREZE,0,,Sábado
570,12/08/2013,6,AMERICA,0,ABC,0,,Sábado
570,12/08/2013,7,FIGUEIRENSE,1,AVAI,3,,Sábado
570,12/08/2013,8,P.  DESPORTOS,2,SAO PAULO,1,,Domingo
570,12/08/2013,9,BOTAFOGO,1,GOIAS,1,,Sábado
570,12/08/2013,10,NAUTICO,0,ATLETICO,0,,Sábado
570,12/08/2013,11,INTERNACIONAL,2,ATHLETICO,2,,Domingo
570,12/08/2013,12,PONTE PRETA,3,CRICIUMA,1,,Domingo
570,12/08/2013,13,CORINTHIANS,2,VITORIA,0,,Domingo
570,12/08/2013,14,CRUZEIRO,0,SANTOS,0,,Domingo
571,19/08/2013,1,FLAMENGO,0,SAO PAULO,0,,Domingo
571,19/08/2013,2,CORINTHIANS,1,CORITIBA,0,,Domingo
571,19/08/2013,3,VASCO DA GAMA,2,GREMIO,3,,Sábado
571,19/08/2013,4,PALMEIRAS,3,PAYSANDU,2,,Sábado
571,19/08/2013,5,BRASILIENSE,2,SAMPAIO CORREA,1,,Domingo
571,19/08/2013,6,ABC,3,FIGUEIRENSE,2,,Sábado
571,19/08/2013,7,AMERICA,1,AMERICA,1,,Sábado
571,19/08/2013,8,BAHIA,0,SANTOS,0,,Domingo
571,19/08/2013,9,NAUTICO,0,FLUMINENSE,1,,Sábado
571,19/08/2013,10,P.  DESPORTOS,1,BOTAFOGO,3,,Domingo
571,19/08/2013,11,PONTE PRETA,0,GOIAS,1,,Domingo
571,19/08/2013,12,ATHLETICO,2,CRICIUMA,1,,Domingo
571,19/08/2013,13,CRUZEIRO,5,VITORIA,1,,Sábado
571,19/08/2013,14,INTERNACIONAL,0,ATLETICO,0,,Domingo
572,26/08/2013,1,FLAMENGO,0,GREMIO,1,,Sábado
572,26/08/2013,2,VASCO DA GAMA,1,CORINTHIANS,1,,Domingo
572,26/08/2013,3,INTERNACIONAL,3,GOIAS,3,,Domingo
572,26/08/2013,4,PAYSANDU,1,ICASA,2,,Sábado
572,26/08/2013,5,FIGUEIRENSE,3,OESTE,0,,Sábado
572,26/08/2013,6,PARANA,1,SPORT,0,,Sábado
572,26/08/2013,7,ATLETICO,1,AMERICA,1,,Sábado
572,26/08/2013,8,CRICIUMA,2,CORITIBA,1,,Sábado
572,26/08/2013,9,SANTOS,2,VITORIA,0,,Sábado
572,26/08/2013,10,PONTE PRETA,0,CRUZEIRO,2,,Sábado
572,26/08/2013,11,ATHLETICO,2,BOTAFOGO,0,,Domingo
572,26/08/2013,12,BAHIA,2,NAUTICO,0,,Domingo
572,26/08/2013,13,ATLETICO,2,PORTUGUESA,1,,Domingo
572,26/08/2013,14,SAO PAULO,2,FLUMINENSE,1,,Domingo
573,02/09/2013,1,CORINTHIANS,4,FLAMENGO,0,,Domingo
573,02/09/2013,2,CRUZEIRO,5,VASCO DA GAMA,3,,Domingo
573,02/09/2013,3,BOTAFOGO,0,SAO PAULO,0,,Domingo
573,02/09/2013,4,AMERICA,2,SAO CAETANO,1,,Sábado
573,02/09/2013,5,CRB,2,FORTALEZA,0,,Domingo
573,02/09/2013,6,BRAGANTINO,0,PAYSANDU,0,,Sábado
573,02/09/2013,7,CEARA,2,PALMEIRAS,2,,Sábado
573,02/09/2013,8,PORTUGUESA,4,BAHIA,2,,Sábado
573,02/09/2013,9,GREMIO,1,PONTE PRETA,0,,Sábado
573,02/09/2013,10,NAUTICO,1,ATHLETICO,4,,Sábado
573,02/09/2013,11,VITORIA,0,CRICIUMA,1,,Domingo
573,02/09/2013,12,GOIAS,0,ATLETICO,0,,Sábado
573,02/09/2013,13,FLUMINENSE,0,SANTOS,2,,Sábado
573,02/09/2013,14,CORITIBA,0,INTERNACIONAL,0,,Domingo
574,09/09/2013,1,BRASIL,6,AUSTRALIA,0,,Sábado
574,09/09/2013,2,CRUZEIRO,1,FLAMENGO,0,,Domingo
574,09/09/2013,3,CORITIBA,2,SAO PAULO,0,,Domingo
574,09/09/2013,4,CRICIUMA,1,BOTAFOGO,2,,Domingo
574,09/09/2013,5,ATLETICO,1,PALMEIRAS,3,,Sábado
574,09/09/2013,6,BRASILIENSE,0,CRB,0,,Domingo
574,09/09/2013,7,FORTALEZA,2,SANTA CRUZ,0,,Domingo
574,09/09/2013,8,GREMIO,3,PORTUGUESA,2,,Sábado
574,09/09/2013,9,VITORIA,1,ATLETICO,1,,Sábado
574,09/09/2013,10,SANTOS,1,GOIAS,0,,Sábado
574,09/09/2013,11,VASCO DA GAMA,0,ATHLETICO,0,,Domingo
574,09/09/2013,12,PONTE PRETA,1,INTERNACIONAL,3,,Sábado
574,09/09/2013,13,CORINTHIANS,0,NAUTICO,0,,Domingo
574,09/09/2013,14,FLUMINENSE,1,BAHIA,0,,Sábado
575,16/09/2013,1,VASCO DA GAMA,0,SAO PAULO,2,,Domingo
575,16/09/2013,2,SANTOS,1,BOTAFOGO,2,,Domingo
575,16/09/2013,3,CORINTHIANS,1,GOIAS,2,,Domingo
575,16/09/2013,4,CEARA,4,ABC,0,,Sábado
575,16/09/2013,5,AMERICA,1,PALMEIRAS,1,,Sábado
575,16/09/2013,6,SPORT,1,FIGUEIRENSE,0,,Sábado
575,16/09/2013,7,AMERICA,3,PAYSANDU,0,,Sábado
575,16/09/2013,8,FLUMINENSE,2,PORTUGUESA,1,,Sábado
575,16/09/2013,9,CRICIUMA,0,INTERNACIONAL,1,,Domingo
575,16/09/2013,10,PONTE PRETA,1,FLAMENGO,1,,Domingo
575,16/09/2013,11,CRUZEIRO,1,ATHLETICO,0,,Sábado
575,16/09/2013,12,VITORIA,2,NAUTICO,1,,Domingo
575,16/09/2013,13,CORITIBA,2,BAHIA,2,,Domingo
575,16/09/2013,14,GREMIO,0,ATLETICO,1,,Domingo
576,23/09/2013,1,CORINTHIANS,0,CRUZEIRO,0,,Domingo
576,23/09/2013,2,FLUMINENSE,1,CORITIBA,1,,Sábado
576,23/09/2013,3,SANTOS,2,CRICIUMA,1,,Domingo
576,23/09/2013,4,PALMEIRAS,2,SPORT,1,,Sábado
576,23/09/2013,5,TREZE,2,FORTALEZA,0,,Domingo
576,23/09/2013,6,PAYSANDU,0,ATLETICO,0,,Sábado
576,23/09/2013,7,FIGUEIRENSE,1,PARANA,0,,Sábado
576,23/09/2013,8,VITORIA,0,GREMIO,0,,Sábado
576,23/09/2013,9,NAUTICO,0,FLAMENGO,0,,Domingo
576,23/09/2013,10,INTERNACIONAL,0,PORTUGUESA,1,,Domingo
576,23/09/2013,11,GOIAS,1,SAO PAULO,0,,Domingo
576,23/09/2013,12,ATHLETICO,1,PONTE PRETA,0,,Domingo
576,23/09/2013,13,BOTAFOGO,1,BAHIA,2,,Domingo
576,23/09/2013,14,ATLETICO,2,VASCO DA GAMA,1,,Domingo
577,30/09/2013,1,SAO PAULO,0,GREMIO,1,,Domingo
577,30/09/2013,2,BAHIA,0,VASCO DA GAMA,0,,Domingo
577,30/09/2013,3,ATLETICO,3,SANTOS,1,,Domingo
577,30/09/2013,4,AMERICA,0,AVAI,0,,Sábado
577,30/09/2013,5,PALMEIRAS,0,AMERICA,0,,Sábado
577,30/09/2013,6,BRAGANTINO,1,SPORT,2,,Sábado
577,30/09/2013,7,SANTA CRUZ,0,SAMPAIO CORREA,0,,Domingo
577,30/09/2013,8,ATHLETICO,3,VITORIA,5,,Domingo
577,30/09/2013,9,NAUTICO,3,CORITIBA,0,,Sábado
577,30/09/2013,10,FLAMENGO,4,CRICIUMA,1,,Domingo
577,30/09/2013,11,BOTAFOGO,0,PONTE PRETA,1,,Sábado
577,30/09/2013,12,P.  DESPORTOS,4,CORINTHIANS,0,,Domingo
577,30/09/2013,13,GOIAS,1,FLUMINENSE,2,,Sábado
577,30/09/2013,14,INTERNACIONAL,1,CRUZEIRO,2,,Domingo
578,07/10/2013,1,FLAMENGO,1,VASCO DA GAMA,1,,Domingo
578,07/10/2013,2,INTERNACIONAL,1,FLUMINENSE,0,,Domingo
578,07/10/2013,3,BOTAFOGO,0,GREMIO,1,,Sábado
578,07/10/2013,4,ABC,3,PALMEIRAS,2,,Sábado
578,07/10/2013,5,SANTA CRUZ,2,BRASILIENSE,0,,Domingo
578,07/10/2013,6,FIGUEIRENSE,1,ATLETICO,1,,Sábado
578,07/10/2013,7,SAO CAETANO,3,PAYSANDU,1,,Sábado
578,07/10/2013,8,SAO PAULO,3,VITORIA,2,,Sábado
578,07/10/2013,9,PORTUGUESA,3,SANTOS,0,,Domingo
578,07/10/2013,10,BAHIA,1,PONTE PRETA,1,,Domingo
578,07/10/2013,11,ATHLETICO,2,CORITIBA,1,,Domingo
578,07/10/2013,12,NAUTICO,1,CRUZEIRO,4,,Domingo
578,07/10/2013,13,GOIAS,1,CRICIUMA,1,,Domingo
578,07/10/2013,14,ATLETICO,0,CORINTHIANS,0,,Domingo
579,14/10/2013,1,BOTAFOGO,2,FLAMENGO,1,,Domingo
579,14/10/2013,2,SAO PAULO,0,CORINTHIANS,0,,Domingo
579,14/10/2013,3,FLUMINENSE,1,GREMIO,1,,Sábado
579,14/10/2013,4,FORTALEZA,2,SAMPAIO CORREA,2,,Domingo
579,14/10/2013,5,TREZE,1,SANTA CRUZ,0,,Domingo
579,14/10/2013,6,AMERICA,2,ATLETICO,1,,Sábado
579,14/10/2013,7,SAO CAETANO,0,FIGUEIRENSE,2,,Sábado
579,14/10/2013,8,SANTOS,2,PONTE PRETA,1,,Sábado
579,14/10/2013,9,INTERNACIONAL,4,NAUTICO,1,,Domingo
579,14/10/2013,10,ATHLETICO,1,PORTUGUESA,0,,Domingo
579,14/10/2013,11,GOIAS,3,BAHIA,1,,Domingo
579,14/10/2013,12,CRICIUMA,3,VASCO DA GAMA,2,,Domingo
579,14/10/2013,13,VITORIA,2,CORITIBA,1,,Sábado
579,14/10/2013,14,ATLETICO,1,CRUZEIRO,0,,Domingo
580,21/10/2013,1,BOTAFOGO,2,VASCO DA GAMA,2,,Domingo
580,21/10/2013,2,ATLETICO,1,FLAMENGO,0,,Domingo
580,21/10/2013,3,BAHIA,0,SAO PAULO,1,,Domingo
580,21/10/2013,4,BRAGANTINO,0,PALMEIRAS,2,,Sábado
580,21/10/2013,5,FIGUEIRENSE,0,JOINVILLE,1,,Sábado
580,21/10/2013,6,CHAPECOENSE,0,SPORT,0,,Sábado
580,21/10/2013,7,SAO CAETANO,2,ICASA,1,,Sábado
580,21/10/2013,8,NAUTICO,1,SANTOS,5,,Sábado
580,21/10/2013,9,FLUMINENSE,1,PONTE PRETA,1,,Sábado
580,21/10/2013,10,CORINTHIANS,1,CRICIUMA,0,,Sábado
580,21/10/2013,11,PORTUGUESA,1,VITORIA,1,,Domingo
580,21/10/2013,12,GOIAS,3,ATHLETICO,0,,Domingo
580,21/10/2013,13,CORITIBA,2,CRUZEIRO,1,,Domingo
580,21/10/2013,14,INTERNACIONAL,2,GREMIO,2,,Domingo
581,28/10/2013,1,CORINTHIANS,1,SANTOS,1,,Domingo
581,28/10/2013,2,BOTAFOGO,1,ATLETICO,0,,Sábado
581,28/10/2013,3,BAHIA,1,ATHLETICO,1,,Domingo
581,28/10/2013,4,PALMEIRAS,0,SAO  CAETANO,0,,Sábado
581,28/10/2013,5,AMERICA,1,CEARA,0,,Sábado
581,28/10/2013,6,JOINVILLE,1,PARANA,0,,Sábado
581,28/10/2013,7,VILA NOVA,2,TREZE,0,,Domingo
581,28/10/2013,8,CRUZEIRO,5,CRICIUMA,3,,Sábado
581,28/10/2013,9,PORTUGUESA,0,FLAMENGO,0,,Domingo
581,28/10/2013,10,PONTE PRETA,2,VASCO DA GAMA,1,,Domingo
581,28/10/2013,11,NAUTICO,0,GOIAS,2,,Domingo
581,28/10/2013,12,FLUMINENSE,2,VITORIA,3,,Domingo
581,28/10/2013,13,CORITIBA,4,GREMIO,0,,Domingo
581,28/10/2013,14,INTERNACIONAL,2,SAO PAULO,3,,Domingo
582,04/11/2013,1,FLAMENGO,1,FLUMINENSE,0,,Domingo
582,04/11/2013,2,SANTOS,0,CRUZEIRO,1,,Domingo
582,04/11/2013,3,VASCO DA GAMA,2,CORITIBA,1,,Sábado
582,04/11/2013,4,AVAI,0,FIGUEIRENSE,4,,Domingo
582,04/11/2013,5,ABC,3,AMERICA,3,,Sábado
582,04/11/2013,6,PARANA,1,PALMEIRAS,1,,Sábado
582,04/11/2013,7,SPORT,3,SAO CAETANO,0,,Sábado
582,04/11/2013,8,ATLETICO,5,NAUTICO,0,,Sábado
582,04/11/2013,9,GOIAS,1,BOTAFOGO,0,,Domingo
582,04/11/2013,10,CRICIUMA,1,PONTE PRETA,1,,Domingo
582,04/11/2013,11,SAO PAULO,2,PORTUGUESA,1,,Sábado
582,04/11/2013,12,ATHLETICO,1,INTERNACIONAL,0,,Domingo
582,04/11/2013,13,VITORIA,1,CORINTHIANS,1,,Domingo
582,04/11/2013,14,GREMIO,0,BAHIA,0,,Domingo
583,11/11/2013,1,CRUZEIRO,3,GREMIO,0,,Domingo
583,11/11/2013,2,CORINTHIANS,1,FLUMINENSE,0,,Domingo
583,11/11/2013,3,VASCO DA GAMA,2,SANTOS,2,,Domingo
583,11/11/2013,4,PALMEIRAS,3,JOINVILLE,0,,Sábado
583,11/11/2013,5,CEARA,4,SPORT,1,,Sábado
583,11/11/2013,6,SAMPAIO CORREA,2,VILA NOVA,1,,Sábado
583,11/11/2013,7,ABC,1,ICASA,0,,Sábado
583,11/11/2013,8,FLAMENGO,1,GOIAS,1,,Sábado
583,11/11/2013,9,BAHIA,0,ATLETICO,0,,Sábado
583,11/11/2013,10,PORTUGUESA,0,CORITIBA,0,,Sábado
583,11/11/2013,11,PONTE PRETA,0,VITORIA,3,,Domingo
583,11/11/2013,12,NAUTICO,0,CRICIUMA,1,,Domingo
583,11/11/2013,13,ATHLETICO,3,SAO PAULO,0,,Domingo
583,11/11/2013,14,INTERNACIONAL,2,BOTAFOGO,1,,Domingo
584,18/11/2013,1,BRASIL,5,HONDURAS,0,,Sábado
584,18/11/2013,2,GREMIO,2,FLAMENGO,1,,Domingo
584,18/11/2013,3,CORINTHIANS,0,VASCO DA GAMA,0,,Domingo
584,18/11/2013,4,BOTAFOGO,4,ATHLETICO,0,,Sábado
584,18/11/2013,5,SAO CAETANO,3,JOINVILLE,2,,Sábado
584,18/11/2013,6,PALMEIRAS,3,BOA ESPORTE CLUBE,0,,Sábado
584,18/11/2013,7,SPORT,2,PARANA,0,,Sábado
584,18/11/2013,8,GOIAS,3,INTERNACIONAL,1,,Domingo
584,18/11/2013,9,CORITIBA,1,CRICIUMA,2,,Sábado
584,18/11/2013,10,CRUZEIRO,2,PONTE PRETA,2,,Domingo
584,18/11/2013,11,PORTUGUESA,2,ATLETICO,0,,Domingo
584,18/11/2013,12,NAUTICO,0,BAHIA,1,,Domingo
584,18/11/2013,13,VITORIA,2,SANTOS,0,,Domingo
584,18/11/2013,14,FLUMINENSE,2,SAO PAULO,1,,Domingo
585,25/11/2013,1,FLAMENGO,1,CORINTHIANS,0,,Domingo
585,25/11/2013,2,SANTOS,1,FLUMINENSE,0,,Domingo
585,25/11/2013,3,SAO PAULO,1,BOTAFOGO,1,,Domingo
585,25/11/2013,4,PALMEIRAS,4,CEARA,1,,Sábado
585,25/11/2013,5,SAO  CAETANO,2,AMERICA,2,,Sábado
585,25/11/2013,6,PAYSANDU,0,BRAGANTINO,1,,Sábado
585,25/11/2013,7,ABC,1,AVAI,0,,Sábado
585,25/11/2013,8,ATHLETICO,6,NAUTICO,1,,Domingo
585,25/11/2013,9,PONTE PRETA,1,GREMIO,1,,Domingo
585,25/11/2013,10,BAHIA,1,PORTUGUESA,0,,Domingo
585,25/11/2013,11,ATLETICO,4,GOIAS,1,,Sábado
585,25/11/2013,12,CRICIUMA,1,VITORIA,1,,Sábado
585,25/11/2013,13,INTERNACIONAL,0,CORITIBA,0,,Domingo
585,25/11/2013,14,VASCO DA GAMA,2,CRUZEIRO,1,,Sábado
586,02/12/2013,1,FLUMINENSE,2,ATLETICO,2,,Sábado
586,02/12/2013,2,GREMIO,1,GOIAS,0,,Domingo
586,02/12/2013,3,VITORIA,4,FLAMENGO,2,,Domingo
586,02/12/2013,4,SPORT,0,PAYSANDU,0,,Sábado
586,02/12/2013,5,CEARA,0,JOINVILLE,3,,Sábado
586,02/12/2013,6,BRAGANTINO,1,FIGUEIRENSE,1,,Sábado
586,02/12/2013,7,SANTA CRUZ,2,SAMPAIO CORREA,1,,Domingo
586,02/12/2013,8,CORITIBA,2,BOTAFOGO,1,,Domingo
586,02/12/2013,9,PONTE PRETA,0,PORTUGUESA,2,,Domingo
586,02/12/2013,10,SANTOS,2,ATHLETICO,1,,Domingo
586,02/12/2013,11,VASCO DA GAMA,2,NAUTICO,0,,Domingo
586,02/12/2013,12,CRICIUMA,1,SAO PAULO,0,,Domingo
586,02/12/2013,13,CRUZEIRO,1,BAHIA,2,,Domingo
586,02/12/2013,14,CORINTHIANS,0,INTERNACIONAL,0,,Sábado
587,09/12/2013,1,FLAMENGO,1,CRUZEIRO,1,,Sábado
587,09/12/2013,2,ATLETICO,2,VITORIA,2,,Domingo
587,09/12/2013,3,ATHLETICO,5,VASCO DA GAMA,1,,Domingo
587,09/12/2013,4,BOTAFOGO,3,CRICIUMA,0,,Domingo
587,09/12/2013,5,AGUIA,5,TIME NEGRA,2,,Sábado
587,09/12/2013,6,INDEPENDENTE,0,GAVIAO,2,,Sábado
587,09/12/2013,7,TUNA LUSO,1,CASTANHAL,1,,Sábado
587,09/12/2013,8,SAO RAIMUNDO,2,PARAUAPEBAS,1,,Sábado
587,09/12/2013,9,INTERNACIONAL,0,PONTE PRETA,0,,Domingo
587,09/12/2013,10,BAHIA,1,FLUMINENSE,2,,Domingo
587,09/12/2013,11,PORTUGUESA,0,GREMIO,0,,Domingo
587,09/12/2013,12,NAUTICO,1,CORINTHIANS,0,,Sábado
587,09/12/2013,13,GOIAS,0,SANTOS,3,,Domingo
587,09/12/2013,14,SAO PAULO,0,CORITIBA,1,,Domingo
588,06/01/2014,1,GOIAS,0,SANTA CRUZ,1,,Domingo
588,06/01/2014,2,CORITIBA,2,AMERICA,0,,Domingo
588,06/01/2014,3,INTER LIMEIRA,1,XV PIRACICABA,1,,Domingo
588,06/01/2014,4,PARANA,2,GUARANI,1,,Domingo
588,06/01/2014,5,FORTALEZA,0,CRB,6,,Domingo
588,06/01/2014,6,PALMEIRAS,1,FLUMINENSE,0,,Sábado
588,06/01/2014,7,AVAI,2,MOGI MIRIM,1,,Domingo
588,06/01/2014,8,BOTAFOGO,3,JI-PARANA,1,,Domingo
588,06/01/2014,9,FIGUEIRENSE,4,PAYSANDU,0,,Domingo
588,06/01/2014,10,VITORIA,2,JUVENTUS,0,,Domingo
588,06/01/2014,11,FLUMINENSE,4,CONFIANCA,0,,Sábado
588,06/01/2014,12,NAUTICO,0,PAULISTA,1,,Domingo
588,06/01/2014,13,AMERICA,2,VILA NOVA,2,,Domingo
588,06/01/2014,14,CORINTHIANS,1,REMO,1,,Domingo
589,13/01/2014,1,FERROVIARIO,0,FORTALEZA,4,,Domingo
589,13/01/2014,2,PAYSANDU,2,GAVIAO,1,,Domingo
589,13/01/2014,3,PARAGOMINAS,0,INDEPENDENTE,0,,Domingo
589,13/01/2014,4,HORIZONTE,3,ICASA,1,,Sábado
589,13/01/2014,5,SANTA CRUZ,0,SAO FRANCISCO,0,,Domingo
589,13/01/2014,6,AMERICA,0,VILLA NOVA,1,,Domingo
589,13/01/2014,7,JI-PARANA,2,RIO BRANCO,1,,Domingo
589,13/01/2014,8,MARILIA,0,INTERNACIONAL,2,,Sábado
589,13/01/2014,9,CRB,2,PONTE PRETA,2,,Sábado
589,13/01/2014,10,SAO BERNARDO,1,NAUTICO,1,,Sábado
589,13/01/2014,11,REMO,1,XV PIRACICABA,2,,Domingo
589,13/01/2014,12,ATIBAIA,0,AMERICA,3,,Sábado
589,13/01/2014,13,PORTUGUESA,2,BAHIA,1,,Sábado
589,13/01/2014,14,INTER LIMEIRA,0,CORINTHIANS,4,,Domingo
590,20/01/2014,1,PORTUGUESA,1,CORINTHIANS,2,,Domingo
590,20/01/2014,2,REMO,2,SANTA CRUZ,1,,Domingo
590,20/01/2014,3,MADUREIRA,3,FLUMINENSE,2,,Sábado
590,20/01/2014,4,GAMA,0,LUZIANIA,1,,Domingo
590,20/01/2014,5,ITAPIPOCA,1,FORTALEZA,3,,Domingo
590,20/01/2014,6,ANAPOLINA,0,GOIAS,1,,Sábado
590,20/01/2014,7,VASCO DA GAMA,1,BOAVISTA,1,,Sábado
590,20/01/2014,8,PONTE PRETA,1,ITUANO,0,,
590,20/01/2014,9,SERRA TALHADA,1,CENTRAL,1,,Domingo
590,20/01/2014,10,VERANOPOLIS,2,CAXIAS,2,,Domingo
590,20/01/2014,11,PARANA,2,CIANORTE,0,,Domingo
590,20/01/2014,12,SANTOS,1,XV PIRACICABA,0,,Sábado
590,20/01/2014,13,ALECRIM,1,PALMEIRA,1,,Domingo
590,20/01/2014,14,BRAGANTINO,2,SAO PAULO,0,,Domingo
591,28/01/2014,1,CORITIBA,2,PARANA,0,,Domingo
591,28/01/2014,2,GOIAS,0,VILA NOVA,0,,Domingo
591,28/01/2014,3,REMO,1,PAYSANDU,2,,Domingo
591,28/01/2014,4,JOINVILLE,1,CRICIUMA,1,,Domingo
591,28/01/2014,5,HORIZONTE,2,FORTALEZA,2,,Domingo
591,28/01/2014,6,FLAMENGO,2,DUQUE DE CAXIAS,2,,Sábado
591,28/01/2014,7,CABOFRIENSE,2,BOTAFOGO,1,,Domingo
591,28/01/2014,8,SAO PAULO,2,OESTE,1,,Domingo
591,28/01/2014,9,VASCO DA GAMA,6,FRIBURGUENSE,0,,Domingo
591,28/01/2014,10,ABC,2,ALECRIM,0,,Domingo
591,28/01/2014,11,SANTA MARIA,2,CEILANDIA,1,,Sábado
591,28/01/2014,12,CRB,2,TREZE,1,,Sábado
591,28/01/2014,13,ITUANO,0,SANTOS,1,,Domingo
591,28/01/2014,14,BOTAFOGO,1,NAUTICO,0,,
592,03/02/2014,1,VASCO DA GAMA,1,BOTAFOGO,0,,Domingo
592,03/02/2014,2,PONTE PRETA,2,CORINTHIANS,1,,Domingo
592,03/02/2014,3,PARAGOMINAS,1,REMO,0,,Domingo
592,03/02/2014,4,SERGIPE,1,AMERICA,1,,Sábado
592,03/02/2014,5,CORITIBA,1,CIANORTE,1,,Sábado
592,03/02/2014,6,FLAMENGO,5,MACAE,2,,Domingo
592,03/02/2014,7,NAUTICO,0,SPORT,3,,Domingo
592,03/02/2014,8,SANTOS,5,BOTAFOGO,1,,Sábado
592,03/02/2014,9,SANTA CRUZ,2,BAHIA,1,,Domingo
592,03/02/2014,10,FIGUEIRENSE,3,METROPOLITANO,2,,Domingo
592,03/02/2014,11,JUVENTUDE,1,GREMIO,1,,Domingo
592,03/02/2014,12,BANGU,0,FLUMINENSE,1,,Sábado
592,03/02/2014,13,CEARA,2,TREZE,0,,Domingo
592,03/02/2014,14,PALMEIRAS,2,SAO PAULO,0,,Domingo
593,10/02/2014,1,FLAMENGO,0,FLUMINENSE,3,,Sábado
593,10/02/2014,2,AVAI,0,CRICIUMA,0,,Domingo
593,10/02/2014,3,PONTE PRETA,2,SAO PAULO,1,,Domingo
593,10/02/2014,4,CRUZEIRO,2,AMERICA,0,,Domingo
593,10/02/2014,5,ATHLETICO,3,CORITIBA,0,,Domingo
593,10/02/2014,6,BOTAFOGO,0,FRIBURGUENSE,1,,Sábado
593,10/02/2014,7,TUPI,2,ATLETICO,0,,Sábado
593,10/02/2014,8,ITAPIPOCA,0,GUARANI,1,,Domingo
593,10/02/2014,9,SAO MATEUS,2,LINHARES,0,,Sábado
593,10/02/2014,10,BRAGANTINO,1,BOTAFOGO,1,,Sábado
593,10/02/2014,11,MOGI MIRIM,1,CORINTHIANS,1,,Domingo
593,10/02/2014,12,BANGU,0,MACAE,2,,Domingo
593,10/02/2014,13,ANAPOLINA,3,CRAC,0,,Domingo
593,10/02/2014,14,GREMIO,1,INTERNACIONAL,1,,Domingo
594,17/02/2014,1,VASCO DA GAMA,1,FLAMENGO,2,,Domingo
594,17/02/2014,2,CORINTHIANS,1,PALMEIRAS,1,,Domingo
594,17/02/2014,3,FIGUEIRENSE,1,AVAI,2,,Domingo
594,17/02/2014,4,BRASILIENSE,0,GAMA,0,,Sábado
594,17/02/2014,5,VILA NOVA,1,GOIAS,3,,Sábado
594,17/02/2014,6,CRICIUMA,2,CHAPECOENSE,1,,Domingo
594,17/02/2014,7,DUQUE DE CAXIAS,1,BOTAFOGO,2,,Domingo
594,17/02/2014,8,CIANORTE,2,ATHLETICO,1,,Domingo
594,17/02/2014,9,FORTALEZA,7,ITAPIPOCA,0,,Domingo
594,17/02/2014,10,FLUMINENSE,4,BOAVISTA,1,,Sábado
594,17/02/2014,11,INTERNACIONAL,4,CAXIAS,0,,Sábado
594,17/02/2014,12,SAO PAULO,0,PORTUGUESA,0,,Sábado
594,17/02/2014,13,ITUANO,2,BRAGANTINO,0,,Domingo
594,17/02/2014,14,ATLETICO,0,CRUZEIRO,0,,Domingo
595,24/02/2014,1,FLUMINENSE,0,BOTAFOGO,3,,Domingo
595,24/02/2014,2,VITORIA,1,BAHIA,1,,Domingo
595,24/02/2014,3,VOLTA REDONDA,1,BANGU,2,,Domingo
595,24/02/2014,4,AMERICA,3,ABC,2,,Domingo
595,24/02/2014,5,REMO,1,PAYSANDU,1,,Domingo
595,24/02/2014,6,AVAI,1,CHAPECOENSE,2,,Domingo
595,24/02/2014,7,VILA NOVA,0,ATLETICO,2,,Sábado
595,24/02/2014,8,VASCO DA GAMA,1,CABOFRIENSE,2,,Domingo
595,24/02/2014,9,JUVENTUS,1,CRICIUMA,1,,Domingo
595,24/02/2014,10,BOTAFOGO,3,PALMEIRAS,1,,Domingo
595,24/02/2014,11,BOA ESPORTE CLUBE,1,CRUZEIRO,3,,Sábado
595,24/02/2014,12,VERANOPOLIS,1,INTERNACIONAL,0,,Domingo
595,24/02/2014,13,ATLETICO,3,AMERICA,2,,Domingo
595,24/02/2014,14,SAO PAULO,0,SANTOS,0,,Domingo
596,06/03/2014,1,VILLA NOVA,1,ATLETICO,4,,Sábado
596,06/03/2014,2,CEILANDIA,0,BRASILIENSE,0,,Sábado
596,06/03/2014,3,ALECRIM,1,AMERICA,1,,Domingo
596,06/03/2014,4,UNIAO BARBARENSE,0,GUARANI,2,,Sábado
596,06/03/2014,5,LONDRINA,0,PARANA,0,,Sábado
596,06/03/2014,6,GREMIO BARUERI,0,SAO CAETANO,2,,Sábado
596,06/03/2014,7,BOTAFOGO,0,MACAE,2,,Sábado
596,06/03/2014,8,INTERPORTO,1,TOCANTINOPOLIS,0,,Sábado
596,06/03/2014,9,FLAMENGO,2,NOVA IGUACU,1,,Sábado
596,06/03/2014,10,CAPIVARIANO,1,MIRASSOL,3,,Sábado
596,06/03/2014,11,ARAGUAINA,0,GURUPI,3,,Sábado
596,06/03/2014,12,RIO BRANCO,1,SAO BENTO,1,,Sábado
596,06/03/2014,13,PONTE PRETA,2,OESTE,1,,Sábado
596,06/03/2014,14,SAO CARLOS,2,AMERICA,2,,Sábado
597,10/03/2014,1,BOTAFOGO,0,FLAMENGO,2,,Domingo
597,10/03/2014,2,FORTALEZA,1,CEARA,1,,Domingo
597,10/03/2014,3,GOIAS,1,ATLETICO,1,,Domingo
597,10/03/2014,4,PARANA,4,ATHLETICO,0,,Domingo
597,10/03/2014,5,VERANOPOLIS,1,SAO JOSE,1,,Domingo
597,10/03/2014,6,CRUZEIRO,2,TUPI,1,,Sábado
597,10/03/2014,7,SANTA CRUZ,1,ABC,1,,Domingo
597,10/03/2014,8,LONDRINA,2,CORITIBA,0,,Domingo
597,10/03/2014,9,DUQUE DE CAXIAS,2,FLUMINENSE,2,,Domingo
597,10/03/2014,10,BOAVISTA,1,VOLTA REDONDA,0,,Domingo
597,10/03/2014,11,AMERICA,1,VILLA NOVA,1,,Domingo
597,10/03/2014,12,GUARANI,0,ATLETICO,1,,Domingo
597,10/03/2014,13,PAULISTA,1,PALMEIRAS,3,,Domingo
597,10/03/2014,14,CORINTHIANS,2,SAO PAULO,3,,Domingo
598,17/03/2014,1,FLUMINENSE,1,VASCO DA GAMA,1,,Domingo
598,17/03/2014,2,MOGI MIRIM,1,PAULISTA,0,,
598,17/03/2014,3,ATLETICO,3,BOA ESPORTE CLUBE,0,,Domingo
598,17/03/2014,4,SALGUEIRO,2,SPORT,1,,Domingo
598,17/03/2014,5,CAXIAS,2,NOVO HAMBURGO,1,,Domingo
598,17/03/2014,6,SAO FRANCISCO,3,GAVIAO,1,,Sábado
598,17/03/2014,7,VITORIA CONQUISTA,2,BAHIA,3,,Domingo
598,17/03/2014,8,SAO PAULO,0,ITUANO,1,,Domingo
598,17/03/2014,9,FLAMENGO,2,BANGU,2,,Domingo
598,17/03/2014,10,BRAGANTINO,2,SAO BERNARDO,1,,Sábado
598,17/03/2014,11,ATLETICO,2,CRAC,0,,Domingo
598,17/03/2014,12,CEARA,5,HORIZONTE,1,,Domingo
598,17/03/2014,13,BOAVISTA,2,BOTAFOGO,1,,Sábado
598,17/03/2014,14,PALMEIRAS,3,PONTE PRETA,2,,Sábado
599,24/03/2014,1,SANTOS,2,PALMEIRAS,1,,Domingo
599,24/03/2014,2,CENTRAL,1,SALGUEIRO,0,,Domingo
599,24/03/2014,3,MOTO CLUBE,1,SAMPAIO CORREA,0,,Domingo
599,24/03/2014,4,BOTAFOGO,0,SAO PAULO,2,,Domingo
599,24/03/2014,5,ALECRIM,2,ABC,0,,Domingo
599,24/03/2014,6,FLAMENGO,5,CABOFRIENSE,3,,Domingo
599,24/03/2014,7,SAO BERNARDO,5,OESTE,2,,Domingo
599,24/03/2014,8,FORTALEZA,3,GUARANY,1,,Domingo
599,24/03/2014,9,VASCO DA GAMA,4,DUQUE DE CAXIAS,0,,Domingo
599,24/03/2014,10,BOTAFOGO,1,NOVA IGUACU,1,,Sábado
599,24/03/2014,11,NAUTICO,3,SANTA CRUZ,5,,Domingo
599,24/03/2014,12,FLUMINENSE,3,VOLTA REDONDA,1,,Domingo
599,24/03/2014,13,PARANA,0,ATHLETICO,2,,Domingo
599,24/03/2014,14,BAHIA,2,VITORIA,0,,Domingo
600,31/03/2014,1,FLUMINENSE,0,VASCO DA GAMA,1,,Domingo
600,31/03/2014,2,PAYSANDU,0,REMO,0,,Domingo
600,31/03/2014,3,ATLETICO,1,AMERICA,1,,Domingo
600,31/03/2014,4,CEARA,3,FORTALEZA,1,,Domingo
600,31/03/2014,5,SPORT,0,NAUTICO,1,,Domingo
600,31/03/2014,6,FLAMENGO,3,CABOFRIENSE,1,,Sábado
600,31/03/2014,7,HORIZONTE,1,GUARANY,1,,Domingo
600,31/03/2014,8,PARAGOMINAS,1,GAVIAO,0,,Sábado
600,31/03/2014,9,CONFIANCA,2,ITABAIANA,0,,Sábado
600,31/03/2014,10,METROPOLITANO,0,JOINVILLE,0,,Sábado
600,31/03/2014,11,CRUZEIRO,2,BOA ESPORTE CLUBE,1,,Domingo
600,31/03/2014,12,PORTO,0,SALGUEIRO,1,,Domingo
600,31/03/2014,13,CENTRAL,1,SANTA CRUZ,1,,Domingo
600,31/03/2014,14,CRICIUMA,2,FIGUEIRENSE,3,,Domingo
601,07/04/2014,1,VASCO DA GAMA,1,FLAMENGO,1,,Domingo
601,07/04/2014,2,ABC,0,AMERICA,1,,Domingo
601,07/04/2014,3,GAVIAO,1,REMO,2,,Domingo
601,07/04/2014,4,TREZE,1,CAMPINENSE,1,,Domingo
601,07/04/2014,5,CSA,0,ASA,3,,Domingo
601,07/04/2014,6,PAYSANDU,3,INDEPENDENTE,1,,Sábado
601,07/04/2014,7,ATLETICO,0,CRUZEIRO,0,,Domingo
601,07/04/2014,8,LINHARES,3,VITORIA,2,,Sábado
601,07/04/2014,9,SANTA CRUZ,0,CAMETA,0,,Sábado
601,07/04/2014,10,SAO FRANCISCO,2,PARAGOMINAS,1,,Domingo
601,07/04/2014,11,ICASA,3,FORTALEZA,1,,Domingo
601,07/04/2014,12,GUARANY,2,CEARA,3,,Domingo
601,07/04/2014,13,JOINVILLE,2,FIGUEIRENSE,1,,Domingo
601,07/04/2014,14,ITUANO,1,SANTOS,0,,Domingo
602,14/04/2014,1,FLAMENGO,1,VASCO DA GAMA,1,,Domingo
602,14/04/2014,2,GOIAS,0,ATLETICO,1,,Domingo
602,14/04/2014,3,FIGUEIRENSE,2,JOINVILLE,1,,Domingo
602,14/04/2014,4,CRUZEIRO,0,ATLETICO,0,,Domingo
602,14/04/2014,5,SPORT,1,SANTA CRUZ,0,,Domingo
602,14/04/2014,6,SAO FRANCISCO,1,PAYSANDU,1,,Domingo
602,14/04/2014,7,CRB,1,CSA,0,,Sábado
602,14/04/2014,8,SANTOS,1,ITUANO,0,,Domingo
602,14/04/2014,9,FORTALEZA,3,ICASA,1,,Sábado
602,14/04/2014,10,CEARA,5,GUARANY,2,,Domingo
602,14/04/2014,11,CAMETA,0,INDEPENDENTE,2,,Domingo
602,14/04/2014,12,CAMPINENSE,2,TREZE,1,,Domingo
602,14/04/2014,13,VITORIA,2,BAHIA,2,,Domingo
602,14/04/2014,14,INTERNACIONAL,4,GREMIO,1,,Domingo
603,22/04/2014,1,ATLETICO,0,CORINTHIANS,0,,Domingo
603,22/04/2014,2,SAO PAULO,3,BOTAFOGO,0,,Domingo
603,22/04/2014,3,FLAMENGO,0,GOIAS,0,,Domingo
603,22/04/2014,4,VASCO DA GAMA,1,AMERICA,1,,Sábado
603,22/04/2014,5,SANTA CRUZ,1,ABC,1,,Sábado
603,22/04/2014,6,CEARA,1,OESTE,0,,Sábado
603,22/04/2014,7,AMERICA,3,AVAI,1,,Sábado
603,22/04/2014,8,BRAGANTINO,2,NAUTICO,2,,Sábado
603,22/04/2014,9,INTERNACIONAL,1,VITORIA,0,,Sábado
603,22/04/2014,10,FLUMINENSE,3,FIGUEIRENSE,0,,Sábado
603,22/04/2014,11,ATHLETICO,1,GREMIO,0,,Domingo
603,22/04/2014,12,CRICIUMA,1,PALMEIRAS,2,,Domingo
603,22/04/2014,13,SANTOS,1,SPORT,1,,Domingo
603,22/04/2014,14,BAHIA,1,CRUZEIRO,2,,Domingo
604,28/04/2014,1,CORINTHIANS,2,FLAMENGO,0,,Domingo
604,28/04/2014,2,CRUZEIRO,1,SAO PAULO,1,,Domingo
604,28/04/2014,3,BOTAFOGO,2,INTERNACIONAL,2,,Domingo
604,28/04/2014,4,ATLETICO,2,PONTE PRETA,2,,Sábado
604,28/04/2014,5,BOTAFOGO,3,TREZE,2,,Sábado
604,28/04/2014,6,NAUTICO,2,VILA NOVA,0,,Sábado
604,28/04/2014,7,AMERICA,3,CEARA,0,,Sábado
604,28/04/2014,8,PALMEIRAS,0,FLUMINENSE,1,,Sábado
604,28/04/2014,9,CORITIBA,0,SANTOS,0,,Sábado
604,28/04/2014,10,PORTUGUESA,1,SANTA CRUZ,1,,Sábado
604,28/04/2014,11,GOIAS,1,CRICIUMA,0,,Domingo
604,28/04/2014,12,VITORIA,2,ATHLETICO,2,,Domingo
604,28/04/2014,13,FIGUEIRENSE,0,BAHIA,2,,Domingo
604,28/04/2014,14,GREMIO,2,ATLETICO,1,,Domingo
605,05/05/2014,1,FLAMENGO,4,PALMEIRAS,2,,Domingo
605,05/05/2014,2,SAO PAULO,2,CORITIBA,2,,Sábado
605,05/05/2014,3,BAHIA,1,BOTAFOGO,0,,Domingo
605,05/05/2014,4,AMERICA,0,ABC,2,,Sábado
605,05/05/2014,5,CRB,0,PAYSANDU,0,,Sábado
605,05/05/2014,6,VASCO DA GAMA,3,ATLETICO,0,,Sábado
605,05/05/2014,7,CEARA,2,NAUTICO,2,,Sábado
605,05/05/2014,8,INTERNACIONAL,2,SPORT,1,,Domingo
605,05/05/2014,9,ATHLETICO,2,CRUZEIRO,3,,Sábado
605,05/05/2014,10,FLUMINENSE,1,VITORIA,2,,Sábado
605,05/05/2014,11,CRICIUMA,1,FIGUEIRENSE,0,,Domingo
605,05/05/2014,12,ATLETICO,0,GOIAS,1,,Domingo
605,05/05/2014,13,CHAPECOENSE,0,CORINTHIANS,1,,Domingo
605,05/05/2014,14,SANTOS,0,GREMIO,0,,Sábado
606,12/05/2014,1,FLUMINENSE,2,FLAMENGO,0,,Domingo
606,12/05/2014,2,SAO PAULO,1,CORINTHIANS,1,,Domingo
606,12/05/2014,3,BAHIA,1,VITORIA,1,,Domingo
606,12/05/2014,4,PONTE PRETA,2,ABC,1,,Sábado
606,12/05/2014,5,SAMPAIO CORREA,0,AVAI,1,,
606,12/05/2014,6,JOINVILLE,1,NAUTICO,0,,Sábado
606,12/05/2014,7,CEARA,2,PARANA,1,,Sábado
606,12/05/2014,8,INTERNACIONAL,2,ATHLETICO,1,,Sábado
606,12/05/2014,9,PALMEIRAS,2,GOIAS,0,,Sábado
606,12/05/2014,10,BOTAFOGO,6,CRICIUMA,0,,Sábado
606,12/05/2014,11,CORITIBA,0,SPORT,1,,Domingo
606,12/05/2014,12,FIGUEIRENSE,0,SANTOS,2,,Domingo
606,12/05/2014,13,CHAPECOENSE,1,GREMIO,2,,Domingo
606,12/05/2014,14,ATLETICO,2,CRUZEIRO,1,,Domingo
607,19/05/2014,1,FLAMENGO,0,SAO PAULO,2,,Domingo
607,19/05/2014,2,SANTOS,1,ATLETICO,2,,Domingo
607,19/05/2014,3,SPORT,0,BAHIA,0,,
607,19/05/2014,4,AVAI,1,CEARA,1,,Sábado
607,19/05/2014,5,JUVENTUDE,0,GUARANI,0,,Sábado
607,19/05/2014,6,ABC,1,SAMPAIO CORREA,0,,Sábado
607,19/05/2014,7,NAUTICO,0,VASCO DA GAMA,1,,
607,19/05/2014,8,ATLETICO,0,JOINVILLE,0,,Sábado
607,19/05/2014,9,CRICIUMA,0,INTERNACIONAL,0,,Domingo
607,19/05/2014,10,AMERICA,2,VILA NOVA,0,,Sábado
607,19/05/2014,11,CRUZEIRO,3,CORITIBA,2,,Sábado
607,19/05/2014,12,CORINTHIANS,0,FIGUEIRENSE,1,,Domingo
607,19/05/2014,13,VITORIA,0,PALMEIRAS,1,,Domingo
607,19/05/2014,14,GREMIO,1,FLUMINENSE,0,,Domingo
608,26/05/2014,1,SANTOS,0,FLAMENGO,0,,Domingo
608,26/05/2014,2,BOTAFOGO,1,VITORIA,1,,Domingo
608,26/05/2014,3,ATHLETICO,2,CORITIBA,0,,Domingo
608,26/05/2014,4,JOINVILLE,0,VASCO DA GAMA,0,,Sábado
608,26/05/2014,5,VILA NOVA,1,AMERICA,3,,Sábado
608,26/05/2014,6,PARANA,2,NAUTICO,0,,Sábado
608,26/05/2014,7,FORTALEZA,0,CRB,0,,Sábado
608,26/05/2014,8,CHAPECOENSE,2,PALMEIRAS,0,,Domingo
608,26/05/2014,9,FIGUEIRENSE,0,GOIAS,1,,Domingo
608,26/05/2014,10,SPORT,1,CORINTHIANS,4,,Domingo
608,26/05/2014,11,SAO PAULO,1,GREMIO,0,,Sábado
608,26/05/2014,12,ATLETICO,0,CRICIUMA,0,,Domingo
608,26/05/2014,13,BAHIA,0,FLUMINENSE,1,,Sábado
608,26/05/2014,14,INTERNACIONAL,1,CRUZEIRO,3,,Domingo
609,02/06/2014,1,CRUZEIRO,3,FLAMENGO,0,,Domingo
609,02/06/2014,2,GREMIO,0,PALMEIRAS,0,,Domingo
609,02/06/2014,3,SAO PAULO,2,ATLETICO,1,,Sábado
609,02/06/2014,4,SAMPAIO CORREA,2,CEARA,2,,Sábado
609,02/06/2014,5,PAYSANDU,1,FORTALEZA,2,,Sábado
609,02/06/2014,6,AMERICA,1,NAUTICO,3,,Sábado
609,02/06/2014,7,VASCO DA GAMA,1,P.  DESPORTOS,1,,Sábado
609,02/06/2014,8,CORITIBA,3,GOIAS,0,,Sábado
609,02/06/2014,9,VITORIA,0,SPORT,1,,Sábado
609,02/06/2014,10,FLUMINENSE,1,INTERNACIONAL,1,,Domingo
609,02/06/2014,11,CHAPECOENSE,2,BAHIA,1,,Domingo
609,02/06/2014,12,SANTOS,2,CRICIUMA,0,,Domingo
609,02/06/2014,13,FIGUEIRENSE,1,ATHLETICO,3,,Domingo
609,02/06/2014,14,CORINTHIANS,1,BOTAFOGO,1,,Domingo
610,16/06/2014,1,BRASIL,3,CROACIA,1,,Quinta-feira
610,16/06/2014,2,MEXICO,1,CAMAROES,0,,Sexta-feira
610,16/06/2014,3,ESPANHA,1,HOLANDA,5,,Sexta-feira
610,16/06/2014,4,CHILE,3,AUSTRALIA,1,,Sexta-feira
610,16/06/2014,5,COLOMBIA,3,GRECIA,0,,Sábado
610,16/06/2014,6,URUGUAI,1,COSTA RICA,3,,Sábado
610,16/06/2014,7,INGLATERRA,1,ITALIA,2,,Sábado
610,16/06/2014,8,COSTA DO MARFIM,2,JAPAO,1,,Sábado
610,16/06/2014,9,SUICA,2,EQUADOR,1,,Domingo
610,16/06/2014,10,FRANCA,3,HONDURAS,0,,Domingo
610,16/06/2014,11,ARGENTINA,2,BOSNIA HERZEGOV,1,,Domingo
610,16/06/2014,12,ALEMANHA,4,PORTUGAL,0,,Segunda-feira
610,16/06/2014,13,IRA,0,NIGERIA,0,,Segunda-feira
610,16/06/2014,14,GANA,1,ESTADOS UNIDOS,2,,Segunda-feira
611,23/06/2014,1,BRASIL,0,MEXICO,0,,Terça-feira
611,23/06/2014,2,BELGICA,2,ARGELIA,1,,Terça-feira
611,23/06/2014,3,RUSSIA,1,COREIA DO SUL,1,,Terça-feira
611,23/06/2014,4,AUSTRALIA,2,HOLANDA,3,,Quarta-feira
611,23/06/2014,5,ESPANHA,0,CHILE,2,,Quarta-feira
611,23/06/2014,6,CAMAROES,0,CROACIA,4,,Quarta-feira
611,23/06/2014,7,COLOMBIA,2,COSTA DO MARFIM,1,,Quinta-feira
611,23/06/2014,8,URUGUAI,2,INGLATERRA,1,,Quinta-feira
611,23/06/2014,9,JAPAO,0,GRECIA,0,,Quinta-feira
611,23/06/2014,10,ITALIA,0,COSTA RICA,1,,Sexta-feira
611,23/06/2014,11,SUICA,2,FRANCA,5,,Sexta-feira
611,23/06/2014,12,HONDURAS,1,EQUADOR,2,,Sexta-feira
611,23/06/2014,13,ALEMANHA,2,GANA,2,,Sábado
611,23/06/2014,14,NIGERIA,1,BOSNIA HERZEGOV,0,,Sábado
612,26/06/2014,1,CAMAROES,1,BRASIL,4,,Segunda-feira
612,26/06/2014,2,AUSTRALIA,0,ESPANHA,3,,Segunda-feira
612,26/06/2014,3,HOLANDA,2,CHILE,0,,Segunda-feira
612,26/06/2014,4,CROACIA,1,MEXICO,3,,Segunda-feira
612,26/06/2014,5,ITALIA,0,URUGUAI,1,,Terça-feira
612,26/06/2014,6,COSTA RICA,0,INGLATERRA,0,,Terça-feira
612,26/06/2014,7,JAPAO,1,COLOMBIA,4,,Terça-feira
612,26/06/2014,8,GRECIA,2,COSTA DO MARFIM,1,,Terça-feira
612,26/06/2014,9,NIGERIA,2,ARGENTINA,3,,Quarta-feira
612,26/06/2014,10,BOSNIA HERZEGOV,3,IRA,1,,Quarta-feira
612,26/06/2014,11,HONDURAS,0,SUICA,3,,Quarta-feira
612,26/06/2014,12,EQUADOR,0,FRANCA,0,,Quarta-feira
612,26/06/2014,13,ESTADOS UNIDOS,0,ALEMANHA,1,,Quinta-feira
612,26/06/2014,14,PORTUGAL,2,GANA,1,,Quinta-feira
613,21/07/2014,1,INTERNACIONAL,4,FLAMENGO,0,,Domingo
613,21/07/2014,2,BOTAFOGO,1,CORITIBA,0,,Sábado
613,21/07/2014,3,ATHLETICO,2,CRICIUMA,0,,Domingo
613,21/07/2014,4,VILA NOVA,3,SANTA CRUZ,2,,Sábado
613,21/07/2014,5,TREZE,1,FORTALEZA,1,,Sábado
613,21/07/2014,6,BRAGANTINO,0,SAMPAIO CORREA,1,,Sábado
613,21/07/2014,7,VASCO DA GAMA,1,AMERICA,1,,Sábado
613,21/07/2014,8,ATLETICO,1,BAHIA,1,,Sábado
613,21/07/2014,9,VITORIA,0,CORINTHIANS,0,,Domingo
613,21/07/2014,10,GOIAS,0,SPORT,0,,Domingo
613,21/07/2014,11,FIGUEIRENSE,0,GREMIO,1,,Sábado
613,21/07/2014,12,SAO PAULO,0,CHAPECOENSE,1,,Sábado
613,21/07/2014,13,PALMEIRAS,1,CRUZEIRO,2,,Domingo
613,21/07/2014,14,FLUMINENSE,1,SANTOS,0,,Domingo
614,28/07/2014,1,FLAMENGO,1,BOTAFOGO,0,,Domingo
614,28/07/2014,2,GREMIO,2,CORITIBA,3,,Domingo
614,28/07/2014,3,BAHIA,0,INTERNACIONAL,1,,Sábado
614,28/07/2014,4,PONTE PRETA,0,VASCO DA GAMA,0,,Sábado
614,28/07/2014,5,SANTA CRUZ,2,CEARA,3,,Sábado
614,28/07/2014,6,ATLETICO,2,NAUTICO,0,,Sábado
614,28/07/2014,7,SAMPAIO CORREA,2,VILA NOVA,0,,Sábado
614,28/07/2014,8,CRICIUMA,1,VITORIA,3,,Sábado
614,28/07/2014,9,GOIAS,2,SAO PAULO,1,,Domingo
614,28/07/2014,10,ATHLETICO,0,FLUMINENSE,3,,Domingo
614,28/07/2014,11,CRUZEIRO,5,FIGUEIRENSE,0,,Sábado
614,28/07/2014,12,SANTOS,3,CHAPECOENSE,0,,Sábado
614,28/07/2014,13,SPORT,2,ATLETICO,1,,Domingo
614,28/07/2014,14,CORINTHIANS,2,PALMEIRAS,0,,Domingo
615,04/08/2014,1,BOTAFOGO,1,CRUZEIRO,1,,Sábado
615,04/08/2014,2,PALMEIRAS,1,BAHIA,1,,Domingo
615,04/08/2014,3,CORITIBA,0,CORINTHIANS,0,,Domingo
615,04/08/2014,4,VASCO DA GAMA,1,PARANA,0,,Sábado
615,04/08/2014,5,BOTAFOGO,2,AGUIA,0,,Domingo
615,04/08/2014,6,SAMPAIO CORREA,3,PONTE PRETA,3,,Sábado
615,04/08/2014,7,AMERICA,0,SANTA CRUZ,1,,Sábado
615,04/08/2014,8,SAO PAULO,1,CRICIUMA,1,,Sábado
615,04/08/2014,9,CHAPECOENSE,1,FLAMENGO,0,,Domingo
615,04/08/2014,10,FIGUEIRENSE,3,SPORT,0,,Domingo
615,04/08/2014,11,FLUMINENSE,2,GOIAS,0,,Domingo
615,04/08/2014,12,ATLETICO,3,ATHLETICO,1,,Domingo
615,04/08/2014,13,VITORIA,2,GREMIO,1,,Sábado
615,04/08/2014,14,INTERNACIONAL,1,SANTOS,0,,Domingo
616,11/08/2014,1,SANTOS,0,CORINTHIANS,1,,Domingo
616,11/08/2014,2,INTERNACIONAL,2,GREMIO,0,,Domingo
616,11/08/2014,3,SAO PAULO,3,VITORIA,1,,Domingo
616,11/08/2014,4,GUARANI,0,SAO CAETANO,1,,Domingo
616,11/08/2014,5,TREZE,0,BOTAFOGO,1,,Sábado
616,11/08/2014,6,SANTA CRUZ,3,NAUTICO,0,,Sábado
616,11/08/2014,7,ABC,1,VASCO DA GAMA,2,,Sábado
616,11/08/2014,8,FLUMINENSE,1,CORITIBA,1,,Sábado
616,11/08/2014,9,BAHIA,1,GOIAS,0,,Sábado
616,11/08/2014,10,FLAMENGO,1,SPORT,0,,Domingo
616,11/08/2014,11,ATHLETICO,2,BOTAFOGO,0,,Domingo
616,11/08/2014,12,CHAPECOENSE,0,FIGUEIRENSE,1,,Domingo
616,11/08/2014,13,CRICIUMA,0,CRUZEIRO,0,,Sábado
616,11/08/2014,14,ATLETICO,2,PALMEIRAS,1,,Domingo
617,18/08/2014,1,BOTAFOGO,2,FLUMINENSE,0,,Domingo
617,18/08/2014,2,CRUZEIRO,3,SANTOS,0,,Domingo
617,18/08/2014,3,CORINTHIANS,1,BAHIA,1,,Sábado
617,18/08/2014,4,ICASA,0,AMERICA,2,,Sábado
617,18/08/2014,5,ASA,3,TREZE,0,,Domingo
617,18/08/2014,6,VASCO DA GAMA,2,CEARA,0,,Sábado
617,18/08/2014,7,SANTA CRUZ,1,BRAGANTINO,0,,
617,18/08/2014,8,CORITIBA,0,FLAMENGO,1,,Domingo
617,18/08/2014,9,FIGUEIRENSE,2,ATLETICO,2,,Domingo
617,18/08/2014,10,OESTE,1,VILA NOVA,3,,Sábado
617,18/08/2014,11,VITORIA,0,CHAPECOENSE,0,,Domingo
617,18/08/2014,12,GREMIO,2,CRICIUMA,0,,Domingo
617,18/08/2014,13,GOIAS,0,INTERNACIONAL,1,,Sábado
617,18/08/2014,14,PALMEIRAS,1,SAO PAULO,2,,Domingo
618,25/08/2014,1,GREMIO,2,CORINTHIANS,1,,Domingo
618,25/08/2014,2,ATLETICO,1,INTERNACIONAL,0,,Sábado
618,25/08/2014,3,FLUMINENSE,4,SPORT,0,,Domingo
618,25/08/2014,4,ATLETICO,2,SAMPAIO CORREA,4,,Sábado
618,25/08/2014,5,GUARANY,2,REMO,4,,Domingo
618,25/08/2014,6,PORTUGUESA,1,CEARA,1,,Sábado
618,25/08/2014,7,NAUTICO,2,AMERICA,1,,Sábado
618,25/08/2014,8,PALMEIRAS,1,CORITIBA,0,,Sábado
618,25/08/2014,9,BOTAFOGO,1,CHAPECOENSE,0,,Sábado
618,25/08/2014,10,VITORIA,0,FIGUEIRENSE,1,,Domingo
618,25/08/2014,11,ATHLETICO,0,BAHIA,0,,Domingo
618,25/08/2014,12,CRICIUMA,0,FLAMENGO,2,,Domingo
618,25/08/2014,13,GOIAS,0,CRUZEIRO,1,,Domingo
618,25/08/2014,14,SAO PAULO,2,SANTOS,1,,Domingo
619,01/09/2014,1,CORINTHIANS,1,FLUMINENSE,1,,Domingo
619,01/09/2014,2,VITORIA,1,FLAMENGO,2,,Domingo
619,01/09/2014,3,PALMEIRAS,0,INTERNACIONAL,1,,Sábado
619,01/09/2014,4,MOTO CLUBE,2,RIVER,2,,Domingo
619,01/09/2014,5,CRB,1,BOTAFOGO,1,,Sábado
619,01/09/2014,6,BRAGANTINO,1,ABC,0,,Sábado
619,01/09/2014,7,PONTE PRETA,2,NAUTICO,0,,Sábado
619,01/09/2014,8,CRUZEIRO,4,CHAPECOENSE,2,,Sábado
619,01/09/2014,9,FIGUEIRENSE,1,SAO PAULO,1,,Domingo
619,01/09/2014,10,GREMIO,1,BAHIA,0,,Domingo
619,01/09/2014,11,CORITIBA,0,ATLETICO,0,,Domingo
619,01/09/2014,12,SPORT,2,CRICIUMA,0,,Domingo
619,01/09/2014,13,GOIAS,3,ATHLETICO,1,,Domingo
619,01/09/2014,14,BOTAFOGO,1,SANTOS,0,,Domingo
620,08/09/2014,1,FLAMENGO,0,GREMIO,1,,Sábado
620,08/09/2014,2,ATLETICO,1,BOTAFOGO,0,,Domingo
620,08/09/2014,3,CRB,3,FORTALEZA,0,,Domingo
620,08/09/2014,4,AMERICA,2,VASCO DA GAMA,3,,Sábado
620,08/09/2014,5,OESTE,3,CEARA,1,,Sábado
620,08/09/2014,6,AVAI,0,AMERICA,0,,Sábado
620,08/09/2014,7,ABC,2,SANTA CRUZ,1,,Sábado
620,08/09/2014,8,SANTOS,3,VITORIA,1,,Sábado
620,08/09/2014,9,CHAPECOENSE,0,GOIAS,0,,Sábado
620,08/09/2014,10,CRICIUMA,0,CORINTHIANS,0,,Domingo
620,08/09/2014,11,BAHIA,0,CORITIBA,0,,Domingo
620,08/09/2014,12,SAO PAULO,2,SPORT,0,,Domingo
620,08/09/2014,13,INTERNACIONAL,2,FIGUEIRENSE,3,,Domingo
620,08/09/2014,14,FLUMINENSE,3,CRUZEIRO,3,,Domingo
621,15/09/2014,1,FLAMENGO,1,CORINTHIANS,0,,Domingo
621,15/09/2014,2,FLUMINENSE,3,PALMEIRAS,0,,Sábado
621,15/09/2014,3,ATLETICO,0,GREMIO,0,,Domingo
621,15/09/2014,4,PARANA,3,SANTA CRUZ,2,,Sábado
621,15/09/2014,5,ATLETICO,1,VASCO DA GAMA,1,,Sábado
621,15/09/2014,6,ABC,0,AMERICA,0,,Sábado
621,15/09/2014,7,AVAI,2,VILA NOVA,1,,Sábado
621,15/09/2014,8,ATHLETICO,2,VITORIA,0,,Domingo
621,15/09/2014,9,FORTALEZA,0,PAYSANDU,0,,Domingo
621,15/09/2014,10,CRICIUMA,1,GOIAS,0,,Domingo
621,15/09/2014,11,BAHIA,3,FIGUEIRENSE,0,,Domingo
621,15/09/2014,12,SANTOS,2,CORITIBA,1,,Sábado
621,15/09/2014,13,SAO PAULO,2,CRUZEIRO,0,,Domingo
621,15/09/2014,14,INTERNACIONAL,2,BOTAFOGO,0,,Domingo
622,22/09/2014,1,FLAMENGO,1,FLUMINENSE,1,,Domingo
622,22/09/2014,2,CORINTHIANS,3,SAO PAULO,2,,Domingo
622,22/09/2014,3,GOIAS,6,PALMEIRAS,0,,Domingo
622,22/09/2014,4,SAMPAIO CORREA,2,ABC,1,,Sábado
622,22/09/2014,5,VILA NOVA,0,AMERICA,1,,Sábado
622,22/09/2014,6,MOTO CLUBE,2,REMO,1,,Domingo
622,22/09/2014,7,VASCO DA GAMA,2,NAUTICO,1,,Sábado
622,22/09/2014,8,GREMIO,1,CHAPECOENSE,0,,Domingo
622,22/09/2014,9,ATHLETICO,0,INTERNACIONAL,1,,Sábado
622,22/09/2014,10,CRICIUMA,1,BOTAFOGO,1,,Sábado
622,22/09/2014,11,SPORT,1,CORITIBA,0,,Domingo
622,22/09/2014,12,SANTOS,3,FIGUEIRENSE,1,,Domingo
622,22/09/2014,13,VITORIA,2,BAHIA,1,,Domingo
622,22/09/2014,14,CRUZEIRO,2,ATLETICO,3,,Domingo
623,29/09/2014,1,SAO PAULO,1,FLUMINENSE,3,,Sábado
623,29/09/2014,2,ATLETICO,2,VITORIA,0,,Domingo
623,29/09/2014,3,BAHIA,2,FLAMENGO,1,,Domingo
623,29/09/2014,4,PONTE PRETA,3,CEARA,1,,Sábado
623,29/09/2014,5,BOTAFOGO,0,FORTALEZA,0,,Domingo
623,29/09/2014,6,AMERICA,1,SANTA CRUZ,0,,Sábado
623,29/09/2014,7,ATLETICO,2,PORTUGUESA,1,,Sábado
623,29/09/2014,8,CHAPECOENSE,1,CRICIUMA,1,,Sábado
623,29/09/2014,9,SANTOS,2,GOIAS,0,,Domingo
623,29/09/2014,10,FIGUEIRENSE,3,PALMEIRAS,1,,Domingo
623,29/09/2014,11,INTERNACIONAL,4,CORITIBA,2,,Domingo
623,29/09/2014,12,ATHLETICO,1,CORINTHIANS,0,,Domingo
623,29/09/2014,13,SPORT,0,CRUZEIRO,0,,Sábado
623,29/09/2014,14,ICASA,1,ABC,0,,Sábado
624,06/10/2014,1,FLAMENGO,0,SANTOS,1,,Sábado
624,06/10/2014,2,GREMIO,0,SAO PAULO,1,,Sábado
624,06/10/2014,3,VITORIA,2,BOTAFOGO,1,,Sábado
624,06/10/2014,4,FORTALEZA,3,ASA,2,,Sábado
624,06/10/2014,5,BRASILIENSE,1,REMO,1,,Sábado
624,06/10/2014,6,AMERICA,1,JOINVILLE,0,,Sábado
624,06/10/2014,7,FLUMINENSE,1,BAHIA,1,,Sábado
624,06/10/2014,8,CORINTHIANS,3,SPORT,0,,Sábado
624,06/10/2014,9,CRICIUMA,3,ATLETICO,1,,Sábado
624,06/10/2014,10,GOIAS,1,FIGUEIRENSE,0,,Sábado
624,06/10/2014,11,CORITIBA,1,ATHLETICO,0,,Sábado
624,06/10/2014,12,CRUZEIRO,2,INTERNACIONAL,1,,Sábado
624,06/10/2014,13,F PORTUGUESA,0,F ADECO,0,,Sábado
624,06/10/2014,14,F VASCO DA GAMA,1,F FERROVIARIA,3,,Sábado
625,13/10/2014,1,FLAMENGO,3,CRUZEIRO,0,,Domingo
625,13/10/2014,2,BOTAFOGO,1,CORINTHIANS,0,,Sábado
625,13/10/2014,3,PALMEIRAS,2,GREMIO,1,,Sábado
625,13/10/2014,4,NAUTICO,2,ABC,1,,Sábado
625,13/10/2014,5,PONTE PRETA,1,SANTA CRUZ,1,,Sábado
625,13/10/2014,6,AMERICA,2,SAMPAIO CORREA,2,,Sábado
625,13/10/2014,7,CRICIUMA,3,SANTOS,0,,Domingo
625,13/10/2014,8,SPORT,1,VITORIA,2,,Domingo
625,13/10/2014,9,AMERICA,3,P.  DESPORTOS,1,,Sábado
625,13/10/2014,10,GOIAS,3,CORITIBA,0,,Sábado
625,13/10/2014,11,ATHLETICO,3,FIGUEIRENSE,0,,Domingo
625,13/10/2014,12,BAHIA,0,CHAPECOENSE,1,,Domingo
625,13/10/2014,13,INTERNACIONAL,2,FLUMINENSE,1,,Domingo
625,13/10/2014,14,ATLETICO,1,SAO PAULO,0,,Domingo
626,20/10/2014,1,INTERNACIONAL,1,CORINTHIANS,2,,Domingo
626,20/10/2014,2,GOIAS,0,GREMIO,0,,Sábado
626,20/10/2014,3,SAO PAULO,2,BAHIA,1,,Sábado
626,20/10/2014,4,JOINVILLE,3,CEARA,0,,Sábado
626,20/10/2014,5,SANTA CRUZ,1,VASCO DA GAMA,0,,Sábado
626,20/10/2014,6,BRAGANTINO,2,AMERICA,1,,Sábado
626,20/10/2014,7,SAMPAIO CORREA,1,NAUTICO,1,,Sábado
626,20/10/2014,8,ATHLETICO,2,FLAMENGO,1,,Domingo
626,20/10/2014,9,BOTAFOGO,1,SPORT,1,,Domingo
626,20/10/2014,10,FLUMINENSE,4,CRICIUMA,2,,Sábado
626,20/10/2014,11,FIGUEIRENSE,4,CORITIBA,0,,Domingo
626,20/10/2014,12,ATLETICO,1,CHAPECOENSE,0,,Sábado
626,20/10/2014,13,F FERROVIARIA,3,F ADECO,1,,Domingo
626,20/10/2014,14,F PINHEIRENSE,0,F VITORIA,0,,Domingo
627,27/10/2014,1,BOTAFOGO,2,FLAMENGO,1,,Sábado
627,27/10/2014,2,INTERNACIONAL,2,BAHIA,0,,Sábado
627,27/10/2014,3,CORITIBA,1,GREMIO,1,,Sábado
627,27/10/2014,4,VASCO DA GAMA,1,PONTE PRETA,1,,Sábado
627,27/10/2014,5,ATLETICO,3,SPORT,2,,Sábado
627,27/10/2014,6,VILA NOVA,4,SAMPAIO CORREA,1,,Sábado
627,27/10/2014,7,NAUTICO,1,ATLETICO,2,,Sábado
627,27/10/2014,8,VITORIA,3,CRICIUMA,1,,Sábado
627,27/10/2014,9,FLUMINENSE,2,ATHLETICO,1,,Sábado
627,27/10/2014,10,CHAPECOENSE,1,SANTOS,1,,Sábado
627,27/10/2014,11,FIGUEIRENSE,1,CRUZEIRO,1,,Sábado
627,27/10/2014,12,PALMEIRAS,1,CORINTHIANS,1,,Sábado
627,27/10/2014,13,F ADECO,4,F VITORIA,0,,Sábado
627,27/10/2014,14,F KINDERMANN,6,F CAUCAIA,0,,Sábado
628,03/11/2014,1,CRUZEIRO,2,BOTAFOGO,1,,Domingo
628,03/11/2014,2,SPORT,1,FIGUEIRENSE,0,,Domingo
628,03/11/2014,3,BAHIA,0,PALMEIRAS,1,,Domingo
628,03/11/2014,4,PONTE PRETA,1,SAMPAIO CORREA,0,,Sábado
628,03/11/2014,5,ABC,1,AMERICA,0,,Sábado
628,03/11/2014,6,ICASA,3,NAUTICO,1,,Sábado
628,03/11/2014,7,SANTA CRUZ,0,AMERICA,1,,Sábado
628,03/11/2014,8,ATHLETICO,1,ATLETICO,0,,Domingo
628,03/11/2014,9,CORINTHIANS,2,CORITIBA,2,,Sábado
628,03/11/2014,10,GREMIO,1,VITORIA,0,,Sábado
628,03/11/2014,11,GOIAS,0,FLUMINENSE,2,,Sábado
628,03/11/2014,12,CRICIUMA,1,SAO PAULO,2,,Domingo
628,03/11/2014,13,FLAMENGO,3,CHAPECOENSE,0,,Domingo
628,03/11/2014,14,SANTOS,1,INTERNACIONAL,2,,Domingo
629,10/11/2014,1,CORINTHIANS,1,SANTOS,0,,Domingo
629,10/11/2014,2,PALMEIRAS,0,ATLETICO,2,,Sábado
629,10/11/2014,3,SPORT,2,FLAMENGO,2,,Domingo
629,10/11/2014,4,NAUTICO,0,SANTA CRUZ,0,,Sábado
629,10/11/2014,5,BRAGANTINO,0,PONTE PRETA,2,,Sábado
629,10/11/2014,6,VASCO DA GAMA,1,ABC,0,,Sábado
629,10/11/2014,7,AMERICA,1,ICASA,1,,Sábado
629,10/11/2014,8,GOIAS,3,BAHIA,0,,Domingo
629,10/11/2014,9,VITORIA,1,SAO PAULO,2,,Domingo
629,10/11/2014,10,CORITIBA,1,FLUMINENSE,0,,Sábado
629,10/11/2014,11,BOTAFOGO,0,ATHLETICO,2,,Sábado
629,10/11/2014,12,CRUZEIRO,3,CRICIUMA,1,,Domingo
629,10/11/2014,13,FIGUEIRENSE,1,CHAPECOENSE,0,,Domingo
629,10/11/2014,14,GREMIO,4,INTERNACIONAL,1,,Domingo
630,17/11/2014,1,FLUMINENSE,1,BOTAFOGO,0,,Sábado
630,17/11/2014,2,ATLETICO,1,FIGUEIRENSE,1,,Domingo
630,17/11/2014,3,FLAMENGO,3,CORITIBA,2,,Domingo
630,17/11/2014,4,JOINVILLE,3,PONTE PRETA,1,,Sábado
630,17/11/2014,5,CEARA,2,VASCO DA GAMA,0,,Sábado
630,17/11/2014,6,BRAGANTINO,2,SANTA CRUZ,1,,Sábado
630,17/11/2014,7,AMERICA,2,ICASA,0,,Sábado
630,17/11/2014,8,CRICIUMA,0,GREMIO,3,,Sábado
630,17/11/2014,9,INTERNACIONAL,1,GOIAS,0,,Sábado
630,17/11/2014,10,ATHLETICO,0,SPORT,1,,Sábado
630,17/11/2014,11,CHAPECOENSE,0,VITORIA,1,,Domingo
630,17/11/2014,12,SANTOS,0,CRUZEIRO,1,,Domingo
630,17/11/2014,13,BAHIA,1,CORINTHIANS,2,,Domingo
630,17/11/2014,14,SAO PAULO,2,PALMEIRAS,0,,Domingo
631,24/11/2014,1,CORINTHIANS,1,GREMIO,0,,Domingo
631,24/11/2014,2,INTERNACIONAL,2,ATLETICO,1,,Sábado
631,24/11/2014,3,CORITIBA,2,PALMEIRAS,0,,Domingo
631,24/11/2014,4,PONTE PRETA,0,AMERICA,1,,Sábado
631,24/11/2014,5,SANTA CRUZ,0,AVAI,1,,Sábado
631,24/11/2014,6,PAYSANDU,3,MACAE,3,,Sábado
631,24/11/2014,7,VASCO DA GAMA,1,ICASA,1,,Sábado
631,24/11/2014,8,FIGUEIRENSE,2,VITORIA,0,,Domingo
631,24/11/2014,9,FLAMENGO,1,CRICIUMA,1,,Domingo
631,24/11/2014,10,SPORT,2,FLUMINENSE,2,,Domingo
631,24/11/2014,11,CHAPECOENSE,2,BOTAFOGO,0,,Domingo
631,24/11/2014,12,BAHIA,1,ATHLETICO,2,,Sábado
631,24/11/2014,13,CRUZEIRO,2,GOIAS,1,,Domingo
631,24/11/2014,14,SANTOS,0,SAO PAULO,1,,Domingo
632,01/12/2014,1,FLUMINENSE,5,CORINTHIANS,2,,Domingo
632,01/12/2014,2,INTERNACIONAL,3,PALMEIRAS,1,,Sábado
632,01/12/2014,3,FLAMENGO,4,VITORIA,0,,Sábado
632,01/12/2014,4,NAUTICO,1,PONTE PRETA,1,,Sábado
632,01/12/2014,5,AMERICA,4,SAMPAIO CORREA,0,,Sábado
632,01/12/2014,6,ATLETICO,2,SANTA CRUZ,3,,Sábado
632,01/12/2014,7,AVAI,1,VASCO DA GAMA,0,,Sábado
632,01/12/2014,8,BAHIA,1,GREMIO,0,,Domingo
632,01/12/2014,9,CRICIUMA,2,SPORT,2,,Sábado
632,01/12/2014,10,SAO PAULO,1,FIGUEIRENSE,1,,Domingo
632,01/12/2014,11,ATHLETICO,1,GOIAS,0,,Domingo
632,01/12/2014,12,SANTOS,2,BOTAFOGO,0,,Domingo
632,01/12/2014,13,CHAPECOENSE,1,CRUZEIRO,1,,Domingo
632,01/12/2014,14,ATLETICO,1,CORITIBA,2,,Domingo
633,08/12/2014,1,GREMIO,1,FLAMENGO,1,,Domingo
633,08/12/2014,2,BOTAFOGO,0,ATLETICO,0,,Domingo
633,08/12/2014,3,VITORIA,0,SANTOS,1,,Domingo
633,08/12/2014,4,PALMEIRAS,1,ATHLETICO,1,,Domingo
633,08/12/2014,5,AMERICA,1,CENTRAL,1,,Domingo
633,08/12/2014,6,PORTO,0,SERRA TALHADA,0,,Domingo
633,08/12/2014,7,VERA CRUZ,2,ATLETICO,1,,Domingo
633,08/12/2014,8,YPIRANGA,1,PESQUEIRA,0,,Domingo
633,08/12/2014,9,CORINTHIANS,0,CRICIUMA,0,,
633,08/12/2014,10,FIGUEIRENSE,0,INTERNACIONAL,0,,
633,08/12/2014,11,CORITIBA,3,BAHIA,2,,Domingo
633,08/12/2014,12,SPORT,1,SAO PAULO,0,,Domingo
633,08/12/2014,13,GOIAS,4,CHAPECOENSE,2,,Domingo
633,08/12/2014,14,CRUZEIRO,2,FLUMINENSE,1,,Domingo
634,05/01/2015,1,CRICIUMA,2,SAO JOSE,0,,Domingo
634,05/01/2015,2,AMERICA,0,CONFIANCA,3,,Domingo
634,05/01/2015,3,CEARA,0,GAMA,0,,Domingo
634,05/01/2015,4,CATANDUVENSE,3,PONTE PRETA,3,,Domingo
634,05/01/2015,5,SAO CARLOS,3,ITABAIANA,1,,Domingo
634,05/01/2015,6,SAO PAULO,7,SERRANO,0,,Sábado
634,05/01/2015,7,BARUERI,4,RIO BRANCO,1,,Domingo
634,05/01/2015,8,BAHIA,4,COMERCIAL,0,,Domingo
634,05/01/2015,9,VITORIA,1,PORTO,1,,Domingo
634,05/01/2015,10,ATIBAIA,1,PORTUGUESA,1,,Domingo
634,05/01/2015,11,PARANA,1,MIRASSOL,1,,Domingo
634,05/01/2015,12,GOIANIA,2,NAUTICO,1,,Domingo
634,05/01/2015,13,BOTAFOGO,0,XV PIRACICABA,0,,Domingo
634,05/01/2015,14,FLAMENGO,4,SAMPAIO CORREA,1,,Sábado
635,12/01/2015,1,INTER LIMEIRA,0,PALMEIRAS,0,,Domingo
635,12/01/2015,2,ATIBAIA,1,VITORIA,3,,Sábado
635,12/01/2015,3,S. BERNARDO,0,ATLETICO,3,,Sábado
635,12/01/2015,4,AMERICA,0,GREMIO,3,,Sábado
635,12/01/2015,5,ITUANO,1,INTERNACIONAL,0,,Domingo
635,12/01/2015,6,NOROESTE,1,FLUMINENSE,3,,Domingo
635,12/01/2015,7,JUVENTUS,3,FIGUEIRENSE,3,,Sábado
635,12/01/2015,8,CRICIUMA,2,VILA NOVA,0,,Sábado
635,12/01/2015,9,RIO PRETO,0,CONFIANCA,0,,Sábado
635,12/01/2015,10,XV PIRACICABA,3,ITABAIANA,2,,Sábado
635,12/01/2015,11,SAO CARLOS,3,BOTAFOGO,4,,Sábado
635,12/01/2015,12,SUMARE,0,SPORT,1,,Sábado
635,12/01/2015,13,SAO  CAETANO,7,PALMEIRA,1,,Domingo
635,12/01/2015,14,BARUERI,0,CORINTHIANS,4,,Sábado
636,19/01/2015,1,BRASIL,0,URUGUAI,2,,Sábado
636,19/01/2015,2,CHILE,2,VENEZUELA,0,,Sábado
636,19/01/2015,3,ARGENTINA,6,PERU,2,,Domingo
636,19/01/2015,4,EQUADOR,5,BOLIVIA,0,,Domingo
636,19/01/2015,5,GUARANY,2,CEARA,1,,Domingo
636,19/01/2015,6,CENTRAL,3,SERRA TALHADA,2,,Domingo
636,19/01/2015,7,GUARANI,1,MARANGUAPE,2,,Domingo
636,19/01/2015,8,HORIZONTE,1,ICASA,1,,Sábado
636,19/01/2015,9,VERA CRUZ,1,PORTO,2,,Domingo
636,19/01/2015,10,AMERICA,1,YPIRANGA,0,,Domingo
636,19/01/2015,11,FORTALEZA,3,SAO BENEDITO,2,,Domingo
636,19/01/2015,12,CAMPINENSE,1,AUTO ESPORTE,0,,
636,19/01/2015,13,PESQUEIRA,1,ATLETICO,1,,Domingo
636,19/01/2015,14,BOTAFOGO,0,TREZE,0,,
637,26/01/2015,1,FORTALEZA,1,HORIZONTE,1,,Sábado
637,26/01/2015,2,GAMA,2,SANTA MARIA,1,,Domingo
637,26/01/2015,3,PORTO,1,ATLETICO,1,,Domingo
637,26/01/2015,4,ITABAIANA,0,SERGIPE,1,,Domingo
637,26/01/2015,5,VERA CRUZ,0,SERRA TALHADA,6,,Domingo
637,26/01/2015,6,ITAPIPOCA,0,GUARANI,2,,Domingo
637,26/01/2015,7,MARANGUAPE,0,CEARA,1,,Domingo
637,26/01/2015,8,ICASA,1,QUIXADA,0,,Domingo
637,26/01/2015,9,AMERICA,0,PESQUEIRA,2,,Sábado
637,26/01/2015,10,BRASILIENSE,3,CEILANDENSE,3,,Domingo
637,26/01/2015,11,ESTANCIANO,2,CORITIBA,1,,Domingo
637,26/01/2015,12,AUTO ESPORTE,2,MIRAMAR,1,,Domingo
637,26/01/2015,13,YPIRANGA,1,CENTRAL,1,,Domingo
637,26/01/2015,14,CONFIANCA,1,BOCA JUNIOR,0,,Domingo
638,02/02/2015,1,SANTOS,3,ITUANO,0,,Domingo
638,02/02/2015,2,CABOFRIENSE,0,VASCO DA GAMA,2,,Domingo
638,02/02/2015,3,CORINTHIANS,3,MARILIA,0,,Domingo
638,02/02/2015,4,JOINVILLE,2,AVAI,2,,Domingo
638,02/02/2015,5,BANGU,1,MADUREIRA,1,,Sábado
638,02/02/2015,6,PONTE PRETA,2,PORTUGUESA,3,,Domingo
638,02/02/2015,7,REMO,1,PARAUAPEBAS,2,,Domingo
638,02/02/2015,8,XV PIRACICABA,0,MOGI MIRIM,1,,Sábado
638,02/02/2015,9,FLUMINENSE,2,FRIBURGUENSE,1,,Domingo
638,02/02/2015,10,ATLETICO,2,TUPI,0,,Domingo
638,02/02/2015,11,VITORIA CONQUISTA,2,BAHIA,0,,Domingo
638,02/02/2015,12,CEARA,4,GUARANY,0,,Sábado
638,02/02/2015,13,MACAE,1,FLAMENGO,1,,Sábado
638,02/02/2015,14,SANTA CRUZ,0,SPORT,3,,Domingo
639,09/02/2015,1,PALMEIRAS,0,CORINTHIANS,1,,Domingo
639,09/02/2015,2,GUARANI,2,CEARA,2,,Domingo
639,09/02/2015,3,ATHLETICO,1,PARANA,0,,Domingo
639,09/02/2015,4,SERGIPE,1,CONFIANCA,1,,Domingo
639,09/02/2015,5,SPORT,1,NAUTICO,0,,Domingo
639,09/02/2015,6,SAO PAULO,2,XV PIRACICABA,0,,Sábado
639,09/02/2015,7,FLUMINENSE,2,BANGU,1,,Domingo
639,09/02/2015,8,CABOFRIENSE,1,VOLTA REDONDA,3,,Domingo
639,09/02/2015,9,ABC,3,PALMEIRA,0,,Domingo
639,09/02/2015,10,MAMORE,0,ATLETICO,2,,Sábado
639,09/02/2015,11,FORTALEZA,1,ICASA,0,,Sábado
639,09/02/2015,12,BOTAFOGO,1,PONTE PRETA,1,,Domingo
639,09/02/2015,13,CHAPECOENSE,2,CRICIUMA,0,,Domingo
639,09/02/2015,14,ATLETICO,1,GOIAS,2,,Domingo
640,18/02/2015,1,CORINTHIANS,2,BOTAFOGO,1,,Sábado
640,18/02/2015,2,HORIZONTE,1,FORTALEZA,3,,Sábado
640,18/02/2015,3,SAO BENTO,0,PALMEIRAS,1,,Sábado
640,18/02/2015,4,CAXIAS,1,INTERNACIONAL,2,,Sábado
640,18/02/2015,5,VILLA NOVA,2,BOA ESPORTE,1,,Sábado
640,18/02/2015,6,S. BERNARDO,0,SANTOS,1,,Sábado
640,18/02/2015,7,TREZE,1,ATLETICO,0,,
640,18/02/2015,8,CEARA,4,MARANGUAPE,3,,Sábado
640,18/02/2015,9,TUPI,1,AMERICA,2,,Sábado
640,18/02/2015,10,SAO JOSE (PA),0,JUVENTUDE,1,,Domingo
640,18/02/2015,11,NOVO HAMBURGO,0,BRASIL,0,,Sábado
640,18/02/2015,12,ITUANO,0,CAPIVARIANO,0,,Domingo
640,18/02/2015,13,GUARANI,0,ITAPIPOCA,1,,Sábado
640,18/02/2015,14,GREMIO,0,VERANOPOLIS,1,,Sábado
641,23/02/2015,1,FLUMINENSE,0,VASCO DA GAMA,1,,Domingo
641,23/02/2015,2,BOTAFOGO,0,TREZE,1,,Domingo
641,23/02/2015,3,CRUZEIRO,3,BOA ESPORTE,0,,Sábado
641,23/02/2015,4,ALECRIM,0,ABC,1,,Sábado
641,23/02/2015,5,PONTE PRETA,2,SAO BERNARDO,0,,Domingo
641,23/02/2015,6,PORTUGUESA,1,SANTOS,3,,Domingo
641,23/02/2015,7,SPORT,4,SERRA TALHADA,2,,Domingo
641,23/02/2015,8,SAO JOSE (PA),1,VERANOPOLIS,0,,Domingo
641,23/02/2015,9,RIO BRANCO,0,REMO,2,,Domingo
641,23/02/2015,10,MADUREIRA,1,FLAMENGO,1,,Domingo
641,23/02/2015,11,CENTRAL,1,NAUTICO,1,,Domingo
641,23/02/2015,12,BOTAFOGO,2,NOVA IGUACU,1,,Sábado
641,23/02/2015,13,SAO MATEUS,0,RIO BRANCO,1,,Sábado
641,23/02/2015,14,AMERICA,2,ATLETICO,1,,Domingo
642,02/03/2015,1,BOTAFOGO,1,FLAMENGO,0,,Domingo
642,02/03/2015,2,AVAI,1,FIGUEIRENSE,1,,Domingo
642,02/03/2015,3,SANTA CRUZ,0,NAUTICO,0,,Domingo
642,02/03/2015,4,XV PIRACICABA,2,BOTAFOGO,1,,Domingo
642,02/03/2015,5,INTERNACIONAL,0,GREMIO,0,,Domingo
642,02/03/2015,6,VASCO DA GAMA,2,BANGU,0,,Sábado
642,02/03/2015,7,CENTRAL,1,SPORT,0,,Domingo
642,02/03/2015,8,SANTOS,4,LINENSE,2,,Domingo
642,02/03/2015,9,CORINTHIANS,3,MOGI MIRIM,0,,Domingo
642,02/03/2015,10,PALMEIRAS,2,CAPIVARIANO,0,,Sábado
642,02/03/2015,11,TUPI,0,CRUZEIRO,3,,Sábado
642,02/03/2015,12,VERANOPOLIS,2,NOVO HAMBURGO,0,,Sábado
642,02/03/2015,13,ABC,1,AMERICA,1,,Domingo
642,02/03/2015,14,VITORIA,1,BAHIA,1,,Domingo
643,09/03/2015,1,FLUMINENSE,3,BOTAFOGO,1,,Domingo
643,09/03/2015,2,SAO PAULO,0,CORINTHIANS,1,,Domingo
643,09/03/2015,3,CEARA,1,FORTALEZA,2,,Sábado
643,09/03/2015,4,JUVENTUDE,1,INTERNACIONAL,0,,Domingo
643,09/03/2015,5,CORITIBA,1,LONDRINA,0,,Domingo
643,09/03/2015,6,GOIAS,1,ATLETICO,0,,Domingo
643,09/03/2015,7,VILLA NOVA,0,AMERICA,0,,Domingo
643,09/03/2015,8,FLAMENGO,2,FRIBURGUENSE,0,,Sábado
643,09/03/2015,9,BANGU,4,BOAVISTA,2,,Sábado
643,09/03/2015,10,PALMEIRAS,1,BRAGANTINO,0,,Sábado
643,09/03/2015,11,MOGI MIRIM,2,PONTE PRETA,2,,Sábado
643,09/03/2015,12,GREMIO,3,CAXIAS,1,,Sábado
643,09/03/2015,13,BOTAFOGO,0,SANTOS,3,,Domingo
643,09/03/2015,14,CRUZEIRO,1,ATLETICO,1,,Domingo
644,16/03/2015,1,PONTE PRETA,1,SAO PAULO,2,,Domingo
644,16/03/2015,2,SANTA CRUZ,1,CENTRAL,0,,Domingo
644,16/03/2015,3,GAMA,0,BRASILIENSE,0,,Domingo
644,16/03/2015,4,MACAE,1,FLUMINENSE,0,,Domingo
644,16/03/2015,5,PALMEIRAS,1,XV PIRACICABA,0,,Domingo
644,16/03/2015,6,VASCO DA GAMA,5,NOVA IGUACU,1,,Domingo
644,16/03/2015,7,MARILIA,1,SANTOS,4,,Sábado
644,16/03/2015,8,LINENSE,1,BRAGANTINO,0,,Sábado
644,16/03/2015,9,CABOFRIENSE,0,MADUREIRA,3,,Domingo
644,16/03/2015,10,CEARA,2,ICASA,0,,Sábado
644,16/03/2015,11,BRASIL,0,INTERNACIONAL,2,,Domingo
644,16/03/2015,12,TUPI,3,VILLA NOVA,0,,Domingo
644,16/03/2015,13,SERRA TALHADA,0,NAUTICO,2,,Domingo
644,16/03/2015,14,LONDRINA,0,PARANA,0,,Sábado
645,23/03/2015,1,FLAMENGO,2,VASCO DA GAMA,1,,Domingo
645,23/03/2015,2,AMERICA,0,CRUZEIRO,2,,Domingo
645,23/03/2015,3,VITORIA CONQUISTA,2,BAHIA DE FEIRA,2,,Domingo
645,23/03/2015,4,VERANOPOLIS,0,INTERNACIONAL,1,,Domingo
645,23/03/2015,5,BRAGANTINO,0,PONTE PRETA,1,,Sábado
645,23/03/2015,6,CABOFRIENSE,0,BOTAFOGO,1,,Domingo
645,23/03/2015,7,VOLTA REDONDA,0,MADUREIRA,3,,Sábado
645,23/03/2015,8,ALECRIM,0,AMERICA,2,,Domingo
645,23/03/2015,9,MACAE,1,BANGU,1,,Sábado
645,23/03/2015,10,CAPIVARIANO,2,CORINTHIANS,3,,Domingo
645,23/03/2015,11,SAO BERNARDO,0,PALMEIRAS,1,,Domingo
645,23/03/2015,12,SAO PAULO,3,MARILIA,0,,Domingo
645,23/03/2015,13,MOGI MIRIM,1,PORTUGUESA,1,,Sábado
645,23/03/2015,14,NAUTICO,0,SPORT,2,,Domingo
646,30/03/2015,1,VASCO DA GAMA,1,BOTAFOGO,1,,Domingo
646,30/03/2015,2,BRAGANTINO,0,CORINTHIANS,1,,Domingo
646,30/03/2015,3,ATLETICO,3,VILLA NOVA,0,,Domingo
646,30/03/2015,4,ITUANO,0,PORTUGUESA,0,,Sábado
646,30/03/2015,5,BRASIL,0,VERANOPOLIS,0,,Domingo
646,30/03/2015,6,MOGI MIRIM,2,MARILIA,0,,Sábado
646,30/03/2015,7,SAO PAULO,3,LINENSE,0,,Domingo
646,30/03/2015,8,FRIBURGUENSE,1,VOLTA REDONDA,1,,Domingo
646,30/03/2015,9,CABOFRIENSE,0,NOVA IGUACU,0,,Domingo
646,30/03/2015,10,XV PIRACICABA,1,PONTE PRETA,0,,Domingo
646,30/03/2015,11,SANTOS,2,SAO BENTO,2,,Domingo
646,30/03/2015,12,REMO,1,PAYSANDU,3,,Domingo
646,30/03/2015,13,LONDRINA,1,ATHLETICO,0,,Domingo
646,30/03/2015,14,PARANA,0,CORITIBA,0,,Domingo
647,06/04/2015,1,BOTAFOGO,2,SAO PAULO,0,,Domingo
647,06/04/2015,2,SAO JOSE,1,GREMIO,1,,Domingo
647,06/04/2015,3,NOVO HAMBURGO,2,CAXIAS,1,,Domingo
647,06/04/2015,4,SPORT,1,SANTA CRUZ,1,,Domingo
647,06/04/2015,5,PAYSANDU,2,REMO,0,,Domingo
647,06/04/2015,6,BATATAIS,2,PAULISTA,3,,Sábado
647,06/04/2015,7,LINENSE,1,SAO BERNARDO,4,,Domingo
647,06/04/2015,8,PALMEIRAS,3,MOGI MIRIM,1,,Sábado
647,06/04/2015,9,SALGUEIRO,4,NAUTICO,1,,Domingo
647,06/04/2015,10,MARILIA,1,ITUANO,2,,Sábado
647,06/04/2015,11,SERRA TALHADA,2,CENTRAL,1,,Domingo
647,06/04/2015,12,CRICIUMA,0,FIGUEIRENSE,1,,Domingo
647,06/04/2015,13,MAMORE,0,GUARANI,1,,Domingo
647,06/04/2015,14,CORINTHIANS,1,SANTOS,1,,Domingo
648,13/04/2015,1,BAHIA,3,SPORT,2,,Domingo
648,13/04/2015,2,VITORIA,2,CEARA,2,,Sábado
648,13/04/2015,3,JOINVILLE,3,FIGUEIRENSE,1,,Domingo
648,13/04/2015,4,PAYSANDU,9,SAO FRANCISCO,0,,Domingo
648,13/04/2015,5,SAO CAETANO,0,GUARANI,1,,Sábado
648,13/04/2015,6,PAULISTA,3,CATANDUVENSE,1,,Domingo
648,13/04/2015,7,JUVENTUS,2,INTER LIMEIRA,0,,Domingo
648,13/04/2015,8,IPATINGA,1,TRICORDIANO,2,,Sábado
648,13/04/2015,9,ESTRELA DO NORTE,0,RIO BRANCO,1,,Sábado
648,13/04/2015,10,MIRASSOL,2,SOROCABA,0,,Domingo
648,13/04/2015,11,INDEPENDENTE,1,GAVIAO,1,,Domingo
648,13/04/2015,12,PARAUAPEBAS,4,CAMETA,1,,Domingo
648,13/04/2015,13,PARAGOMINAS,0,REMO,1,,Domingo
648,13/04/2015,14,CRICIUMA,1,METROPOLITANO,0,,Domingo
649,20/04/2015,1,FLAMENGO,0,VASCO DA GAMA,1,,Domingo
649,20/04/2015,2,BOTAFOGO,2,FLUMINENSE,1,,Sábado
649,20/04/2015,3,SANTA CRUZ,4,CENTRAL,0,,Sábado
649,20/04/2015,4,REMO,2,PAYSANDU,0,,Sábado
649,20/04/2015,5,TREZE,1,CAMPINENSE,1,,Domingo
649,20/04/2015,6,CHAPECOENSE,1,CRICIUMA,0,,Domingo
649,20/04/2015,7,BRASILIA,0,LUZIANIA,1,,
649,20/04/2015,8,BOTAFOGO,4,AUTO ESPORTE,2,,Domingo
649,20/04/2015,9,MIRASSOL,3,SANTO ANDRE,1,,Domingo
649,20/04/2015,10,METROPOLITANO,0,JOINVILLE,0,,Domingo
649,20/04/2015,11,SALGUEIRO,2,SPORT,0,,Domingo
649,20/04/2015,12,GAMA,0,BRASILIENSE,1,,Sábado
649,20/04/2015,13,CORITIBA,3,LONDRINA,0,,Domingo
649,20/04/2015,14,CRUZEIRO,1,ATLETICO,2,,Domingo
650,27/04/2015,1,VASCO DA GAMA,1,BOTAFOGO,0,,Domingo
650,27/04/2015,2,GREMIO,0,INTERNACIONAL,0,,Domingo
650,27/04/2015,3,SPORT,1,SALGUEIRO,1,,Domingo
650,27/04/2015,4,VITORIA CONQUISTA,3,BAHIA,0,,Domingo
650,27/04/2015,5,FIGUEIRENSE,0,JOINVILLE,0,,Domingo
650,27/04/2015,6,UNIAO BARBARENSE,1,PAULISTA,1,,Sábado
650,27/04/2015,7,FORTALEZA,2,CEARA,1,,Domingo
650,27/04/2015,8,APARECIDENSE,0,GOIAS,2,,Domingo
650,27/04/2015,9,CATANDUVENSE,2,SANTO ANDRE,3,,Sábado
650,27/04/2015,10,CENTRAL,0,SANTA CRUZ,2,,Domingo
650,27/04/2015,11,AMERICA,2,ALECRIM,1,,Domingo
650,27/04/2015,12,AUTO ESPORTE,0,TREZE,0,,
650,27/04/2015,13,BOTAFOGO,0,CAMPINENSE,2,,Domingo
650,27/04/2015,14,PALMEIRAS,1,SANTOS,0,,Domingo
651,04/05/2015,1,BOTAFOGO,1,VASCO DA GAMA,2,,Domingo
651,04/05/2015,2,SANTOS,2,PALMEIRAS,1,,Domingo
651,04/05/2015,3,BRASILIA,0,GAMA,1,,Sábado
651,04/05/2015,4,CEARA,2,FORTALEZA,2,,Domingo
651,04/05/2015,5,CALDENSE,1,ATLETICO,2,,Domingo
651,04/05/2015,6,GOIAS,1,APARECIDENSE,1,,Domingo
651,04/05/2015,7,BAHIA,6,VITORIA CONQUISTA,0,,Domingo
651,04/05/2015,8,JOINVILLE,0,FIGUEIRENSE,0,,Domingo
651,04/05/2015,9,PAULISTA,1,SAO  CAETANO,4,,Domingo
651,04/05/2015,10,MIRASSOL,3,UNIAO BARBARENSE,2,,Domingo
651,04/05/2015,11,FERROVIARIA,0,GUARANI,0,,Domingo
651,04/05/2015,12,CORITIBA,0,OPERARIO,3,,Domingo
651,04/05/2015,13,RIO BRANCO,0,ESTRELA DO NORTE,0,,Sábado
651,04/05/2015,14,INTERNACIONAL,2,GREMIO,1,,Domingo
652,11/05/2015,1,SAO PAULO,2,FLAMENGO,1,,Domingo
652,11/05/2015,2,CRUZEIRO,0,CORINTHIANS,1,,Domingo
652,11/05/2015,3,ATHLETICO,3,INTERNACIONAL,0,,Domingo
652,11/05/2015,4,AMERICA,1,BAHIA,1,,Sábado
652,11/05/2015,5,PAYSANDU,0,BOTAFOGO,1,,Sábado
652,11/05/2015,6,MACAE,2,SANTA CRUZ,0,,Sábado
652,11/05/2015,7,VITORIA,0,SAMPAIO CORREA,2,,Sábado
652,11/05/2015,8,SPORT,4,FIGUEIRENSE,1,,Domingo
652,11/05/2015,9,AVAI,1,SANTOS,1,,Domingo
652,11/05/2015,10,FLUMINENSE,1,JOINVILLE,0,,Sábado
652,11/05/2015,11,CHAPECOENSE,2,CORITIBA,1,,Sábado
652,11/05/2015,12,GREMIO,3,PONTE PRETA,3,,Domingo
652,11/05/2015,13,VASCO DA GAMA,0,GOIAS,0,,Domingo
652,11/05/2015,14,PALMEIRAS,2,ATLETICO,2,,Sábado
653,18/05/2015,1,ATLETICO,4,FLUMINENSE,1,,Domingo
653,18/05/2015,2,JOINVILLE,0,PALMEIRAS,0,,Domingo
653,18/05/2015,3,CORITIBA,2,GREMIO,0,,Sábado
653,18/05/2015,4,BOTAFOGO,1,SALGUEIRO,2,,Domingo
653,18/05/2015,5,CEARA,2,ATLETICO,0,,Sábado
653,18/05/2015,6,BOTAFOGO,4,CRB,1,,Sábado
653,18/05/2015,7,BRAGANTINO,1,PAYSANDU,0,,Sábado
653,18/05/2015,8,GOIAS,2,ATHLETICO,0,,Sábado
653,18/05/2015,9,FIGUEIRENSE,0,VASCO DA GAMA,0,,Domingo
653,18/05/2015,10,CORINTHIANS,1,CHAPECOENSE,0,,Sábado
653,18/05/2015,11,PONTE PRETA,1,SAO PAULO,0,,Domingo
653,18/05/2015,12,INTERNACIONAL,1,AVAI,0,,Domingo
653,18/05/2015,13,FLAMENGO,2,SPORT,2,,Domingo
653,18/05/2015,14,SANTOS,1,CRUZEIRO,0,,Domingo
654,25/05/2015,1,FLUMINENSE,0,CORINTHIANS,0,,Domingo
654,25/05/2015,2,PALMEIRAS,0,GOIAS,1,,Domingo
654,25/05/2015,3,AVAI,2,FLAMENGO,1,,Domingo
654,25/05/2015,4,PAYSANDU,2,CEARA,1,,Sábado
654,25/05/2015,5,AMERICA,4,SANTA CRUZ,1,,Sábado
654,25/05/2015,6,ATLETICO,0,BOTAFOGO,0,,Sábado
654,25/05/2015,7,CRB,0,BAHIA,3,,Sábado
654,25/05/2015,8,FORTALEZA,3,VILA NOVA,2,,Sábado
654,25/05/2015,9,SPORT,1,CORITIBA,0,,Domingo
654,25/05/2015,10,SAO PAULO,3,JOINVILLE,0,,Sábado
654,25/05/2015,11,CRUZEIRO,1,PONTE PRETA,1,,Domingo
654,25/05/2015,12,GREMIO,1,FIGUEIRENSE,0,,Sábado
654,25/05/2015,13,ATHLETICO,1,ATLETICO,0,,Domingo
654,25/05/2015,14,VASCO DA GAMA,1,INTERNACIONAL,1,,Sábado
655,01/06/2015,1,FLAMENGO,2,FLUMINENSE,3,,Domingo
655,01/06/2015,2,CORINTHIANS,0,PALMEIRAS,2,,Domingo
655,01/06/2015,3,INTERNACIONAL,0,SAO PAULO,0,,Domingo
655,01/06/2015,4,ASA,3,AMERICA,0,,Sábado
655,01/06/2015,5,SAMPAIO CORREA,1,NAUTICO,1,,Sábado
655,01/06/2015,6,CRICIUMA,1,ATLETICO,0,,Sábado
655,01/06/2015,7,BOTAFOGO,2,VITORIA,0,,Sábado
655,01/06/2015,8,CORITIBA,1,AVAI,2,,Sábado
655,01/06/2015,9,BOTAFOGO,2,CONFIANCA,1,,Sábado
655,01/06/2015,10,JOINVILLE,1,ATHLETICO,2,,Sábado
655,01/06/2015,11,FIGUEIRENSE,2,CRUZEIRO,1,,Domingo
655,01/06/2015,12,SANTOS,2,SPORT,2,,Domingo
655,01/06/2015,13,GOIAS,1,GREMIO,1,,Domingo
655,01/06/2015,14,ATLETICO,3,VASCO DA GAMA,0,,Domingo
656,08/06/2015,1,BRASIL,2,MEXICO,0,,Domingo
656,08/06/2015,2,ATLETICO,1,CRUZEIRO,3,,Sábado
656,08/06/2015,3,SAO PAULO,2,GREMIO,0,,Sábado
656,08/06/2015,4,PAYSANDU,2,PARANA,1,,Sábado
656,08/06/2015,5,BRAGANTINO,2,BAHIA,0,,Sábado
656,08/06/2015,6,CEARA,1,SAMPAIO CORREA,3,,Sábado
656,08/06/2015,7,GOIAS,0,AVAI,1,,Domingo
656,08/06/2015,8,FIGUEIRENSE,2,PALMEIRAS,1,,Domingo
656,08/06/2015,9,SANTOS,2,PONTE PRETA,2,,Sábado
656,08/06/2015,10,FLAMENGO,1,CHAPECOENSE,0,,Sábado
656,08/06/2015,11,INTERNACIONAL,2,CORITIBA,0,,Domingo
656,08/06/2015,12,FLUMINENSE,0,SPORT,0,,Domingo
656,08/06/2015,13,JOINVILLE,0,CORINTHIANS,1,,Sábado
656,08/06/2015,14,ATHLETICO,2,VASCO DA GAMA,0,,Sábado
657,15/06/2015,1,BRASIL,2,PERU,1,,Domingo
657,15/06/2015,2,CORINTHIANS,2,INTERNACIONAL,1,,Sábado
657,15/06/2015,3,VASCO DA GAMA,1,CRUZEIRO,3,,Sábado
657,15/06/2015,4,PALMEIRAS,2,FLUMINENSE,1,,Domingo
657,15/06/2015,5,BAHIA,1,CEARA,0,,Sábado
657,15/06/2015,6,ATLETICO,2,NAUTICO,0,,Sábado
657,15/06/2015,7,MOGI MIRIM,1,VITORIA,1,,Sábado
657,15/06/2015,8,SPORT,2,JOINVILLE,1,,Sábado
657,15/06/2015,9,AMERICA,1,CRB,0,,Sábado
657,15/06/2015,10,PONTE PRETA,0,GOIAS,0,,Domingo
657,15/06/2015,11,MACAE,2,BRAGANTINO,5,,Sábado
657,15/06/2015,12,AVAI,1,FIGUEIRENSE,1,,Domingo
657,15/06/2015,13,GREMIO,2,ATHLETICO,1,,Domingo
657,15/06/2015,14,CORITIBA,0,FLAMENGO,1,,Sábado
658,22/06/2015,1,BRASIL,2,VENEZUELA,1,,Domingo
658,22/06/2015,2,SANTOS,1,CORINTHIANS,0,,Sábado
658,22/06/2015,3,FLAMENGO,0,ATLETICO,2,,Sábado
658,22/06/2015,4,CEARA,3,SANTA CRUZ,3,,Sábado
658,22/06/2015,5,AMERICA,1,ATLETICO,0,,Sábado
658,22/06/2015,6,CRB,3,MACAE,1,,Sábado
658,22/06/2015,7,VITORIA,2,ABC,0,,Sábado
658,22/06/2015,8,BRAGANTINO,3,OESTE,1,,Sábado
658,22/06/2015,9,ATHLETICO,2,CORITIBA,2,,Domingo
658,22/06/2015,10,JOINVILLE,2,GOIAS,1,,Domingo
658,22/06/2015,11,SAO PAULO,1,AVAI,1,,Domingo
658,22/06/2015,12,CRUZEIRO,0,CHAPECOENSE,1,,Domingo
658,22/06/2015,13,SPORT,2,VASCO DA GAMA,1,,Sábado
658,22/06/2015,14,GREMIO,1,PALMEIRAS,0,,Sábado
659,29/06/2015,1,VASCO DA GAMA,1,FLAMENGO,0,,Domingo
659,29/06/2015,2,PALMEIRAS,4,SAO PAULO,0,,Domingo
659,29/06/2015,3,INTERNACIONAL,1,SANTOS,0,,Domingo
659,29/06/2015,4,VILA NOVA,0,AMERICA,1,,Sábado
659,29/06/2015,5,SANTA CRUZ,1,SAMPAIO CORREA,0,,Sábado
659,29/06/2015,6,ABC,3,NAUTICO,3,,Sábado
659,29/06/2015,7,MOGI MIRIM,0,CRB,1,,Sábado
659,29/06/2015,8,CHAPECOENSE,1,SPORT,1,,Sábado
659,29/06/2015,9,PONTE PRETA,2,ATHLETICO,1,,Domingo
659,29/06/2015,10,ATLETICO,1,JOINVILLE,0,,Domingo
659,29/06/2015,11,CORITIBA,1,CRUZEIRO,0,,Domingo
659,29/06/2015,12,GOIAS,1,FLUMINENSE,2,,Domingo
659,29/06/2015,13,AVAI,1,GREMIO,2,,Sábado
659,29/06/2015,14,CORINTHIANS,2,FIGUEIRENSE,1,,Sábado
660,06/07/2015,1,SAO PAULO,0,FLUMINENSE,0,,Domingo
660,06/07/2015,2,INTERNACIONAL,1,ATLETICO,3,,Domingo
660,06/07/2015,3,GOIAS,0,CORINTHIANS,0,,Domingo
660,06/07/2015,4,FORTALEZA,1,AMERICA,0,,Domingo
660,06/07/2015,5,VITORIA,4,BAHIA,1,,Sábado
660,06/07/2015,6,BRAGANTINO,1,SANTA CRUZ,2,,Sábado
660,06/07/2015,7,AMERICA,3,MOGI MIRIM,1,,Sábado
660,06/07/2015,8,CORITIBA,0,JOINVILLE,0,,Sábado
660,06/07/2015,9,AVAI,2,SPORT,2,,Domingo
660,06/07/2015,10,CRUZEIRO,2,ATHLETICO,0,,Sábado
660,06/07/2015,11,PONTE PRETA,0,PALMEIRAS,2,,Domingo
660,06/07/2015,12,CONFIANCA,1,VILA NOVA,0,,
660,06/07/2015,13,FLAMENGO,1,FIGUEIRENSE,2,,Domingo
660,06/07/2015,14,SANTOS,1,GREMIO,3,,Domingo
661,13/07/2015,1,FLAMENGO,0,CORINTHIANS,3,,Domingo
661,13/07/2015,2,PONTE PRETA,0,ATLETICO,2,,Sábado
661,13/07/2015,3,SPORT,2,PALMEIRAS,2,,Domingo
661,13/07/2015,4,VILA NOVA,2,BOTAFOGO,0,,Sábado
661,13/07/2015,5,NAUTICO,2,SANTA CRUZ,1,,Sábado
661,13/07/2015,6,PARANA,0,VITORIA,1,,Sábado
661,13/07/2015,7,PORTUGUESA,1,GUARANI,0,,Domingo
661,13/07/2015,8,AVAI,2,CHAPECOENSE,1,,Domingo
661,13/07/2015,9,JOINVILLE,0,INTERNACIONAL,2,,Domingo
661,13/07/2015,10,SANTOS,3,FIGUEIRENSE,0,,Sábado
661,13/07/2015,11,GREMIO,2,VASCO DA GAMA,0,,Sábado
661,13/07/2015,12,SAO PAULO,3,CORITIBA,1,,Domingo
661,13/07/2015,13,CRUZEIRO,1,GOIAS,0,,Domingo
661,13/07/2015,14,ATHLETICO,1,FLUMINENSE,2,,Domingo
662,20/07/2015,1,FLUMINENSE,1,VASCO DA GAMA,2,,Domingo
662,20/07/2015,2,PALMEIRAS,1,SANTOS,0,,Domingo
662,20/07/2015,3,CORINTHIANS,1,ATLETICO,0,,Sábado
662,20/07/2015,4,BOTAFOGO,1,NAUTICO,0,,Sábado
662,20/07/2015,5,SANTA CRUZ,3,ATLETICO,0,,Sábado
662,20/07/2015,6,CRICIUMA,2,BAHIA,1,,Sábado
662,20/07/2015,7,PAYSANDU,1,SAMPAIO CORREA,1,,Sábado
662,20/07/2015,8,FIGUEIRENSE,0,CORITIBA,0,,Domingo
662,20/07/2015,9,JOINVILLE,1,PONTE PRETA,1,,Domingo
662,20/07/2015,10,SPORT,2,SAO PAULO,0,,Domingo
662,20/07/2015,11,ATHLETICO,1,CHAPECOENSE,0,,Domingo
662,20/07/2015,12,CRUZEIRO,1,AVAI,1,,Domingo
662,20/07/2015,13,INTERNACIONAL,2,GOIAS,1,,Sábado
662,20/07/2015,14,FLAMENGO,1,GREMIO,0,,Sábado
663,27/07/2015,1,SAO PAULO,1,CRUZEIRO,0,,Domingo
663,27/07/2015,2,VASCO,1,PALMEIRAS,4,,Domingo
663,27/07/2015,3,GOIAS,0,FLAMENGO,1,,Domingo
663,27/07/2015,4,NAUTICO,2,VITORIA,1,,Sábado
663,27/07/2015,5,CRICIUMA,0,SANTA CRUZ,0,,Sábado
663,27/07/2015,6,BAHIA,1,BOTAFOGO,1,,Sábado
663,27/07/2015,7,CRB,3,PAYSANDU,0,,Sábado
663,27/07/2015,8,SANTOS,2,JOINVILLE,0,,Domingo
663,27/07/2015,9,AVAI,1,ATHLETICO,2,,Sábado
663,27/07/2015,10,PONTE PRETA,0,INTERNACIONAL,0,,Domingo
663,27/07/2015,11,CEARA,2,MOGI MIRIM,3,,Sábado
663,27/07/2015,12,ATLETICO,1,FIGUEIRENSE,0,,Sábado
663,27/07/2015,13,CORITIBA,1,CORINTHIANS,1,,Domingo
663,27/07/2015,14,GREMIO,1,SPORT,1,,Sábado
664,03/08/2015,1,FLUMINENSE,1,GREMIO,0,,Sábado
664,03/08/2015,2,SPORT,0,CRUZEIRO,0,,Domingo
664,03/08/2015,3,FLAMENGO,2,SANTOS,2,,Domingo
664,03/08/2015,4,VITORIA,1,AMERICA,1,,Sábado
664,03/08/2015,5,ATLETICO,3,SAMPAIO CORREA,1,,Sábado
664,03/08/2015,6,BRAGANTINO,3,CEARA,0,,Sábado
664,03/08/2015,7,PARANA,0,CRB,0,,Sábado
664,03/08/2015,8,OESTE,1,SANTA CRUZ,0,,Sábado
664,03/08/2015,9,FORTALEZA,2,ICASA,0,,Sábado
664,03/08/2015,10,JOINVILLE,2,AVAI,0,,Domingo
664,03/08/2015,11,FIGUEIRENSE,3,PONTE PRETA,1,,Domingo
664,03/08/2015,12,CORITIBA,1,GOIAS,1,,Domingo
664,03/08/2015,13,INTERNACIONAL,0,CHAPECOENSE,0,,Domingo
664,03/08/2015,14,PALMEIRAS,0,ATHLETICO,1,,Domingo
665,10/08/2015,1,SAO PAULO,1,CORINTHIANS,1,,Domingo
665,10/08/2015,2,GREMIO,5,INTERNACIONAL,0,,Domingo
665,10/08/2015,3,CRUZEIRO,2,PALMEIRAS,1,,Domingo
665,10/08/2015,4,SANTA CRUZ,1,BOTAFOGO,0,,Sábado
665,10/08/2015,5,CEARA,1,VITORIA,2,,Sábado
665,10/08/2015,6,CRB,1,NAUTICO,0,,Sábado
665,10/08/2015,7,MOGI MIRIM,2,ABC,2,,Sábado
665,10/08/2015,8,CHAPECOENSE,2,FIGUEIRENSE,2,,Domingo
665,10/08/2015,9,SANTOS,3,CORITIBA,0,,Sábado
665,10/08/2015,10,ATHLETICO,1,SPORT,1,,Domingo
665,10/08/2015,11,VASCO DA GAMA,0,JOINVILLE,0,,Domingo
665,10/08/2015,12,AVAI,1,FLUMINENSE,0,,Sábado
665,10/08/2015,13,GOIAS,0,ATLETICO,0,,Domingo
665,10/08/2015,14,PONTE PRETA,1,FLAMENGO,0,,Domingo
666,17/08/2015,1,PALMEIRAS,4,FLAMENGO,2,,Domingo
666,17/08/2015,2,CRUZEIRO,0,INTERNACIONAL,0,,Domingo
666,17/08/2015,3,AVAI,1,CORINTHIANS,2,,Domingo
666,17/08/2015,4,NAUTICO,3,BRAGANTINO,1,,Sábado
666,17/08/2015,5,AMERICA,1,BOTAFOGO,2,,Sábado
666,17/08/2015,6,MACAE,1,CEARA,2,,Sábado
666,17/08/2015,7,PAYSANDU,3,OESTE,1,,Sábado
666,17/08/2015,8,FLUMINENSE,2,FIGUEIRENSE,1,,Domingo
666,17/08/2015,9,GREMIO,2,JOINVILLE,1,,Domingo
666,17/08/2015,10,SPORT,1,PONTE PRETA,1,,Domingo
666,17/08/2015,11,CHAPECOENSE,2,ATLETICO,1,,Domingo
666,17/08/2015,12,VASCO DA GAMA,0,CORITIBA,1,,Sábado
666,17/08/2015,13,SAO PAULO,0,GOIAS,3,,Sábado
666,17/08/2015,14,ATHLETICO,0,SANTOS,0,,Sábado
667,24/08/2015,1,FLAMENGO,2,SAO PAULO,1,,Domingo
667,24/08/2015,2,CORINTHIANS,3,CRUZEIRO,0,,Domingo
667,24/08/2015,3,INTERNACIONAL,2,ATHLETICO,0,,Domingo
667,24/08/2015,4,BOTAFOGO,2,PAYSANDU,3,,Domingo
667,24/08/2015,5,SAMPAIO CORREA,1,VITORIA,0,,Sábado
667,24/08/2015,6,BRAGANTINO,2,CRB,1,,Sábado
667,24/08/2015,7,CEARA,4,PARANA,3,,Domingo
667,24/08/2015,8,FIGUEIRENSE,2,SPORT,1,,Sábado
667,24/08/2015,9,CORITIBA,1,CHAPECOENSE,0,,Domingo
667,24/08/2015,10,GOIAS,3,VASCO DA GAMA,0,,Sábado
667,24/08/2015,11,JOINVILLE,2,FLUMINENSE,1,,Domingo
667,24/08/2015,12,PONTE PRETA,0,GREMIO,0,,Domingo
667,24/08/2015,13,SANTOS,5,AVAI,2,,Sábado
667,24/08/2015,14,ATLETICO,2,PALMEIRAS,1,,Domingo
668,31/08/2015,1,FLUMINENSE,1,ATLETICO,2,,Domingo
668,31/08/2015,2,SPORT,0,FLAMENGO,1,,Domingo
668,31/08/2015,3,CHAPECOENSE,1,CORINTHIANS,3,,Domingo
668,31/08/2015,4,PARANA,3,SANTA CRUZ,2,,Sábado
668,31/08/2015,5,ATLETICO,3,CEARA,2,,Sábado
668,31/08/2015,6,MOGI MIRIM,1,BAHIA,1,,Sábado
668,31/08/2015,7,PAYSANDU,2,BRAGANTINO,0,,Sábado
668,31/08/2015,8,VASCO DA GAMA,0,FIGUEIRENSE,1,,Sábado
668,31/08/2015,9,SAO PAULO,3,PONTE PRETA,0,,Sábado
668,31/08/2015,10,ATHLETICO,3,GOIAS,0,,Domingo
668,31/08/2015,11,PALMEIRAS,3,JOINVILLE,2,,Domingo
668,31/08/2015,12,AVAI,3,INTERNACIONAL,0,,Domingo
668,31/08/2015,13,GREMIO,0,CORITIBA,0,,Domingo
668,31/08/2015,14,CRUZEIRO,0,SANTOS,1,,Domingo
669,08/09/2015,1,BRASIL,1,COSTA RICA,0,,Sábado
669,08/09/2015,2,PALMEIRAS,3,CORINTHIANS,3,,Domingo
669,08/09/2015,3,FLUMINENSE,1,FLAMENGO,3,,Domingo
669,08/09/2015,4,SAO PAULO,2,INTERNACIONAL,0,,Sábado
669,08/09/2015,5,VITORIA,1,BOTAFOGO,2,,Sábado
669,08/09/2015,6,AMERICA,1,BRAGANTINO,2,,Sábado
669,08/09/2015,7,AMERICA,0,FORTALEZA,0,,Sábado
669,08/09/2015,8,ATHLETICO,0,JOINVILLE,0,,Sábado
669,08/09/2015,9,CHAPECOENSE,0,PONTE PRETA,0,,Domingo
669,08/09/2015,10,AVAI,0,CORITIBA,2,,Domingo
669,08/09/2015,11,CRUZEIRO,5,FIGUEIRENSE,1,,Domingo
669,08/09/2015,12,GREMIO,2,GOIAS,1,,Domingo
669,08/09/2015,13,SPORT,1,SANTOS,1,,Domingo
669,08/09/2015,14,VASCO DA GAMA,1,ATLETICO,2,,Sábado
670,14/09/2015,1,CRUZEIRO,1,ATLETICO,1,,Domingo
670,14/09/2015,2,GREMIO,1,SAO PAULO,2,,Domingo
670,14/09/2015,3,SPORT,1,FLUMINENSE,0,,Domingo
670,14/09/2015,4,ATLETICO,0,VITORIA,0,,Sábado
670,14/09/2015,5,AMERICA,2,NAUTICO,1,,Sábado
670,14/09/2015,6,SAMPAIO CORREA,1,CEARA,0,,Sábado
670,14/09/2015,7,ABC,0,CRB,0,,Sábado
670,14/09/2015,8,CORINTHIANS,3,JOINVILLE,0,,Domingo
670,14/09/2015,9,PALMEIRAS,2,FIGUEIRENSE,0,,Sábado
670,14/09/2015,10,AVAI,2,GOIAS,1,,Domingo
670,14/09/2015,11,CHAPECOENSE,1,FLAMENGO,3,,Domingo
670,14/09/2015,12,PONTE PRETA,3,SANTOS,1,,Domingo
670,14/09/2015,13,CORITIBA,0,INTERNACIONAL,1,,Sábado
670,14/09/2015,14,VASCO DA GAMA,2,ATHLETICO,0,,Domingo
671,21/09/2015,1,CORINTHIANS,2,SANTOS,0,,Domingo
671,21/09/2015,2,ATLETICO,4,FLAMENGO,1,,Domingo
671,21/09/2015,3,PALMEIRAS,3,GREMIO,2,,Sábado
671,21/09/2015,4,BAHIA,1,SAMPAIO CORREA,1,,Sábado
671,21/09/2015,5,PAYSANDU,0,NAUTICO,1,,Sábado
671,21/09/2015,6,SANTA CRUZ,2,CEARA,1,,Sábado
671,21/09/2015,7,MACAE,0,CRB,0,,Sábado
671,21/09/2015,8,CHAPECOENSE,0,CRUZEIRO,2,,Domingo
671,21/09/2015,9,GOIAS,3,JOINVILLE,0,,Domingo
671,21/09/2015,10,INTERNACIONAL,1,FIGUEIRENSE,1,,Sábado
671,21/09/2015,11,CORITIBA,2,ATHLETICO,0,,Domingo
671,21/09/2015,12,VASCO DA GAMA,2,SPORT,1,,Domingo
671,21/09/2015,13,PONTE PRETA,3,FLUMINENSE,1,,Sábado
671,21/09/2015,14,AVAI,2,SAO PAULO,1,,Domingo
672,28/09/2015,1,FLAMENGO,1,VASCO DA GAMA,2,,Domingo
672,28/09/2015,2,SAO PAULO,1,PALMEIRAS,1,,Domingo
672,28/09/2015,3,SANTOS,3,INTERNACIONAL,1,,Domingo
672,28/09/2015,4,VITORIA,3,PAYSANDU,1,,Sábado
672,28/09/2015,5,SAMPAIO CORREA,0,SANTA CRUZ,0,,Sábado
672,28/09/2015,6,PARANA,1,ATLETICO,2,,Sábado
672,28/09/2015,7,NAUTICO,3,ABC,0,,Sábado
672,28/09/2015,8,ATHLETICO,1,PONTE PRETA,2,,Domingo
672,28/09/2015,9,SPORT,3,CHAPECOENSE,0,,Domingo
672,28/09/2015,10,GREMIO,3,AVAI,1,,Sábado
672,28/09/2015,11,FLUMINENSE,2,GOIAS,0,,Sábado
672,28/09/2015,12,JOINVILLE,2,ATLETICO,2,,Domingo
672,28/09/2015,13,CRUZEIRO,2,CORITIBA,0,,Domingo
672,28/09/2015,14,FIGUEIRENSE,1,CORINTHIANS,3,,Domingo
673,05/10/2015,1,SANTOS,3,FLUMINENSE,1,,Domingo
673,05/10/2015,2,CRUZEIRO,0,GREMIO,0,,Domingo
673,05/10/2015,3,PONTE PRETA,2,CORINTHIANS,2,,Domingo
673,05/10/2015,4,BAHIA,1,VITORIA,3,,Sábado
673,05/10/2015,5,ATLETICO,2,PAYSANDU,1,,Sábado
673,05/10/2015,6,OESTE,2,NAUTICO,0,,Sábado
673,05/10/2015,7,MACAE,3,ABC,1,,Sábado
673,05/10/2015,8,AVAI,1,VASCO DA GAMA,1,,Domingo
673,05/10/2015,9,CHAPECOENSE,5,PALMEIRAS,1,,Domingo
673,05/10/2015,10,GOIAS,2,FIGUEIRENSE,3,,Domingo
673,05/10/2015,11,FLAMENGO,2,JOINVILLE,0,,Domingo
673,05/10/2015,12,CORITIBA,0,ATLETICO,3,,Sábado
673,05/10/2015,13,INTERNACIONAL,2,SPORT,1,,Sábado
673,05/10/2015,14,SAO PAULO,1,ATHLETICO,0,,Sábado
674,14/10/2015,1,BRASIL,3,VENEZUELA,1,,Terça-feira
674,14/10/2015,2,PARAGUAI,0,ARGENTINA,0,,Terça-feira
674,14/10/2015,3,URUGUAI,3,COLOMBIA,0,,Terça-feira
674,14/10/2015,4,SERVIA,1,PORTUGAL,2,,Domingo
674,14/10/2015,5,UCRANIA,0,ESPANHA,1,,Segunda-feira
674,14/10/2015,6,REPUBLICA TCHECA,0,TURQUIA,2,,Sábado
674,14/10/2015,7,ANDORRA,1,BELGICA,4,,Sábado
674,14/10/2015,8,BOSNIA HERZEGOV,2,PAIS DE GALES,0,,Sábado
674,14/10/2015,9,ISRAEL,1,CHIPRE,2,,Sábado
674,14/10/2015,10,CROACIA,3,BULGARIA,0,,Sábado
674,14/10/2015,11,NAMIBIA,2,GAMBIA,1,,Terça-feira
674,14/10/2015,12,NIGERIA,0,SOMALIA,1,,
674,14/10/2015,13,EQUADOR,2,BOLIVIA,0,,Terça-feira
674,14/10/2015,14,PERU,3,CHILE,4,,Terça-feira
675,19/10/2015,1,FLAMENGO,0,INTERNACIONAL,1,,Domingo
675,19/10/2015,2,CRUZEIRO,2,FLUMINENSE,0,,Domingo
675,19/10/2015,3,ATHLETICO,1,CORINTHIANS,4,,Domingo
675,19/10/2015,4,SANTA CRUZ,1,NAUTICO,3,,Sábado
675,19/10/2015,5,CRICIUMA,3,CEARA,0,,Sábado
675,19/10/2015,6,BOTAFOGO,4,BRAGANTINO,0,,Sábado
675,19/10/2015,7,ABC,4,AMERICA,2,,Sábado
675,19/10/2015,8,PONTE PRETA,3,CORITIBA,0,,Domingo
675,19/10/2015,9,JOINVILLE,1,FIGUEIRENSE,0,,Sábado
675,19/10/2015,10,SANTOS,3,GOIAS,1,,Domingo
675,19/10/2015,11,GREMIO,2,CHAPECOENSE,3,,Domingo
675,19/10/2015,12,SPORT,4,ATLETICO,1,,Domingo
675,19/10/2015,13,AVAI,1,PALMEIRAS,3,,Sábado
675,19/10/2015,14,SAO PAULO,2,VASCO DA GAMA,2,,Domingo
676,26/10/2015,1,CORINTHIANS,1,FLAMENGO,0,,Domingo
676,26/10/2015,2,VASCO DA GAMA,0,GREMIO,0,,Domingo
676,26/10/2015,3,GOIAS,0,CRUZEIRO,1,,Domingo
676,26/10/2015,4,SAMPAIO CORREA,2,PAYSANDU,0,,Sábado
676,26/10/2015,5,NAUTICO,1,BOTAFOGO,4,,Sábado
676,26/10/2015,6,ATLETICO,0,SANTA CRUZ,0,,Sábado
676,26/10/2015,7,CRB,0,VITORIA,0,,Sábado
676,26/10/2015,8,FIGUEIRENSE,0,SANTOS,0,,Sábado
676,26/10/2015,9,CHAPECOENSE,0,AVAI,0,,Domingo
676,26/10/2015,10,INTERNACIONAL,1,JOINVILLE,0,,Sábado
676,26/10/2015,11,FLUMINENSE,0,ATHLETICO,1,,Sábado
676,26/10/2015,12,PALMEIRAS,0,SPORT,2,,Sábado
676,26/10/2015,13,CORITIBA,1,SAO PAULO,2,,Domingo
676,26/10/2015,14,ATLETICO,2,PONTE PRETA,1,,Domingo
677,03/11/2015,1,ATLETICO,0,CORINTHIANS,3,,Domingo
677,03/11/2015,2,VASCO DA GAMA,0,FLUMINENSE,1,,Domingo
677,03/11/2015,3,SANTOS,2,PALMEIRAS,1,,Domingo
677,03/11/2015,4,VITORIA,2,NAUTICO,3,,Sábado
677,03/11/2015,5,BOTAFOGO,1,BAHIA,0,,Sábado
677,03/11/2015,6,ABC,2,SAMPAIO CORREA,3,,Sábado
677,03/11/2015,7,PAYSANDU,5,CRB,1,,Sábado
677,03/11/2015,8,PONTE PRETA,1,JOINVILLE,0,,Sábado
677,03/11/2015,9,CHAPECOENSE,0,ATHLETICO,0,,Domingo
677,03/11/2015,10,AVAI,1,CRUZEIRO,1,,Sábado
677,03/11/2015,11,CORITIBA,1,FIGUEIRENSE,1,,Sábado
677,03/11/2015,12,GOIAS,2,INTERNACIONAL,1,,Domingo
677,03/11/2015,13,SAO PAULO,3,SPORT,0,,Sábado
677,03/11/2015,14,GREMIO,2,FLAMENGO,0,,Domingo
678,09/11/2015,1,PALMEIRAS,0,VASCO DA GAMA,2,,Domingo
678,09/11/2015,2,CRUZEIRO,2,SAO PAULO,1,,Domingo
678,09/11/2015,3,SPORT,1,GREMIO,0,,Domingo
678,09/11/2015,4,CRICIUMA,1,BOTAFOGO,0,,Sábado
678,09/11/2015,5,BAHIA,1,SANTA CRUZ,2,,Sábado
678,09/11/2015,6,CRB,4,ATLETICO,1,,Sábado
678,09/11/2015,7,NAUTICO,2,PARANA,0,,Sábado
678,09/11/2015,8,FIGUEIRENSE,0,ATLETICO,1,,Domingo
678,09/11/2015,9,INTERNACIONAL,1,PONTE PRETA,0,,Sábado
678,09/11/2015,10,ATHLETICO,2,AVAI,1,,Sábado
678,09/11/2015,11,FLUMINENSE,2,CHAPECOENSE,3,,Sábado
678,09/11/2015,12,JOINVILLE,0,SANTOS,0,,Domingo
678,09/11/2015,13,FLAMENGO,4,GOIAS,1,,Domingo
678,09/11/2015,14,CORINTHIANS,2,CORITIBA,1,,Sábado
679,18/11/2015,1,CRUZEIRO,3,SPORT,0,,Domingo
679,18/11/2015,2,BOTAFOGO,0,SANTA CRUZ,3,,Sábado
679,18/11/2015,3,PARANA,1,AMERICA,0,,Sábado
679,18/11/2015,4,BRAGANTINO,3,SAMPAIO CORREA,0,,Sábado
679,18/11/2015,5,VITORIA,1,CEARA,0,,Sábado
679,18/11/2015,6,ATLETICO,3,MACAE,4,,Sábado
679,18/11/2015,7,NAUTICO,1,CRB,1,,Sábado
679,18/11/2015,8,BOA ESPORTE,3,BAHIA,0,,Sábado
679,18/11/2015,9,RIVER,0,BOTAFOGO,0,,Sábado
679,18/11/2015,10,VENEZUELA,1,EQUADOR,3,,Terça-feira
679,18/11/2015,11,PARAGUAI,2,BOLIVIA,1,,Terça-feira
679,18/11/2015,12,COLOMBIA,0,ARGENTINA,1,,Terça-feira
679,18/11/2015,13,URUGUAI,3,CHILE,0,,Terça-feira
679,18/11/2015,14,BRASIL,3,PERU,0,,Terça-feira
680,23/11/2015,1,CORINTHIANS,6,SAO PAULO,1,,Domingo
680,23/11/2015,2,INTERNACIONAL,1,GREMIO,0,,Domingo
680,23/11/2015,3,PALMEIRAS,1,CRUZEIRO,1,,Sábado
680,23/11/2015,4,AMERICA,1,CEARA,1,,Sábado
680,23/11/2015,5,NAUTICO,1,BAHIA,0,,Sábado
680,23/11/2015,6,PAYSANDU,1,CRICIUMA,0,,Sábado
680,23/11/2015,7,VILA NOVA,4,LONDRINA,1,,Sábado
680,23/11/2015,8,FIGUEIRENSE,0,CHAPECOENSE,0,,Domingo
680,23/11/2015,9,SPORT,0,ATHLETICO,0,,Domingo
680,23/11/2015,10,JOINVILLE,1,VASCO DA GAMA,2,,Domingo
680,23/11/2015,11,FLUMINENSE,3,AVAI,1,,Domingo
680,23/11/2015,12,CORITIBA,1,SANTOS,0,,Domingo
680,23/11/2015,13,FLAMENGO,1,PONTE PRETA,1,,Domingo
680,23/11/2015,14,ATLETICO,2,GOIAS,2,,Domingo
681,30/11/2015,1,GREMIO,2,ATLETICO,1,,Domingo
681,30/11/2015,2,VASCO DA GAMA,1,SANTOS,0,,Domingo
681,30/11/2015,3,SPORT,2,CORINTHIANS,0,,Domingo
681,30/11/2015,4,BOTAFOGO,0,AMERICA,0,,Sábado
681,30/11/2015,5,SANTA CRUZ,3,VITORIA,1,,Sábado
681,30/11/2015,6,BRAGANTINO,0,NAUTICO,2,,Sábado
681,30/11/2015,7,CEARA,1,MACAE,0,,Sábado
681,30/11/2015,8,CHAPECOENSE,1,GOIAS,3,,Domingo
681,30/11/2015,9,SAO PAULO,3,FIGUEIRENSE,2,,Sábado
681,30/11/2015,10,AVAI,1,PONTE PRETA,0,,Sábado
681,30/11/2015,11,CRUZEIRO,3,JOINVILLE,0,,Domingo
681,30/11/2015,12,PALMEIRAS,0,CORITIBA,2,,Domingo
681,30/11/2015,13,ATHLETICO,3,FLAMENGO,0,,Domingo
681,30/11/2015,14,FLUMINENSE,1,INTERNACIONAL,1,,Sábado
682,07/12/2015,1,INTERNACIONAL,2,CRUZEIRO,0,,Domingo
682,07/12/2015,2,GOIAS,0,SAO PAULO,1,,Domingo
682,07/12/2015,3,CORITIBA,0,VASCO DA GAMA,0,,Domingo
682,07/12/2015,4,FLAMENGO,1,PALMEIRAS,2,,Domingo
682,07/12/2015,5,FIGUEIRENSE,1,FLUMINENSE,0,,Domingo
682,07/12/2015,6,JOINVILLE,0,GREMIO,2,,Domingo
682,07/12/2015,7,SANTOS,5,ATHLETICO,1,,Domingo
682,07/12/2015,8,ATLETICO,3,CHAPECOENSE,0,,Domingo
682,07/12/2015,9,PONTE PRETA,0,SPORT,1,,Domingo
682,07/12/2015,10,CORINTHIANS,1,AVAI,1,,Domingo
682,07/12/2015,11,F EUCLIDES CUNHA,2,F MUNDO NOVO,1,,Sábado
682,07/12/2015,12,F LUSACA,16,F CATU,1,,Domingo
682,07/12/2015,13,F JUVENTUDE,4,F ITABUNA,0,,Domingo
682,07/12/2015,14,F VITORIA,9,F REDENCAO,0,,Domingo
683,04/01/2016,1,CORINTHIANS,2,BRAGANTINO,0,,Sábado
683,04/01/2016,2,INTERNACIONAL,6,BOTAFOGO,0,,Sábado
683,04/01/2016,3,ATLETICO,1,RIVER,1,,Domingo
683,04/01/2016,4,SANTA CRUZ,0,VILA NOVA,1,,Sábado
683,04/01/2016,5,ATHLETICO,1,SPORT,2,,Sábado
683,04/01/2016,6,CHAPECOENSE,0,JUVENTUDE,1,,Sábado
683,04/01/2016,7,PAYSANDU,1,GUARANI,1,,Sábado
683,04/01/2016,8,CORITIBA,10,UNIAO BARBARENSE,0,,Sábado
683,04/01/2016,9,AMERICA,3,SAO CAETANO,0,,Domingo
683,04/01/2016,10,PALMEIRAS,2,SAMPAIO CORREA,2,,Domingo
683,04/01/2016,11,INTER LIMEIRA,0,BOTAFOGO,3,,Sábado
683,04/01/2016,12,CEARA,0,JOINVILLE,1,,Sábado
683,04/01/2016,13,GOIAS,0,ABC,0,,Domingo
683,04/01/2016,14,SAO PAULO,4,PAULISTA,0,,Domingo
684,08/01/2016,1,SJ DOS CAMPOS,0,PALMEIRAS,2,,Quinta-feira
684,08/01/2016,2,NACIONAL,2,VASCO DA GAMA,3,,Quinta-feira
684,08/01/2016,3,JUVENTUS,1,AMERICA,0,,Quinta-feira
684,08/01/2016,4,SAO BERNARDO,2,GOIAS,0,,Quinta-feira
684,08/01/2016,5,TAUBATE,1,BAHIA,0,,Quinta-feira
684,08/01/2016,6,PORTUGUESA,0,BRASILIA,2,,Quinta-feira
684,08/01/2016,7,ATIBAIA,0,GOIANIA,0,,Quinta-feira
684,08/01/2016,8,SAMPAIO CORREA,1,ESTANCIANO,0,,Quinta-feira
684,08/01/2016,9,LUVERDENSE,1,SANTO ANDRE,1,,Quinta-feira
684,08/01/2016,10,FAST,0,XV PIRACICABA,1,,Quinta-feira
684,08/01/2016,11,OSASCO,0,VITORIA,2,,Quinta-feira
684,08/01/2016,12,TABOAO DA SERRA,2,FIGUEIRENSE,3,,Quinta-feira
684,08/01/2016,13,PAULISTA,3,TIRADENTES,0,,Quinta-feira
684,08/01/2016,14,AUDAX,1,SAO PAULO,3,,Quinta-feira
685,25/01/2016,1,FORTALEZA,3,ITAPIPOCA,0,,Sábado
685,25/01/2016,2,TIRADENTES,0,CEARA,1,,Domingo
685,25/01/2016,3,BELO JARDIM,1,CENTRAL,2,,Domingo
685,25/01/2016,4,ALECRIM,0,AMERICA,4,,Domingo
685,25/01/2016,5,CRB,5,MURICI,1,,Domingo
685,25/01/2016,6,CORURIPE,2,CSE,0,,Domingo
685,25/01/2016,7,MARANGUAPE,1,UNICLINIC,2,,Sábado
685,25/01/2016,8,POTIGUAR,2,GLOBO,2,,Sábado
685,25/01/2016,9,ABC,2,PALMEIRA,1,,Sábado
685,25/01/2016,10,SERGIPE,1,SOCORRENSE,0,,Domingo
685,25/01/2016,11,ITABAIANA,0,BOCA JUNIOR,0,,Domingo
685,25/01/2016,12,VITORIA,0,PESQUEIRA,1,,Domingo
685,25/01/2016,13,AMERICA,1,SERRA TALHADA,0,,Domingo
685,25/01/2016,14,PORTO,0,ATLETICO,1,,Domingo
686,01/02/2016,1,BOTAFOGO,0,PALMEIRAS,2,,Domingo
686,01/02/2016,2,CORINTHIANS,1,XV PIRACICABA,0,,Domingo
686,01/02/2016,3,FLAMENGO,1,BOAVISTA,1,,Sábado
686,01/02/2016,4,BRASIL,1,GREMIO,3,,Domingo
686,01/02/2016,5,UBERLANDIA,0,ATLETICO,1,,Domingo
686,01/02/2016,6,VILA NOVA,0,GOIAS,2,,Domingo
686,01/02/2016,7,BRASILIENSE,5,SANTA MARIA,2,,Domingo
686,01/02/2016,8,CONFIANCA,1,SERGIPE,1,,Domingo
686,01/02/2016,9,AMERICA,0,ABC,2,,Domingo
686,01/02/2016,10,CRICIUMA,1,AVAI,0,,Domingo
686,01/02/2016,11,REMO,5,AGUIA,3,,Domingo
686,01/02/2016,12,VASCO DA GAMA,4,MADUREIRA,1,,Domingo
686,01/02/2016,13,SANTOS,1,SAO BERNARDO,1,,Sábado
686,01/02/2016,14,VOLTA REDONDA,3,FLUMINENSE,1,,Domingo
687,11/02/2016,1,GOIAS,1,ANAPOLINA,0,,Sábado
687,11/02/2016,2,CRICIUMA,2,JOINVILLE,1,,Sábado
687,11/02/2016,3,TUPI,0,UBERLANDIA,1,,Sábado
687,11/02/2016,4,URT,0,VILLA NOVA,1,,Sábado
687,11/02/2016,5,CEARA,2,TIRADENTES,0,,Sábado
687,11/02/2016,6,SAO JOSE (PA),2,CRUZEIRO,0,,Domingo
687,11/02/2016,7,CHAPECOENSE,1,GUARANI,1,,Sábado
687,11/02/2016,8,CAMBURIU,1,AVAI,1,,Domingo
687,11/02/2016,9,AMERICA,3,POTIGUAR,1,,Sábado
687,11/02/2016,10,SANTA MARIA,0,CEILANDIA,0,,Sábado
687,11/02/2016,11,FORMOSA,0,GAMA,2,,Domingo
687,11/02/2016,12,ANAPOLIS,2,GOIANESIA,1,,Sábado
687,11/02/2016,13,ITUMBIARA,1,ATLETICO,3,,Sábado
687,11/02/2016,14,ITAPIPOCA,1,FORTALEZA,1,,Sábado
688,15/02/2016,1,VASCO DA GAMA,1,FLAMENGO,0,,Domingo
688,15/02/2016,2,CORINTHIANS,2,SAO PAULO,0,,Domingo
688,15/02/2016,3,GOIAS,2,ATLETICO,2,,Domingo
688,15/02/2016,4,SANTA CRUZ,0,BAHIA,1,,Domingo
688,15/02/2016,5,ABC,1,CAMPINENSE,1,,Sábado
688,15/02/2016,6,VILLA NOVA,1,AMERICA,2,,Domingo
688,15/02/2016,7,SAO RAIMUNDO,2,PAYSANDU,5,,Domingo
688,15/02/2016,8,MOGI MIRIM,0,XV PIRACICABA,0,,Domingo
688,15/02/2016,9,FORTALEZA,3,RIVER,0,,Sábado
688,15/02/2016,10,BOTAFOGO,1,SPORT,2,,Domingo
688,15/02/2016,11,JOINVILLE,0,AVAI,2,,Domingo
688,15/02/2016,12,TOLEDO,3,CORITIBA,2,,Domingo
688,15/02/2016,13,PONTE PRETA,1,BOTAFOGO,1,,Domingo
688,15/02/2016,14,FIGUEIRENSE,0,CRICIUMA,2,,Sábado
689,22/02/2016,1,FLUMINENSE,1,FLAMENGO,2,,Domingo
689,22/02/2016,2,PALMEIRAS,0,SANTOS,0,,Sábado
689,22/02/2016,3,GREMIO,1,NOVO HAMBURGO,0,,Domingo
689,22/02/2016,4,ATLETICO,5,BOA ESPORTE,1,,Domingo
689,22/02/2016,5,SPORT,2,SANTA CRUZ,1,,Domingo
689,22/02/2016,6,BOTAFOGO,4,ITUANO,0,,Domingo
689,22/02/2016,7,COLO COLO,2,BAHIA,3,,Domingo
689,22/02/2016,8,CAMETA,1,REMO,2,,Domingo
689,22/02/2016,9,GAMA,1,BRASILIA,0,,Domingo
689,22/02/2016,10,PARANA,2,TOLEDO,1,,Sábado
689,22/02/2016,11,BOTAFOGO,2,CABOFRIENSE,1,,Domingo
689,22/02/2016,12,TUPI,3,GUARANI,1,,Sábado
689,22/02/2016,13,CHAPECOENSE,1,FIGUEIRENSE,0,,Domingo
689,22/02/2016,14,TRICORDIANO,0,CRUZEIRO,1,,Sábado
690,29/02/2016,1,VASCO DA GAMA,1,BOTAFOGO,1,,Domingo
690,29/02/2016,2,JUVENTUDE,0,INTERNACIONAL,1,,Domingo
690,29/02/2016,3,PARANA,1,ATHLETICO,0,,Domingo
690,29/02/2016,4,CRUZEIRO,1,AMERICA,1,,Domingo
690,29/02/2016,5,PONTE PRETA,1,SAO PAULO,0,,Sábado
690,29/02/2016,6,FRIBURGUENSE,1,FLUMINENSE,0,,
690,29/02/2016,7,BANGU,1,MADUREIRA,1,,Sábado
690,29/02/2016,8,BRASILIA,1,BRASILIENSE,1,,Domingo
690,29/02/2016,9,URT,1,ATLETICO,0,,Sábado
690,29/02/2016,10,CORINTHIANS,1,OESTE,0,,Sábado
690,29/02/2016,11,FLUMINENSE,1,VITORIA,0,,Domingo
690,29/02/2016,12,CENTRAL,0,SANTA CRUZ,1,,Domingo
690,29/02/2016,13,SPORT,2,NAUTICO,0,,Domingo
690,29/02/2016,14,GOIAS,0,VILA NOVA,0,,Domingo
691,07/03/2016,1,SANTOS,2,CORINTHIANS,0,,Domingo
691,07/03/2016,2,GREMIO,0,INTERNACIONAL,0,,Domingo
691,07/03/2016,3,FLAMENGO,3,BANGU,1,,Domingo
691,07/03/2016,4,BRASILIENSE,1,GAMA,0,,Sábado
691,07/03/2016,5,NAUTICO,1,SPORT,1,,Domingo
691,07/03/2016,6,CORITIBA,3,PARANA,0,,Domingo
691,07/03/2016,7,LONDRINA,1,ATHLETICO,1,,Domingo
691,07/03/2016,8,BAHIA DE FEIRA,0,BAHIA,2,,Domingo
691,07/03/2016,9,ANAPOLIS,1,ATLETICO,0,,Sábado
691,07/03/2016,10,TUPI,0,VILLA NOVA,1,,Sábado
691,07/03/2016,11,PONTE PRETA,0,XV PIRACICABA,1,,Sábado
691,07/03/2016,12,PALMEIRAS,4,CAPIVARIANO,1,,Domingo
691,07/03/2016,13,BOAVISTA,0,BOTAFOGO,1,,Domingo
691,07/03/2016,14,FLUMINENSE,1,AMERICA,0,,Domingo
692,14/03/2016,1,SAO PAULO,0,PALMEIRAS,2,,Domingo
692,14/03/2016,2,BAHIA,0,VITORIA,2,,Domingo
692,14/03/2016,3,FIGUEIRENSE,1,JOINVILLE,2,,Sábado
692,14/03/2016,4,AMERICA,1,ATLETICO,1,,Domingo
692,14/03/2016,5,ATLETICO,1,GOIAS,0,,Sábado
692,14/03/2016,6,TOMBENSE,2,GUARANI,1,,Sábado
692,14/03/2016,7,PAYSANDU,0,SAO FRANCISCO,0,,Sábado
692,14/03/2016,8,CRB,1,CSA,4,,Domingo
692,14/03/2016,9,SALGUEIRO,3,SANTA CRUZ,0,,Domingo
692,14/03/2016,10,SPORT,4,CENTRAL,0,,Sábado
692,14/03/2016,11,BRASIL,1,VERANOPOLIS,0,,Domingo
692,14/03/2016,12,CRUZEIRO,1,UBERLANDIA,0,,
692,14/03/2016,13,XV PIRACICABA,1,ITUANO,4,,Sábado
692,14/03/2016,14,BOTAFOGO,0,CORINTHIANS,3,,Sábado
693,21/03/2016,1,FLAMENGO,0,FLUMINENSE,0,,Domingo
693,21/03/2016,2,ITUANO,1,SAO PAULO,1,,Domingo
693,21/03/2016,3,SANTA CRUZ,1,NAUTICO,1,,Domingo
693,21/03/2016,4,ATHLETICO,0,CORITIBA,2,,Domingo
693,21/03/2016,5,CRUZEIRO,3,VILLA NOVA,2,,Domingo
693,21/03/2016,6,TUPI,0,ATLETICO,3,,Domingo
693,21/03/2016,7,CHAPECOENSE,4,AVAI,0,,Domingo
693,21/03/2016,8,ANAPOLIS,1,GOIAS,3,,Domingo
693,21/03/2016,9,SANTA MARIA,0,GAMA,1,,Domingo
693,21/03/2016,10,FORTALEZA,2,GUARANY,0,,Sábado
693,21/03/2016,11,REMO,1,INDEPENDENTE,1,,Sábado
693,21/03/2016,12,SERGIPE,2,CONFIANCA,1,,Domingo
693,21/03/2016,13,BOAVISTA,0,VASCO DA GAMA,1,,Sábado
693,21/03/2016,14,CORINTHIANS,4,LINENSE,0,,Sábado
694,28/03/2016,1,ATLETICO,0,CRUZEIRO,1,,Domingo
694,28/03/2016,2,VASCO DA GAMA,1,BOTAFOGO,0,,Domingo
694,28/03/2016,3,CEARA,1,FORTALEZA,1,,Domingo
694,28/03/2016,4,ATLETICO,0,VILA NOVA,1,,Domingo
694,28/03/2016,5,CRICIUMA,0,FIGUEIRENSE,2,,Domingo
694,28/03/2016,6,GOIANESIA,4,ANAPOLINA,2,,Domingo
694,28/03/2016,7,ALECRIM,1,A B C,0,,Domingo
694,28/03/2016,8,FLUMINENSE,3,BOAVISTA,0,,Domingo
694,28/03/2016,9,TOLEDO,3,ATHLETICO,2,,Domingo
694,28/03/2016,10,MADUREIRA,2,BANGU,2,,Sábado
694,28/03/2016,11,AMERICA,1,UBERLANDIA,0,,Sábado
694,28/03/2016,12,AVAI,0,JOINVILLE,1,,Sábado
694,28/03/2016,13,INTERNACIONAL,4,NOVO HAMBURGO,2,,Sábado
694,28/03/2016,14,VOLTA REDONDA,1,FLAMENGO,0,,Sábado
695,04/04/2016,1,PALMEIRAS,1,CORINTHIANS,0,,Domingo
695,04/04/2016,2,BOTAFOGO,2,FLAMENGO,2,,Sábado
695,04/04/2016,3,GREMIO,2,JUVENTUDE,2,,Domingo
695,04/04/2016,4,PAYSANDU,1,REMO,1,,Domingo
695,04/04/2016,5,VILLA NOVA,2,ATLETICO,7,,Sábado
695,04/04/2016,6,CRUZEIRO,2,GUARANI,0,,Domingo
695,04/04/2016,7,FIGUEIRENSE,1,CHAPECOENSE,1,,Sábado
695,04/04/2016,8,GOIANESIA,1,ATLETICO,2,,Domingo
695,04/04/2016,9,GOIAS,2,ITUMBIARA,0,,Sábado
695,04/04/2016,10,BANGU,2,BOAVISTA,1,,Sábado
695,04/04/2016,11,SAO PAULO,2,OESTE,1,,Sábado
695,04/04/2016,12,ITUANO,0,MOGI MIRIM,1,,Domingo
695,04/04/2016,13,MADUREIRA,1,FLUMINENSE,3,,Sábado
695,04/04/2016,14,VASCO DA GAMA,1,VOLTA REDONDA,1,,Domingo
696,11/04/2016,1,FLAMENGO,3,BOAVISTA,0,,Sábado
696,11/04/2016,2,MOGI MIRIM,1,PALMEIRAS,2,,Domingo
696,11/04/2016,3,SANTA CRUZ,1,SPORT,1,,Domingo
696,11/04/2016,4,FIGUEIRENSE,1,AVAI,0,,Domingo
696,11/04/2016,5,BOA ESPORTE,2,CRUZEIRO,3,,Domingo
696,11/04/2016,6,AGUIA,2,PAYSANDU,2,,Domingo
696,11/04/2016,7,REMO,1,SAO RAIMUNDO,1,,Domingo
696,11/04/2016,8,ATLETICO,1,ANAPOLINA,0,,Domingo
696,11/04/2016,9,FORTALEZA,0,GUARANI,1,,Domingo
696,11/04/2016,10,ATLETICO,2,TRICORDIANO,4,,Domingo
696,11/04/2016,11,SAO BENTO,1,SAO PAULO,0,,Domingo
696,11/04/2016,12,VOLTA REDONDA,0,FLUMINENSE,2,,Domingo
696,11/04/2016,13,BOTAFOGO,1,BANGU,0,,Domingo
696,11/04/2016,14,VASCO DA GAMA,1,MADUREIRA,0,,Sábado
697,18/04/2016,1,FLUMINENSE,0,VASCO DA GAMA,1,,Domingo
697,18/04/2016,2,CHAPECOENSE,1,JOINVILLE,3,,Domingo
697,18/04/2016,3,CSA,2,CRB,1,,Domingo
697,18/04/2016,4,BANGU,0,FLAMENGO,3,,Domingo
697,18/04/2016,5,PALMAS,0,GURUPI,1,,Domingo
697,18/04/2016,6,CONFIANCA,2,BOCA JUNIOR,1,,Domingo
697,18/04/2016,7,ESTANCIANO,0,ITABAIANA,2,,Domingo
697,18/04/2016,8,MURICI,0,ASA,0,,Domingo
697,18/04/2016,9,METROPOLITANO,0,CRICIUMA,1,,
697,18/04/2016,10,INTERPORTO,2,ARAGUAINA,0,,Sábado
697,18/04/2016,11,ARIQUEMES,2,JI-PARANA,0,,Sábado
697,18/04/2016,12,BAHIA,0,SANTA CRUZ,1,,Domingo
697,18/04/2016,13,MADUREIRA,1,VOLTA REDONDA,1,,Domingo
697,18/04/2016,14,BOAVISTA,0,BOTAFOGO,1,,Domingo
698,25/04/2016,1,VASCO DA GAMA,2,FLAMENGO,0,,Domingo
698,25/04/2016,2,SANTOS,2,PALMEIRAS,2,,Domingo
698,25/04/2016,3,PARANA,1,ATHLETICO,0,,Domingo
698,25/04/2016,4,GREMIO,3,JUVENTUDE,1,,Domingo
698,25/04/2016,5,CRUZEIRO,0,AMERICA,0,,Domingo
698,25/04/2016,6,GOIAS,1,VILA NOVA,0,,Domingo
698,25/04/2016,7,NAUTICO,1,SANTA CRUZ,2,,Domingo
698,25/04/2016,8,FORTALEZA,4,GUARANY,4,,Domingo
698,25/04/2016,9,CRICIUMA,3,CHAPECOENSE,2,,Domingo
698,25/04/2016,10,SERGIPE,1,ESTANCIANO,2,,Domingo
698,25/04/2016,11,REMO,2,PAYSANDU,4,,Sábado
698,25/04/2016,12,SALGUEIRO,1,SPORT,0,,Domingo
698,25/04/2016,13,CORINTHIANS,2,AUDAX,2,,Sábado
698,25/04/2016,14,FLUMINENSE,0,BOTAFOGO,1,,Domingo
699,02/05/2016,1,BOTAFOGO,0,VASCO DA GAMA,1,,Domingo
699,02/05/2016,2,AUDAX,1,SANTOS,1,,Domingo
699,02/05/2016,3,AMERICA,2,ATLETICO,1,,Domingo
699,02/05/2016,4,JUVENTUDE,0,INTERNACIONAL,1,,Domingo
699,02/05/2016,5,CAMPINENSE,1,SANTA CRUZ,1,,Domingo
699,02/05/2016,6,UNICLINIC,1,FORTALEZA,4,,Domingo
699,02/05/2016,7,CRB,2,CSA,0,,Domingo
699,02/05/2016,8,VITORIA,2,BAHIA,0,,Domingo
699,02/05/2016,9,ESTANCIANO,1,CONFIANCA,3,,Sábado
699,02/05/2016,10,AMERICA,3,ABC,3,,Domingo
699,02/05/2016,11,PALMAS,1,TOCANTINOPOLIS,0,,Domingo
699,02/05/2016,12,JOINVILLE,0,CHAPECOENSE,1,,Domingo
699,02/05/2016,13,ANAPOLIS,0,GOIAS,0,,Domingo
699,02/05/2016,14,ATHLETICO,3,CORITIBA,0,,Domingo
700,09/05/2016,1,VASCO DA GAMA,1,BOTAFOGO,1,,Domingo
700,09/05/2016,2,INTERNACIONAL,3,JUVENTUDE,0,,Domingo
700,09/05/2016,3,BAHIA,1,VITORIA,0,,Domingo
700,09/05/2016,4,CORITIBA,0,ATHLETICO,2,,Domingo
700,09/05/2016,5,SPORT,0,SANTA CRUZ,0,,Domingo
700,09/05/2016,6,CSA,0,CRB,1,,Domingo
700,09/05/2016,7,PAYSANDU,2,SAO FRANCISCO,1,,Domingo
700,09/05/2016,8,ABC,4,AMERICA,0,,Domingo
700,09/05/2016,9,TOCANTINOPOLIS,2,GURUPI,1,,Sábado
700,09/05/2016,10,LUZIANIA,1,CEILANDIA,0,,Sábado
700,09/05/2016,11,CHAPECOENSE,1,JOINVILLE,1,,Domingo
700,09/05/2016,12,GOIAS,1,ANAPOLIS,1,,Domingo
700,09/05/2016,13,ATLETICO,1,AMERICA,1,,Domingo
700,09/05/2016,14,SANTOS,1,AUDAX,0,,Domingo
701,16/05/2016,1,CORINTHIANS,0,GREMIO,0,,Domingo
701,16/05/2016,2,BOTAFOGO,0,SAO PAULO,1,,Domingo
701,16/05/2016,3,CORITIBA,1,CRUZEIRO,0,,Sábado
701,16/05/2016,4,SAMPAIO CORREA,0,VASCO DA GAMA,4,,Sábado
701,16/05/2016,5,LONDRINA,0,CRB,1,,Sábado
701,16/05/2016,6,CEARA,2,PAYSANDU,2,,Sábado
701,16/05/2016,7,BAHIA,2,AVAI,1,,Sábado
701,16/05/2016,8,FIGUEIRENSE,0,PONTE PRETA,0,,Domingo
701,16/05/2016,9,AMERICA,0,FLUMINENSE,1,,Domingo
701,16/05/2016,10,SANTA CRUZ,4,VITORIA,1,,Domingo
701,16/05/2016,11,INTERNACIONAL,0,CHAPECOENSE,0,,Domingo
701,16/05/2016,12,PALMEIRAS,4,ATHLETICO,0,,Sábado
701,16/05/2016,13,FLAMENGO,1,SPORT,0,,Sábado
701,16/05/2016,14,ATLETICO,1,SANTOS,0,,Sábado
702,23/05/2016,1,GREMIO,1,FLAMENGO,0,,Domingo
702,23/05/2016,2,SAO PAULO,1,INTERNACIONAL,2,,Domingo
702,23/05/2016,3,ATHLETICO,1,ATLETICO,1,,Domingo
702,23/05/2016,4,VASCO DA GAMA,1,TUPI,0,,Sábado
702,23/05/2016,5,CRB,0,CEARA,3,,Sábado
702,23/05/2016,6,PARANA,0,BAHIA,0,,Sábado
702,23/05/2016,7,AMERICA,1,ABC,0,,Domingo
702,23/05/2016,8,FLUMINENSE,2,SANTA CRUZ,2,,Sábado
702,23/05/2016,9,CHAPECOENSE,3,AMERICA,1,,Domingo
702,23/05/2016,10,ASA,1,CONFIANCA,1,,Domingo
702,23/05/2016,11,SANTOS,2,CORITIBA,1,,Domingo
702,23/05/2016,12,PONTE PRETA,2,PALMEIRAS,1,,Sábado
702,23/05/2016,13,SPORT,1,BOTAFOGO,1,,Domingo
702,23/05/2016,14,VITORIA,3,CORINTHIANS,2,,Domingo
703,30/05/2016,1,SAO PAULO,1,PALMEIRAS,0,,Domingo
703,30/05/2016,2,FLUMINENSE,1,BOTAFOGO,0,,Domingo
703,30/05/2016,3,SANTOS,0,INTERNACIONAL,1,,Domingo
703,30/05/2016,4,ATLETICO,2,VILA NOVA,1,,Sábado
703,30/05/2016,5,VASCO DA GAMA,4,BAHIA,3,,Sábado
703,30/05/2016,6,AVAI,4,CEARA,2,,Sábado
703,30/05/2016,7,RIVER,2,AMERICA,3,,Domingo
703,30/05/2016,8,ATHLETICO,2,FIGUEIRENSE,1,,Sábado
703,30/05/2016,9,CHAPECOENSE,1,SANTA CRUZ,1,,Sábado
703,30/05/2016,10,GREMIO,2,CORITIBA,0,,Domingo
703,30/05/2016,11,CRUZEIRO,1,AMERICA,1,,Sábado
703,30/05/2016,12,PONTE PRETA,1,FLAMENGO,2,,Domingo
703,30/05/2016,13,CONFIANCA,0,FORTALEZA,2,,Domingo
703,30/05/2016,14,SPORT,0,CORINTHIANS,2,,Domingo
704,06/06/2016,1,BRASIL,0,EQUADOR,0,,Sábado
704,06/06/2016,2,SANTOS,3,BOTAFOGO,0,,Domingo
704,06/06/2016,3,VITORIA,1,INTERNACIONAL,0,,Domingo
704,06/06/2016,4,RIVER,1,REMO,2,,Domingo
704,06/06/2016,5,FLAMENGO,1,PALMEIRAS,2,,Domingo
704,06/06/2016,6,VASCO DA GAMA,1,GOIAS,0,,Sábado
704,06/06/2016,7,ATLETICO,1,BRAGANTINO,0,,Sábado
704,06/06/2016,8,CHAPECOENSE,0,FLUMINENSE,0,,Sábado
704,06/06/2016,9,SPORT,4,ATLETICO,4,,Domingo
704,06/06/2016,10,AMERICA,1,FIGUEIRENSE,0,,Domingo
704,06/06/2016,11,CORINTHIANS,2,CORITIBA,1,,Sábado
704,06/06/2016,12,GREMIO,1,PONTE PRETA,0,,Domingo
704,06/06/2016,13,BOTAFOGO,2,ABC,0,,Domingo
704,06/06/2016,14,CRUZEIRO,0,SAO PAULO,1,,Domingo
705,13/06/2016,1,PALMEIRAS,1,CORINTHIANS,0,,Domingo
705,13/06/2016,2,ATLETICO,2,CRUZEIRO,3,,Domingo
705,13/06/2016,3,FLUMINENSE,1,GREMIO,1,,Sábado
705,13/06/2016,4,AVAI,0,JOINVILLE,1,,Sábado
705,13/06/2016,5,BRASIL,0,PERU,1,,Domingo
705,13/06/2016,6,ATLETICO,2,VASCO DA GAMA,1,,Sábado
705,13/06/2016,7,ABC,0,CONFIANCA,0,,Sábado
705,13/06/2016,8,CORITIBA,3,SPORT,2,,Domingo
705,13/06/2016,9,REMO,0,BOTAFOGO,0,,Sábado
705,13/06/2016,10,INTERNACIONAL,3,AMERICA,1,,Sábado
705,13/06/2016,11,FIGUEIRENSE,1,FLAMENGO,0,,Domingo
705,13/06/2016,12,SAO PAULO,1,ATHLETICO,2,,Sábado
705,13/06/2016,13,BOTAFOGO,1,VITORIA,1,,Domingo
705,13/06/2016,14,SANTA CRUZ,0,SANTOS,2,,Domingo
706,20/06/2016,1,FLAMENGO,2,SAO PAULO,2,,Domingo
706,20/06/2016,2,ATHLETICO,1,SANTOS,0,,Sábado
706,20/06/2016,3,SPORT,2,FLUMINENSE,1,,Domingo
706,20/06/2016,4,FORTALEZA,0,ABC,1,,Sábado
706,20/06/2016,5,VITORIA,1,CHAPECOENSE,2,,Domingo
706,20/06/2016,6,BOTAFOGO,2,RIVER,1,,Domingo
706,20/06/2016,7,CONFIANCA,3,REMO,5,,Domingo
706,20/06/2016,8,CORINTHIANS,3,BOTAFOGO,1,,Domingo
706,20/06/2016,9,VASCO DA GAMA,0,PAYSANDU,2,,Sábado
706,20/06/2016,10,GREMIO,2,CRUZEIRO,0,,Domingo
706,20/06/2016,11,FIGUEIRENSE,3,INTERNACIONAL,2,,Domingo
706,20/06/2016,12,ATLETICO,3,PONTE PRETA,0,,Domingo
706,20/06/2016,13,PALMEIRAS,3,SANTA CRUZ,1,,Sábado
706,20/06/2016,14,AMERICA,2,CORITIBA,1,,Sábado
707,27/06/2016,1,FLAMENGO,1,FLUMINENSE,2,,Domingo
707,27/06/2016,2,CRUZEIRO,2,PALMEIRAS,1,,Sábado
707,27/06/2016,3,CEARA,2,NAUTICO,1,,Sábado
707,27/06/2016,4,VILA NOVA,1,GOIAS,1,,Sábado
707,27/06/2016,5,SANTOS,3,SAO PAULO,0,,Domingo
707,27/06/2016,6,AMERICA,1,BOTAFOGO,1,,Sábado
707,27/06/2016,7,RIVER,1,CONFIANCA,2,,Domingo
707,27/06/2016,8,INTERNACIONAL,2,BOTAFOGO,3,,Domingo
707,27/06/2016,9,REMO,1,ABC,1,,Sábado
707,27/06/2016,10,AMERICA,0,ATLETICO,1,,Domingo
707,27/06/2016,11,FIGUEIRENSE,0,CORITIBA,0,,Domingo
707,27/06/2016,12,ATHLETICO,2,GREMIO,0,,Domingo
707,27/06/2016,13,CORINTHIANS,2,SANTA CRUZ,1,,Sábado
707,27/06/2016,14,PARANA,1,JOINVILLE,0,,Sábado
708,04/07/2016,1,INTERNACIONAL,0,GREMIO,1,,Domingo
708,04/07/2016,2,CEARA,1,BAHIA,0,,Sábado
708,04/07/2016,3,FIGUEIRENSE,1,ATLETICO,1,,Domingo
708,04/07/2016,4,ABC,4,RIVER,0,,Sábado
708,04/07/2016,5,CORINTHIANS,4,FLAMENGO,0,,Domingo
708,04/07/2016,6,AVAI,2,VASCO DA GAMA,1,,Sábado
708,04/07/2016,7,CRB,2,GOIAS,1,,Sábado
708,04/07/2016,8,CONFIANCA,1,BOTAFOGO,1,,Domingo
708,04/07/2016,9,ATHLETICO,1,AMERICA,0,,Sábado
708,04/07/2016,10,FLUMINENSE,0,CORITIBA,0,,Sábado
708,04/07/2016,11,BOTAFOGO,2,SANTA CRUZ,1,,Domingo
708,04/07/2016,12,GUARANI,0,BOTAFOGO,0,,Sábado
708,04/07/2016,13,CRUZEIRO,2,VITORIA,2,,Domingo
708,04/07/2016,14,PONTE PRETA,1,SAO PAULO,0,,Domingo
709,11/07/2016,1,FLAMENGO,2,ATLETICO,0,,Domingo
709,11/07/2016,2,CHAPECOENSE,0,CORINTHIANS,2,,Sábado
709,11/07/2016,3,SANTA CRUZ,1,INTERNACIONAL,0,,Domingo
709,11/07/2016,4,CONFIANCA,0,AMERICA,2,,Domingo
709,11/07/2016,5,GOIAS,2,ATLETICO,2,,Sábado
709,11/07/2016,6,PAYSANDU,0,LONDRINA,0,,Sábado
709,11/07/2016,7,BOTAFOGO,2,ASA,0,,Domingo
709,11/07/2016,8,REMO,2,FORTALEZA,0,,Domingo
709,11/07/2016,9,PONTE PRETA,2,SPORT,1,,Sábado
709,11/07/2016,10,CORITIBA,0,BOTAFOGO,0,,Sábado
709,11/07/2016,11,GREMIO,2,FIGUEIRENSE,1,,Domingo
709,11/07/2016,12,SAO PAULO,3,AMERICA,0,,Domingo
709,11/07/2016,13,VITORIA,0,FLUMINENSE,0,,Domingo
709,11/07/2016,14,JOINVILLE,2,SAMPAIO CORREA,0,,Sábado
710,18/07/2016,1,CORINTHIANS,1,SAO PAULO,1,,Domingo
710,18/07/2016,2,BOTAFOGO,3,FLAMENGO,3,,Sábado
710,18/07/2016,3,INTERNACIONAL,0,PALMEIRAS,1,,Domingo
710,18/07/2016,4,AMERICA,1,REMO,1,,Sábado
710,18/07/2016,5,CEARA,1,CRICIUMA,0,,Sábado
710,18/07/2016,6,GOIAS,4,NAUTICO,2,,Sábado
710,18/07/2016,7,ASA,2,ABC,1,,Sábado
710,18/07/2016,8,FORTALEZA,1,BOTAFOGO,0,,Domingo
710,18/07/2016,9,AMERICA,0,SANTA CRUZ,3,,Domingo
710,18/07/2016,10,FIGUEIRENSE,1,CHAPECOENSE,1,,Domingo
710,18/07/2016,11,ATHLETICO,1,VITORIA,1,,Domingo
710,18/07/2016,12,SPORT,4,GREMIO,2,,Domingo
710,18/07/2016,13,SANTOS,3,PONTE PRETA,1,,Sábado
710,18/07/2016,14,FLUMINENSE,2,CRUZEIRO,0,,Domingo
711,25/07/2016,1,GREMIO,1,SAO PAULO,0,,Domingo
711,25/07/2016,2,ATHLETICO,1,FLUMINENSE,0,,Domingo
711,25/07/2016,3,RIVER,1,FORTALEZA,1,,Sábado
711,25/07/2016,4,PAYSANDU,2,CRB,2,,Sábado
711,25/07/2016,5,VASCO DA GAMA,2,BRAGANTINO,1,,Sábado
711,25/07/2016,6,VILA NOVA,3,CEARA,4,,Sábado
711,25/07/2016,7,A B C,1,AMERICA,0,,Sábado
711,25/07/2016,8,BOTAFOGO,2,SALGUEIRO,0,,Domingo
711,25/07/2016,9,SANTA CRUZ,0,CORITIBA,1,,Sábado
711,25/07/2016,10,PONTE PRETA,2,INTERNACIONAL,2,,Domingo
711,25/07/2016,11,CHAPECOENSE,2,BOTAFOGO,1,,Domingo
711,25/07/2016,12,CRUZEIRO,1,SPORT,2,,Domingo
711,25/07/2016,13,VITORIA,2,SANTOS,3,,Domingo
711,25/07/2016,14,CORINTHIANS,1,FIGUEIRENSE,1,,Sábado
712,01/08/2016,1,INTERNACIONAL,0,CORINTHIANS,1,,Domingo
712,01/08/2016,2,SANTOS,2,CRUZEIRO,0,,Domingo
712,01/08/2016,3,CORITIBA,0,FLAMENGO,2,,Domingo
712,01/08/2016,4,BRAGANTINO,1,BAHIA,0,,Sábado
712,01/08/2016,5,SAO PAULO,2,CHAPECOENSE,2,,Domingo
712,01/08/2016,6,PORTUGUESA,1,MOGI MIRIM,0,,Sábado
712,01/08/2016,7,PAYSANDU,2,VILA NOVA,2,,Sábado
712,01/08/2016,8,VASCO DA GAMA,2,CRICIUMA,1,,Sábado
712,01/08/2016,9,FIGUEIRENSE,1,VITORIA,0,,Sábado
712,01/08/2016,10,SPORT,2,ATHLETICO,0,,Sábado
712,01/08/2016,11,FORTALEZA,2,CONFIANCA,2,,Domingo
712,01/08/2016,12,AMERICA,0,GREMIO,0,,Domingo
712,01/08/2016,13,ATLETICO,3,SANTA CRUZ,0,,Sábado
712,01/08/2016,14,FLUMINENSE,3,PONTE PRETA,0,,Domingo
713,08/08/2016,1,SANTA CRUZ,1,SAO PAULO,2,,Domingo
713,08/08/2016,2,PALMEIRAS,2,VITORIA,1,,Domingo
713,08/08/2016,3,REMO,1,RIVER,0,,Sábado
713,08/08/2016,4,ABC,1,BOTAFOGO,1,,Domingo
713,08/08/2016,5,FORTALEZA,2,AMERICA,1,,Domingo
713,08/08/2016,6,SALGUEIRO,0,ASA,1,,Domingo
713,08/08/2016,7,BOA ESPORTE,0,BOTAFOGO,0,,Domingo
713,08/08/2016,8,YPIRANGA,1,PORTUGUESA,0,,Domingo
713,08/08/2016,9,MOGI MIRIM,2,GUARATINGUETA,1,,Sábado
713,08/08/2016,10,FIGUEIRENSE,1,SPORT,1,,Domingo
713,08/08/2016,11,CORITIBA,3,PONTE PRETA,1,,Domingo
713,08/08/2016,12,AMERICA,1,SANTOS,0,,Domingo
713,08/08/2016,13,FLAMENGO,1,ATHLETICO,0,,Sábado
713,08/08/2016,14,INTERNACIONAL,2,FLUMINENSE,2,,Domingo
714,15/08/2016,1,GREMIO,3,CORINTHIANS,0,,Domingo
714,15/08/2016,2,SANTOS,3,ATLETICO,0,,Domingo
714,15/08/2016,3,SPORT,1,FLAMENGO,0,,Sábado
714,15/08/2016,4,CONFIANCA,1,A B C,1,,Domingo
714,15/08/2016,5,BOTAFOGO,2,REMO,0,,Sábado
714,15/08/2016,6,RIVER,0,ASA,0,,Domingo
714,15/08/2016,7,AMERICA,2,SALGUEIRO,0,,Sábado
714,15/08/2016,8,MACAE,2,GUARANI,4,,Sábado
714,15/08/2016,9,JUVENTUDE,1,BOA ESPORTE,1,,Domingo
714,15/08/2016,10,PONTE PRETA,2,FIGUEIRENSE,0,,Sábado
714,15/08/2016,11,FLUMINENSE,1,AMERICA,0,,Domingo
714,15/08/2016,12,CRUZEIRO,2,CORITIBA,2,,Domingo
714,15/08/2016,13,SAO PAULO,0,BOTAFOGO,1,,Domingo
714,15/08/2016,14,ATHLETICO,0,PALMEIRAS,1,,Domingo
715,22/08/2016,1,FLAMENGO,2,GREMIO,1,,Domingo
715,22/08/2016,2,INTERNACIONAL,1,SAO PAULO,1,,Domingo
715,22/08/2016,3,ATLETICO,1,ATHLETICO,0,,Domingo
715,22/08/2016,4,FIGUEIRENSE,1,CRUZEIRO,2,,Domingo
715,22/08/2016,5,SANTA CRUZ,0,FLUMINENSE,1,,Domingo
715,22/08/2016,6,NAUTICO,0,CRICIUMA,1,,Sábado
715,22/08/2016,7,PAYSANDU,2,CEARA,0,,Sábado
715,22/08/2016,8,GOIAS,2,TUPI,1,,Sábado
715,22/08/2016,9,RIVER,2,BOTAFOGO,2,,Sábado
715,22/08/2016,10,PORTUGUESA,1,JUVENTUDE,2,,Sábado
715,22/08/2016,11,BOTAFOGO,3,SPORT,0,,Sábado
715,22/08/2016,12,AVAI,0,BAHIA,3,,Sábado
715,22/08/2016,13,ABC,2,FORTALEZA,1,,Sábado
715,22/08/2016,14,PALMEIRAS,2,PONTE PRETA,2,,Domingo
716,29/08/2016,1,FLUMINENSE,0,PALMEIRAS,2,,Domingo
716,29/08/2016,2,GREMIO,1,ATLETICO,1,,Domingo
716,29/08/2016,3,SPORT,1,INTERNACIONAL,1,,Domingo
716,29/08/2016,4,JUVENTUDE,0,BOTAFOGO,0,,Domingo
716,29/08/2016,5,PONTE PRETA,2,CORINTHIANS,0,,Sábado
716,29/08/2016,6,BAHIA,3,PARANA,0,,Sábado
716,29/08/2016,7,BOTAFOGO,1,AMERICA,2,,Sábado
716,29/08/2016,8,CONFIANCA,4,RIVER,1,,Domingo
716,29/08/2016,9,VITORIA,2,AMERICA,1,,Domingo
716,29/08/2016,10,CRUZEIRO,2,SANTA CRUZ,0,,Domingo
716,29/08/2016,11,SANTOS,0,FIGUEIRENSE,1,,Domingo
716,29/08/2016,12,VILA NOVA,0,NAUTICO,2,,Sábado
716,29/08/2016,13,CHAPECOENSE,1,FLAMENGO,3,,Domingo
716,29/08/2016,14,SAO PAULO,0,CORITIBA,0,,Domingo
717,05/09/2016,1,BOTAFOGO,2,GREMIO,1,,Domingo
717,05/09/2016,2,OESTE,3,PARANA,3,,Sábado
717,05/09/2016,3,ASA,1,FORTALEZA,1,,Domingo
717,05/09/2016,4,VILA NOVA,0,ATLETICO,0,,Sábado
717,05/09/2016,5,BAHIA,1,VASCO DA GAMA,0,,Sábado
717,05/09/2016,6,PORTUGUESA,0,BOA ESPORTE,2,,Domingo
717,05/09/2016,7,REMO,1,SALGUEIRO,1,,Domingo
717,05/09/2016,8,YPIRANGA,0,MOGI MIRIM,0,,Domingo
717,05/09/2016,9,BOTAFOGO,2,CONFIANCA,1,,Domingo
717,05/09/2016,10,TUPI,0,BRAGANTINO,1,,Sábado
717,05/09/2016,11,SAMPAIO CORREA,4,NAUTICO,3,,Sábado
717,05/09/2016,12,CRICIUMA,1,CRB,1,,Sábado
717,05/09/2016,13,LONDRINA,1,JOINVILLE,0,,Sábado
717,05/09/2016,14,FLUMINENSE,3,FIGUEIRENSE,2,,Sábado
718,12/09/2016,1,SANTOS,2,CORINTHIANS,1,,Domingo
718,12/09/2016,2,GOIAS,2,CEARA,0,,Sábado
718,12/09/2016,3,GREMIO,0,PALMEIRAS,0,,Domingo
718,12/09/2016,4,AMERICA,0,CONFIANCA,2,,Sábado
718,12/09/2016,5,CRUZEIRO,0,BOTAFOGO,2,,Domingo
718,12/09/2016,6,NAUTICO,0,BAHIA,0,,Sábado
718,12/09/2016,7,PARANA,2,LONDRINA,1,,Sábado
718,12/09/2016,8,FORTALEZA,4,REMO,1,,Sábado
718,12/09/2016,9,PONTE PRETA,1,AMERICA,1,,Domingo
718,12/09/2016,10,SPORT,5,SANTA CRUZ,3,,Domingo
718,12/09/2016,11,CHAPECOENSE,1,CORITIBA,0,,Domingo
718,12/09/2016,12,SAO PAULO,3,FIGUEIRENSE,1,,Domingo
718,12/09/2016,13,ATHLETICO,2,INTERNACIONAL,1,,Domingo
718,12/09/2016,14,VITORIA,1,FLAMENGO,2,,Sábado
719,19/09/2016,1,CORINTHIANS,0,PALMEIRAS,2,,Sábado
719,19/09/2016,2,BAHIA,4,GOIAS,2,,Sábado
719,19/09/2016,3,BOTAFOGO,0,FORTALEZA,0,,Domingo
719,19/09/2016,4,GREMIO,0,FLUMINENSE,1,,Domingo
719,19/09/2016,5,CRUZEIRO,1,ATLETICO,1,,Domingo
719,19/09/2016,6,NAUTICO,3,PAYSANDU,1,,Sábado
719,19/09/2016,7,LONDRINA,1,CEARA,1,,Sábado
719,19/09/2016,8,REMO,0,AMERICA,0,,Domingo
719,19/09/2016,9,CHAPECOENSE,2,PONTE PRETA,2,,Domingo
719,19/09/2016,10,SPORT,0,CORITIBA,1,,Domingo
719,19/09/2016,11,MOGI MIRIM,1,JUVENTUDE,2,,Domingo
719,19/09/2016,12,VITORIA,0,BOTAFOGO,1,,Domingo
719,19/09/2016,13,ATHLETICO,1,SAO PAULO,0,,Domingo
719,19/09/2016,14,FLAMENGO,2,FIGUEIRENSE,0,,Domingo
720,26/09/2016,1,CORINTHIANS,0,FLUMINENSE,1,,Domingo
720,26/09/2016,2,CRB,2,BAHIA,2,,Sábado
720,26/09/2016,3,SPORT,1,SANTOS,0,,Sábado
720,26/09/2016,4,VASCO DA GAMA,2,ATLETICO,0,,Sábado
720,26/09/2016,5,ATLETICO,3,INTERNACIONAL,1,,Domingo
720,26/09/2016,6,PARANA,1,NAUTICO,2,,Sábado
720,26/09/2016,7,AMERICA,1,BOTAFOGO,0,,Sábado
720,26/09/2016,8,FIGUEIRENSE,3,SANTA CRUZ,1,,Domingo
720,26/09/2016,9,VILA NOVA,1,LONDRINA,2,,Sábado
720,26/09/2016,10,GREMIO,1,CHAPECOENSE,0,,Domingo
720,26/09/2016,11,ATHLETICO,3,PONTE PRETA,0,,Domingo
720,26/09/2016,12,VITORIA,2,SAO PAULO,0,,Domingo
720,26/09/2016,13,PALMEIRAS,2,CORITIBA,1,,Sábado
720,26/09/2016,14,FLAMENGO,2,CRUZEIRO,1,,Domingo
721,03/10/2016,1,SAO PAULO,0,FLAMENGO,0,,Sábado
721,03/10/2016,2,CRUZEIRO,1,GREMIO,0,,Sábado
721,03/10/2016,3,NAUTICO,3,VASCO DA GAMA,1,,Sábado
721,03/10/2016,4,VOLTA REDONDA,4,CSA,0,,Sábado
721,03/10/2016,5,BOTAFOGO,2,CORINTHIANS,0,,Sábado
721,03/10/2016,6,LONDRINA,3,OESTE,0,,Sábado
721,03/10/2016,7,BRAGANTINO,1,CRB,2,,Sábado
721,03/10/2016,8,XV PIRACICABA,1,PENAPOLENSE,0,,Sábado
721,03/10/2016,9,CAXIAS,0,YPIRANGA,1,,Sábado
721,03/10/2016,10,INTERNACIONAL,1,FIGUEIRENSE,0,,Sábado
721,03/10/2016,11,CHAPECOENSE,1,VITORIA,4,,Sábado
721,03/10/2016,12,PONTE PRETA,1,ATLETICO,2,,Sábado
721,03/10/2016,13,FLUMINENSE,3,SPORT,1,,Sábado
721,03/10/2016,14,SANTOS,2,ATHLETICO,0,,Sábado
722,10/10/2016,1,FLAMENGO,3,SANTA CRUZ,0,,Domingo
722,10/10/2016,2,ATLETICO,3,AVAI,0,,Sábado
722,10/10/2016,3,GUARANI,3,ASA,0,,Sábado
722,10/10/2016,4,FORTALEZA,1,JUVENTUDE,1,,Domingo
722,10/10/2016,5,CRUZEIRO,2,PONTE PRETA,0,,Sábado
722,10/10/2016,6,JOINVILLE,0,PAYSANDU,0,,Sábado
722,10/10/2016,7,VASCO DA GAMA,1,LONDRINA,0,,Sábado
722,10/10/2016,8,BAHIA,4,TUPI,0,,Domingo
722,10/10/2016,9,PARANA,5,CRB,3,,Sábado
722,10/10/2016,10,OESTE,1,CEARA,1,,Sábado
722,10/10/2016,11,SAMPAIO CORREA,2,LUVERDENSE,0,,Sábado
722,10/10/2016,12,BOA ESPORTE,1,BOTAFOGO,0,,Domingo
722,10/10/2016,13,FIGUEIRENSE,0,BOTAFOGO,1,,Domingo
722,10/10/2016,14,AMERICA,0,PALMEIRAS,2,,Domingo
723,17/10/2016,1,SANTOS,1,GREMIO,1,,Domingo
723,17/10/2016,2,BOTAFOGO,3,ATLETICO,2,,Domingo
723,17/10/2016,3,NAUTICO,1,CEARA,0,,Sábado
723,17/10/2016,4,GOIAS,1,VILA NOVA,2,,Sábado
723,17/10/2016,5,INTERNACIONAL,2,FLAMENGO,1,,Domingo
723,17/10/2016,6,JOINVILLE,1,PARANA,0,,Sábado
723,17/10/2016,7,AVAI,1,TUPI,0,,Sábado
723,17/10/2016,8,VASCO DA GAMA,1,CRB,2,,Sábado
723,17/10/2016,9,ATHLETICO,2,CORITIBA,0,,Domingo
723,17/10/2016,10,PONTE PRETA,3,SANTA CRUZ,0,,Domingo
723,17/10/2016,11,CORINTHIANS,2,AMERICA,0,,Domingo
723,17/10/2016,12,SPORT,1,VITORIA,0,,Domingo
723,17/10/2016,13,CRUZEIRO,0,CHAPECOENSE,0,,Domingo
723,17/10/2016,14,FIGUEIRENSE,1,PALMEIRAS,2,,Domingo
724,24/10/2016,1,FLAMENGO,2,CORINTHIANS,2,,Domingo
724,24/10/2016,2,PARANA,0,VASCO DA GAMA,1,,Sábado
724,24/10/2016,3,VITORIA,0,CRUZEIRO,1,,Domingo
724,24/10/2016,4,CRICIUMA,1,ATLETICO,2,,Sábado
724,24/10/2016,5,GREMIO,0,INTERNACIONAL,0,,Domingo
724,24/10/2016,6,OESTE,1,BAHIA,1,,Sábado
724,24/10/2016,7,PAYSANDU,1,GOIAS,1,,Sábado
724,24/10/2016,8,CRB,2,JOINVILLE,1,,Sábado
724,24/10/2016,9,TUPI,1,SAMPAIO CORREA,1,,Sábado
724,24/10/2016,10,CORITIBA,1,FLUMINENSE,1,,Domingo
724,24/10/2016,11,CHAPECOENSE,0,SANTOS,1,,Domingo
724,24/10/2016,12,ATLETICO,3,FIGUEIRENSE,0,,Domingo
724,24/10/2016,13,SAO PAULO,2,PONTE PRETA,0,,Sábado
724,24/10/2016,14,PALMEIRAS,2,SPORT,1,,Domingo
725,31/10/2016,1,ATLETICO,2,FLAMENGO,2,,Sábado
725,31/10/2016,2,BAHIA,3,CEARA,1,,Sábado
725,31/10/2016,3,ATHLETICO,1,CRUZEIRO,0,,Sábado
725,31/10/2016,4,TUPI,1,VILA NOVA,0,,Sábado
725,31/10/2016,5,SANTOS,1,PALMEIRAS,0,,Sábado
725,31/10/2016,6,PAYSANDU,2,SAMPAIO CORREA,1,,Sábado
725,31/10/2016,7,SAO CAETANO,1,BRAGANTINO,0,,Sábado
725,31/10/2016,8,FERROVIARIA,2,NACIONAL,1,,Sábado
725,31/10/2016,9,RIO CLARO,2,SAO CARLOS,1,,Sábado
725,31/10/2016,10,JARAGUA,1,MARCILIO DIAS,2,,Domingo
725,31/10/2016,11,INTERNACIONAL,1,SANTA CRUZ,1,,Sábado
725,31/10/2016,12,CORINTHIANS,1,CHAPECOENSE,1,,Sábado
725,31/10/2016,13,FIGUEIRENSE,0,GREMIO,0,,Sábado
725,31/10/2016,14,BOTAFOGO,0,CORITIBA,0,,Sábado
726,07/11/2016,1,FLAMENGO,0,BOTAFOGO,0,,Sábado
726,07/11/2016,2,BOA ESPORTE,3,GUARANI,0,,Sábado
726,07/11/2016,3,CRUZEIRO,4,FLUMINENSE,2,,Domingo
726,07/11/2016,4,ATLETICO,4,GOIAS,2,,Sábado
726,07/11/2016,5,PALMEIRAS,1,INTERNACIONAL,0,,Domingo
726,07/11/2016,6,SAMPAIO CORREA,1,JOINVILLE,2,,Sábado
726,07/11/2016,7,BRASIL,2,VASCO DA GAMA,1,,Sábado
726,07/11/2016,8,CRB,1,NAUTICO,0,,Sábado
726,07/11/2016,9,SANTA CRUZ,1,AMERICA,0,,Domingo
726,07/11/2016,10,CHAPECOENSE,1,FIGUEIRENSE,0,,Domingo
726,07/11/2016,11,VITORIA,3,ATHLETICO,2,,Domingo
726,07/11/2016,12,CORITIBA,2,ATLETICO,0,,Domingo
726,07/11/2016,13,PONTE PRETA,1,SANTOS,2,,Sábado
726,07/11/2016,14,SAO PAULO,4,CORINTHIANS,0,,Sábado
727,14/11/2016,1,CEARA,2,VILA NOVA,3,,Sábado
727,14/11/2016,2,AVAI,3,NAUTICO,0,,Sábado
727,14/11/2016,3,PARANA,1,CRICIUMA,2,,Sábado
727,14/11/2016,4,LUVERDENSE,2,BAHIA,2,,Sábado
727,14/11/2016,5,BRAGANTINO,1,VASCO DA GAMA,2,,Sábado
727,14/11/2016,6,ATLETICO,5,TUPI,3,,Sábado
727,14/11/2016,7,BRASIL,1,OESTE,1,,Sábado
727,14/11/2016,8,FERROVIARIA,1,SAO CAETANO,1,,Sábado
727,14/11/2016,9,RIO CLARO,1,XV PIRACICABA,2,,Domingo
727,14/11/2016,10,SAMPAIO CORREA,1,LONDRINA,3,,Sábado
727,14/11/2016,11,ALBANIA,0,ISRAEL,3,,Sábado
727,14/11/2016,12,CROACIA,2,ISLANDIA,0,,Sábado
727,14/11/2016,13,BELGICA,8,ESTONIA,1,,Domingo
728,21/11/2016,1,PALMEIRAS,1,BOTAFOGO,0,,Domingo
728,21/11/2016,2,CRUZEIRO,2,SANTOS,2,,Domingo
728,21/11/2016,3,ATHLETICO,2,SPORT,0,,Domingo
728,21/11/2016,4,CRICIUMA,1,VASCO DA GAMA,0,,Sábado
728,21/11/2016,5,PONTE PRETA,1,FLUMINENSE,0,,Domingo
728,21/11/2016,6,CEARA,1,PARANA,1,,Sábado
728,21/11/2016,7,VILA NOVA,2,PAYSANDU,2,,Sábado
728,21/11/2016,8,BRASIL,1,CRB,0,,Sábado
728,21/11/2016,9,VITORIA,4,FIGUEIRENSE,0,,Domingo
728,21/11/2016,10,TUPI,1,NAUTICO,4,,Sábado
728,21/11/2016,11,LONDRINA,0,AVAI,1,,Sábado
728,21/11/2016,12,CHAPECOENSE,2,SAO PAULO,0,,Domingo
728,21/11/2016,13,SANTA CRUZ,3,ATLETICO,3,,Domingo
728,21/11/2016,14,FLAMENGO,2,CORITIBA,2,,Domingo
729,28/11/2016,1,FLAMENGO,2,SANTOS,0,,Domingo
729,28/11/2016,2,INTERNACIONAL,1,CRUZEIRO,0,,Domingo
729,28/11/2016,3,ATLETICO,1,SAO PAULO,2,,Domingo
729,28/11/2016,4,VASCO DA GAMA,2,CEARA,1,,Sábado
729,28/11/2016,5,CORINTHIANS,0,ATHLETICO,0,,Sábado
729,28/11/2016,6,BRAGANTINO,0,LONDRINA,1,,Sábado
729,28/11/2016,7,JOINVILLE,4,VILA NOVA,2,,Sábado
729,28/11/2016,8,AVAI,1,BRASIL,1,,Sábado
729,28/11/2016,9,AMERICA,2,SPORT,2,,Sábado
729,28/11/2016,10,SANTA CRUZ,5,GREMIO,1,,Domingo
729,28/11/2016,11,FIGUEIRENSE,1,FLUMINENSE,0,,Domingo
729,28/11/2016,12,ATLETICO,2,BAHIA,1,,Sábado
729,28/11/2016,13,BOTAFOGO,1,PONTE PRETA,1,,Sábado
729,28/11/2016,14,PALMEIRAS,1,CHAPECOENSE,0,,Domingo
730,05/12/2016,1,VITORIA,0,PALMEIRAS,0,,
730,05/12/2016,2,FLUMINENSE,1,INTERNACIONAL,0,,
730,05/12/2016,3,GREMIO,0,BOTAFOGO,0,,
730,05/12/2016,4,ATHLETICO,1,FLAMENGO,0,,
730,05/12/2016,5,CRUZEIRO,0,CORINTHIANS,1,,
730,05/12/2016,6,GREMIO,1,PALMEIRAS,2,SUB 20,Domingo
730,05/12/2016,7,FLAMENGO,1,CRICIUMA,2,SUB 20,Sábado
730,05/12/2016,8,CRUZEIRO,0,SANTOS,1,SUB 20,Sábado
730,05/12/2016,9,INTERNACIONAL,4,CORINTHIANS,1,SUB 20,Sábado
730,05/12/2016,10,SPORT,0,FIGUEIRENSE,0,,
730,05/12/2016,11,SANTOS,0,AMERICA,0,,
730,05/12/2016,12,PONTE PRETA,0,CORITIBA,0,,
730,05/12/2016,13,SAO PAULO,0,SANTA CRUZ,1,,
730,05/12/2016,14,CHAPECOENSE,0,ATLETICO,1,,
731,09/01/2017,1,SAO CAETANO,1,FLAMENGO,1,SUB 20,Domingo
731,09/01/2017,2,CAPIVARIANO,1,SAO PAULO,3,SUB 20,Sábado
731,09/01/2017,3,ALECRIM,1,SERGIPE,2,SUB 20,Sábado
731,09/01/2017,4,PAYSANDU,1,VOLTA REDONDA,1,SUB 20,Sábado
731,09/01/2017,5,MADUREIRA,2,LUVERDENSE,0,SUB 20,Domingo
731,09/01/2017,6,JUVENTUDE,3,ESTANCIANO,2,SUB 20,Domingo
731,09/01/2017,7,MARILIA,2,AMERICA,1,SUB 20,Sábado
731,09/01/2017,8,CENTRAL,0,SAO BENTO,2,SUB 20,Domingo
731,09/01/2017,9,PAULISTA,1,JOINVILLE,0,SUB 20,Sábado
731,09/01/2017,10,ITUANO,1,SANTA CRUZ,0,SUB 20,Sábado
731,09/01/2017,11,SAO BERNARDO,1,BAHIA,1,SUB 20,Domingo
731,09/01/2017,12,BOTAFOGO,1,RIO BRANCO,2,SUB 20,Sábado
731,09/01/2017,13,RIO BRANCO,0,BOTAFOGO,4,SUB 20,Sábado
731,09/01/2017,14,SAO CARLOS,0,VASCO DA GAMA,1,SUB 20,Sábado
732,16/01/2017,1,FERROVIARIO,2,FORTALEZA,2,,Domingo
732,16/01/2017,2,UNICLINIC,1,GUARANY,1,,Domingo
732,16/01/2017,3,NOVA IGUACU,2,TIGRES DO BRASIL,0,,Sábado
732,16/01/2017,4,CENTRAL,2,BELO JARDIM,0,,Domingo
732,16/01/2017,5,SERRANO,3,CSP,2,,Domingo
732,16/01/2017,6,TREZE,1,INTERNACIONAL,0,,Domingo
732,16/01/2017,7,ITAPIPOCA,1,MARANGUAPE,1,,Domingo
732,16/01/2017,8,SOUSA,0,BOTAFOGO,1,,Domingo
732,16/01/2017,9,ABC,2,GLOBO,0,,Domingo
732,16/01/2017,10,GUARANI,3,HORIZONTE,1,,Domingo
732,16/01/2017,11,VITORIA,1,SERRA TALHADA,1,,Domingo
732,16/01/2017,12,ALECRIM,0,BARAUNAS,2,,Domingo
732,16/01/2017,13,SANTA CRUZ,0,AMERICA,0,,Sábado
732,16/01/2017,14,ATLETICO,0,AMERICA,2,,Domingo
733,23/01/2017,1,FORTALEZA,1,CEARA,0,,Domingo
733,23/01/2017,2,NOVA IGUACU,2,CABOFRIENSE,3,,Sábado
733,23/01/2017,3,SALGUEIRO,0,CENTRAL,0,,Domingo
733,23/01/2017,4,BONSUCESSO,0,TIGRES DO BRASIL,2,,Sábado
733,23/01/2017,5,BOTAFOGO,2,AUTO ESPORTE,1,,Domingo
733,23/01/2017,6,BELO JARDIM,1,SERRA TALHADA,0,,Domingo
733,23/01/2017,7,GUARANI,0,FERROVIARIO,0,,Domingo
733,23/01/2017,8,SANTA CRUZ,1,GLOBO,0,,
733,23/01/2017,9,GUARANY,3,ITAPIPOCA,2,,Domingo
733,23/01/2017,10,POTIGUAR,0,BARAUNAS,0,,
733,23/01/2017,11,CSE,1,CRB,1,,Domingo
733,23/01/2017,12,CSA,2,MURICI,0,,Domingo
733,23/01/2017,13,AMERICA,0,ABC,1,,Sábado
733,23/01/2017,14,CAMPINENSE,1,TREZE,1,,Domingo
734,30/01/2017,1,VASCO DA GAMA,0,FLUMINENSE,3,,Domingo
734,30/01/2017,2,ATLETICO,0,VILA NOVA,1,,Sábado
734,30/01/2017,3,FLAMENGO,4,BOAVISTA,1,,Sábado
734,30/01/2017,4,CRICIUMA,0,AVAI,1,,Sábado
734,30/01/2017,5,CIANORTE,1,CORITIBA,0,,Domingo
734,30/01/2017,6,VITORIA CONQUISTA,1,BAHIA DE FEIRA,0,,Domingo
734,30/01/2017,7,HORIZONTE,1,FORTALEZA,0,,Domingo
734,30/01/2017,8,JUVENTUDE,0,BRASIL,0,,Domingo
734,30/01/2017,9,CONFIANCA,0,ITABAIANA,0,,Domingo
734,30/01/2017,10,VILLA NOVA,1,CRUZEIRO,2,,Domingo
734,30/01/2017,11,MACAE,1,MADUREIRA,2,,Domingo
734,30/01/2017,12,PAYSANDU,3,CASTANHAL,0,,Sábado
734,30/01/2017,13,VITORIA,1,LINHARES,0,,Sábado
734,30/01/2017,14,NAUTICO,1,SANTA CRUZ,1,,Domingo
735,06/02/2017,1,CORITIBA,1,PARANA,0,,Domingo
735,06/02/2017,2,GOIAS,1,ATLETICO,0,,Domingo
735,06/02/2017,3,CRICIUMA,1,JOINVILLE,0,,Domingo
735,06/02/2017,4,CEARA,1,FERROVIARIO,0,,Sábado
735,06/02/2017,5,CAXIAS,2,GREMIO,1,,Domingo
735,06/02/2017,6,PALMEIRAS,1,BOTAFOGO,0,,Domingo
735,06/02/2017,7,SAO RAIMUNDO,1,REMO,1,,Domingo
735,06/02/2017,8,SAO BENTO,0,CORINTHIANS,1,,Sábado
735,06/02/2017,9,TIRADENTES,1,HORIZONTE,2,,Sábado
735,06/02/2017,10,BOTAFOGO,2,MACAE,1,,Sábado
735,06/02/2017,11,AMERICA,0,URT,0,,Domingo
735,06/02/2017,12,BOAVISTA,0,MADUREIRA,1,,Sábado
735,06/02/2017,13,TOLEDO,2,LONDRINA,1,,Domingo
735,06/02/2017,14,INTERNACIONAL,1,NOVO HAMBURGO,2,,Sábado
736,13/02/2017,1,BOTAFOGO,1,FLAMENGO,2,,Domingo
736,13/02/2017,2,FIGUEIRENSE,4,CRICIUMA,2,,Domingo
736,13/02/2017,3,REMO,2,PAYSANDU,1,,Domingo
736,13/02/2017,4,ABC,0,CRB,0,,Sábado
736,13/02/2017,5,SAO PAULO,5,PONTE PRETA,2,,Domingo
736,13/02/2017,6,FLUMINENSE,4,BANGU,0,,Domingo
736,13/02/2017,7,CAMPINENSE,2,NAUTICO,0,,Domingo
736,13/02/2017,8,ITUANO,1,PALMEIRAS,0,,Domingo
736,13/02/2017,9,SAO BERNARDO,2,SAO BENTO,1,,Domingo
736,13/02/2017,10,JOINVILLE,0,AVAI,0,,Domingo
736,13/02/2017,11,VOLTA REDONDA,1,VASCO DA GAMA,0,,Domingo
736,13/02/2017,12,ATLETICO,3,UBERLANDIA,0,,Domingo
736,13/02/2017,13,INTERNACIONAL,1,CAXIAS,1,,Sábado
736,13/02/2017,14,VITORIA,2,AMERICA,1,,Sábado
737,21/02/2017,1,ATLETICO,4,AMERICA,1,,Domingo
737,21/02/2017,2,LINENSE,0,PALMEIRAS,4,,Domingo
737,21/02/2017,3,FLAMENGO,4,MADUREIRA,0,,Domingo
737,21/02/2017,4,VILA NOVA,0,ATLETICO,1,,Domingo
737,21/02/2017,5,ATHLETICO,0,CORITIBA,1,,
737,21/02/2017,6,CHAPECOENSE,1,FIGUEIRENSE,1,,Domingo
737,21/02/2017,7,BAHIA DE FEIRA,0,VITORIA,1,,Domingo
737,21/02/2017,8,AGUIA,0,PAYSANDU,3,,Sábado
737,21/02/2017,9,NOVO HAMBURGO,4,JUVENTUDE,1,,Domingo
737,21/02/2017,10,SAO BENTO,0,BOTAFOGO,0,,Sábado
737,21/02/2017,11,GUARANI,0,CEARA,1,,Domingo
737,21/02/2017,12,SAO PAULO,2,MIRASSOL,2,,Sábado
737,21/02/2017,13,FLUMINENSE,3,VOLTA REDONDA,0,,Sábado
737,21/02/2017,14,SANTA CRUZ,1,SPORT,1,,Domingo
738,02/03/2017,1,SANTOS,2,BOTAFOGO,0,,Sábado
738,02/03/2017,2,INTERNACIONAL,1,BRASIL,0,,Sábado
738,02/03/2017,3,ANAPOLIS,0,VILA NOVA,1,,Sábado
738,02/03/2017,4,JOINVILLE,0,CHAPECOENSE,1,,Sábado
738,02/03/2017,5,UNICLINIC,0,SANTA CRUZ,2,,Sábado
738,02/03/2017,6,AMERICA,0,VITORIA,0,,Sábado
738,02/03/2017,7,PARANA,0,BAHIA,0,,
738,02/03/2017,8,RIVER,1,SPORT,2,,Sábado
738,02/03/2017,9,VILLA NOVA,1,TRICORDIANO,1,,Sábado
738,02/03/2017,10,CAMETA,1,REMO,0,,
738,02/03/2017,11,CRICIUMA,5,METROPOLITANO,4,,Sábado
738,02/03/2017,12,CRB,2,ABC,0,,Sábado
738,02/03/2017,13,PONTE PRETA,1,SAO BERNARDO,0,,Sábado
738,02/03/2017,14,MIRASSOL,2,CORINTHIANS,3,,Sábado
739,06/03/2017,1,CORINTHIANS,1,SANTOS,0,,Sábado
739,06/03/2017,2,GREMIO,2,INTERNACIONAL,2,,Sábado
739,06/03/2017,3,ATLETICO,2,VILLA NOVA,1,,Sábado
739,06/03/2017,4,CRB,1,ASA,0,,Domingo
739,06/03/2017,5,NAUTICO,2,SPORT,1,,Domingo
739,06/03/2017,6,VITORIA CONQUISTA,0,BAHIA,1,,Domingo
739,06/03/2017,7,GOIAS,4,GOIANESIA,2,,Sábado
739,06/03/2017,8,HORIZONTE,1,FERROVIARIO,0,,Domingo
739,06/03/2017,9,ITUANO,0,PONTE PRETA,1,,Domingo
739,06/03/2017,10,SAO PAULO,4,SANTO ANDRE,1,,Domingo
739,06/03/2017,11,CEILANDIA,1,GAMA,0,,
739,06/03/2017,12,ITUMBIARA,0,ATLETICO,3,,Domingo
739,06/03/2017,13,SALGUEIRO,0,SANTA CRUZ,1,,Domingo
739,06/03/2017,14,CHAPECOENSE,2,CRICIUMA,0,,Domingo
740,13/03/2017,1,PALMEIRAS,3,SAO PAULO,0,,Sábado
740,13/03/2017,2,ATLETICO,1,GOIAS,2,,Sábado
740,13/03/2017,3,SAO BERNARDO,1,SANTOS,4,,Domingo
740,13/03/2017,4,NAUTICO,1,SANTA CRUZ,0,,Domingo
740,13/03/2017,5,JUVENTUDE,1,INTERNACIONAL,0,,Domingo
740,13/03/2017,6,PONTE PRETA,1,CORINTHIANS,1,,Domingo
740,13/03/2017,7,AMERICA,0,CRUZEIRO,1,,Domingo
740,13/03/2017,8,GAMA,1,BRASILIENSE,1,,Domingo
740,13/03/2017,9,AVAI,2,CRICIUMA,3,,Domingo
740,13/03/2017,10,MOTO CLUBE,0,BAHIA,4,,Domingo
740,13/03/2017,11,RIVER,1,SAMPAIO CORREA,0,,Sábado
740,13/03/2017,12,CSA,1,CRB,0,,Sábado
740,13/03/2017,13,AMERICA,0,SERGIPE,2,,Domingo
740,13/03/2017,14,VITORIA,1,BOTAFOGO,0,,Domingo
741,20/03/2017,1,VASCO DA GAMA,0,BOTAFOGO,0,,Domingo
741,20/03/2017,2,SANTOS,1,PALMEIRAS,2,,Domingo
741,20/03/2017,3,TOLEDO,2,CORITIBA,4,,Domingo
741,20/03/2017,4,GOIAS,1,ANAPOLIS,1,,Domingo
741,20/03/2017,5,TRICORDIANO,1,ATLETICO,2,,Sábado
741,20/03/2017,6,FIGUEIRENSE,0,JOINVILLE,2,,Sábado
741,20/03/2017,7,JUVENTUDE,0,CAXIAS,1,,Sábado
741,20/03/2017,8,MIRASSOL,2,SANTO ANDRE,3,,Sábado
741,20/03/2017,9,URT,2,VILLA NOVA,1,,Domingo
741,20/03/2017,10,VOLTA REDONDA,3,MADUREIRA,2,,Domingo
741,20/03/2017,11,SALGUEIRO,2,NAUTICO,0,,Sábado
741,20/03/2017,12,SANTA CRUZ,5,CENTRAL,1,,Sábado
741,20/03/2017,13,GREMIO,1,VERANOPOLIS,1,,Domingo
741,20/03/2017,14,SAO PAULO,1,ITUANO,1,,Sábado
742,27/03/2017,1,SAO PAULO,1,CORINTHIANS,1,,Domingo
742,27/03/2017,2,VILA NOVA,0,GOIAS,0,,Domingo
742,27/03/2017,3,GREMIO,4,JUVENTUDE,0,,Sábado
742,27/03/2017,4,PAYSANDU,1,REMO,1,,Domingo
742,27/03/2017,5,FLAMENGO,2,VASCO DA GAMA,2,,Sábado
742,27/03/2017,6,CHAPECOENSE,2,AVAI,0,,Domingo
742,27/03/2017,7,ATHLETICO,1,CIANORTE,1,,Sábado
742,27/03/2017,8,FORTALEZA,3,TIRADENTES,0,,Domingo
742,27/03/2017,9,CRB,0,CSA,0,,Domingo
742,27/03/2017,10,SANTO ANDRE,0,SANTOS,1,,Sábado
742,27/03/2017,11,AMERICA,3,TRICORDIANO,0,,Sábado
742,27/03/2017,12,BRASIL,1,NOVO HAMBURGO,1,,Domingo
742,27/03/2017,13,BANGU,0,BOTAFOGO,2,,Domingo
742,27/03/2017,14,SPORT,1,SANTA CRUZ,1,,Domingo
743,03/04/2017,1,FLUMINENSE,1,FLAMENGO,1,,Domingo
743,03/04/2017,2,FIGUEIRENSE,0,CHAPECOENSE,2,,Domingo
743,03/04/2017,3,BOAVISTA,1,PORTUGUESA,1,,Domingo
743,03/04/2017,4,RIO BRANCO,2,LUVERDENSE,2,,Sábado
743,03/04/2017,5,CRUZEIRO,2,ATLETICO,1,,Sábado
743,03/04/2017,6,URT,2,UBERLANDIA,1,,Domingo
743,03/04/2017,7,NOVA IGUACU,0,VASCO DA GAMA,2,,Domingo
743,03/04/2017,8,MACAE,2,VOLTA REDONDA,2,,Domingo
743,03/04/2017,9,MADUREIRA,3,BANGU,1,,Domingo
743,03/04/2017,10,VILA NOVA,2,ITUMBIARA,3,,Domingo
743,03/04/2017,11,ANAPOLIS,1,ATLETICO,1,,Sábado
743,03/04/2017,12,SANTA CRUZ,1,ITABAIANA,0,,Sábado
743,03/04/2017,13,SPORT,3,CAMPINENSE,1,,Domingo
743,03/04/2017,14,VITORIA,1,RIVER,0,,Sábado
744,11/04/2017,1,BAHIA,1,VITORIA,2,,Domingo
744,11/04/2017,2,CORINTHIANS,1,BOTAFOGO,0,,Domingo
744,11/04/2017,3,FIGUEIRENSE,0,AVAI,0,,Domingo
744,11/04/2017,4,ITUMBIARA,2,GOIAS,2,,Domingo
744,11/04/2017,5,SANTA CRUZ,1,NAUTICO,2,,Domingo
744,11/04/2017,6,TREZE,2,AUTO ESPORTE,0,,Domingo
744,11/04/2017,7,AMERICA,1,VILLA NOVA,1,,Domingo
744,11/04/2017,8,PAYSANDU,1,AGUIA,1,,Sábado
744,11/04/2017,9,CENTRAL,1,SPORT,3,,Domingo
744,11/04/2017,10,FORTALEZA,1,FERROVIARIO,1,,Domingo
744,11/04/2017,11,CAXIAS,1,JUVENTUDE,0,,Domingo
744,11/04/2017,12,METROPOLITANO,1,CHAPECOENSE,3,,Domingo
744,11/04/2017,13,SAO PAULO,5,LINENSE,0,,Sábado
744,11/04/2017,14,ATLETICO,4,GOIANESIA,2,,Domingo
745,18/04/2017,1,CHAPECOENSE,2,JOINVILLE,0,,Sábado
745,18/04/2017,2,BOTAFOGO,0,TREZE,1,,Domingo
745,18/04/2017,3,SANTO ANDRE,1,SAO BENTO,1,,Sábado
745,18/04/2017,4,CEARA,2,GUARANI,0,,Domingo
745,18/04/2017,5,UNIAO BARBARENSE,0,XV NOV PIRACICABA,4,,Sábado
745,18/04/2017,6,RIO PRETO,4,RIO CLARO,1,,Sábado
745,18/04/2017,7,PENAPOLENSE,1,BRAGANTINO,2,,Domingo
745,18/04/2017,8,SERTAOZINHO,5,MOGI MIRIM,3,,Domingo
745,18/04/2017,9,TAUBATE,3,SAO CAETANO,2,,Domingo
745,18/04/2017,10,GUARANI,1,BARRETOS,0,,Domingo
745,18/04/2017,11,INTERNACIONAL,0,AUTO ESPORTE,7,,Domingo
745,18/04/2017,12,TUBARAO,0,FIGUEIRENSE,0,,Domingo
745,18/04/2017,13,METROPOLITANO,2,CRICIUMA,2,,Domingo
745,18/04/2017,14,ITUANO,0,FERROVIARIA,3,,Sábado
746,24/04/2017,1,CORINTHIANS,1,SAO PAULO,1,,Domingo
746,24/04/2017,2,NAUTICO,1,SPORT,1,,Domingo
746,24/04/2017,3,CRICIUMA,1,CHAPECOENSE,0,,Domingo
746,24/04/2017,4,GOIAS,0,ATLETICO,0,,Domingo
746,24/04/2017,5,CAXIAS,1,INTERNACIONAL,0,,Domingo
746,24/04/2017,6,BAHIA,1,FLUMINENSE,0,,Sábado
746,24/04/2017,7,VITORIA,5,VITORIA CONQUISTA,0,,Domingo
746,24/04/2017,8,PAYSANDU,3,SAO RAIMUNDO,1,,Sábado
746,24/04/2017,9,MOGI MIRIM,1,RIO PRETO,2,,Domingo
746,24/04/2017,10,FIGUEIRENSE,1,METROPOLITANO,3,,Domingo
746,24/04/2017,11,CEARA,1,GUARANI,0,,Sábado
746,24/04/2017,12,SALGUEIRO,2,SANTA CRUZ,0,,Sábado
746,24/04/2017,13,NOVO HAMBURGO,1,GREMIO,1,,Domingo
746,24/04/2017,14,PALMEIRAS,1,PONTE PRETA,0,,Sábado
747,02/05/2017,1,FLUMINENSE,0,FLAMENGO,1,,Domingo
747,02/05/2017,2,CRUZEIRO,0,ATLETICO,0,,Domingo
747,02/05/2017,3,INTERNACIONAL,2,NOVO HAMBURGO,2,,Domingo
747,02/05/2017,4,PAYSANDU,1,REMO,1,,Domingo
747,02/05/2017,5,BAHIA,2,VITORIA,0,,Domingo
747,02/05/2017,6,LONDRINA,4,CIANORTE,1,,Sábado
747,02/05/2017,7,AVAI,0,CHAPECOENSE,1,,Domingo
747,02/05/2017,8,CRB,1,CSA,0,,Domingo
747,02/05/2017,9,TREZE,2,BOTAFOGO,3,,Domingo
747,02/05/2017,10,SAO RAIMUNDO,1,INDEPENDENTE,1,,Sábado
747,02/05/2017,11,CEILANDIA,2,BRASILIENSE,2,,Sábado
747,02/05/2017,12,ATHLETICO,0,CORITIBA,3,,Domingo
747,02/05/2017,13,SPORT,1,SANTA CRUZ,2,,Sábado
747,02/05/2017,14,PONTE PRETA,0,CORINTHIANS,3,,Domingo
748,08/05/2017,1,FLAMENGO,2,FLUMINENSE,1,,Domingo
748,08/05/2017,2,CORINTHIANS,1,PONTE PRETA,1,,Domingo
748,08/05/2017,3,CORITIBA,0,ATHLETICO,0,,Domingo
748,08/05/2017,4,GOIAS,1,VILA NOVA,0,,Domingo
748,08/05/2017,5,VITORIA,0,BAHIA,0,,Domingo
748,08/05/2017,6,BRASILIENSE,3,CEILANDIA,2,,Sábado
748,08/05/2017,7,CSA,2,CRB,3,,Domingo
748,08/05/2017,8,REMO,1,PAYSANDU,2,,Domingo
748,08/05/2017,9,CHAPECOENSE,0,AVAI,1,,Domingo
748,08/05/2017,10,SPORT,1,SALGUEIRO,1,,Domingo
748,08/05/2017,11,CEARA,0,FERROVIARIO,1,,
748,08/05/2017,12,NOVO HAMBURGO,1,INTERNACIONAL,1,,Domingo
748,08/05/2017,13,BOTAFOGO,1,TREZE,1,,Domingo
748,08/05/2017,14,CIANORTE,1,LONDRINA,1,,Sábado
749,15/05/2017,1,FLAMENGO,1,ATLETICO,1,,Sábado
749,15/05/2017,2,LONDRINA,0,INTERNACIONAL,3,,Sábado
749,15/05/2017,3,CRUZEIRO,1,SAO PAULO,0,,Domingo
749,15/05/2017,4,REMO,1,FORTALEZA,0,,Domingo
749,15/05/2017,5,PALMEIRAS,4,VASCO DA GAMA,0,,Domingo
749,15/05/2017,6,GOIAS,0,FIGUEIRENSE,1,,Sábado
749,15/05/2017,7,BRAGANTINO,2,BOTAFOGO,2,,Sábado
749,15/05/2017,8,CRICIUMA,1,SANTA CRUZ,2,,Sábado
749,15/05/2017,9,CSA,3,ASA,0,,Domingo
749,15/05/2017,10,PONTE PRETA,4,SPORT,0,,Domingo
749,15/05/2017,11,BAHIA,6,ATHLETICO,2,,Domingo
749,15/05/2017,12,CORINTHIANS,1,CHAPECOENSE,1,,Sábado
749,15/05/2017,13,GREMIO,2,BOTAFOGO,0,,Domingo
749,15/05/2017,14,FLUMINENSE,3,SANTOS,2,,Domingo
750,22/05/2017,1,ATLETICO,1,FLUMINENSE,2,,Domingo
750,22/05/2017,2,VITORIA,0,CORINTHIANS,1,,Domingo
750,22/05/2017,3,JOINVILLE,2,VOLTA REDONDA,0,,Domingo
750,22/05/2017,4,SAMPAIO CORREA,0,CSA,2,,Sábado
750,22/05/2017,5,CHAPECOENSE,1,PALMEIRAS,0,,Sábado
750,22/05/2017,6,SANTA CRUZ,2,GUARANI,1,,Sábado
750,22/05/2017,7,SALGUEIRO,2,MOTO CLUBE,0,,Domingo
750,22/05/2017,8,LUVERDENSE,1,CRB,1,,Sábado
750,22/05/2017,9,ASA,1,REMO,0,,Sábado
750,22/05/2017,10,FIGUEIRENSE,3,NAUTICO,0,,Sábado
750,22/05/2017,11,TUPI,0,YPIRANGA,2,,Sábado
750,22/05/2017,12,BOTAFOGO,2,PONTE PRETA,0,,Domingo
750,22/05/2017,13,SPORT,1,CRUZEIRO,1,,Domingo
750,22/05/2017,14,ATHLETICO,0,GREMIO,2,,Domingo
751,29/05/2017,1,SAO PAULO,2,PALMEIRAS,0,,Sábado
751,29/05/2017,2,SERGIPE,0,AMERICA,2,,Domingo
751,29/05/2017,3,SANTOS,0,CRUZEIRO,1,,Domingo
751,29/05/2017,4,PAYSANDU,1,INTERNACIONAL,0,,Sábado
751,29/05/2017,5,VASCO DA GAMA,3,FLUMINENSE,2,,Sábado
751,29/05/2017,6,A B C,1,VILA NOVA,0,,Sábado
751,29/05/2017,7,NAUTICO,0,CEARA,2,,Sábado
751,29/05/2017,8,JUVENTUDE,2,PARANA,1,,Sábado
751,29/05/2017,9,VITORIA,0,CORITIBA,1,,Sábado
751,29/05/2017,10,BOTAFOGO,1,BAHIA,0,,Domingo
751,29/05/2017,11,BANGU,1,PORTUGUESA,0,,Sábado
751,29/05/2017,12,SPORT,4,GREMIO,3,,Domingo
751,29/05/2017,13,ATLETICO,2,PONTE PRETA,2,,Domingo
751,29/05/2017,14,ATHLETICO,1,FLAMENGO,1,,Domingo
752,05/06/2017,1,FLAMENGO,0,BOTAFOGO,0,,Domingo
752,05/06/2017,2,CORINTHIANS,2,SANTOS,0,,Sábado
752,05/06/2017,3,PALMEIRAS,0,ATLETICO,0,,Domingo
752,05/06/2017,4,VILA NOVA,3,GUARANI,1,,Sábado
752,05/06/2017,5,FORTALEZA,3,ASA,0,,Sábado
752,05/06/2017,6,INTERNACIONAL,1,JUVENTUDE,1,,Sábado
752,05/06/2017,7,SANTA CRUZ,2,A B C,1,,Sábado
752,05/06/2017,8,BOTAFOGO,1,SALGUEIRO,0,,Domingo
752,05/06/2017,9,AVAI,1,SPORT,0,,Domingo
752,05/06/2017,10,CRUZEIRO,0,CHAPECOENSE,2,,Domingo
752,05/06/2017,11,FLUMINENSE,2,VITORIA,1,,Sábado
752,05/06/2017,12,CORITIBA,1,ATHLETICO,0,,Sábado
752,05/06/2017,13,PONTE PRETA,1,SAO PAULO,0,,Domingo
752,05/06/2017,14,GREMIO,2,VASCO DA GAMA,0,,Domingo
753,12/06/2017,1,CORINTHIANS,3,SAO PAULO,2,,Domingo
753,12/06/2017,2,PALMEIRAS,3,FLUMINENSE,1,,Sábado
753,12/06/2017,3,VITORIA,2,ATLETICO,0,,Domingo
753,12/06/2017,4,REMO,1,CSA,1,,Sábado
753,12/06/2017,5,BRASIL,2,CEARA,3,,Sábado
753,12/06/2017,6,PARANA,0,GUARANI,1,,Sábado
753,12/06/2017,7,INTERNACIONAL,4,NAUTICO,2,,Sábado
753,12/06/2017,8,CAMPINENSE,0,FLUMINENSE,0,,Domingo
753,12/06/2017,9,PONTE PRETA,3,CHAPECOENSE,2,,Domingo
753,12/06/2017,10,BOTAFOGO,2,CORITIBA,2,,Domingo
753,12/06/2017,11,CRUZEIRO,2,ATLETICO,0,,Domingo
753,12/06/2017,12,AVAI,1,FLAMENGO,1,,Domingo
753,12/06/2017,13,VASCO DA GAMA,2,SPORT,1,,Sábado
753,12/06/2017,14,ATHLETICO,0,SANTOS,2,,Domingo
754,19/06/2017,1,FLUMINENSE,2,FLAMENGO,2,,Domingo
754,19/06/2017,2,SAO PAULO,1,ATLETICO,2,,Domingo
754,19/06/2017,3,CORITIBA,0,CORINTHIANS,0,,Domingo
754,19/06/2017,4,SANTOS,0,PONTE PRETA,0,,Sábado
754,19/06/2017,5,PAYSANDU,0,JUVENTUDE,0,,Sábado
754,19/06/2017,6,CRB,0,LONDRINA,3,,Sábado
754,19/06/2017,7,SANTA CRUZ,0,INTERNACIONAL,0,,Sábado
754,19/06/2017,8,FORTALEZA,3,SAMPAIO CORREA,0,,Domingo
754,19/06/2017,9,PORTUGUESA,3,BANGU,0,,Sábado
754,19/06/2017,10,SPORT,1,VITORIA,3,,Domingo
754,19/06/2017,11,CHAPECOENSE,0,BOTAFOGO,2,,Domingo
754,19/06/2017,12,VASCO DA GAMA,1,AVAI,0,,Sábado
754,19/06/2017,13,AMERICA,3,SERGIPE,2,,Domingo
754,19/06/2017,14,BAHIA,2,PALMEIRAS,4,,Domingo
755,26/06/2017,1,GREMIO,0,CORINTHIANS,1,,Domingo
755,26/06/2017,2,PONTE PRETA,1,PALMEIRAS,2,,Domingo
755,26/06/2017,3,BAHIA,0,FLAMENGO,1,,Domingo
755,26/06/2017,4,GOIAS,0,VILA NOVA,2,,Sábado
755,26/06/2017,5,CUIABA,1,ASA,1,,Domingo
755,26/06/2017,6,SAMPAIO CORREA,1,SALGUEIRO,0,,Domingo
755,26/06/2017,7,CONFIANCA,0,BOTAFOGO,1,,Sábado
755,26/06/2017,8,BRAGANTINO,0,SAO BENTO,3,,Sábado
755,26/06/2017,9,ATHLETICO,4,VITORIA,1,,Domingo
755,26/06/2017,10,CHAPECOENSE,0,ATLETICO,1,,Domingo
755,26/06/2017,11,SAO PAULO,1,FLUMINENSE,1,,Domingo
755,26/06/2017,12,CRUZEIRO,2,CORITIBA,0,,Domingo
755,26/06/2017,13,SANTOS,0,SPORT,1,,Sábado
755,26/06/2017,14,VASCO DA GAMA,1,ATLETICO,0,,Domingo
756,03/07/2017,1,PALMEIRAS,1,GREMIO,0,,Sábado
756,03/07/2017,2,ATLETICO,3,CRUZEIRO,1,,Domingo
756,03/07/2017,3,VITORIA,0,BAHIA,0,,Domingo
756,03/07/2017,4,OESTE,2,SANTA CRUZ,0,,Sábado
756,03/07/2017,5,CUIABA,1,MOTO CLUBE,0,,Domingo
756,03/07/2017,6,SAO BENTO,1,YPIRANGA,2,,Sábado
756,03/07/2017,7,AMERICA,3,BRASIL,0,,Sábado
756,03/07/2017,8,A B C,0,GUARANI,1,,Sábado
756,03/07/2017,9,FLAMENGO,2,SAO PAULO,0,,Domingo
756,03/07/2017,10,ATLETICO,1,SANTOS,1,,Sábado
756,03/07/2017,11,AVAI,0,PONTE PRETA,0,,Domingo
756,03/07/2017,12,CORINTHIANS,1,BOTAFOGO,0,,Domingo
756,03/07/2017,13,SPORT,1,ATHLETICO,0,,Domingo
756,03/07/2017,14,CORITIBA,2,VASCO DA GAMA,2,,Domingo
757,10/07/2017,1,VASCO DA GAMA,0,FLAMENGO,1,,Sábado
757,10/07/2017,2,SANTOS,3,SAO PAULO,2,,Domingo
757,10/07/2017,3,CORINTHIANS,2,PONTE PRETA,0,,Sábado
757,10/07/2017,4,JUVENTUDE,2,GUARANI,0,,Sábado
757,10/07/2017,5,BOA ESPORTE,0,CRB,0,,Sábado
757,10/07/2017,6,INTERNACIONAL,1,CRICIUMA,1,,Sábado
757,10/07/2017,7,YPIRANGA,1,BOTAFOGO,1,,Domingo
757,10/07/2017,8,VOLTA REDONDA,0,SAO BENTO,0,,Domingo
757,10/07/2017,9,ATLETICO,1,VITORIA,2,,Sábado
757,10/07/2017,10,CRUZEIRO,3,PALMEIRAS,1,,Domingo
757,10/07/2017,11,BRAGANTINO,0,TUPI,0,,Sábado
757,10/07/2017,12,CHAPECOENSE,1,ATHLETICO,1,,Domingo
757,10/07/2017,13,BOTAFOGO,1,ATLETICO,1,,Domingo
757,10/07/2017,14,BAHIA,1,FLUMINENSE,1,,Domingo
758,17/07/2017,1,CRUZEIRO,1,FLAMENGO,1,,Domingo
758,17/07/2017,2,CORINTHIANS,2,ATHLETICO,2,,Sábado
758,17/07/2017,3,CEILANDIA,1,COMERCIAL,1,,Sábado
758,17/07/2017,4,AMERICA,0,GUARANI,0,,Sábado
758,17/07/2017,5,FORTALEZA,1,REMO,1,,Domingo
758,17/07/2017,6,TUPI,1,TOMBENSE,0,,Domingo
758,17/07/2017,7,CEARA,2,JUVENTUDE,0,,Sábado
758,17/07/2017,8,LONDRINA,2,BOA ESPORTE,2,,Sábado
758,17/07/2017,9,PALMEIRAS,4,VITORIA,2,,Domingo
758,17/07/2017,10,VASCO DA GAMA,0,SANTOS,0,,Domingo
758,17/07/2017,11,BAHIA,1,AVAI,1,,Domingo
758,17/07/2017,12,CHAPECOENSE,2,SAO PAULO,0,,Domingo
758,17/07/2017,13,CORITIBA,1,FLUMINENSE,2,,Domingo
758,17/07/2017,14,ATLETICO,1,ATLETICO,2,,Domingo
759,24/07/2017,1,FLUMINENSE,0,CORINTHIANS,1,,Domingo
759,24/07/2017,2,AVAI,1,CRUZEIRO,0,,Domingo
759,24/07/2017,3,ATLETICO,1,VASCO DA GAMA,2,,Domingo
759,24/07/2017,4,CRICIUMA,2,ABC,1,,Sábado
759,24/07/2017,5,CSA,1,SAMPAIO CORREA,1,,Domingo
759,24/07/2017,6,YPIRANGA,1,TUPI,1,,Domingo
759,24/07/2017,7,MOTO CLUBE,0,SALGUEIRO,2,,Sábado
759,24/07/2017,8,VILA NOVA,2,INTERNACIONAL,1,,Sábado
759,24/07/2017,9,CRB,1,GUARANI,1,,Sábado
759,24/07/2017,10,SPORT,0,PALMEIRAS,2,,Domingo
759,24/07/2017,11,VITORIA,1,CHAPECOENSE,2,,Sábado
759,24/07/2017,12,BRASIL,2,PAYSANDU,1,,Sábado
759,24/07/2017,13,ATHLETICO,0,PONTE PRETA,2,,Domingo
759,24/07/2017,14,VOLTA REDONDA,0,JOINVILLE,0,,Sábado
760,31/07/2017,1,GREMIO,1,SANTOS,1,,Domingo
760,31/07/2017,2,BAHIA,1,SPORT,3,,Domingo
760,31/07/2017,3,CORINTHIANS,1,FLAMENGO,1,,Domingo
760,31/07/2017,4,BOA ESPORTE,1,LUVERDENSE,0,,Sábado
760,31/07/2017,5,FORTALEZA,1,SALGUEIRO,0,,Sábado
760,31/07/2017,6,CSA,2,BOTAFOGO,1,,Domingo
760,31/07/2017,7,BOTAFOGO,2,VOLTA REDONDA,1,,Domingo
760,31/07/2017,8,PARANA,4,SANTA CRUZ,0,,Sábado
760,31/07/2017,9,CORITIBA,0,ATLETICO,2,,Domingo
760,31/07/2017,10,PONTE PRETA,1,FLUMINENSE,0,,
760,31/07/2017,11,BOTAFOGO,3,SAO PAULO,4,,Sábado
760,31/07/2017,12,CHAPECOENSE,1,ATLETICO,2,,Domingo
760,31/07/2017,13,GOIAS,3,CRB,0,,Sábado
760,31/07/2017,14,PALMEIRAS,2,AVAI,0,,Sábado
761,08/08/2017,1,CRUZEIRO,0,BOTAFOGO,0,,Domingo
761,08/08/2017,2,BAHIA,2,SAO PAULO,1,,Domingo
761,08/08/2017,3,GREMIO,2,ATLETICO,0,,Domingo
761,08/08/2017,4,BRAGANTINO,1,MOGI MIRIM,0,,Sábado
761,08/08/2017,5,GUARANI,0,INTERNACIONAL,2,,Sábado
761,08/08/2017,6,BOA ESPORTE,2,PARANA,1,,Sábado
761,08/08/2017,7,LONDRINA,0,VILA NOVA,1,,Sábado
761,08/08/2017,8,PALMEIRAS,0,ATHLETICO,1,,Domingo
761,08/08/2017,9,FLAMENGO,0,VITORIA,2,,Domingo
761,08/08/2017,10,CORITIBA,2,CHAPECOENSE,0,,Domingo
761,08/08/2017,11,ASA,1,FORTALEZA,1,,Sábado
761,08/08/2017,12,CORINTHIANS,3,SPORT,1,,Sábado
761,08/08/2017,13,PONTE PRETA,0,VASCO DA GAMA,0,,Domingo
761,08/08/2017,14,AVAI,0,SANTOS,0,,Domingo
762,14/08/2017,1,VITORIA,0,AVAI,1,,Sábado
762,14/08/2017,2,ATLETICO,2,FLAMENGO,0,,Domingo
762,14/08/2017,3,INTERNACIONAL,3,LONDRINA,1,,Sábado
762,14/08/2017,4,CEARA,1,CRB,0,,Sábado
762,14/08/2017,5,CSA,2,REMO,0,,Sábado
762,14/08/2017,6,BOTAFOGO,0,SAO BENTO,2,,Domingo
762,14/08/2017,7,FORTALEZA,1,CUIABA,1,,Domingo
762,14/08/2017,8,SAO PAULO,3,CRUZEIRO,2,,Domingo
762,14/08/2017,9,BOTAFOGO,1,GREMIO,0,,Domingo
762,14/08/2017,10,VASCO DA GAMA,1,PALMEIRAS,1,,Domingo
762,14/08/2017,11,PARANA,1,ABC,0,,Sábado
762,14/08/2017,12,ATHLETICO,4,BAHIA,1,,Domingo
762,14/08/2017,13,SPORT,0,PONTE PRETA,0,,Domingo
762,14/08/2017,14,ATLETICO,1,CORITIBA,0,,Sábado
763,21/08/2017,1,BAHIA,3,VASCO DA GAMA,0,,Domingo
763,21/08/2017,2,CRUZEIRO,2,SPORT,0,,Domingo
763,21/08/2017,3,CORITIBA,0,SANTOS,0,,Domingo
763,21/08/2017,4,REMO,2,BOTAFOGO,1,,Domingo
763,21/08/2017,5,ABC,0,INTERNACIONAL,3,,Sábado
763,21/08/2017,6,GUARANI,2,SANTA CRUZ,0,,Sábado
763,21/08/2017,7,BOA ESPORTE,4,CEARA,1,,Sábado
763,21/08/2017,8,CORINTHIANS,0,VITORIA,1,,Sábado
763,21/08/2017,9,SAMPAIO CORREA,2,FORTALEZA,0,,Sábado
763,21/08/2017,10,FLAMENGO,2,ATLETICO,0,,Sábado
763,21/08/2017,11,AVAI,1,SAO PAULO,1,,Domingo
763,21/08/2017,12,PONTE PRETA,2,BOTAFOGO,1,,Domingo
763,21/08/2017,13,PALMEIRAS,0,CHAPECOENSE,2,,Domingo
763,21/08/2017,14,GREMIO,0,ATHLETICO,0,,Domingo
764,28/08/2017,1,PALMEIRAS,4,SAO PAULO,2,,Domingo
764,28/08/2017,2,FLUMINENSE,0,VASCO DA GAMA,1,,Sábado
764,28/08/2017,3,AVAI,1,CHAPECOENSE,0,,Domingo
764,28/08/2017,4,SALGUEIRO,1,SAMPAIO CORREA,1,,Sábado
764,28/08/2017,5,OESTE,4,BOA ESPORTE,1,,Sábado
764,28/08/2017,6,LUVERDENSE,1,LONDRINA,0,,Sábado
764,28/08/2017,7,BOTAFOGO,1,TUPI,1,,Sábado
764,28/08/2017,8,FLAMENGO,2,ATHLETICO,0,,Domingo
764,28/08/2017,9,FORTALEZA,1,CSA,1,,Domingo
764,28/08/2017,10,BAHIA,1,BOTAFOGO,2,,Domingo
764,28/08/2017,11,PONTE PRETA,1,ATLETICO,2,,Domingo
764,28/08/2017,12,CRUZEIRO,1,SANTOS,1,,Domingo
764,28/08/2017,13,BOTAFOGO,1,CONFIANCA,2,,Domingo
764,28/08/2017,14,SANTA CRUZ,1,CRB,2,,Sábado
765,04/09/2017,1,GREMIO,5,SPORT,0,,Sábado
765,04/09/2017,2,ESPANHA,3,ITALIA,0,,Sábado
765,04/09/2017,3,HUNGRIA,0,PORTUGAL,1,,Domingo
765,04/09/2017,4,HOLANDA,3,BULGARIA,1,,Domingo
765,04/09/2017,5,BRAGANTINO,1,JOINVILLE,1,,Domingo
765,04/09/2017,6,TOMBENSE,2,BOTAFOGO,1,,Sábado
765,04/09/2017,7,MOGI MIRIM,3,MACAE,0,,Sábado
765,04/09/2017,8,GRECIA,1,BELGICA,2,,Domingo
765,04/09/2017,9,UCRANIA,2,TURQUIA,0,,Sábado
765,04/09/2017,10,ESTONIA,1,CHIPRE,0,,Domingo
765,04/09/2017,11,PAIS DE GALES,1,AUSTRIA,0,,Sábado
765,04/09/2017,12,REMO,1,SAMPAIO CORREA,2,,Sábado
765,04/09/2017,13,MOTO CLUBE,1,CUIABA,0,,Sábado
765,04/09/2017,14,CONFIANCA,2,FORTALEZA,0,,Domingo
766,11/09/2017,1,SANTOS,2,CORINTHIANS,0,,Domingo
766,11/09/2017,2,BOTAFOGO,2,FLAMENGO,0,,Domingo
766,11/09/2017,3,ATHLETICO,1,CORITIBA,1,,Domingo
766,11/09/2017,4,ABC,0,SANTA CRUZ,0,,Sábado
766,11/09/2017,5,JOINVILLE,8,MOGI MIRIM,1,,Sábado
766,11/09/2017,6,SALGUEIRO,2,REMO,1,,Sábado
766,11/09/2017,7,VITORIA,2,FLUMINENSE,2,,Domingo
766,11/09/2017,8,CHAPECOENSE,1,CRUZEIRO,2,,Domingo
766,11/09/2017,9,ATLETICO,1,PALMEIRAS,1,,Sábado
766,11/09/2017,10,SAO PAULO,2,PONTE PRETA,2,,Sábado
766,11/09/2017,11,VASCO DA GAMA,1,GREMIO,0,,Sábado
766,11/09/2017,12,JUVENTUDE,2,INTERNACIONAL,1,,Sábado
766,11/09/2017,13,LONDRINA,3,CEARA,2,,Sábado
766,11/09/2017,14,SAMPAIO CORREA,2,BOTAFOGO,3,,Sábado
767,18/09/2017,1,AVAI,1,ATLETICO,1,,Domingo
767,18/09/2017,2,FLAMENGO,2,SPORT,0,,Domingo
767,18/09/2017,3,VITORIA,1,SAO PAULO,2,,Domingo
767,18/09/2017,4,BRASIL,2,CRB,0,,Sábado
767,18/09/2017,5,PARANA,2,LONDRINA,1,,Sábado
767,18/09/2017,6,INTERNACIONAL,3,FIGUEIRENSE,0,,Sábado
767,18/09/2017,7,CRUZEIRO,1,BAHIA,0,,Domingo
767,18/09/2017,8,GREMIO,0,CHAPECOENSE,1,,Domingo
767,18/09/2017,9,ATHLETICO,3,FLUMINENSE,1,,Domingo
767,18/09/2017,10,OESTE,1,NAUTICO,0,,Sábado
767,18/09/2017,11,VILA NOVA,2,LUVERDENSE,1,,Sábado
767,18/09/2017,12,PONTE PRETA,1,ATLETICO,3,,Sábado
767,18/09/2017,13,CORINTHIANS,1,VASCO DA GAMA,0,,Domingo
767,18/09/2017,14,BOTAFOGO,2,SANTOS,0,,Sábado
768,25/09/2017,1,SAO PAULO,1,CORINTHIANS,1,,Domingo
768,25/09/2017,2,CHAPECOENSE,1,PONTE PRETA,0,,Domingo
768,25/09/2017,3,SAMPAIO CORREA,1,VOLTA REDONDA,1,,Sábado
768,25/09/2017,4,SAO BENTO,0,CONFIANCA,0,,Domingo
768,25/09/2017,5,GOIAS,2,PAYSANDU,1,,Sábado
768,25/09/2017,6,FIGUEIRENSE,2,ABC,0,,Sábado
768,25/09/2017,7,CRB,1,CRICIUMA,2,,Sábado
768,25/09/2017,8,BAHIA,1,GREMIO,0,,Domingo
768,25/09/2017,9,CEARA,2,BRASIL,1,,Sábado
768,25/09/2017,10,SANTOS,1,ATHLETICO,0,,Sábado
768,25/09/2017,11,CORITIBA,2,BOTAFOGO,3,,Domingo
768,25/09/2017,12,ATLETICO,1,VITORIA,3,,Domingo
768,25/09/2017,13,FLUMINENSE,0,PALMEIRAS,1,,Domingo
768,25/09/2017,14,FLAMENGO,1,AVAI,1,,Sábado
769,02/10/2017,1,VASCO DA GAMA,1,CHAPECOENSE,1,,Sábado
769,02/10/2017,2,PALMEIRAS,0,SANTOS,1,,Sábado
769,02/10/2017,3,GREMIO,1,FLUMINENSE,0,,Domingo
769,02/10/2017,4,AMERICA,1,OESTE,2,,Domingo
769,02/10/2017,5,GUARANI,0,CRICIUMA,0,,Sábado
769,02/10/2017,6,VILA NOVA,1,BRASIL,1,,Sábado
769,02/10/2017,7,AVAI,0,ATLETICO,2,,Domingo
769,02/10/2017,8,SAO PAULO,1,SPORT,0,,Domingo
769,02/10/2017,9,BOTAFOGO,2,VITORIA,3,,Domingo
769,02/10/2017,10,CRUZEIRO,1,CORINTHIANS,1,,Domingo
769,02/10/2017,11,NAUTICO,2,BOA ESPORTE,0,,Sábado
769,02/10/2017,12,INTERNACIONAL,2,SANTA CRUZ,0,,Sábado
769,02/10/2017,13,BAHIA,1,CORITIBA,1,,Sábado
769,02/10/2017,14,ATHLETICO,0,ATLETICO,2,,Domingo
770,09/10/2017,1,CHIPRE,1,GRECIA,2,,Sábado
770,09/10/2017,2,DINAMARCA,1,ROMENIA,1,,Domingo
770,09/10/2017,3,SUICA,5,HUNGRIA,2,,Sábado
770,09/10/2017,4,NORUEGA,1,IRLANDA DO NORTE,0,,Domingo
770,09/10/2017,5,ESLOVENIA,2,ESCOCIA,2,,Domingo
770,09/10/2017,6,CRUZEIRO,2,PONTE PRETA,1,,Sábado
770,09/10/2017,7,SANTA CRUZ,0,AMERICA,1,,Sábado
770,09/10/2017,8,LUVERDENSE,3,FIGUEIRENSE,0,,Sábado
770,09/10/2017,9,CRICIUMA,2,LONDRINA,1,,Sábado
770,09/10/2017,10,OESTE,3,GUARANI,0,,Sábado
770,09/10/2017,11,BIELORRUSSIA,1,HOLANDA,3,,Sábado
770,09/10/2017,12,POLONIA,4,MONTENEGRO,2,,Domingo
770,09/10/2017,14,CAZAQUISTAO,1,ARMENIA,1,,Domingo
771,16/10/2017,1,SAO PAULO,2,ATHLETICO,1,,Sábado
771,16/10/2017,2,VASCO DA GAMA,1,BOTAFOGO,0,,Sábado
771,16/10/2017,3,SPORT,1,ATLETICO,1,,Domingo
771,16/10/2017,4,BAHIA,2,CORINTHIANS,0,,Domingo
771,16/10/2017,5,VILA NOVA,0,GOIAS,0,,Sábado
771,16/10/2017,6,ABC,1,BOA ESPORTE,0,,Sábado
771,16/10/2017,7,ATLETICO,1,PALMEIRAS,3,,Domingo
771,16/10/2017,8,FLUMINENSE,1,AVAI,0,,Domingo
771,16/10/2017,9,CHAPECOENSE,0,FLAMENGO,1,,Domingo
771,16/10/2017,10,NAUTICO,2,GUARANI,0,,Sábado
771,16/10/2017,11,AMERICA,2,LUVERDENSE,1,,Sábado
771,16/10/2017,12,FIGUEIRENSE,2,SANTA CRUZ,1,,Sábado
771,16/10/2017,13,CORITIBA,0,GREMIO,1,,Domingo
771,16/10/2017,14,OESTE,0,CEARA,1,,Sábado
772,23/10/2017,1,BAHIA,2,VITORIA,1,,Domingo
772,23/10/2017,2,CRUZEIRO,1,ATLETICO,3,,Domingo
772,23/10/2017,3,SAO PAULO,2,FLAMENGO,0,,Domingo
772,23/10/2017,4,CSA,0,FORTALEZA,0,,Sábado
772,23/10/2017,5,AMERICA,1,PARANA,1,,Sábado
772,23/10/2017,6,LONDRINA,2,PAYSANDU,0,,Sábado
772,23/10/2017,7,PONTE PRETA,1,AVAI,2,,Domingo
772,23/10/2017,8,GREMIO,1,PALMEIRAS,3,,Domingo
772,23/10/2017,9,CHAPECOENSE,2,FLUMINENSE,0,,Domingo
772,23/10/2017,10,VASCO DA GAMA,1,CORITIBA,1,,Sábado
772,23/10/2017,11,CRICIUMA,2,INTERNACIONAL,3,,Sábado
772,23/10/2017,12,ATHLETICO,2,SPORT,1,,Domingo
772,23/10/2017,13,SANTOS,1,ATLETICO,0,,Domingo
772,23/10/2017,14,VILA NOVA,0,OESTE,0,,Sábado
773,30/10/2017,1,SAO PAULO,2,SANTOS,1,,Sábado
773,30/10/2017,2,FLAMENGO,0,VASCO DA GAMA,0,,Sábado
773,30/10/2017,3,SPORT,3,CORITIBA,4,,Domingo
773,30/10/2017,4,INTERNACIONAL,0,CEARA,1,,Sábado
773,30/10/2017,5,GOIAS,1,GUARANI,1,,Sábado
773,30/10/2017,6,BOA ESPORTE,2,AMERICA,2,,Sábado
773,30/10/2017,7,VITORIA,1,ATLETICO,1,,Domingo
773,30/10/2017,8,ATHLETICO,0,CHAPECOENSE,0,,Sábado
773,30/10/2017,9,AVAI,2,GREMIO,2,,Domingo
773,30/10/2017,10,A B C,3,LONDRINA,0,,Sábado
773,30/10/2017,11,SANTA CRUZ,0,LUVERDENSE,0,,Sábado
773,30/10/2017,12,FLUMINENSE,1,BAHIA,1,,Domingo
773,30/10/2017,13,ATLETICO,0,BOTAFOGO,0,,Domingo
773,30/10/2017,14,PONTE PRETA,1,CORINTHIANS,0,,Domingo
774,06/11/2017,1,BOTAFOGO,1,FLUMINENSE,2,,Sábado
774,06/11/2017,2,CORINTHIANS,3,PALMEIRAS,2,,Domingo
774,06/11/2017,3,GREMIO,3,FLAMENGO,1,,Domingo
774,06/11/2017,4,SANTA CRUZ,2,NAUTICO,3,,Sábado
774,06/11/2017,5,BOA ESPORTE,0,LONDRINA,1,,Sábado
774,06/11/2017,6,VASCO DA GAMA,1,VITORIA,1,,Domingo
774,06/11/2017,7,BAHIA,2,PONTE PRETA,0,,Domingo
774,06/11/2017,8,SANTOS,3,ATLETICO,1,,Sábado
774,06/11/2017,9,FIGUEIRENSE,2,BRASIL,0,,Sábado
774,06/11/2017,10,GUARANI,0,AMERICA,1,,Sábado
774,06/11/2017,11,ATLETICO,0,SAO PAULO,1,,Sábado
774,06/11/2017,12,CHAPECOENSE,1,SPORT,1,,Domingo
774,06/11/2017,13,CORITIBA,4,AVAI,0,,Sábado
774,06/11/2017,14,CRUZEIRO,1,ATHLETICO,0,,Domingo
775,13/11/2017,1,PALMEIRAS,2,FLAMENGO,0,,Domingo
775,13/11/2017,2,VASCO DA GAMA,1,SAO PAULO,1,,Domingo
775,13/11/2017,3,CORITIBA,1,PONTE PRETA,1,,Domingo
775,13/11/2017,4,INTERNACIONAL,1,VILA NOVA,1,,Sábado
775,13/11/2017,5,GOIAS,0,CEARA,0,,Sábado
775,13/11/2017,6,PAYSANDU,2,BRASIL,3,,Sábado
775,13/11/2017,7,BAHIA,2,ATLETICO,2,,Domingo
775,13/11/2017,8,CRUZEIRO,3,FLUMINENSE,1,,Domingo
775,13/11/2017,9,ATLETICO,2,SPORT,0,,Domingo
775,13/11/2017,10,GUARANI,2,CRB,1,,Sábado
775,13/11/2017,11,FIGUEIRENSE,1,AMERICA,2,,Sábado
775,13/11/2017,12,BOTAFOGO,0,ATHLETICO,1,,Sábado
775,13/11/2017,13,CORINTHIANS,1,AVAI,0,,Sábado
775,13/11/2017,14,GREMIO,1,VITORIA,1,,Domingo
776,20/11/2017,1,FLAMENGO,3,CORINTHIANS,0,,Domingo
776,20/11/2017,2,SAO PAULO,0,BOTAFOGO,0,,Domingo
776,20/11/2017,3,SPORT,1,BAHIA,0,,Domingo
776,20/11/2017,4,GOIAS,0,INTERNACIONAL,2,,Sábado
776,20/11/2017,5,LONDRINA,0,AMERICA,0,,Sábado
776,20/11/2017,6,CRICIUMA,1,CEARA,1,,Sábado
776,20/11/2017,7,SANTOS,1,GREMIO,0,,Domingo
776,20/11/2017,8,ATLETICO,1,CHAPECOENSE,1,,Domingo
776,20/11/2017,9,CRB,0,PARANA,1,,Sábado
776,20/11/2017,10,BOA ESPORTE,2,BRASIL,1,,Sábado
776,20/11/2017,11,ATLETICO,3,CORITIBA,0,,Domingo
776,20/11/2017,12,VITORIA,1,CRUZEIRO,1,,Domingo
776,20/11/2017,13,ATHLETICO,3,VASCO DA GAMA,1,,Domingo
776,20/11/2017,14,PAYSANDU,4,SANTA CRUZ,2,,Sábado
777,27/11/2017,1,BAHIA,0,CHAPECOENSE,1,,Domingo
777,27/11/2017,2,CRUZEIRO,0,VASCO DA GAMA,1,,Domingo
777,27/11/2017,3,CORITIBA,1,SAO PAULO,2,,Domingo
777,27/11/2017,4,FIGUEIRENSE,0,PAYSANDU,1,,
777,27/11/2017,5,VILA NOVA,0,LONDRINA,1,,Sábado
777,27/11/2017,6,AMERICA,1,CRB,0,,Sábado
777,27/11/2017,7,FLAMENGO,1,SANTOS,2,,Domingo
777,27/11/2017,8,GREMIO,1,ATLETICO,1,,Domingo
777,27/11/2017,9,FLUMINENSE,1,SPORT,2,,Sábado
777,27/11/2017,10,INTERNACIONAL,2,GUARANI,0,,Sábado
777,27/11/2017,11,PARANA,1,BOA ESPORTE,1,,Sábado
777,27/11/2017,12,CORINTHIANS,2,ATLETICO,2,,Domingo
777,27/11/2017,13,PONTE PRETA,2,VITORIA,3,,Domingo
777,27/11/2017,14,AVAI,1,ATHLETICO,0,,Domingo
778,18/12/2017,1,OLYMPIQUE DE NICE,1,FC BORDEAUX,0,,Domingo
778,18/12/2017,2,MANCHESTER CITY,4,TOTTENHAM,1,,Sábado
778,18/12/2017,3,FC BARCELONA,4,DEPORTI LA CORUNA,0,,Domingo
778,18/12/2017,4,RB LEIPZIG,2,HERTHA BERLIM,3,,Domingo
778,18/12/2017,5,CLUBE D TONDELA,1,LISBOA BENFICA,5,,Domingo
778,18/12/2017,6,SPORTING CLUBE,2,PORTIMONENSE SC,0,,Domingo
778,18/12/2017,7,BOLOGNA FC,0,JUVENTUS FC,3,,Domingo
778,18/12/2017,8,AS ROMA,1,CAGLIARI CALCIO,0,,Sábado
778,18/12/2017,10,OLYMPIQUE LYONNAI,2,MARSEILLE,0,,Domingo
778,18/12/2017,11,SOC DEPORT EIBAR,2,VALENCIA CLUB,1,,Sábado
778,18/12/2017,12,BORUSSIA DORTMUND,2,TSG HOFFENHEIM,1,,Sábado
778,18/12/2017,13,SPORTING C BRAGA,4,CF OS BELENENSES,0,,Sábado
778,18/12/2017,14,ATALANTA BERGAMAS,3,SOCIETA SPO LAZIO,3,,Domingo
779,26/12/2017,1,JUVENTUS FC,1,AS ROMA,0,,Sábado
779,26/12/2017,2,SASSUOLO,1,INTER DE MILAO,0,,Sábado
779,26/12/2017,3,BRIGHTON,1,WATFORD,0,,Sábado
779,26/12/2017,5,GENOA,1,BENEVENTO,0,,Sábado
779,26/12/2017,6,UDINESE,4,VERONA,0,,Sábado
779,26/12/2017,7,STOKE CITY,3,WEST BROMWICH,1,,Sábado
779,26/12/2017,8,SOUTHAMPTON,1,HUDDERSFIELD,1,,Sábado
779,26/12/2017,9,WEST HAM,2,NEW CASTLE,3,,Sábado
779,26/12/2017,10,NAPOLI,3,SAMPDORIA,2,,Sábado
779,26/12/2017,11,MILAN,0,ATALANTA,2,,Sábado
779,26/12/2017,12,BURNLEY,0,TOTTENHAM,3,,Sábado
779,26/12/2017,13,SWANSEA,1,CRYSTAL PALACE,1,,Sábado
779,26/12/2017,14,MANCHESTER CITY,4,BOURNEMOUTH,0,,Sábado
780,02/01/2018,1,LIVERPOOL,2,LEICESTER,1,,Sábado
780,02/01/2018,2,CRYSTAL PALACE,0,MANCHESTER CITY,0,,Domingo
780,02/01/2018,3,HUDDERSFIELD,0,BURNLEY,0,,Sábado
780,02/01/2018,4,INTER DE MILAO,0,SOCIETA SPO LAZIO,0,,Sábado
780,02/01/2018,5,WATFORD,1,SWANSEA,2,,Sábado
780,02/01/2018,6,AS ROMA,1,SASSUOLO,1,,Sábado
780,02/01/2018,8,CHELSEA,5,STOKE CITY,0,,Sábado
780,02/01/2018,9,BOURNEMOUTH,2,EVERTON,1,,Sábado
780,02/01/2018,10,ATALANTA BERGAMAS,1,CAGLIARI CALCIO,2,,Sábado
780,02/01/2018,11,BOLOGNA FC,1,UDINESE,2,,Sábado
780,02/01/2018,12,TORINO,0,GENOA,0,,Sábado
780,02/01/2018,13,NEW CASTLE,0,BRIGHTON,0,,Sábado
780,02/01/2018,14,SAMPDORIA,2,SPAL,0,,Sábado
781,08/01/2018,1,FC BARCELONA,3,LEVANTE,0,,Domingo
781,08/01/2018,2,AS ROMA,1,ATALANTA BERGAMAS,2,,Sábado
781,08/01/2018,3,RIO BRANCO,0,CEARA,6,SUB 20,Sábado
781,08/01/2018,4,SERGIPE,1,SAO PAULO,3,SUB 20,Sábado
781,08/01/2018,5,FERNANDOPOLIS,2,GUARANI,4,SUB 20,Sábado
781,08/01/2018,6,TUPA,0,XV DE JAU,1,SUB 20,Sábado
781,08/01/2018,8,MADUREIRA,0,CRICIUMA,0,SUB 20,Sábado
781,08/01/2018,9,PENAPOLENSE,2,LINENSE,0,SUB 20,Sábado
781,08/01/2018,10,NOVA IGUACU,1,CRUZEIRO,0,SUB 20,Domingo
781,08/01/2018,11,CAGLIARI CALCIO,0,JUVENTUS FC,1,,Sábado
781,08/01/2018,12,VILLARREAL,1,DEPORTIVO LA CORU,1,,Domingo
781,08/01/2018,13,CELTA DE VIGO,2,REAL MADRID,2,,Domingo
781,08/01/2018,14,SEVILLA,3,BETIS,5,,Sábado
782,15/01/2018,1,COLONIA,2,MONCHENGLADBACH,1,,Domingo
782,15/01/2018,2,REAL SOCIEDAD,2,FC BARCELONA,4,,Domingo
782,15/01/2018,3,NANTES,0,PARIS SAINT-GERMA,1,,Domingo
782,15/01/2018,4,TOTTENHAM,4,EVERTON,0,,Sábado
782,15/01/2018,5,LIVERPOOL,4,MANCHESTER CITY,3,,Domingo
782,15/01/2018,6,DIJON,1,METZ,1,,Sábado
782,15/01/2018,7,SAINT-ETIENNE,2,TOULOUSE,0,,Domingo
782,15/01/2018,8,SOC DEPORT EIBAR,0,ATLETICO MADRID,1,,Sábado
782,15/01/2018,9,ESPANYOL,1,ATHLETIC BILBAO,1,,Domingo
782,15/01/2018,10,RB LEIPZIG,3,SCHALKE 04,1,,Sábado
782,15/01/2018,11,BORUSSIA DORTMUND,0,WOLFSBURG,0,,Domingo
782,15/01/2018,12,OLYMPIQUE DE NICE,1,AMIENS,0,,Sábado
782,15/01/2018,13,DEPORTI LA CORUNA,1,VALENCIA CLUB,2,,Sábado
782,15/01/2018,14,MONTPELLIER,0,MONACO,0,,Sábado
783,22/01/2018,1,FLUMINENSE,0,BOTAFOGO,0,,Sábado
783,22/01/2018,2,AVAI,2,JOINVILLE,1,,Domingo
783,22/01/2018,3,GREMIO,3,CAXIAS,5,,Sábado
783,22/01/2018,4,GOIAS,0,VILA NOVA,1,,Domingo
783,22/01/2018,5,SAO  CAETANO,0,CORINTHIANS,4,,Domingo
783,22/01/2018,6,OPERARIO,0,COMERCIAL,0,,
783,22/01/2018,7,VASCO DA GAMA,4,NOVA IGUACU,2,,Domingo
783,22/01/2018,8,NOVO HAMBURGO,0,INTERNACIONAL,3,,Domingo
783,22/01/2018,9,MIRASSOL,0,S.BENTO,0,,Sábado
783,22/01/2018,10,TUBARAO,1,FIGUEIRENSE,2,,Domingo
783,22/01/2018,11,INTER DE MILAO,1,ROMA,1,,Domingo
783,22/01/2018,12,LYON,2,PARIS SAINT-GERMA,1,,Domingo
783,22/01/2018,13,MANCHESTER CITY,3,NEW CASTLE,1,,Sábado
783,22/01/2018,14,REAL SOCIEDAD,1,CELTA DE VIGO,2,,Domingo
784,29/01/2018,1,FLAMENGO,0,VASCO DA GAMA,0,,Sábado
784,29/01/2018,2,CORINTHIANS,2,SAO PAULO,1,,Sábado
784,29/01/2018,3,PARANA,1,LONDRINA,1,,Domingo
784,29/01/2018,4,VILA NOVA,2,ATLETICO,1,,Domingo
784,29/01/2018,5,AVAI,3,FIGUEIRENSE,3,,Domingo
784,29/01/2018,6,CHAPECOENSE,1,JOINVILLE,0,,Domingo
784,29/01/2018,7,JUVENTUDE,1,NOVO HAMBURGO,1,,Domingo
784,29/01/2018,8,TOMBENSE,1,CRUZEIRO,2,,Domingo
784,29/01/2018,9,BRAGANTINO,0,PALMEIRAS,2,,Domingo
784,29/01/2018,10,AMERICA,3,ABC,0,,Sábado
784,29/01/2018,11,CEARA,1,FERROVIARIO,1,,Sábado
784,29/01/2018,12,MARSEILLE,2,MONACO,2,,Domingo
784,29/01/2018,13,MILAN,2,LAZIO,1,,Domingo
784,29/01/2018,14,ROMA,0,SAMPDORIA,1,,Domingo
785,05/02/2018,1,FLUMINENSE,1,MACAE,0,,Sábado
785,05/02/2018,2,PALMEIRAS,2,SANTOS,1,,Domingo
785,05/02/2018,3,FORTALEZA,0,CEARA,2,,Domingo
785,05/02/2018,4,CORITIBA,0,ATHLETICO,1,,Domingo
785,05/02/2018,5,VILA NOVA,1,GOIAS,1,,Domingo
785,05/02/2018,6,FIGUEIRENSE,1,JOINVILLE,0,,Domingo
785,05/02/2018,7,VASCO DA GAMA,3,VOLTA REDONDA,1,,Domingo
785,05/02/2018,8,SAO PAULO,2,BOTAFOGO,0,,Sábado
785,05/02/2018,9,CRUZEIRO,1,AMERICA,0,,Domingo
785,05/02/2018,10,BRASIL,1,INTERNACIONAL,0,,Domingo
785,05/02/2018,11,CRICIUMA,0,AVAI,1,,Domingo
785,05/02/2018,12,MONACO,3,LYON,2,,Domingo
785,05/02/2018,13,ARSENAL,5,EVERTON,1,,Sábado
785,05/02/2018,14,LIVERPOOL,2,TOTTENHAM,2,,Domingo
786,14/02/2018,1,MIRASSOL,0,PALMEIRAS,2,,Sábado
786,14/02/2018,2,LONDRINA,0,CORITIBA,3,,Sábado
786,14/02/2018,3,ATLETICO,1,CALDENSE,2,,Sábado
786,14/02/2018,4,CHAPECOENSE,2,BRUSQUE,0,,Sábado
786,14/02/2018,5,GUARANI,0,FORTALEZA,4,,Sábado
786,14/02/2018,6,GOIAS,1,APARECIDENSE,0,,Sábado
786,14/02/2018,7,BOTAFOGO,1,ITUANO,0,,Sábado
786,14/02/2018,9,MANCHESTER CITY,5,LEICESTER,1,,Sábado
786,14/02/2018,10,NAPOLI,4,LAZIO,1,,Sábado
786,14/02/2018,11,REAL MADRID,5,REAL SOCIEDAD,2,,Sábado
786,14/02/2018,12,SOUTHAMPTON,0,LIVERPOOL,2,,Domingo
786,14/02/2018,13,INTER DE MILAO,2,BOLOGNA,1,,Domingo
786,14/02/2018,14,TORINO,2,UDINESE,0,,Domingo
787,20/02/2018,1,SANTA CRUZ,0,NAUTICO,0,,Sábado
787,20/02/2018,2,SAO PAULO,0,SANTOS,1,,Domingo
787,20/02/2018,3,AMERICA,0,ATLETICO,3,,Domingo
787,20/02/2018,4,CHAPECOENSE,1,AVAI,0,,Domingo
787,20/02/2018,5,VITORIA,1,BAHIA,1,,Segunda-feira
787,20/02/2018,6,CAXIAS,1,JUVENTUDE,1,,Domingo
787,20/02/2018,7,CRUZEIRO,1,VILA NOVA,0,,Sábado
787,20/02/2018,8,FERROVIARIO,1,GUARANI,0,,Domingo
787,20/02/2018,9,PONTE PRETA,0,PALMEIRAS,0,,Domingo
787,20/02/2018,10,SPORT,2,AMERICA,0,,Domingo
787,20/02/2018,11,MONCHENGLADBACH,0,DORTMUND,1,,Domingo
787,20/02/2018,12,ESPANYOL,1,VILLARREAL,1,,Domingo
787,20/02/2018,13,MARSEILLE,1,BORDEAUX,0,,Domingo
787,20/02/2018,14,TORINO,0,JUVENTUS,1,,Domingo
788,26/02/2018,1,FLUMINENSE,4,FLAMENGO,0,,Sábado
788,26/02/2018,2,CRICIUMA,0,FIGUEIRENSE,1,,Domingo
788,26/02/2018,3,CORINTHIANS,2,PALMEIRAS,0,,Sábado
788,26/02/2018,4,GREMIO,3,NOVO HAMBURGO,0,,Domingo
788,26/02/2018,5,GOIAS,2,ITUMBIARA,1,,Sábado
788,26/02/2018,6,ATLETICO,1,VILA NOVA,1,,Domingo
788,26/02/2018,7,SAO PAULO,0,FERROVIARIA,0,,Domingo
788,26/02/2018,8,CAMPINENSE,0,SERRANO,0,,Domingo
788,26/02/2018,9,FERROVIARIO,1,FORTALEZA,3,,Domingo
788,26/02/2018,10,MIRASSOL,1,PONTE PRETA,0,,Domingo
788,26/02/2018,11,ROMA,0,MILAN,2,,Domingo
788,26/02/2018,12,MANCHESTER UTD,2,CHELSEA,1,,Domingo
788,26/02/2018,13,PSG,3,MARSEILLE,0,,Domingo
788,26/02/2018,14,SEVILLA,2,ATLETICO MADRID,5,,Domingo
789,05/03/2018,1,FLAMENGO,1,BOTAFOGO,0,,Sábado
789,05/03/2018,2,JOINVILLE,0,AVAI,2,,Domingo
789,05/03/2018,3,SANTOS,1,CORINTHIANS,1,,Domingo
789,05/03/2018,4,CAMPINENSE,2,TREZE,0,,Domingo
789,05/03/2018,5,ATLETICO,0,CRUZEIRO,1,,Domingo
789,05/03/2018,6,JUVENTUDE,0,GREMIO,2,,Domingo
789,05/03/2018,7,FLUMINENSE,2,VOLTA REDONDA,1,,Domingo
789,05/03/2018,8,SALGUEIRO,1,SPORT,1,,Domingo
789,05/03/2018,9,CORITIBA,0,MARINGA,3,,Domingo
789,05/03/2018,10,SANTO ANDRE,0,BOTAFOGO,1,,Sábado
789,05/03/2018,11,BARCELONA,1,ATLETICO MADRID,0,,Domingo
789,05/03/2018,12,LIVERPOOL,2,NEW CASTLE,0,,Sábado
789,05/03/2018,13,MILAN,0,INTER DE MILAO,0,,
789,05/03/2018,14,MANCHESTER CITY,1,CHELSEA,0,,Domingo
790,12/03/2018,1,INTERNACIONAL,1,GREMIO,2,,Domingo
790,12/03/2018,2,JOINVILLE,0,CHAPECOENSE,1,,Sábado
790,12/03/2018,3,ATLETICO,1,GOIAS,0,,Domingo
790,12/03/2018,4,VOLTA REDONDA,1,BOTAFOGO,1,,Domingo
790,12/03/2018,5,ITUANO,0,PALMEIRAS,3,,Domingo
790,12/03/2018,6,BOTAFOGO,0,CORINTHIANS,2,,Domingo
790,12/03/2018,7,FIGUEIRENSE,1,AVAI,1,,Domingo
790,12/03/2018,8,MACAE,1,FLAMENGO,0,,Sábado
790,12/03/2018,9,MADUREIRA,1,VASCO DA GAMA,3,,Sábado
790,12/03/2018,10,VILLA NOVA,1,AMERICA,1,,Domingo
790,12/03/2018,11,ARSENAL,3,WATFORD,0,,Domingo
790,12/03/2018,12,LAS PALMAS,0,VILLARREAL,2,,Domingo
790,12/03/2018,13,INTER DE MILAO,0,NAPOLI,0,,Domingo
790,12/03/2018,14,RENNES,1,SAINT-ETIENNE,1,,Sábado
791,19/03/2018,1,BOTAFOGO,2,VASCO DA GAMA,3,,Domingo
791,19/03/2018,2,ATHLETICO,0,LONDRINA,0,,Domingo
791,19/03/2018,3,AMERICA,1,SANTA CRUZ,2,,Domingo
791,19/03/2018,4,BANGU,0,MADUREIRA,3,,Domingo
791,19/03/2018,5,VOLTA REDONDA,2,BOAVISTA,3,,Domingo
791,19/03/2018,6,TUBARAO,0,CHAPECOENSE,2,,Domingo
791,19/03/2018,7,MONTPELLIER,2,DIJON,2,,Sábado
791,19/03/2018,8,RB LEIPZIG,2,BAYERN DE MUNIQUE,1,,Domingo
791,19/03/2018,9,COLONIA,2,LEVERKUSEN,0,,Domingo
791,19/03/2018,10,VILLARREAL,2,ATLETICO MADRID,1,,Domingo
791,19/03/2018,11,NAPOLI,1,GENOA,0,,Domingo
791,19/03/2018,12,SPORTING CLUBE,2,RIO AVE,0,,Domingo
791,19/03/2018,13,TORINO,1,FIORENTINA,2,,Domingo
791,19/03/2018,14,MARSEILLE,2,LYON,3,,Domingo
792,26/03/2018,1,CSA,2,ASA,1,,Sábado
792,26/03/2018,2,BAHIA,3,JUAZEIRENSE,0,,Domingo
792,26/03/2018,3,SAO BENTO,3,PONTE PRETA,1,,Sábado
792,26/03/2018,4,ITUANO,0,MIRASSOL,2,,Sábado
792,26/03/2018,5,TUBARAO,2,AVAI,1,,Domingo
792,26/03/2018,6,BRUSQUE,2,CHAPECOENSE,2,,Domingo
792,26/03/2018,7,BATATAIS,1,PENAPOLENSE,1,,Sábado
792,26/03/2018,8,GLOBO,1,AMERICA,0,,
792,26/03/2018,9,JUVENTUS,1,OESTE,2,,Sábado
792,26/03/2018,10,SAO BERNARDO,0,XV NOV PIRACICABA,0,,Sábado
792,26/03/2018,11,GEORGIA,4,LITUANIA,0,,Sábado
792,26/03/2018,12,ILHAS FAROE,3,LIECHTENSTEIN,0,,Domingo
792,26/03/2018,13,GIBRALTAR,1,LETONIA,0,,Domingo
792,26/03/2018,14,CANADA,1,NOVA ZELANDIA,0,,Sábado
793,02/04/2018,1,AVAI,2,CHAPECOENSE,2,,Domingo
793,02/04/2018,2,TUBARAO,3,JOINVILLE,0,,Domingo
793,02/04/2018,3,ATLETICO,3,CRUZEIRO,1,,Domingo
793,02/04/2018,4,BAHIA,2,VITORIA,1,,Domingo
793,02/04/2018,5,TREZE,0,BOTAFOGO,1,,Domingo
793,02/04/2018,6,PAYSANDU,1,REMO,2,,Domingo
793,02/04/2018,7,CSA,0,CRB,1,,Domingo
793,02/04/2018,8,JUVENTUS,3,MILAN,1,,Sábado
793,02/04/2018,9,SEVILLA,2,BARCELONA,2,,Sábado
793,02/04/2018,10,ATLETICO MADRID,1,DEPORTIVO LA CORU,0,,Domingo
793,02/04/2018,11,LYON,2,TOULOUSE,0,,Domingo
793,02/04/2018,12,NANTES,0,SAINT-ETIENNE,3,,Domingo
793,02/04/2018,13,ARSENAL,3,STOKE CITY,0,,Domingo
793,02/04/2018,14,CHELSEA,1,TOTTENHAM,3,,Domingo
794,09/04/2018,1,CRUZEIRO,2,ATLETICO,0,,Domingo
794,09/04/2018,2,VITORIA,0,BAHIA,1,,Domingo
794,09/04/2018,3,CRB,0,CSA,2,,Domingo
794,09/04/2018,4,REMO,1,PAYSANDU,0,,Domingo
794,09/04/2018,5,NAUTICO,2,CENTRAL,1,,Domingo
794,09/04/2018,6,TORINO,1,INTER DE MILAO,0,,Domingo
794,09/04/2018,7,REAL MADRID,1,ATLETICO MADRID,1,,Domingo
794,09/04/2018,8,BARCELONA,3,LEGANES,1,,Sábado
794,09/04/2018,9,VALENCIA,1,ESPANYOL,0,,Domingo
794,09/04/2018,10,NICE,1,RENNES,1,,Domingo
794,09/04/2018,11,METZ,0,LYON,5,,Domingo
794,09/04/2018,12,MARSEILLE,0,MONTPELLIER,0,,Domingo
794,09/04/2018,13,ARSENAL,3,SOUTHAMPTON,2,,Domingo
794,09/04/2018,14,CHELSEA,1,WEST HAM,1,,Domingo
795,16/04/2018,1,CRUZEIRO,0,GREMIO,1,,Sábado
795,16/04/2018,2,CORINTHIANS,2,FLUMINENSE,1,,Domingo
795,16/04/2018,3,AMERICA,3,SPORT,0,,Domingo
795,16/04/2018,4,PONTE PRETA,0,PAYSANDU,1,,Sábado
795,16/04/2018,5,VILA NOVA,1,AVAI,0,,Sábado
795,16/04/2018,6,CSA,2,GOIAS,1,,Sábado
795,16/04/2018,7,LONDRINA,1,BOA ESPORTE,0,,Sábado
795,16/04/2018,8,VITORIA,2,FLAMENGO,2,,Sábado
795,16/04/2018,9,SANTOS,2,CEARA,0,,Sábado
795,16/04/2018,10,INTERNACIONAL,2,BAHIA,0,,Domingo
795,16/04/2018,11,VASCO DA GAMA,2,ATLETICO,1,,Domingo
795,16/04/2018,12,ATHLETICO,5,CHAPECOENSE,1,,Domingo
795,16/04/2018,13,PSG,7,MONACO,1,,Domingo
795,16/04/2018,14,SAMPAIO CORREA,2,CORITIBA,0,,Sábado
796,23/04/2018,1,FLUMINENSE,1,CRUZEIRO,0,,Domingo
796,23/04/2018,2,CEARA,0,SAO PAULO,0,,Domingo
796,23/04/2018,3,ATLETICO,2,VITORIA,1,,Domingo
796,23/04/2018,4,CRB,0,VILA NOVA,1,,Sábado
796,23/04/2018,5,GUARANI,2,SAMPAIO CORREA,0,,Sábado
796,23/04/2018,6,GOIAS,0,FIGUEIRENSE,2,,Sábado
796,23/04/2018,7,GREMIO,0,ATHLETICO,0,,Domingo
796,23/04/2018,8,PALMEIRAS,1,INTERNACIONAL,0,,Domingo
796,23/04/2018,9,BAHIA,1,SANTOS,0,,Sábado
796,23/04/2018,10,FLAMENGO,2,AMERICA,0,,Sábado
796,23/04/2018,11,CRICIUMA,0,PONTE PRETA,1,,Sábado
796,23/04/2018,12,AVAI,2,BRASIL,2,,Sábado
796,23/04/2018,13,PARANA,0,CORINTHIANS,4,,Domingo
796,23/04/2018,14,CHAPECOENSE,1,VASCO DA GAMA,1,,Domingo
797,30/04/2018,1,CEARA,0,FLAMENGO,3,,Domingo
797,30/04/2018,2,INTERNACIONAL,0,CRUZEIRO,0,,Domingo
797,30/04/2018,3,BAHIA,0,ATHLETICO,0,,Domingo
797,30/04/2018,4,JUVENTUDE,1,AVAI,3,,Sábado
797,30/04/2018,5,PONTE PRETA,0,LONDRINA,1,,Sábado
797,30/04/2018,6,SAO BENTO,1,GOIAS,1,,Sábado
797,30/04/2018,7,BOTAFOGO,2,GREMIO,1,,Sábado
797,30/04/2018,8,AMERICA,0,VITORIA,1,,
797,30/04/2018,9,FLUMINENSE,1,SAO PAULO,1,,Domingo
797,30/04/2018,10,ATLETICO,1,CORINTHIANS,0,,Domingo
797,30/04/2018,11,PARANA,1,SPORT,2,,Domingo
797,30/04/2018,12,VILA NOVA,3,SAMPAIO CORREA,1,,Sábado
797,30/04/2018,13,JOINVILLE,0,BRAGANTINO,2,,Domingo
797,30/04/2018,14,SANTA CRUZ,0,ABC,0,,Sábado
798,07/05/2018,1,SPORT,2,BAHIA,0,,Domingo
798,07/05/2018,2,CORINTHIANS,1,CEARA,1,,Domingo
798,07/05/2018,3,FLAMENGO,2,INTERNACIONAL,0,,Domingo
798,07/05/2018,4,GUARANI,2,PONTE PRETA,3,,Sábado
798,07/05/2018,5,GOIAS,1,VILA NOVA,3,,Sábado
798,07/05/2018,6,AVAI,1,SAO BENTO,1,,Sábado
798,07/05/2018,7,ATHLETICO,1,PALMEIRAS,3,,Domingo
798,07/05/2018,8,CRUZEIRO,1,BOTAFOGO,0,,Domingo
798,07/05/2018,9,VASCO DA GAMA,4,AMERICA,1,,Sábado
798,07/05/2018,10,VITORIA,1,FLUMINENSE,2,,Domingo
798,07/05/2018,11,SAO PAULO,2,ATLETICO,2,,Sábado
798,07/05/2018,12,GREMIO,5,SANTOS,1,,Domingo
798,07/05/2018,13,ABC,2,BOTAFOGO,0,,Domingo
798,07/05/2018,14,REMO,0,SANTA CRUZ,0,,Sábado
799,14/05/2018,1,GREMIO,0,INTERNACIONAL,0,,Sábado
799,14/05/2018,2,CORINTHIANS,1,PALMEIRAS,0,,Domingo
799,14/05/2018,3,BAHIA,2,SAO PAULO,2,,Domingo
799,14/05/2018,4,FIGUEIRENSE,0,AVAI,1,,Sábado
799,14/05/2018,5,FORTALEZA,3,GOIAS,0,,Sábado
799,14/05/2018,6,SAO BENTO,1,OESTE,0,,Sábado
799,14/05/2018,7,CHAPECOENSE,3,FLAMENGO,2,,Domingo
799,14/05/2018,8,VASCO DA GAMA,2,VITORIA,3,,Domingo
799,14/05/2018,9,SANTOS,3,PARANA,1,,Domingo
799,14/05/2018,10,CRUZEIRO,2,SPORT,0,,Domingo
799,14/05/2018,11,ATHLETICO,1,ATLETICO,2,,Domingo
799,14/05/2018,12,NAUTICO,3,SALGUEIRO,0,,Sábado
799,14/05/2018,13,CONFIANCA,2,ABC,2,,Sábado
799,14/05/2018,14,CSA,1,BOA ESPORTE,0,,Sábado
800,21/05/2018,1,SAO PAULO,1,SANTOS,0,,Domingo
800,21/05/2018,2,ATLETICO,1,CRUZEIRO,0,,Sábado
800,21/05/2018,3,FLAMENGO,1,VASCO DA GAMA,1,,Sábado
800,21/05/2018,4,LONDRINA,1,CSA,2,,Sábado
800,21/05/2018,5,PONTE PRETA,1,ATLETICO,3,,Sábado
800,21/05/2018,6,BOA ESPORTE,1,CORITIBA,1,,Sábado
800,21/05/2018,7,PARANA,0,GREMIO,0,,Domingo
800,21/05/2018,8,SPORT,1,CORINTHIANS,1,,Domingo
800,21/05/2018,9,PALMEIRAS,3,BAHIA,0,,Sábado
800,21/05/2018,10,VITORIA,2,CEARA,1,,Domingo
800,21/05/2018,11,SALGUEIRO,3,ABC,0,,Sábado
800,21/05/2018,12,BOTAFOGO,3,JOINVILLE,0,,Domingo
800,21/05/2018,13,AMERICA,1,BOTAFOGO,0,,Domingo
800,21/05/2018,14,FLUMINENSE,2,ATHLETICO,0,,Domingo
801,28/05/2018,1,ATLETICO,0,FLAMENGO,1,,Sábado
801,28/05/2018,2,INTERNACIONAL,2,CORINTHIANS,1,,Domingo
801,28/05/2018,3,SANTOS,0,CRUZEIRO,1,,Domingo
801,28/05/2018,4,BRASIL,3,LONDRINA,0,,Sábado
801,28/05/2018,5,GOIAS,1,BOA ESPORTE,2,,Sábado
801,28/05/2018,6,SAO BENTO,2,JUVENTUDE,2,,Sábado
801,28/05/2018,7,GUARANI,2,CRB,0,,Sábado
801,28/05/2018,8,PARANA,0,ATHLETICO,0,,Domingo
801,28/05/2018,9,BAHIA,3,VASCO DA GAMA,0,,Domingo
801,28/05/2018,10,FLUMINENSE,3,CHAPECOENSE,1,,Sábado
801,28/05/2018,11,PALMEIRAS,2,SPORT,3,,Sábado
801,28/05/2018,12,CEARA,0,GREMIO,1,,Domingo
801,28/05/2018,13,AMERICA,1,SAO PAULO,3,,Domingo
801,28/05/2018,14,BOTAFOGO,1,VITORIA,1,,Domingo
802,04/06/2018,1,VASCO DA GAMA,1,BOTAFOGO,2,,Sábado
802,04/06/2018,2,PALMEIRAS,3,SAO PAULO,1,,Sábado
802,04/06/2018,3,FLAMENGO,1,CORINTHIANS,0,,Domingo
802,04/06/2018,4,ATLETICO,1,GOIAS,3,,Sábado
802,04/06/2018,5,REMO,0,SALGUEIRO,1,,Domingo
802,04/06/2018,6,VOLTA REDONDA,2,TUPI,3,,Sábado
802,04/06/2018,7,CRB,1,BRASIL,1,,Sábado
802,04/06/2018,8,FORTALEZA,1,SAMPAIO CORREA,0,,Sábado
802,04/06/2018,9,ATLETICO,3,CHAPECOENSE,3,,Sábado
802,04/06/2018,10,INTERNACIONAL,0,SPORT,0,,Sábado
802,04/06/2018,11,AMERICA,3,ATHLETICO,1,,Domingo
802,04/06/2018,12,BAHIA,0,GREMIO,2,,Domingo
802,04/06/2018,13,SANTOS,5,VITORIA,2,,Domingo
802,04/06/2018,14,CEARA,0,CRUZEIRO,1,,Domingo
803,11/06/2018,1,CEARA,2,PALMEIRAS,2,,Domingo
803,11/06/2018,2,ATLETICO,5,FLUMINENSE,2,,Domingo
803,11/06/2018,3,GREMIO,1,AMERICA,0,,Domingo
803,11/06/2018,4,FLAMENGO,2,PARANA,0,,Domingo
803,11/06/2018,5,ATHLETICO,0,SAO PAULO,1,,Sábado
803,11/06/2018,6,CSA,0,CRB,0,,Sábado
803,11/06/2018,7,GUARANI,1,VILA NOVA,1,,Sábado
803,11/06/2018,8,SAO BENTO,2,FORTALEZA,1,,Sábado
803,11/06/2018,9,ATLETICO,3,FIGUEIRENSE,4,,Sábado
803,11/06/2018,10,SANTOS,1,INTERNACIONAL,2,,Domingo
803,11/06/2018,11,BAHIA,3,BOTAFOGO,3,,Domingo
803,11/06/2018,12,CHAPECOENSE,2,CRUZEIRO,0,,Sábado
803,11/06/2018,13,VASCO DA GAMA,3,SPORT,2,,Sábado
803,11/06/2018,14,CORINTHIANS,0,VITORIA,0,,Sábado
804,18/06/2018,1,RUSSIA,5,ARABIA SAUDITA,0,,Quinta-feira
804,18/06/2018,2,EGITO,0,URUGUAI,1,,Sexta-feira
804,18/06/2018,3,MARROCOS,0,IRA,1,,Sexta-feira
804,18/06/2018,4,PORTUGAL,3,ESPANHA,3,,Sexta-feira
804,18/06/2018,5,FRANCA,2,AUSTRALIA,1,,Sábado
804,18/06/2018,6,ARGENTINA,1,ISLANDIA,1,,Sábado
804,18/06/2018,7,PERU,0,DINAMARCA,1,,Sábado
804,18/06/2018,8,CROACIA,2,NIGERIA,0,,Sábado
804,18/06/2018,9,COSTA RICA,0,SERVIA,1,,Domingo
804,18/06/2018,10,ALEMANHA,0,MEXICO,1,,Domingo
804,18/06/2018,11,BRASIL,1,SUICA,1,,Domingo
804,18/06/2018,12,SUECIA,1,COREIA DO SUL,0,,Segunda-feira
804,18/06/2018,13,BELGICA,3,PANAMA,0,,Segunda-feira
804,18/06/2018,14,TUNISIA,1,INGLATERRA,2,,Segunda-feira
805,25/06/2018,1,DINAMARCA,1,AUSTRALIA,1,,Quinta-feira
805,25/06/2018,2,FRANCA,1,PERU,0,,Quinta-feira
805,25/06/2018,3,ARGENTINA,0,CROACIA,3,,Quinta-feira
805,25/06/2018,4,BRASIL,2,COSTA RICA,0,,Sexta-feira
805,25/06/2018,5,NIGERIA,2,ISLANDIA,0,,Sexta-feira
805,25/06/2018,6,SERVIA,1,SUICA,2,,Sexta-feira
805,25/06/2018,7,BELGICA,5,TUNISIA,2,,Sábado
805,25/06/2018,8,COREIA DO SUL,1,MEXICO,2,,Sábado
805,25/06/2018,9,ALEMANHA,2,SUECIA,1,,Sábado
805,25/06/2018,10,INGLATERRA,6,PANAMA,1,,Domingo
805,25/06/2018,11,JAPAO,2,SENEGAL,2,,Domingo
805,25/06/2018,12,POLONIA,0,COLOMBIA,3,,Domingo
805,25/06/2018,13,ARABIA SAUDITA,2,EGITO,1,,Segunda-feira
805,25/06/2018,14,URUGUAI,3,RUSSIA,0,,Segunda-feira
806,28/06/2018,1,ESPANHA,2,MARROCOS,2,,Segunda-feira
806,28/06/2018,2,IRA,1,PORTUGAL,1,,Segunda-feira
806,28/06/2018,3,AUSTRALIA,0,PERU,2,,Terça-feira
806,28/06/2018,4,DINAMARCA,0,FRANCA,0,,Terça-feira
806,28/06/2018,5,ISLANDIA,1,CROACIA,2,,Terça-feira
806,28/06/2018,6,NIGERIA,1,ARGENTINA,2,,Terça-feira
806,28/06/2018,7,COREIA DO SUL,2,ALEMANHA,0,,Quarta-feira
806,28/06/2018,8,MEXICO,0,SUECIA,3,,Quarta-feira
806,28/06/2018,9,SERVIA,0,BRASIL,2,,Quarta-feira
806,28/06/2018,10,SUICA,2,COSTA RICA,2,,Quarta-feira
806,28/06/2018,11,JAPAO,0,POLONIA,1,,Quinta-feira
806,28/06/2018,12,SENEGAL,0,COLOMBIA,1,,Quinta-feira
806,28/06/2018,13,INGLATERRA,0,BELGICA,1,,Quinta-feira
806,28/06/2018,14,PANAMA,1,TUNISIA,2,,Quinta-feira
807,02/07/2018,1,FRANCA,4,ARGENTINA,3,,Sábado
807,02/07/2018,2,URUGUAI,2,PORTUGAL,1,,Sábado
807,02/07/2018,3,ESPANHA,1,RUSSIA,1,,Domingo
807,02/07/2018,4,CROACIA,1,DINAMARCA,1,,Domingo
807,02/07/2018,5,PAYSANDU,0,FORTALEZA,1,,Sábado
807,02/07/2018,6,FIGUEIRENSE,0,PONTE PRETA,2,,Sábado
807,02/07/2018,7,CRICIUMA,1,SAO BENTO,0,,Sábado
807,02/07/2018,8,LONDRINA,1,SAMPAIO CORREA,1,,Domingo
807,02/07/2018,9,BRAGANTINO,2,JOINVILLE,0,,Sábado
807,02/07/2018,10,CUIABA,2,BOTAFOGO,1,,Sábado
807,02/07/2018,11,OPERARIO,2,TUPI,0,,Domingo
807,02/07/2018,12,YPIRANGA,2,VOLTA REDONDA,2,,Domingo
807,02/07/2018,13,CONFIANCA,2,BOTAFOGO,2,,Domingo
807,02/07/2018,14,ABC,0,SANTA CRUZ,3,,Domingo
808,09/07/2018,1,PONTE PRETA,2,FORTALEZA,0,,Domingo
808,09/07/2018,2,SAMPAIO CORREA,0,JUVENTUDE,1,,
808,09/07/2018,3,BRAGANTINO,2,TOMBENSE,1,,Sábado
808,09/07/2018,4,LUVERDENSE,2,YPIRANGA,2,,Sábado
808,09/07/2018,5,TUPI,1,CUIABA,3,,Sábado
808,09/07/2018,6,VOLTA REDONDA,1,BOTAFOGO,0,,Sábado
808,09/07/2018,7,CONFIANCA,2,NAUTICO,3,,Sábado
808,09/07/2018,8,GLOBO,1,JUAZEIRENSE,1,,Domingo
808,09/07/2018,9,JOINVILLE,1,OPERARIO,3,,Domingo
808,09/07/2018,10,SANTA CRUZ,2,REMO,0,,Domingo
808,09/07/2018,11,ATLETICO ACREANO,2,SALGUEIRO,1,,Domingo
808,09/07/2018,12,BOTAFOGO,2,ABC,0,,Domingo
808,09/07/2018,13,SAO JOSE,2,LINENSE,0,,Domingo
808,09/07/2018,14,CAXIAS,1,TREZE,3,,Domingo
809,16/07/2018,1,FORTALEZA,0,ATLETICO,1,,Sábado
809,16/07/2018,2,SAO BENTO,0,PONTE PRETA,2,,Sábado
809,16/07/2018,3,CSA,1,SAMPAIO CORREA,0,,Sexta-feira
809,16/07/2018,4,ABC,4,CONFIANCA,0,,Sábado
809,16/07/2018,5,REMO,0,BOTAFOGO,0,,Sábado
809,16/07/2018,6,SANTA CRUZ,1,GLOBO,1,,Sábado
809,16/07/2018,7,BRASIL,1,JUVENTUDE,1,,Sexta-feira
809,16/07/2018,8,BOA ESPORTE,0,CRB,1,,Sexta-feira
809,16/07/2018,9,GOIAS,2,CRICIUMA,1,,Sexta-feira
809,16/07/2018,10,TOMBENSE,0,OPERARIO,1,,Sábado
809,16/07/2018,11,YPIRANGA,1,BRAGANTINO,1,,Sábado
809,16/07/2018,12,BOTAFOGO,4,TUPI,2,,Sábado
809,16/07/2018,13,VOLTA REDONDA,2,LUVERDENSE,0,,Sábado
809,16/07/2018,14,CUIABA,5,JOINVILLE,0,,Sábado
810,23/07/2018,1,FLAMENGO,2,BOTAFOGO,0,,Sábado
810,23/07/2018,2,SAO PAULO,3,CORINTHIANS,1,,Sábado
810,23/07/2018,3,BAHIA,4,VITORIA,1,,Domingo
810,23/07/2018,4,CHAPECOENSE,0,SANTOS,0,,Domingo
810,23/07/2018,5,CRUZEIRO,2,ATHLETICO,1,,Domingo
810,23/07/2018,6,CORITIBA,2,SAO BENTO,2,,Sábado
810,23/07/2018,7,JUVENTUDE,1,CRB,0,,Sábado
810,23/07/2018,8,BOA ESPORTE,2,PONTE PRETA,1,,Sábado
810,23/07/2018,9,OESTE,2,PAYSANDU,2,,Sábado
810,23/07/2018,10,BOTAFOGO,2,SANTA CRUZ,0,,Sábado
810,23/07/2018,11,PALMEIRAS,3,ATLETICO,2,,Domingo
810,23/07/2018,12,PARANA,1,AMERICA,0,,Domingo
810,23/07/2018,13,SPORT,1,FLUMINENSE,2,,Domingo
810,23/07/2018,14,VASCO DA GAMA,1,GREMIO,0,,Domingo
811,30/07/2018,1,CEARA,1,FLUMINENSE,0,,Sábado
811,30/07/2018,2,PALMEIRAS,3,PARANA,0,,Domingo
811,30/07/2018,3,ATHLETICO,4,VITORIA,0,,Domingo
811,30/07/2018,4,INTERNACIONAL,3,BOTAFOGO,0,,Domingo
811,30/07/2018,5,CRUZEIRO,0,SAO PAULO,2,,Domingo
811,30/07/2018,6,JUVENTUDE,0,FORTALEZA,3,,Sábado
811,30/07/2018,7,CORITIBA,0,PONTE PRETA,0,,Sábado
811,30/07/2018,8,CRICIUMA,1,VILA NOVA,0,,Sábado
811,30/07/2018,9,REMO,1,ABC,0,,Domingo
811,30/07/2018,10,SANTA CRUZ,4,CONFIANCA,0,,Sábado
811,30/07/2018,11,VASCO DA GAMA,1,CORINTHIANS,4,,Domingo
811,30/07/2018,12,FLAMENGO,4,SPORT,1,,Domingo
811,30/07/2018,13,CHAPECOENSE,1,GREMIO,1,,Domingo
811,30/07/2018,14,SANTOS,0,AMERICA,1,,Domingo
812,06/08/2018,1,GREMIO,2,FLAMENGO,0,,Sábado
812,06/08/2018,2,CORINTHIANS,0,ATHLETICO,0,,Sábado
812,06/08/2018,3,PARANA,0,CEARA,1,,Domingo
812,06/08/2018,4,VITORIA,1,CRUZEIRO,1,,Domingo
812,06/08/2018,5,FLUMINENSE,1,BAHIA,1,,Domingo
812,06/08/2018,6,BRASIL,1,GOIAS,0,,Sábado
812,06/08/2018,7,FORTALEZA,2,CORITIBA,1,,Sábado
812,06/08/2018,8,PONTE PRETA,2,AVAI,2,,Sábado
812,06/08/2018,9,SAMPAIO CORREA,0,CRICIUMA,1,,Sábado
812,06/08/2018,10,SPORT,1,CHAPECOENSE,1,,Domingo
812,06/08/2018,11,SAO PAULO,2,VASCO DA GAMA,1,,Domingo
812,06/08/2018,12,AMERICA,0,PALMEIRAS,0,,Domingo
812,06/08/2018,13,BOTAFOGO,0,SANTOS,0,,Sábado
812,06/08/2018,14,NAUTICO,2,ABC,0,,Sábado
813,13/08/2018,1,CEARA,0,ATHLETICO,0,,Sábado
813,13/08/2018,2,FLAMENGO,1,CRUZEIRO,0,,Domingo
813,13/08/2018,3,SPORT,1,SAO PAULO,3,,Domingo
813,13/08/2018,4,PARANA,1,BOTAFOGO,1,,Domingo
813,13/08/2018,5,GREMIO,4,VITORIA,0,,Domingo
813,13/08/2018,6,CRICIUMA,1,ATLETICO,1,,Sábado
813,13/08/2018,7,GUARANI,2,FORTALEZA,3,,Sábado
813,13/08/2018,8,JUVENTUDE,0,FIGUEIRENSE,0,,Sábado
813,13/08/2018,9,BRAGANTINO,2,CUIABA,1,,Sábado
813,13/08/2018,10,REMO,1,NAUTICO,1,,Sábado
813,13/08/2018,11,PALMEIRAS,1,VASCO DA GAMA,0,,Domingo
813,13/08/2018,12,CHAPECOENSE,2,CORINTHIANS,1,,Domingo
813,13/08/2018,13,BAHIA,1,AMERICA,0,,Sábado
813,13/08/2018,14,ATLETICO,3,SANTOS,1,,Domingo
814,20/08/2018,1,SAO PAULO,2,CHAPECOENSE,0,,Domingo
814,20/08/2018,2,CRUZEIRO,1,BAHIA,1,,Domingo
814,20/08/2018,3,ATHLETICO,3,FLAMENGO,0,,Domingo
814,20/08/2018,4,FORTALEZA,2,BOA ESPORTE,1,,Sábado
814,20/08/2018,5,SAMPAIO CORREA,0,GUARANI,2,,Sábado
814,20/08/2018,6,ATLETICO,1,CORITIBA,0,,Sábado
814,20/08/2018,7,OESTE,0,JUVENTUDE,0,,Sábado
814,20/08/2018,8,CSA,1,SAO BENTO,0,,Sábado
814,20/08/2018,9,SANTOS,3,SPORT,0,,Sábado
814,20/08/2018,10,INTERNACIONAL,1,PARANA,0,,Domingo
814,20/08/2018,11,BOTAFOGO,0,ATLETICO,3,,Domingo
814,20/08/2018,12,VITORIA,0,PALMEIRAS,3,,Domingo
814,20/08/2018,13,AMERICA,0,FLUMINENSE,0,,Domingo
814,20/08/2018,14,CORINTHIANS,0,GREMIO,1,,Sábado
815,27/08/2018,1,SAO PAULO,1,CEARA,0,,Domingo
815,27/08/2018,2,VITORIA,1,ATLETICO,0,,Domingo
815,27/08/2018,3,BOTAFOGO,2,SPORT,0,,Sábado
815,27/08/2018,4,PONTE PRETA,0,GUARANI,0,,Sábado
815,27/08/2018,5,VILA NOVA,3,GOIAS,0,,Sábado
815,27/08/2018,6,NAUTICO,1,BRAGANTINO,1,,Domingo
815,27/08/2018,7,BOTAFOGO,1,BOTAFOGO,0,,Domingo
815,27/08/2018,8,SANTOS,2,BAHIA,0,,Sábado
815,27/08/2018,9,ATHLETICO,2,GREMIO,1,,Sábado
815,27/08/2018,10,CORINTHIANS,1,PARANA,0,,Sábado
815,27/08/2018,11,CRUZEIRO,2,FLUMINENSE,1,,Sábado
815,27/08/2018,12,AMERICA,2,FLAMENGO,2,,Domingo
815,27/08/2018,13,INTERNACIONAL,0,PALMEIRAS,0,,Domingo
815,27/08/2018,14,VASCO DA GAMA,3,CHAPECOENSE,1,,Domingo
816,03/09/2018,1,CRUZEIRO,0,INTERNACIONAL,0,,Domingo
816,03/09/2018,2,SAO PAULO,1,FLUMINENSE,1,,Domingo
816,03/09/2018,3,GREMIO,4,BOTAFOGO,0,,Sábado
816,03/09/2018,4,AVAI,0,FIGUEIRENSE,1,,Sábado
816,03/09/2018,5,GOIAS,3,FORTALEZA,1,,Sábado
816,03/09/2018,6,BOA ESPORTE,3,CSA,0,,Sábado
816,03/09/2018,7,VITORIA,1,AMERICA,0,,Sábado
816,03/09/2018,8,VASCO DA GAMA,0,SANTOS,3,,Sábado
816,03/09/2018,9,CORINTHIANS,1,ATLETICO,1,,Sábado
816,03/09/2018,10,FLAMENGO,0,CEARA,1,,Domingo
816,03/09/2018,11,ATHLETICO,2,BAHIA,0,,Domingo
816,03/09/2018,12,SPORT,1,PARANA,0,,Domingo
816,03/09/2018,13,CHAPECOENSE,1,PALMEIRAS,2,,Domingo
816,03/09/2018,14,MONACO,2,MARSEILLE,3,,Domingo
817,10/09/2018,1,INTERNACIONAL,1,GREMIO,0,,Domingo
817,10/09/2018,2,PALMEIRAS,1,CORINTHIANS,0,,Domingo
817,10/09/2018,3,FLUMINENSE,1,BOTAFOGO,0,,Domingo
817,10/09/2018,4,CRICIUMA,2,FORTALEZA,0,,Sábado
817,10/09/2018,5,PONTE PRETA,0,SAMPAIO CORREA,0,,Sábado
817,10/09/2018,6,FIGUEIRENSE,1,CSA,2,,Sábado
817,10/09/2018,7,LONDRINA,1,BRASIL,0,,Sábado
817,10/09/2018,8,VILA NOVA,2,CORITIBA,1,,Sábado
817,10/09/2018,9,SPORT,0,CRUZEIRO,0,,Sábado
817,10/09/2018,10,SAO PAULO,1,BAHIA,0,,Sábado
817,10/09/2018,11,FLAMENGO,2,CHAPECOENSE,0,,Sábado
817,10/09/2018,12,AMERICA,0,CEARA,0,,Domingo
817,10/09/2018,13,PARANA,0,SANTOS,2,,Domingo
817,10/09/2018,14,VITORIA,1,VASCO DA GAMA,0,,Domingo
818,17/09/2018,1,VASCO DA GAMA,1,FLAMENGO,1,,Sábado
818,17/09/2018,2,SANTOS,0,SAO PAULO,0,,Domingo
818,17/09/2018,3,CRUZEIRO,0,ATLETICO,0,,Domingo
818,17/09/2018,4,CRICIUMA,3,AVAI,2,,Sábado
818,17/09/2018,5,GOIAS,2,ATLETICO,1,,Sábado
818,17/09/2018,6,BOA ESPORTE,1,PAYSANDU,1,,Sábado
818,17/09/2018,7,BRASIL,1,CRB,0,,Sábado
818,17/09/2018,8,OESTE,0,PONTE PRETA,0,,Sábado
818,17/09/2018,9,CEARA,2,VITORIA,0,,Sábado
818,17/09/2018,10,BOTAFOGO,1,AMERICA,0,,Domingo
818,17/09/2018,11,BAHIA,1,PALMEIRAS,1,,Domingo
818,17/09/2018,12,CORINTHIANS,2,SPORT,1,,Domingo
818,17/09/2018,13,GREMIO,2,PARANA,0,,Sábado
818,17/09/2018,14,ATHLETICO,3,FLUMINENSE,1,,Domingo
819,25/09/2018,1,CRUZEIRO,2,SANTOS,1,,Domingo
819,25/09/2018,2,ATHLETICO,3,PARANA,0,,Domingo
819,25/09/2018,3,FLAMENGO,2,ATLETICO,1,,Domingo
819,25/09/2018,4,CORINTHIANS,1,INTERNACIONAL,1,,Domingo
819,25/09/2018,5,SAO PAULO,1,AMERICA,1,,Sábado
819,25/09/2018,6,BRASIL,1,OESTE,3,,Sábado
819,25/09/2018,7,PAYSANDU,1,CRICIUMA,1,,Sábado
819,25/09/2018,8,GUARANI,1,CSA,0,,Sábado
819,25/09/2018,9,AVAI,3,SAMPAIO CORREA,1,,Sábado
819,25/09/2018,10,GREMIO,3,CEARA,2,,Domingo
819,25/09/2018,11,SPORT,0,PALMEIRAS,1,,Domingo
819,25/09/2018,12,VITORIA,3,BOTAFOGO,4,,Domingo
819,25/09/2018,13,CHAPECOENSE,1,FLUMINENSE,2,,Segunda-feira
819,25/09/2018,14,VASCO DA GAMA,2,BAHIA,1,,Segunda-feira
820,01/10/2018,1,PALMEIRAS,3,CRUZEIRO,1,,Domingo
820,01/10/2018,2,ATLETICO,5,SPORT,2,,Domingo
820,01/10/2018,3,BOTAFOGO,2,SAO PAULO,2,,Domingo
820,01/10/2018,4,CRB,0,CSA,0,,Sábado
820,01/10/2018,5,CORITIBA,1,AVAI,0,,Sábado
820,01/10/2018,6,FIGUEIRENSE,2,ATLETICO,2,,Sábado
820,01/10/2018,7,OESTE,0,SAMPAIO CORREA,0,,Sábado
820,01/10/2018,8,BOA ESPORTE,1,CRICIUMA,2,,Sábado
820,01/10/2018,9,FLUMINENSE,0,GREMIO,1,,Sábado
820,01/10/2018,10,AMERICA,0,CORINTHIANS,0,,Sábado
820,01/10/2018,11,BAHIA,0,FLAMENGO,0,,Sábado
820,01/10/2018,12,INTERNACIONAL,2,VITORIA,1,,Domingo
820,01/10/2018,13,SANTOS,1,ATHLETICO,0,,Domingo
820,01/10/2018,14,CEARA,3,CHAPECOENSE,1,,Domingo
821,08/10/2018,1,CORINTHIANS,0,FLAMENGO,3,,Sexta-feira
821,08/10/2018,2,SAO PAULO,0,PALMEIRAS,2,,Sábado
821,08/10/2018,3,SPORT,2,INTERNACIONAL,1,,Sexta-feira
821,08/10/2018,4,CHAPECOENSE,1,ATLETICO,0,,Sábado
821,08/10/2018,5,GREMIO,2,BAHIA,2,,Sábado
821,08/10/2018,6,SAO BENTO,1,GUARANI,0,,Sexta-feira
821,08/10/2018,7,AVAI,2,BOA ESPORTE,0,,Sexta-feira
821,08/10/2018,8,BRASIL,0,FORTALEZA,1,,Sexta-feira
821,08/10/2018,9,CORITIBA,2,JUVENTUDE,1,,Sexta-feira
821,08/10/2018,10,ATLETICO,2,VILA NOVA,2,,Sábado
821,08/10/2018,11,PONTE PRETA,1,CRB,0,,Sábado
821,08/10/2018,12,VITORIA,0,SANTOS,1,,Sexta-feira
821,08/10/2018,13,ATHLETICO,4,AMERICA,0,,Sábado
821,08/10/2018,14,MANCHESTER UNITED,3,NEW CASTLE,2,,Sábado
822,15/10/2018,1,ATLETICO,0,AMERICA,0,,Domingo
822,15/10/2018,2,FLAMENGO,3,FLUMINENSE,0,,Sábado
822,15/10/2018,3,SANTOS,1,CORINTHIANS,0,,Sábado
822,15/10/2018,4,INTERNACIONAL,3,SAO PAULO,1,,Domingo
822,15/10/2018,5,PALMEIRAS,2,GREMIO,0,,Domingo
822,15/10/2018,6,GUARANI,1,AVAI,2,,Sábado
822,15/10/2018,7,OESTE,0,FORTALEZA,0,,Sábado
822,15/10/2018,8,VILA NOVA,2,BOA ESPORTE,0,,Sábado
822,15/10/2018,9,FIGUEIRENSE,2,CORITIBA,2,,Sábado
822,15/10/2018,10,LONDRINA,2,SAO BENTO,1,,Sábado
822,15/10/2018,11,BAHIA,2,PARANA,0,,Sábado
822,15/10/2018,12,CHAPECOENSE,0,VITORIA,1,,Domingo
822,15/10/2018,13,VASCO DA GAMA,2,CRUZEIRO,0,,Domingo
822,15/10/2018,14,ATHLETICO,4,SPORT,0,,Domingo
823,22/10/2018,1,BOTAFOGO,0,BAHIA,1,,Sábado
823,22/10/2018,2,SAO PAULO,0,ATHLETICO,0,,Sábado
823,22/10/2018,3,SPORT,2,VASCO DA GAMA,1,,Sábado
823,22/10/2018,4,AMERICA,1,GREMIO,1,,Sábado
823,22/10/2018,5,FLUMINENSE,1,ATLETICO,0,,Domingo
823,22/10/2018,6,PALMEIRAS,2,CEARA,1,,Domingo
823,22/10/2018,7,VITORIA,2,CORINTHIANS,2,,Domingo
823,22/10/2018,8,CRUZEIRO,3,CHAPECOENSE,0,,Domingo
823,22/10/2018,9,PARANA,0,FLAMENGO,4,,Domingo
823,22/10/2018,10,AVAI,1,OESTE,1,,Sábado
823,22/10/2018,11,BOA ESPORTE,2,GUARANI,1,,Sábado
823,22/10/2018,12,VILA NOVA,1,JUVENTUDE,0,,Sábado
823,22/10/2018,13,FORTALEZA,1,PAYSANDU,0,,Sábado
823,22/10/2018,14,SAMPAIO CORREA,1,LONDRINA,2,,Sábado
824,29/10/2018,1,FLAMENGO,1,PALMEIRAS,1,,Sábado
824,29/10/2018,2,GOIAS,0,AVAI,3,,Sexta-feira
824,29/10/2018,3,VASCO DA GAMA,1,INTERNACIONAL,1,,Sexta-feira
824,29/10/2018,4,CORINTHIANS,2,BAHIA,1,,Sábado
824,29/10/2018,5,SANTOS,3,FLUMINENSE,0,,Sábado
824,29/10/2018,6,GREMIO,3,SPORT,4,,Sábado
824,29/10/2018,7,ATHLETICO,2,BOTAFOGO,1,,Sábado
824,29/10/2018,8,CRUZEIRO,3,PARANA,1,,Sábado
824,29/10/2018,9,JUVENTUDE,1,SAMPAIO CORREA,0,,Sexta-feira
824,29/10/2018,10,FORTALEZA,1,PONTE PRETA,1,,Sexta-feira
824,29/10/2018,11,LONDRINA,3,VILA NOVA,2,,Sexta-feira
824,29/10/2018,12,FIGUEIRENSE,3,CRICIUMA,2,,Sábado
824,29/10/2018,13,PAYSANDU,1,CORITIBA,1,,Sábado
824,29/10/2018,14,VITORIA,0,SAO PAULO,1,,Sexta-feira
825,05/11/2018,1,FLUMINENSE,0,VASCO DA GAMA,1,,Sábado
825,05/11/2018,2,PALMEIRAS,3,SANTOS,2,,Sábado
825,05/11/2018,3,SAO PAULO,2,FLAMENGO,2,,Domingo
825,05/11/2018,4,AVAI,1,LONDRINA,1,,Sábado
825,05/11/2018,5,ATLETICO,1,FORTALEZA,2,,Sábado
825,05/11/2018,6,CRB,2,BOA ESPORTE,1,,Sábado
825,05/11/2018,7,CORITIBA,0,GUARANI,2,,Sábado
825,05/11/2018,8,ATLETICO,0,GREMIO,1,,Sábado
825,05/11/2018,9,AMERICA,1,CRUZEIRO,2,,Domingo
825,05/11/2018,10,BOTAFOGO,1,CORINTHIANS,0,,Domingo
825,05/11/2018,11,PARANA,1,VITORIA,1,,Domingo
825,05/11/2018,12,BAHIA,1,CHAPECOENSE,0,,Domingo
825,05/11/2018,13,INTERNACIONAL,2,ATHLETICO,1,,Domingo
825,05/11/2018,14,REAL SOCIEDAD,0,SEVILLA,0,,Domingo
826,12/11/2018,1,CORINTHIANS,1,SAO PAULO,1,,Sábado
826,12/11/2018,2,BOTAFOGO,2,FLAMENGO,1,,Sábado
826,12/11/2018,3,VITORIA,2,BAHIA,2,,Domingo
826,12/11/2018,4,AVAI,0,FORTALEZA,1,,Sábado
826,12/11/2018,5,CSA,0,ATLETICO,0,,Sábado
826,12/11/2018,6,OESTE,0,LONDRINA,0,,Sábado
826,12/11/2018,7,SAMPAIO CORREA,2,SAO BENTO,1,,Sábado
826,12/11/2018,8,GUARANI,0,PAYSANDU,2,,Sábado
826,12/11/2018,9,ATHLETICO,2,CRUZEIRO,0,,Sábado
826,12/11/2018,10,AMERICA,0,PARANA,1,,Sábado
826,12/11/2018,11,ATLETICO,1,PALMEIRAS,1,,Domingo
826,12/11/2018,12,CEARA,1,INTERNACIONAL,1,,Domingo
826,12/11/2018,13,GREMIO,2,VASCO DA GAMA,1,,Domingo
826,12/11/2018,14,FLUMINENSE,0,SPORT,0,,Domingo
827,19/11/2018,1,BOTAFOGO,1,INTERNACIONAL,0,,Domingo
827,19/11/2018,2,PARANA,1,PALMEIRAS,1,,Domingo
827,19/11/2018,3,SAO PAULO,1,CRUZEIRO,0,,Domingo
827,19/11/2018,4,BRASIL,1,GUARANI,1,,Sábado
827,19/11/2018,5,CSA,0,AVAI,1,,Sábado
827,19/11/2018,6,SAMPAIO CORREA,1,BOA ESPORTE,0,,Sábado
827,19/11/2018,7,VILA NOVA,2,CRICIUMA,2,,Sábado
827,19/11/2018,8,OESTE,1,GOIAS,3,,Sábado
827,19/11/2018,9,CORINTHIANS,1,VASCO DA GAMA,0,,Sábado
827,19/11/2018,10,VITORIA,1,ATHLETICO,2,,Sábado
827,19/11/2018,11,ATLETICO,1,BAHIA,0,,Sábado
827,19/11/2018,12,AMERICA,2,SANTOS,1,,Domingo
827,19/11/2018,13,SPORT,0,FLAMENGO,1,,Domingo
827,19/11/2018,14,GREMIO,2,CHAPECOENSE,0,,Domingo
828,27/11/2018,1,CRUZEIRO,0,FLAMENGO,2,,Domingo
828,27/11/2018,2,INTERNACIONAL,2,FLUMINENSE,0,,Domingo
828,27/11/2018,3,CORINTHIANS,0,CHAPECOENSE,0,,Domingo
828,27/11/2018,4,RIVER PLATE,1,BOCA JUNIORS,0,,
828,27/11/2018,5,CRICIUMA,2,SAMPAIO CORREA,0,,Sábado
828,27/11/2018,6,GUARANI,1,LONDRINA,0,,Sábado
828,27/11/2018,7,PAYSANDU,2,ATLETICO,5,,Sábado
828,27/11/2018,8,CRB,2,FIGUEIRENSE,1,,Sábado
828,27/11/2018,9,SANTOS,3,ATLETICO,2,,Sábado
828,27/11/2018,10,ATHLETICO,2,CEARA,2,,Domingo
828,27/11/2018,11,VASCO DA GAMA,0,PALMEIRAS,1,,Domingo
828,27/11/2018,12,VITORIA,0,GREMIO,0,,Domingo
828,27/11/2018,13,AMERICA,1,BAHIA,0,,Domingo
828,27/11/2018,14,BOTAFOGO,2,PARANA,1,,Domingo
829,03/12/2018,1,GREMIO,1,CORINTHIANS,0,,Domingo
829,03/12/2018,2,CHAPECOENSE,1,SAO PAULO,0,,Domingo
829,03/12/2018,3,FLAMENGO,1,ATHLETICO,2,,Domingo
829,03/12/2018,4,CEARA,0,VASCO DA GAMA,0,,Domingo
829,03/12/2018,5,PALMEIRAS,3,VITORIA,2,,Domingo
829,03/12/2018,6,ATLETICO,1,BOTAFOGO,0,,Domingo
829,03/12/2018,7,BAHIA,0,CRUZEIRO,0,,Domingo
829,03/12/2018,8,FLUMINENSE,1,AMERICA,0,,Domingo
829,03/12/2018,9,PARANA,1,INTERNACIONAL,1,,Domingo
829,03/12/2018,10,SPORT,2,SANTOS,1,,Domingo
829,03/12/2018,11,ROMA,2,INTER DE MILAO,2,,Domingo
829,03/12/2018,12,LIVERPOOL,1,EVERTON,0,,Domingo
829,03/12/2018,13,ARSENAL,4,TOTTENHAM,2,,Domingo
829,03/12/2018,14,MILAN,2,PARMA,1,,Domingo
830,10/12/2018,1,MONCHENGLADBACH,3,STUTTGART,0,,Domingo
830,10/12/2018,2,ESPANYOL,0,BARCELONA,4,,Sábado
830,10/12/2018,3,HUESCA,0,REAL MADRID,1,,Domingo
830,10/12/2018,4,EIBAR,4,LEVANTE,4,,Domingo
830,10/12/2018,5,GUINGAMP,1,AMIENS,2,,Sábado
830,10/12/2018,6,RENNES,2,DIJON,0,,Sábado
830,10/12/2018,7,TOULOUSE,1,LYON,0,,
830,10/12/2018,8,SAINT-ETIENNE,1,MARSEILLE,0,,
830,10/12/2018,9,NEW CASTLE,1,WOLVES,2,,Domingo
830,10/12/2018,10,LEICESTER,0,TOTTENHAM,2,,Sábado
830,10/12/2018,11,SASSUOLO,3,FIORENTINA,3,,Domingo
830,10/12/2018,12,LAZIO,2,SAMPDORIA,2,,Sábado
830,10/12/2018,13,PARMA,1,CHIEVO,1,,Domingo
830,10/12/2018,14,MILAN,0,TORINO,0,,Domingo
831,17/12/2018,1,FRANKFURT,2,LEVERKUSEN,1,,Domingo
831,17/12/2018,2,REAL MADRID,1,RAYO VALLECANO,0,,Sábado
831,17/12/2018,3,EIBAR,1,VALENCIA,1,,Sábado
831,17/12/2018,4,LEVANTE,0,BARCELONA,5,,Domingo
831,17/12/2018,5,RB LEIPZIG,4,MAINZ,1,,Domingo
831,17/12/2018,6,SEVILLA,2,GIRONA,0,,Domingo
831,17/12/2018,7,HUESCA,2,VILLARREAL,2,,Domingo
831,17/12/2018,8,SAMPDORIA,2,PARMA,0,,Domingo
831,17/12/2018,9,BRIGHTON,1,CHELSEA,2,,Domingo
831,17/12/2018,10,SOUTHAMPTON,3,ARSENAL,2,,Domingo
831,17/12/2018,11,LIVERPOOL,3,MANCHESTER UNITED,1,,Domingo
831,17/12/2018,12,TORINO,0,JUVENTUS,1,,Sábado
831,17/12/2018,13,CAGLIARI,0,NAPOLI,1,,Domingo
831,17/12/2018,14,ROMA,3,GENOA,2,,Domingo
832,24/12/2018,1,CHIEVO,1,INTER DE MILAO,1,,Sábado
832,24/12/2018,2,PARMA,0,BOLOGNA,0,,Sábado
832,24/12/2018,3,JUVENTUS,1,ROMA,0,,Sábado
832,24/12/2018,4,CARDIFF,1,MANCHESTER UNITED,5,,Sábado
832,24/12/2018,5,EVERTON,2,TOTTENHAM,6,,Domingo
832,24/12/2018,6,BARCELONA,2,CELTA DE VIGO,0,,Sábado
832,24/12/2018,7,ATHLETIC BILBAO,1,VALLADOLID,1,,Sábado
832,24/12/2018,8,VALENCIA,2,HUESCA,1,,Domingo
832,24/12/2018,9,LEGANES,1,SEVILLA,1,,Domingo
832,24/12/2018,10,RAYO VALLECANO,2,LEVANTE,1,,Domingo
832,24/12/2018,11,FRANKFURT,0,BAYERN DE MUNIQUE,3,,Sábado
832,24/12/2018,12,AUGSBURG,2,WOLFSBURG,3,,Domingo
832,24/12/2018,13,HOFFENHEIM,1,MAINZ,1,,Domingo
832,24/12/2018,14,RENNES,4,NIMES,0,,Sábado
833,31/12/2018,1,NAPOLI,3,BOLOGNA,2,,Sábado
833,31/12/2018,2,MILAN,2,SPAL,1,,Sábado
833,31/12/2018,3,BURNLEY,2,WEST HAM,0,,Domingo
833,31/12/2018,4,SOUTHAMPTON,1,MANCHESTER CITY,3,,Domingo
833,31/12/2018,5,BRIGHTON,1,EVERTON,0,,Sábado
833,31/12/2018,6,TOTTENHAM,1,WOLVES,3,,Sábado
833,31/12/2018,7,WATFORD,1,NEW CASTLE,1,,Sábado
833,31/12/2018,8,LIVERPOOL,5,ARSENAL,1,,Sábado
833,31/12/2018,9,CRYSTAL PALACE,0,CHELSEA,1,,Domingo
833,31/12/2018,10,GENOA,0,FIORENTINA,0,,Sábado
833,31/12/2018,11,LAZIO,1,TORINO,1,,Sábado
833,31/12/2018,12,PARMA,0,ROMA,2,,Sábado
833,31/12/2018,13,SASSUOLO,2,ATALANTA,6,,Sábado
833,31/12/2018,14,UDINESE,2,CAGLIARI,0,,Sábado
834,07/01/2019,1,BOTAFOGO,1,FIGUEIRENSE,2,SUB 20,Domingo
834,07/01/2019,2,LINENSE,1,CRUZEIRO,1,SUB 20,Sábado
834,07/01/2019,3,CSA,2,ABC,0,SUB 20,Domingo
834,07/01/2019,4,SANTA CRUZ,0,GOIAS,2,SUB 20,Domingo
834,07/01/2019,5,MIRASSOL,3,ATLETICO,0,SUB 20,Domingo
834,07/01/2019,6,AMERICA,2,AVAI,1,SUB 20,Domingo
834,07/01/2019,7,PONTE PRETA,1,CEARA,1,SUB 20,Domingo
834,07/01/2019,8,MADUREIRA,2,CORITIBA,2,SUB 20,Domingo
834,07/01/2019,9,VITORIA CONQUISTA,0,SPORT,1,SUB 20,Domingo
834,07/01/2019,10,BRAGANTINO,0,JUVENTUDE,0,SUB 20,Domingo
834,07/01/2019,11,XV DE PIRACICABA,0,PALMEIRAS,1,SUB 20,Domingo
834,07/01/2019,12,CUIABA,1,BOTAFOGO,0,SUB 20,Sábado
834,07/01/2019,13,UBERLANDIA,1,REMO,0,SUB 20,Domingo
834,07/01/2019,14,SERTAOZINHO,0,FORTALEZA,4,SUB 20,Domingo
835,14/01/2019,1,CHELSEA,2,NEW CASTLE,1,,Sábado
835,14/01/2019,2,EVERTON,2,BOURNEMOUTH,0,,Domingo
835,14/01/2019,3,TOTTENHAM,0,MANCHESTER UNITED,1,,Domingo
835,14/01/2019,4,GIRONA,1,ALAVES,1,,Sábado
835,14/01/2019,5,DIJON,1,MONTPELLIER,1,,Domingo
835,14/01/2019,6,GUINGAMP,0,SAINT-ETIENNE,1,,Sábado
835,14/01/2019,7,NICE,1,BORDEAUX,0,,Sábado
835,14/01/2019,8,NIMES,0,ANGERS,0,,
835,14/01/2019,9,VILLARREAL,1,GETAFE,2,,Sábado
835,14/01/2019,10,TOULOUSE,1,STRASBO,2,,Domingo
835,14/01/2019,11,ATLETICO MADRID,1,LEVANTE,0,,Domingo
835,14/01/2019,12,ATHLETIC BILBAO,2,SEVILLA,0,,Domingo
835,14/01/2019,13,BARCELONA,3,EIBAR,0,,Domingo
835,14/01/2019,14,BETIS,1,REAL MADRID,2,,Domingo
836,21/01/2019,1,JOINVILLE,1,AVAI,1,,Domingo
836,21/01/2019,2,SAO PAULO,4,MIRASSOL,1,,Sábado
836,21/01/2019,3,BRAGANTINO,1,GUARANI,0,,Sábado
836,21/01/2019,4,ABC,3,AMERICA,0,,Domingo
836,21/01/2019,5,ATLETICO,5,BOA ESPORTE,0,,Domingo
836,21/01/2019,6,BOTAFOGO,1,SAO BENTO,1,,Domingo
836,21/01/2019,7,TUPI,1,TOMBENSE,1,,Domingo
836,21/01/2019,8,BRASIL,0,CAXIAS,3,,Sábado
836,21/01/2019,9,NOVO HAMBURGO,0,GREMIO,4,,Domingo
836,21/01/2019,10,PONTE PRETA,0,OESTE,0,,Sábado
836,21/01/2019,11,FIGUEIRENSE,2,TUBARAO,0,,Domingo
836,21/01/2019,12,FLUMINENSE FEIRA,0,BAHIA,0,,Domingo
836,21/01/2019,13,SANTA CRUZ,3,AMERICA,0,,Domingo
836,21/01/2019,14,CORINTHIANS,1,SAO CAETANO,1,,Domingo
837,28/01/2019,1,CRUZEIRO,1,ATLETICO,1,,Domingo
837,28/01/2019,2,GOIAS,2,VILA NOVA,0,,Domingo
837,28/01/2019,3,JOINVILLE,1,CHAPECOENSE,2,,Sábado
837,28/01/2019,4,BOTAFOGO,1,FLAMENGO,2,,Sábado
837,28/01/2019,5,SANTOS,2,SAO PAULO,0,,Domingo
837,28/01/2019,6,SPORT,3,NAUTICO,1,,Domingo
837,28/01/2019,7,SAO JOSE,2,INTERNACIONAL,0,,Domingo
837,28/01/2019,8,FIGUEIRENSE,1,AVAI,0,,Domingo
837,28/01/2019,9,CRICIUMA,1,TUBARAO,0,,Domingo
837,28/01/2019,10,CORINTHIANS,1,PONTE PRETA,0,,Sábado
837,28/01/2019,11,SAO CAETANO,0,PALMEIRAS,2,,Domingo
837,28/01/2019,12,BRASIL,0,NOVO HAMBURGO,0,,Sábado
837,28/01/2019,13,BAHIA DE FEIRA,3,VITORIA CONQUISTA,0,,Domingo
837,28/01/2019,14,AMERICA,5,TUPI,0,,Domingo
838,04/02/2019,1,PALMEIRAS,0,CORINTHIANS,1,,Sábado
838,04/02/2019,2,AMERICA,0,SPORT,2,,Domingo
838,04/02/2019,3,PARANA,1,ATHLETICO,1,,Domingo
838,04/02/2019,4,VASCO DA GAMA,1,FLUMINENSE,0,,Sábado
838,04/02/2019,5,AVAI,3,CRICIUMA,0,,Domingo
838,04/02/2019,6,JOINVILLE,2,FIGUEIRENSE,2,,Sábado
838,04/02/2019,7,GOIAS,3,ATLETICO,0,,Domingo
838,04/02/2019,8,VILLA NOVA,0,CRUZEIRO,3,,Domingo
838,04/02/2019,9,CAXIAS,0,GREMIO,3,,Domingo
838,04/02/2019,10,CORITIBA,0,LONDRINA,0,,Sábado
838,04/02/2019,11,SAO PAULO,1,SAO BENTO,0,,Domingo
838,04/02/2019,12,BRAGANTINO,2,PONTE PRETA,1,,Domingo
838,04/02/2019,13,ITUANO,5,SANTOS,1,,Domingo
838,04/02/2019,14,BOAVISTA,0,BOTAFOGO,3,,Domingo
839,11/02/2019,1,SEVILLA,2,EIBAR,2,,Domingo
839,11/02/2019,2,PONTE PRETA,1,SAO PAULO,0,,Sábado
839,11/02/2019,3,LONDRINA,1,PARANA,2,,Domingo
839,11/02/2019,4,JUVENTUDE,1,INTERNACIONAL,2,,Domingo
839,11/02/2019,5,CRB,0,CSA,0,,Domingo
839,11/02/2019,6,TUBARAO,1,AVAI,3,,Domingo
839,11/02/2019,7,BOA ESPORTE,1,TOMBENSE,0,,Domingo
839,11/02/2019,8,OPERARIO,2,CORITIBA,2,,Domingo
839,11/02/2019,9,SANTOS,1,MIRASSOL,0,,Sábado
839,11/02/2019,10,SAO CAETANO,1,OESTE,3,,Sábado
839,11/02/2019,11,GUARANI,2,BOTAFOGO,0,,Domingo
839,11/02/2019,12,SASSUOLO,0,JUVENTUS,3,,Domingo
839,11/02/2019,13,MANCHESTER CITY,6,CHELSEA,0,,Domingo
839,11/02/2019,14,ATHLETIC BILBAO,0,BARCELONA,0,,Domingo
840,18/02/2019,1,CORINTHIANS,2,SAO PAULO,1,,Domingo
840,18/02/2019,2,SANTA CRUZ,1,SPORT,0,,Domingo
840,18/02/2019,3,JOINVILLE,2,CRICIUMA,1,,Domingo
840,18/02/2019,4,ABC,0,CRB,0,,Sábado
840,18/02/2019,5,VITORIA,1,CEARA,1,,Sábado
840,18/02/2019,6,MOTO CLUBE,1,SAMPAIO CORREA,0,,Domingo
840,18/02/2019,7,CSA,1,SALGUEIRO,0,,Domingo
840,18/02/2019,8,CHAPECOENSE,0,FIGUEIRENSE,0,,Sábado
840,18/02/2019,9,VITORIA CONQUISTA,1,BAHIA,3,,Domingo
840,18/02/2019,10,BRASIL,0,GREMIO,0,,Domingo
840,18/02/2019,11,INTERNACIONAL,2,CAXIAS,1,,Domingo
840,18/02/2019,12,ATLETICO,2,TUPI,0,,Sábado
840,18/02/2019,13,AMERICA,0,CRUZEIRO,0,,Domingo
840,18/02/2019,14,SAO CAETANO,4,BRAGANTINO,4,,Sábado
841,25/02/2019,1,FORTALEZA,2,BAHIA,2,,Domingo
841,25/02/2019,2,PALMEIRAS,0,SANTOS,0,,Sábado
841,25/02/2019,3,FIGUEIRENSE,1,CRICIUMA,1,,Domingo
841,25/02/2019,4,ATLETICO,3,VILLA NOVA,1,,Domingo
841,25/02/2019,5,ASA,1,CRB,0,,Domingo
841,25/02/2019,6,VILA NOVA,0,GOIAS,1,,Domingo
841,25/02/2019,7,BOA ESPORTE,1,AMERICA,2,,Domingo
841,25/02/2019,8,GUARANI,2,SAO CAETANO,1,,Sábado
841,25/02/2019,9,BOTAFOGO,0,CORINTHIANS,1,,Domingo
841,25/02/2019,10,SALGUEIRO,3,AMERICA,0,,Domingo
841,25/02/2019,11,FLUMINENSE FEIRA,1,VITORIA CONQUISTA,3,,Domingo
841,25/02/2019,12,PARMA,0,NAPOLI,4,,Domingo
841,25/02/2019,13,MANCHESTER UNITED,0,LIVERPOOL,0,,Domingo
841,25/02/2019,14,ARSENAL,2,SOUTHAMPTON,0,,Domingo
842,06/03/2019,1,VASCO DA GAMA,2,BOAVISTA,0,,Sábado
842,06/03/2019,2,VOLTA REDONDA,1,BOTAFOGO,0,,Sábado
842,06/03/2019,3,TUBARAO,1,FIGUEIRENSE,2,,Sábado
842,06/03/2019,4,AVAI,3,JOINVILLE,0,,Domingo
842,06/03/2019,5,SAO BENTO,1,CORINTHIANS,1,,Sábado
842,06/03/2019,6,SANTOS,3,OESTE,2,,Sábado
842,06/03/2019,7,BRAGANTINO,0,SAO PAULO,2,,Domingo
842,06/03/2019,8,MOTO CLUBE,0,SANTA CRUZ,1,,Sábado
842,06/03/2019,9,ABC,4,SALGUEIRO,1,,Sábado
842,06/03/2019,10,LAZIO,3,ROMA,0,,Sábado
842,06/03/2019,11,NAPOLI,1,JUVENTUS,2,,Domingo
842,06/03/2019,12,REAL MADRID,0,BARCELONA,1,,Sábado
842,06/03/2019,13,EVERTON,0,LIVERPOOL,0,,Domingo
842,06/03/2019,14,FULHAM,1,CHELSEA,2,,Domingo
843,11/03/2019,1,BAHIA,0,VITORIA,0,,Domingo
843,11/03/2019,2,VASCO DA GAMA,1,FLAMENGO,1,,Sábado
843,11/03/2019,3,FORTALEZA,0,CEARA,0,,Domingo
843,11/03/2019,4,CORINTHIANS,0,SANTOS,0,,Domingo
843,11/03/2019,5,SANTA CRUZ,1,CSA,1,,Domingo
843,11/03/2019,6,SALGUEIRO,0,MOTO CLUBE,0,,Domingo
843,11/03/2019,7,AMERICA,0,NAUTICO,1,,Domingo
843,11/03/2019,8,CRICIUMA,0,CHAPECOENSE,1,,Domingo
843,11/03/2019,9,FLUMINENSE,2,CABOFRIENSE,1,,Domingo
843,11/03/2019,10,JUVENTUDE,0,CAXIAS,3,,Domingo
843,11/03/2019,11,CRUZEIRO,2,TOMBENSE,0,,Domingo
843,11/03/2019,12,MIRASSOL,1,PALMEIRAS,1,,Sábado
843,11/03/2019,13,FERROVIARIO,1,HORIZONTE,1,,Domingo
843,11/03/2019,14,SAO BENTO,1,PONTE PRETA,2,,Domingo
844,18/03/2019,1,SAO PAULO,0,PALMEIRAS,1,,Sábado
844,18/03/2019,2,PONTE PRETA,3,GUARANI,0,,Sábado
844,18/03/2019,3,GREMIO,1,INTERNACIONAL,0,,Domingo
844,18/03/2019,4,CEARA,1,FORTALEZA,1,,Domingo
844,18/03/2019,5,NAUTICO,0,SANTA CRUZ,0,,Domingo
844,18/03/2019,6,ATLETICO,2,GOIAS,1,,Domingo
844,18/03/2019,7,NOVO HAMBURGO,1,JUVENTUDE,1,,Sábado
844,18/03/2019,8,CHAPECOENSE,1,JOINVILLE,2,,Domingo
844,18/03/2019,9,AVAI,0,FIGUEIRENSE,0,,Domingo
844,18/03/2019,10,FLUMINENSE,1,BOTAFOGO,1,,Domingo
844,18/03/2019,11,FLAMENGO,0,VOLTA REDONDA,0,,Sábado
844,18/03/2019,12,ATLETICO,3,AMERICA,2,,Domingo
844,18/03/2019,13,TUPI,0,CRUZEIRO,3,,Sábado
844,18/03/2019,14,VITORIA,0,FLUMINENSE FEIRA,2,,Domingo
845,25/03/2019,1,CRICIUMA,0,AVAI,2,,Domingo
845,25/03/2019,2,PAYSANDU,1,REMO,1,,Domingo
845,25/03/2019,3,CAMPINENSE,0,TREZE,1,,
845,25/03/2019,4,ABC,0,VITORIA,0,,Sábado
845,25/03/2019,5,CEARA,2,SANTA CRUZ,1,,Sábado
845,25/03/2019,6,MOTO CLUBE,1,FORTALEZA,1,,Sábado
845,25/03/2019,7,CONFIANCA,0,CRB,2,,Sábado
845,25/03/2019,8,BAHIA,3,SALGUEIRO,0,,Domingo
845,25/03/2019,9,BOTAFOGO,1,SAMPAIO CORREA,0,,Domingo
845,25/03/2019,10,CSA,2,SERGIPE,0,,Domingo
845,25/03/2019,11,FIGUEIRENSE,0,JOINVILLE,1,,Domingo
845,25/03/2019,12,NAUTICO,2,ALTOS,0,,Sábado
845,25/03/2019,13,CORITIBA,1,RIO BRANCO,1,,Domingo
845,25/03/2019,14,TOLEDO,2,LONDRINA,2,,Domingo
846,01/04/2019,1,FORTALEZA,1,ABC,0,,Sábado
846,01/04/2019,2,VITORIA,1,NAUTICO,1,,Sábado
846,01/04/2019,3,SAMPAIO CORREA,1,BAHIA,0,,Sábado
846,01/04/2019,4,CORITIBA,1,PARANA,0,,Domingo
846,01/04/2019,5,LONDRINA,4,ATHLETICO,1,,Domingo
846,01/04/2019,6,AVAI,2,TUBARAO,0,,Sábado
846,01/04/2019,7,SANTA CRUZ,2,CONFIANCA,0,,Sábado
846,01/04/2019,8,SERGIPE,1,MOTO CLUBE,3,,Sábado
846,01/04/2019,9,SALGUEIRO,1,CEARA,3,,Sábado
846,01/04/2019,10,CRB,0,BOTAFOGO,0,,Sábado
846,01/04/2019,11,BAHIA DE FEIRA,2,VITORIA CONQUISTA,1,,Domingo
846,01/04/2019,12,CHAPECOENSE,2,BRUSQUE,0,,Domingo
846,01/04/2019,13,CARDIFF,1,CHELSEA,2,,Domingo
846,01/04/2019,14,LIVERPOOL,2,TOTTENHAM,1,,Domingo
847,08/04/2019,1,PALMEIRAS,0,SAO PAULO,0,,Domingo
847,08/04/2019,2,CRUZEIRO,3,AMERICA,0,,Sábado
847,08/04/2019,3,ATLETICO,1,VILA NOVA,0,,Domingo
847,08/04/2019,4,INTERNACIONAL,2,CAXIAS,0,,Sábado
847,08/04/2019,5,GREMIO,3,SAO LUIZ,0,,Domingo
847,08/04/2019,6,CHAPECOENSE,1,AVAI,2,,Domingo
847,08/04/2019,7,JOINVILLE,0,TUBARAO,1,,Domingo
847,08/04/2019,8,CUIABA,3,LUVERDENSE,0,,Sábado
847,08/04/2019,9,FIGUEIRENSE,0,MARCILIO DIAS,1,,Domingo
847,08/04/2019,10,METROPOLITANO,2,BRUSQUE,1,,Domingo
847,08/04/2019,11,GOIAS,3,GOIANIA,1,,Sábado
847,08/04/2019,12,MOTO CLUBE,2,MARANHAO,0,,Domingo
847,08/04/2019,13,ATLETICO,5,BOA ESPORTE,0,,Domingo
847,08/04/2019,14,BARCELONA,2,ATLETICO MADRID,0,,Sábado
848,15/04/2019,1,INTERNACIONAL,0,GREMIO,0,,Domingo
848,15/04/2019,2,ATLETICO,3,GOIAS,0,,Domingo
848,15/04/2019,3,VASCO DA GAMA,0,FLAMENGO,2,,Domingo
848,15/04/2019,4,CRUZEIRO,2,ATLETICO,1,,Domingo
848,15/04/2019,5,NAUTICO,0,SPORT,1,,Domingo
848,15/04/2019,6,AVAI,1,CRICIUMA,1,,Domingo
848,15/04/2019,7,CHAPECOENSE,1,FIGUEIRENSE,0,,Domingo
848,15/04/2019,8,BAHIA DE FEIRA,1,BAHIA,1,,Domingo
848,15/04/2019,9,CSA,1,CRB,0,,Domingo
848,15/04/2019,10,BRASILIENSE,1,GAMA,3,,Sábado
848,15/04/2019,11,FIORENTINA,0,BOLOGNA,0,,Domingo
848,15/04/2019,12,MILAN,1,LAZIO,0,,Sábado
848,15/04/2019,13,CRYSTAL PALACE,1,MANCHESTER CITY,3,,Domingo
848,15/04/2019,14,LIVERPOOL,2,CHELSEA,0,,Domingo
849,22/04/2019,1,CORINTHIANS,2,SAO PAULO,1,,Domingo
849,22/04/2019,2,SPORT,1,NAUTICO,2,,Domingo
849,22/04/2019,3,FLAMENGO,2,VASCO DA GAMA,0,,Domingo
849,22/04/2019,4,REMO,2,INDEPENDENTE,0,,Domingo
849,22/04/2019,5,GOIAS,0,ATLETICO,1,,Domingo
849,22/04/2019,6,CRB,1,CSA,0,,Domingo
849,22/04/2019,7,ATLETICO,1,CRUZEIRO,1,,Sábado
849,22/04/2019,8,BAHIA,1,BAHIA DE FEIRA,0,,Domingo
849,22/04/2019,9,INTER DE MILAO,1,ROMA,1,,Sábado
849,22/04/2019,10,ARSENAL,2,CRYSTAL PALACE,3,,Domingo
849,22/04/2019,11,CARDIFF,0,LIVERPOOL,2,,Domingo
849,22/04/2019,12,BARCELONA,2,REAL SOCIEDAD,1,,Sábado
849,22/04/2019,13,BETIS,1,VALENCIA,2,,Domingo
849,22/04/2019,14,REAL MADRID,3,ATH. BILBAO,0,,Domingo
850,29/04/2019,1,PALMEIRAS,4,FORTALEZA,0,,Domingo
850,29/04/2019,2,ATHLETICO,4,VASCO DA GAMA,1,,Domingo
850,29/04/2019,3,FLAMENGO,3,CRUZEIRO,1,,Sábado
850,29/04/2019,4,GREMIO,1,SANTOS,2,,Domingo
850,29/04/2019,5,SAO PAULO,2,BOTAFOGO,0,,Sábado
850,29/04/2019,6,ATLETICO,2,AVAI,1,,Sábado
850,29/04/2019,7,CHAPECOENSE,2,INTERNACIONAL,0,,Sábado
850,29/04/2019,8,CEARA,4,CSA,0,,Domingo
850,29/04/2019,9,FLUMINENSE,0,GOIAS,1,,Domingo
850,29/04/2019,10,CRB,1,LONDRINA,2,,Domingo
850,29/04/2019,11,VILA NOVA,1,PARANA,1,,Sábado
850,29/04/2019,12,GUARANI,0,FIGUEIRENSE,0,,Sábado
850,29/04/2019,13,ABC,2,NAUTICO,0,,Domingo
850,29/04/2019,14,BAHIA,3,CORINTHIANS,2,,Domingo
851,06/05/2019,1,GREMIO,4,FLUMINENSE,5,,Domingo
851,06/05/2019,2,SAO PAULO,1,FLAMENGO,1,,Domingo
851,06/05/2019,3,VASCO DA GAMA,1,CORINTHIANS,1,,Sábado
851,06/05/2019,4,PALMEIRAS,1,INTERNACIONAL,0,,Sábado
851,06/05/2019,5,CEARA,1,ATLETICO,2,,Sábado
851,06/05/2019,6,VITORIA,2,VILA NOVA,1,,Sábado
851,06/05/2019,7,PARANA,1,CRB,0,,Sábado
851,06/05/2019,8,TREZE,0,ABC,0,,Domingo
851,06/05/2019,9,SAMPAIO CORREA,1,BOTAFOGO,1,,Sábado
851,06/05/2019,10,CHAPECOENSE,1,ATHLETICO,1,,Domingo
851,06/05/2019,11,BOTAFOGO,1,FORTALEZA,0,,Domingo
851,06/05/2019,12,BAHIA,1,AVAI,0,,Domingo
851,06/05/2019,13,CSA,0,SANTOS,0,,Domingo
851,06/05/2019,14,CRUZEIRO,2,GOIAS,1,,Domingo
852,13/05/2019,1,CORINTHIANS,0,GREMIO,0,,Sábado
852,13/05/2019,2,INTERNACIONAL,3,CRUZEIRO,1,,Domingo
852,13/05/2019,3,FLUMINENSE,0,BOTAFOGO,1,,Sábado
852,13/05/2019,4,SPORT,0,FIGUEIRENSE,0,,Sábado
852,13/05/2019,5,CONFIANCA,1,ABC,0,,Domingo
852,13/05/2019,6,PAYSANDU,0,JUVENTUDE,1,,Sábado
852,13/05/2019,7,NAUTICO,0,FERROVIARIO,1,,Domingo
852,13/05/2019,8,FORTALEZA,0,SAO PAULO,1,,Domingo
852,13/05/2019,9,GOIAS,2,CEARA,1,,Sábado
852,13/05/2019,10,FLAMENGO,2,CHAPECOENSE,1,,Domingo
852,13/05/2019,11,ATLETICO,0,PALMEIRAS,2,,Domingo
852,13/05/2019,12,ATHLETICO,1,BAHIA,0,,Domingo
852,13/05/2019,13,SANTOS,3,VASCO DA GAMA,0,,Domingo
852,13/05/2019,14,AVAI,0,CSA,0,,Domingo
853,20/05/2019,1,PALMEIRAS,4,SANTOS,0,,Sábado
853,20/05/2019,2,ATLETICO,2,FLAMENGO,1,,Sábado
853,20/05/2019,3,CEARA,2,GREMIO,1,,Domingo
853,20/05/2019,4,PARANA,0,GUARANI,0,,Sábado
853,20/05/2019,5,AMERICA,1,SPORT,2,,Domingo
853,20/05/2019,6,VOLTA REDONDA,0,PAYSANDU,0,,Domingo
853,20/05/2019,7,CHAPECOENSE,1,FORTALEZA,3,,Domingo
853,20/05/2019,8,SAO PAULO,0,BAHIA,0,,Domingo
853,20/05/2019,9,ATHLETICO,0,CORINTHIANS,2,,Domingo
853,20/05/2019,10,GOIAS,1,BOTAFOGO,0,,Domingo
853,20/05/2019,11,INTERNACIONAL,2,CSA,0,,Domingo
853,20/05/2019,12,VASCO DA GAMA,1,AVAI,1,,Domingo
853,20/05/2019,13,ABC,1,BOTAFOGO,2,,Domingo
853,20/05/2019,14,FLUMINENSE,4,CRUZEIRO,1,,Sábado
854,27/05/2019,1,CORINTHIANS,1,SAO PAULO,0,,Domingo
854,27/05/2019,2,GREMIO,1,ATLETICO,0,,Sábado
854,27/05/2019,3,BAHIA,3,FLUMINENSE,2,,Domingo
854,27/05/2019,4,ATLETICO,1,VITORIA,1,,Domingo
854,27/05/2019,5,PONTE PRETA,4,PARANA,2,,Sábado
854,27/05/2019,6,BRASIL,2,AMERICA,1,,Sábado
854,27/05/2019,7,CONFIANCA,1,NAUTICO,1,,Sábado
854,27/05/2019,8,SANTA CRUZ,2,ABC,1,,Sábado
854,27/05/2019,9,SAMPAIO CORREA,3,FERROVIARIO,1,,Domingo
854,27/05/2019,10,BOTAFOGO,0,PALMEIRAS,1,,Sábado
854,27/05/2019,11,FORTALEZA,1,VASCO DA GAMA,1,,Domingo
854,27/05/2019,12,FLAMENGO,3,ATHLETICO,2,,Domingo
854,27/05/2019,13,SANTOS,0,INTERNACIONAL,0,,Domingo
854,27/05/2019,14,CRUZEIRO,1,CHAPECOENSE,2,,Domingo
855,03/06/2019,1,BOTAFOGO,1,VASCO DA GAMA,0,,Domingo
855,03/06/2019,2,SAO PAULO,1,CRUZEIRO,1,,Domingo
855,03/06/2019,3,CHAPECOENSE,1,PALMEIRAS,2,,Domingo
855,03/06/2019,4,BAHIA,1,GREMIO,0,,Sábado
855,03/06/2019,5,FLAMENGO,2,FORTALEZA,0,,Sábado
855,03/06/2019,6,BOTAFOGO,1,CRICIUMA,0,,Sábado
855,03/06/2019,7,VILA NOVA,0,LONDRINA,1,,Sábado
855,03/06/2019,8,ABC,2,FERROVIARIO,4,,Domingo
855,03/06/2019,9,CONFIANCA,3,BOTAFOGO,0,,Domingo
855,03/06/2019,10,TREZE,3,SAMPAIO CORREA,0,,Domingo
855,03/06/2019,11,ATHLETICO,3,FLUMINENSE,0,,Domingo
855,03/06/2019,12,CEARA,0,SANTOS,1,,Domingo
855,03/06/2019,13,ATLETICO,4,CSA,0,,Domingo
855,03/06/2019,14,INTERNACIONAL,2,AVAI,0,,Domingo
856,10/06/2019,1,FLUMINENSE,0,FLAMENGO,0,,Domingo
856,10/06/2019,2,CRUZEIRO,0,CORINTHIANS,0,,Sábado
856,10/06/2019,3,PALMEIRAS,1,ATHLETICO,0,,Sábado
856,10/06/2019,4,CSA,1,BOTAFOGO,2,,Domingo
856,10/06/2019,5,GREMIO,1,FORTALEZA,0,,Sábado
856,10/06/2019,6,CEARA,0,BAHIA,0,,Sábado
856,10/06/2019,7,AVAI,0,SAO PAULO,0,,Sábado
856,10/06/2019,8,SPORT,3,VITORIA,1,,Sábado
856,10/06/2019,9,CORITIBA,2,PARANA,3,,Sábado
856,10/06/2019,10,CRB,1,AMERICA,3,,Sábado
856,10/06/2019,11,CRICIUMA,1,VILA NOVA,1,,Sábado
856,10/06/2019,12,REMO,2,VOLTA REDONDA,1,,Sábado
856,10/06/2019,13,SANTA CRUZ,3,CONFIANCA,1,,Domingo
856,10/06/2019,14,SANTOS,3,ATLETICO,1,,Domingo
857,17/06/2019,1,BRASIL,3,BOLIVIA,0,,Sexta-feira
857,17/06/2019,2,VENEZUELA,0,PERU,0,,Sábado
857,17/06/2019,3,ARGENTINA,0,COLOMBIA,2,,Sábado
857,17/06/2019,4,PARAGUAI,2,QATAR,2,,Domingo
857,17/06/2019,5,URUGUAI,4,EQUADOR,0,,Domingo
857,17/06/2019,6,BOTAFOGO,0,GREMIO,1,,Quarta-feira
857,17/06/2019,7,FORTALEZA,2,CRUZEIRO,1,,Quarta-feira
857,17/06/2019,8,CSA,0,FLAMENGO,2,,Quarta-feira
857,17/06/2019,9,INTERNACIONAL,3,BAHIA,1,,Quarta-feira
857,17/06/2019,10,SANTOS,1,CORINTHIANS,0,,Quarta-feira
857,17/06/2019,11,VASCO DA GAMA,1,CEARA,0,,Quinta-feira
857,17/06/2019,12,ATLETICO,1,SAO PAULO,1,,Quinta-feira
857,17/06/2019,13,CHAPECOENSE,1,FLUMINENSE,1,,Quinta-feira
857,17/06/2019,14,GOIAS,2,ATHLETICO,1,,Quinta-feira
858,25/06/2019,1,PERU,0,BRASIL,5,,Sábado
858,25/06/2019,2,BOLIVIA,1,VENEZUELA,3,,Sábado
858,25/06/2019,3,COLOMBIA,1,PARAGUAI,0,,Domingo
858,25/06/2019,4,QATAR,0,ARGENTINA,2,,Domingo
858,25/06/2019,5,CHILE,0,URUGUAI,1,,Segunda-feira
858,25/06/2019,6,EQUADOR,1,JAPAO,1,,Segunda-feira
858,25/06/2019,7,SANTA CRUZ,1,NAUTICO,0,,Sábado
858,25/06/2019,8,TOMBENSE,3,BOA ESPORTE,1,,Sábado
858,25/06/2019,9,CONFIANCA,1,FERROVIARIO,0,,Domingo
858,25/06/2019,10,LUVERDENSE,4,ACREANO,0,,Domingo
858,25/06/2019,11,VOLTA REDONDA,2,SAO JOSE,2,,Domingo
858,25/06/2019,12,BOTAFOGO,4,TREZE,2,,Segunda-feira
858,25/06/2019,13,ITABAIANA,4,ASA,1,,Sábado
858,25/06/2019,14,BRASILIENSE,1,VITORIA,2,,Domingo
859,15/07/2019,1,SAO PAULO,1,PALMEIRAS,1,,Sábado
859,15/07/2019,2,GREMIO,2,VASCO DA GAMA,1,,Sábado
859,15/07/2019,3,BAHIA,0,SANTOS,1,,Sábado
859,15/07/2019,4,FORTALEZA,2,AVAI,0,,Sábado
859,15/07/2019,5,CORINTHIANS,1,CSA,0,,Domingo
859,15/07/2019,6,FLAMENGO,6,GOIAS,1,,Domingo
859,15/07/2019,7,ATHLETICO,1,INTERNACIONAL,0,,Domingo
859,15/07/2019,8,CHAPECOENSE,1,ATLETICO,2,,Domingo
859,15/07/2019,9,BOTAFOGO,2,BRASIL,3,,Sábado
859,15/07/2019,10,ATLETICO,2,VILA NOVA,0,,Sábado
859,15/07/2019,11,PARANA,2,BRAGANTINO,1,,Sábado
859,15/07/2019,12,JUVENTUDE,1,PAYSANDU,1,,Sábado
859,15/07/2019,13,SANTA CRUZ,1,BOTAFOGO,1,,Domingo
859,15/07/2019,14,CRUZEIRO,0,BOTAFOGO,0,,Domingo
860,22/07/2019,1,INTERNACIONAL,1,GREMIO,1,,Sábado
860,22/07/2019,2,BAHIA,0,CRUZEIRO,0,,Sábado
860,22/07/2019,3,CEARA,2,PALMEIRAS,0,,Sábado
860,22/07/2019,4,CSA,0,ATHLETICO,4,,Sábado
860,22/07/2019,5,ATLETICO,2,FORTALEZA,2,,Domingo
860,22/07/2019,6,AVAI,0,GOIAS,0,,Domingo
860,22/07/2019,7,CORINTHIANS,1,FLAMENGO,1,,Domingo
860,22/07/2019,8,VILA NOVA,1,AMERICA,1,,Sábado
860,22/07/2019,9,BOTAFOGO,0,GUARANI,0,,Sábado
860,22/07/2019,10,OPERARIO,2,CRB,1,,Sábado
860,22/07/2019,11,BOTAFOGO,1,ABC,1,,Sábado
860,22/07/2019,12,BOA ESPORTE,2,JUVENTUDE,0,,Sábado
860,22/07/2019,13,NAUTICO,1,TREZE,0,,Domingo
860,22/07/2019,14,BOTAFOGO,0,SANTOS,1,,Domingo
861,29/07/2019,1,FLAMENGO,3,BOTAFOGO,2,,Domingo
861,29/07/2019,2,FORTALEZA,1,CORINTHIANS,3,,Domingo
861,29/07/2019,3,PALMEIRAS,1,VASCO DA GAMA,1,,Sábado
861,29/07/2019,4,CRUZEIRO,0,ATHLETICO,2,,Sábado
861,29/07/2019,5,INTERNACIONAL,1,CEARA,0,,Sábado
861,29/07/2019,6,SANTOS,3,AVAI,1,,Domingo
861,29/07/2019,7,GOIAS,0,ATLETICO,0,,Domingo
861,29/07/2019,8,CHAPECOENSE,0,BAHIA,0,,Domingo
861,29/07/2019,9,VILA NOVA,0,BRAGANTINO,1,,Sábado
861,29/07/2019,10,OESTE,1,LONDRINA,0,,Sábado
861,29/07/2019,11,VITORIA,2,PONTE PRETA,1,,Sábado
861,29/07/2019,12,CUIABA,1,BRASIL,1,,Sábado
861,29/07/2019,13,ABC,0,SANTA CRUZ,0,,Sábado
861,29/07/2019,14,FLUMINENSE,1,SAO PAULO,2,,Sábado
862,05/08/2019,1,ATLETICO,2,CRUZEIRO,0,,Domingo
862,05/08/2019,2,CORINTHIANS,1,PALMEIRAS,1,,Domingo
862,05/08/2019,3,CEARA,2,FORTALEZA,1,,Sábado
862,05/08/2019,4,FLUMINENSE,2,INTERNACIONAL,1,,Sábado
862,05/08/2019,5,SANTOS,6,GOIAS,1,,Domingo
862,05/08/2019,6,BAHIA,3,FLAMENGO,0,,Domingo
862,05/08/2019,7,AVAI,0,BOTAFOGO,2,,Domingo
862,05/08/2019,8,VILA NOVA,0,FIGUEIRENSE,0,,Sábado
862,05/08/2019,9,SAO BENTO,0,PONTE PRETA,0,,Sábado
862,05/08/2019,10,PARANA,0,AMERICA,0,,Sábado
862,05/08/2019,11,CRB,0,CUIABA,1,,Sábado
862,05/08/2019,12,SAMPAIO CORREA,2,TREZE,0,,Domingo
862,05/08/2019,13,BOTAFOGO,2,CONFIANCA,0,,Domingo
862,05/08/2019,14,VASCO DA GAMA,0,CSA,0,,Domingo
863,12/08/2019,1,SAO PAULO,3,SANTOS,2,,Sábado
863,12/08/2019,2,FLAMENGO,3,GREMIO,1,,Sábado
863,12/08/2019,3,AVAI,2,CRUZEIRO,2,,Domingo
863,12/08/2019,4,INTERNACIONAL,0,CORINTHIANS,0,,Domingo
863,12/08/2019,5,CEARA,4,CHAPECOENSE,1,,Sábado
863,12/08/2019,6,BOTAFOGO,2,ATHLETICO,1,,Domingo
863,12/08/2019,7,PALMEIRAS,2,BAHIA,2,,Domingo
863,12/08/2019,8,GOIAS,0,VASCO DA GAMA,1,,Domingo
863,12/08/2019,9,CORITIBA,2,FIGUEIRENSE,0,,Sábado
863,12/08/2019,10,VITORIA,2,PARANA,0,,Sábado
863,12/08/2019,11,CRICIUMA,1,SPORT,0,,Domingo
863,12/08/2019,12,PONTE PRETA,1,GUARANI,0,,Domingo
863,12/08/2019,13,CONFIANCA,1,SANTA CRUZ,1,,Domingo
863,12/08/2019,14,ATLETICO,2,FLUMINENSE,1,,Sábado
864,19/08/2019,1,VASCO DA GAMA,1,FLAMENGO,4,,Sábado
864,19/08/2019,2,GREMIO,1,PALMEIRAS,1,,Sábado
864,19/08/2019,3,CRUZEIRO,2,SANTOS,0,,Domingo
864,19/08/2019,4,CORINTHIANS,2,BOTAFOGO,0,,Sábado
864,19/08/2019,5,FORTALEZA,0,INTERNACIONAL,1,,Sábado
864,19/08/2019,6,ATHLETICO,1,ATLETICO,0,,Sábado
864,19/08/2019,7,BAHIA,1,GOIAS,1,,Domingo
864,19/08/2019,8,SAO PAULO,1,CEARA,0,,Domingo
864,19/08/2019,9,CHAPECOENSE,1,AVAI,0,,Domingo
864,19/08/2019,10,SPORT,3,BOTAFOGO,0,,Sábado
864,19/08/2019,11,AMERICA,2,CUIABA,1,,Sábado
864,19/08/2019,12,CRB,0,VITORIA,1,,Domingo
864,19/08/2019,13,BOTAFOGO,0,NAUTICO,1,,Sábado
864,19/08/2019,14,FLUMINENSE,0,CSA,1,,Domingo
865,26/08/2019,1,GREMIO,2,ATHLETICO,1,,Sábado
865,26/08/2019,2,VASCO DA GAMA,2,SAO PAULO,0,,Domingo
865,26/08/2019,3,GOIAS,2,INTERNACIONAL,1,,Domingo
865,26/08/2019,4,CEARA,0,FLAMENGO,3,,Domingo
865,26/08/2019,5,AVAI,1,CORINTHIANS,1,,Domingo
865,26/08/2019,6,CSA,1,CRUZEIRO,1,,Domingo
865,26/08/2019,7,OESTE,1,VILA NOVA,1,,Sábado
865,26/08/2019,8,FIGUEIRENSE,2,CRB,2,,Sábado
865,26/08/2019,9,PONTE PRETA,2,SPORT,2,,Sábado
865,26/08/2019,10,AMERICA,3,GUARANI,2,,Domingo
865,26/08/2019,11,NAUTICO,3,SANTA CRUZ,1,,Sábado
865,26/08/2019,12,TREZE,2,BOTAFOGO,2,,Sábado
865,26/08/2019,13,PAYSANDU,1,REMO,1,,Domingo
865,26/08/2019,14,SANTOS,3,FORTALEZA,3,,Domingo
866,02/09/2019,1,FLAMENGO,3,PALMEIRAS,0,,Domingo
866,02/09/2019,2,CORINTHIANS,1,ATLETICO,0,,Domingo
866,02/09/2019,3,CRUZEIRO,1,VASCO DA GAMA,0,,Domingo
866,02/09/2019,4,FORTALEZA,2,GOIAS,0,,Domingo
866,02/09/2019,5,ATHLETICO,1,CEARA,0,,Sábado
866,02/09/2019,6,CHAPECOENSE,0,SANTOS,1,,Sábado
866,02/09/2019,7,BAHIA,1,CSA,0,,Sábado
866,02/09/2019,8,SAO PAULO,0,GREMIO,0,,Sábado
866,02/09/2019,9,ATLETICO,1,SAO BENTO,0,,Sábado
866,02/09/2019,10,LONDRINA,0,CRB,1,,Sábado
866,02/09/2019,11,PONTE PRETA,1,CORITIBA,0,,Sábado
866,02/09/2019,12,BRAGANTINO,2,BRASIL,1,,Sábado
866,02/09/2019,13,FIGUEIRENSE,0,GUARANI,1,,Sábado
866,02/09/2019,14,INTERNACIONAL,3,BOTAFOGO,2,,Sábado
867,09/09/2019,1,AVAI,0,FLAMENGO,3,,Sábado
867,09/09/2019,2,FORTALEZA,0,FLUMINENSE,1,,Sábado
867,09/09/2019,3,INTERNACIONAL,1,SAO PAULO,0,,Sábado
867,09/09/2019,4,GOIAS,1,PALMEIRAS,2,,Sábado
867,09/09/2019,5,CRUZEIRO,1,GREMIO,4,,Domingo
867,09/09/2019,6,SANTOS,1,ATHLETICO,1,,Domingo
867,09/09/2019,7,CSA,2,CHAPECOENSE,0,,Domingo
867,09/09/2019,8,GUARANI,2,OESTE,3,,Sábado
867,09/09/2019,9,SPORT,2,BRAGANTINO,1,,Sábado
867,09/09/2019,10,CORITIBA,1,ATLETICO,2,,Domingo
867,09/09/2019,11,YPIRANGA,1,CONFIANCA,1,,Sábado
867,09/09/2019,12,SAMPAIO CORREA,3,SAO JOSE,2,,Sábado
867,09/09/2019,13,NAUTICO,2,PAYSANDU,2,,Domingo
867,09/09/2019,14,BOTAFOGO,2,ATLETICO,1,,Domingo
868,16/09/2019,1,FLAMENGO,1,SANTOS,0,,Sábado
868,16/09/2019,2,CHAPECOENSE,1,VASCO DA GAMA,2,,Sábado
868,16/09/2019,3,PALMEIRAS,1,CRUZEIRO,0,,Sábado
868,16/09/2019,4,CEARA,0,BOTAFOGO,0,,Sábado
868,16/09/2019,5,ATLETICO,1,INTERNACIONAL,3,,Domingo
868,16/09/2019,6,ATHLETICO,0,AVAI,1,,Domingo
868,16/09/2019,7,BAHIA,1,FORTALEZA,1,,Domingo
868,16/09/2019,8,GREMIO,3,GOIAS,0,,Domingo
868,16/09/2019,9,SAO PAULO,1,CSA,1,,Domingo
868,16/09/2019,10,LONDRINA,2,CORITIBA,1,,Sábado
868,16/09/2019,11,VITORIA,0,GUARANI,1,,Sábado
868,16/09/2019,12,PARANA,0,CUIABA,0,,Sábado
868,16/09/2019,13,FIGUEIRENSE,1,SPORT,2,,Domingo
868,16/09/2019,14,FLUMINENSE,1,CORINTHIANS,0,,Domingo
869,23/09/2019,1,CRUZEIRO,1,FLAMENGO,2,,Sábado
869,23/09/2019,2,CORINTHIANS,2,BAHIA,1,,Sábado
869,23/09/2019,3,SANTOS,0,GREMIO,3,,Sábado
869,23/09/2019,4,CSA,1,CEARA,0,,Domingo
869,23/09/2019,5,BOTAFOGO,1,SAO PAULO,2,,Sábado
869,23/09/2019,6,INTERNACIONAL,1,CHAPECOENSE,0,,Domingo
869,23/09/2019,7,FORTALEZA,0,PALMEIRAS,1,,Domingo
869,23/09/2019,8,VASCO DA GAMA,1,ATHLETICO,1,,Domingo
869,23/09/2019,9,GUARANI,1,PARANA,0,,Sábado
869,23/09/2019,10,BRAGANTINO,4,LONDRINA,1,,Sábado
869,23/09/2019,11,CORITIBA,0,CRB,2,,Sábado
869,23/09/2019,12,SAMPAIO CORREA,1,CONFIANCA,0,,Sábado
869,23/09/2019,13,NAUTICO,2,JUVENTUDE,1,,Domingo
869,23/09/2019,14,GOIAS,3,FLUMINENSE,0,,Domingo
870,30/09/2019,1,FLAMENGO,0,SAO PAULO,0,PRINCIPAL - FUTEBOL MASCULINO,Sábado
870,30/09/2019,2,FLUMINENSE,2,GREMIO,1,PRINCIPAL - FUTEBOL MASCULINO,Domingo
870,30/09/2019,3,CORINTHIANS,1,VASCO DA GAMA,0,PRINCIPAL - FUTEBOL MASCULINO,Domingo
870,30/09/2019,4,INTERNACIONAL,1,PALMEIRAS,1,PRINCIPAL - FUTEBOL MASCULINO,Domingo
870,30/09/2019,5,ATLETICO,2,CEARA,1,PRINCIPAL - FUTEBOL MASCULINO,Domingo
870,30/09/2019,6,RB BRAGANTINO,2,VITORIA,0,PRINCIPAL - FUTEBOL MASCULINO,Domingo
870,30/09/2019,7,CRB,1,SAO BENTO,1,PRINCIPAL - FUTEBOL MASCULINO,Sábado
870,30/09/2019,8,CORITIBA,2,AMERICA,1,PRINCIPAL - FUTEBOL MASCULINO,Sábado
870,30/09/2019,9,PONTE PRETA,3,CUIABA ESPORTE CL,0,PRINCIPAL - FUTEBOL MASCULINO,Sábado
870,30/09/2019,10,OESTE,1,PARANA,1,PRINCIPAL - FUTEBOL MASCULINO,Sábado
870,30/09/2019,11,CRICIUMA,2,BOTAFOGO,0,PRINCIPAL - FUTEBOL MASCULINO,Sábado
870,30/09/2019,12,SPORT,3,OPERARIO,1,PRINCIPAL - FUTEBOL MASCULINO,Sábado
870,30/09/2019,13,SANTOS,2,CSA,0,PRINCIPAL - FUTEBOL MASCULINO,Domingo
870,30/09/2019,14,ATHLETICO,1,CHAPECOENSE,1,PRINCIPAL - FUTEBOL MASCULINO,Domingo
871,07/10/2019,1,VASCO DA GAMA,0,SANTOS,1,PRINCIPAL - FUTEBOL MASCULINO,Sábado
871,07/10/2019,2,SAO PAULO,2,FORTALEZA,1,PRINCIPAL - FUTEBOL MASCULINO,Sábado
871,07/10/2019,3,GREMIO,0,CORINTHIANS,0,PRINCIPAL - FUTEBOL MASCULINO,Sábado
871,07/10/2019,4,BAHIA,1,ATHLETICO,2,PRINCIPAL - FUTEBOL MASCULINO,Sábado
871,07/10/2019,5,CRUZEIRO,1,INTERNACIONAL,1,PRINCIPAL - FUTEBOL MASCULINO,Sábado
871,07/10/2019,6,CHAPECOENSE,0,FLAMENGO,1,PRINCIPAL - FUTEBOL MASCULINO,Domingo
871,07/10/2019,7,BOTAFOGO,0,FLUMINENSE,1,PRINCIPAL - FUTEBOL MASCULINO,Domingo
871,07/10/2019,8,CSA,3,AVAI,1,PRINCIPAL - FUTEBOL MASCULINO,Domingo
871,07/10/2019,9,OPERARIO,1,BRASIL,2,PRINCIPAL - FUTEBOL MASCULINO,Sábado
871,07/10/2019,10,PARANA,2,CORITIBA,0,PRINCIPAL - FUTEBOL MASCULINO,Sábado
871,07/10/2019,11,CUIABA ESPORTE CL,0,LONDRINA,1,PRINCIPAL - FUTEBOL MASCULINO,Sábado
871,07/10/2019,12,SAMP CORREA,2,NAUTICO,2,PRINCIPAL - FUTEBOL MASCULINO,Domingo
871,07/10/2019,13,CEARA,0,GOIAS,1,PRINCIPAL - FUTEBOL MASCULINO,Domingo
871,07/10/2019,14,PALMEIRAS,1,ATLETICO,1,PRINCIPAL - FUTEBOL MASCULINO,Domingo
872,14/10/2019,1,SAO PAULO,1,CORINTHIANS,0,PRINCIPAL - FUTEBOL MASCULINO,Domingo
872,14/10/2019,2,ATLETICO,1,GREMIO,4,PRINCIPAL - FUTEBOL MASCULINO,Domingo
872,14/10/2019,3,CEARA,1,AVAI,0,PRINCIPAL - FUTEBOL MASCULINO,Domingo
872,14/10/2019,4,INTERNACIONAL,0,SANTOS,0,PRINCIPAL - FUTEBOL MASCULINO,Domingo
872,14/10/2019,5,RB BRAGANTINO,2,PARANA,0,PRINCIPAL - FUTEBOL MASCULINO,Sábado
872,14/10/2019,6,CORITIBA,1,CRICIUMA,0,PRINCIPAL - FUTEBOL MASCULINO,Sábado
872,14/10/2019,7,LONDRINA,1,OPERARIO,2,PRINCIPAL - FUTEBOL MASCULINO,Sábado
872,14/10/2019,8,FIGUEIRENSE,2,AMERICA,1,PRINCIPAL - FUTEBOL MASCULINO,Sábado
872,14/10/2019,9,GOIAS,1,CSA,0,PRINCIPAL - FUTEBOL MASCULINO,Sábado
872,14/10/2019,10,FLUMINENSE,2,BAHIA,0,PRINCIPAL - FUTEBOL MASCULINO,Sábado
872,14/10/2019,11,PALMEIRAS,1,BOTAFOGO,0,PRINCIPAL - FUTEBOL MASCULINO,Sábado
872,14/10/2019,12,ATHLETICO,0,FLAMENGO,2,PRINCIPAL - FUTEBOL MASCULINO,Domingo
872,14/10/2019,13,VASCO DA GAMA,1,FORTALEZA,0,PRINCIPAL - FUTEBOL MASCULINO,Domingo
872,14/10/2019,14,CHAPECOENSE,1,CRUZEIRO,1,PRINCIPAL - FUTEBOL MASCULINO,Domingo
873,21/10/2019,1,FLAMENGO,2,FLUMINENSE,0,PRINCIPAL - FUTEBOL MASCULINO,Domingo
873,21/10/2019,2,ATHLETICO,1,PALMEIRAS,1,PRINCIPAL - FUTEBOL MASCULINO,Domingo
873,21/10/2019,3,FORTALEZA,2,GREMIO,1,PRINCIPAL - FUTEBOL MASCULINO,Sábado
873,21/10/2019,4,CORINTHIANS,1,CRUZEIRO,2,PRINCIPAL - FUTEBOL MASCULINO,Sábado
873,21/10/2019,5,ATLETICO,2,SANTOS,0,PRINCIPAL - FUTEBOL MASCULINO,Domingo
873,21/10/2019,6,INTERNACIONAL,0,VASCO DA GAMA,1,PRINCIPAL - FUTEBOL MASCULINO,Domingo
873,21/10/2019,7,SAO PAULO,1,AVAI,0,PRINCIPAL - FUTEBOL MASCULINO,Domingo
873,21/10/2019,8,PONTE PRETA,1,RB BRAGANTINO,1,PRINCIPAL - FUTEBOL MASCULINO,Sábado
873,21/10/2019,9,OESTE,0,AMERICA,1,PRINCIPAL - FUTEBOL MASCULINO,Sábado
873,21/10/2019,10,VILA NOVA,2,CORITIBA,2,PRINCIPAL - FUTEBOL MASCULINO,Sábado
873,21/10/2019,11,OPERARIO,2,SAO BENTO,1,PRINCIPAL - FUTEBOL MASCULINO,Sábado
873,21/10/2019,12,PARANA,0,FIGUEIRENSE,1,PRINCIPAL - FUTEBOL MASCULINO,Sábado
873,21/10/2019,13,BRASIL,0,SPORT,0,PRINCIPAL - FUTEBOL MASCULINO,Domingo
873,21/10/2019,14,CHAPECOENSE,2,GOIAS,2,PRINCIPAL - FUTEBOL MASCULINO,Domingo
874,28/10/2019,1,CORINTHIANS,0,SANTOS,0,PRINCIPAL - FUTEBOL MASCULINO,Sábado
874,28/10/2019,2,CRUZEIRO,1,FORTALEZA,1,PRINCIPAL - FUTEBOL MASCULINO,Sábado
874,28/10/2019,3,ATHLETICO,4,GOIAS,1,PRINCIPAL - FUTEBOL MASCULINO,Domingo
874,28/10/2019,4,GREMIO,3,BOTAFOGO,0,PRINCIPAL - FUTEBOL MASCULINO,Domingo
874,28/10/2019,5,SAO PAULO,2,ATLETICO,0,PRINCIPAL - FUTEBOL MASCULINO,Domingo
874,28/10/2019,6,BRASIL,0,CUIABA ESPORTE CL,0,PRINCIPAL - FUTEBOL MASCULINO,Sábado
874,28/10/2019,7,SAO BENTO,1,GUARANI,1,PRINCIPAL - FUTEBOL MASCULINO,Sábado
874,28/10/2019,8,FIGUEIRENSE,2,CRICIUMA,2,PRINCIPAL - FUTEBOL MASCULINO,Sábado
874,28/10/2019,9,PONTE PRETA,1,VITORIA,2,PRINCIPAL - FUTEBOL MASCULINO,Domingo
874,28/10/2019,10,CEARA,1,VASCO DA GAMA,1,PRINCIPAL - FUTEBOL MASCULINO,Sábado
874,28/10/2019,11,BAHIA,2,INTERNACIONAL,3,PRINCIPAL - FUTEBOL MASCULINO,Sábado
874,28/10/2019,12,FLUMINENSE,1,CHAPECOENSE,1,PRINCIPAL - FUTEBOL MASCULINO,Sábado
874,28/10/2019,13,AVAI,1,PALMEIRAS,2,PRINCIPAL - FUTEBOL MASCULINO,Domingo
874,28/10/2019,14,FLAMENGO,1,CSA,0,PRINCIPAL - FUTEBOL MASCULINO,Domingo
875,04/11/2019,1,FLAMENGO,4,CORINTHIANS,1,PRINCIPAL - FUTEBOL MASCULINO,Domingo
875,04/11/2019,2,FLUMINENSE,0,VASCO DA GAMA,0,PRINCIPAL - FUTEBOL MASCULINO,Sábado
875,04/11/2019,3,GREMIO,2,INTERNACIONAL,0,PRINCIPAL - FUTEBOL MASCULINO,Domingo
875,04/11/2019,4,GOIAS,2,AVAI,0,PRINCIPAL - FUTEBOL MASCULINO,Domingo
875,04/11/2019,5,CRUZEIRO,1,BAHIA,1,PRINCIPAL - FUTEBOL MASCULINO,Domingo
875,04/11/2019,6,OESTE,3,CRB,3,PRINCIPAL - FUTEBOL MASCULINO,Sábado
875,04/11/2019,7,VITORIA,2,FIGUEIRENSE,2,PRINCIPAL - FUTEBOL MASCULINO,Sábado
875,04/11/2019,8,AMERICA,0,PONTE PRETA,0,PRINCIPAL - FUTEBOL MASCULINO,Sábado
875,04/11/2019,9,CRICIUMA,1,SAO BENTO,1,PRINCIPAL - FUTEBOL MASCULINO,Sábado
875,04/11/2019,10,FORTALEZA,2,ATLETICO,2,PRINCIPAL - FUTEBOL MASCULINO,Sábado
875,04/11/2019,11,PALMEIRAS,1,CEARA,0,PRINCIPAL - FUTEBOL MASCULINO,Sábado
875,04/11/2019,12,CHAPECOENSE,0,SAO PAULO,3,PRINCIPAL - FUTEBOL MASCULINO,Sábado
875,04/11/2019,13,ATHLETICO,1,CSA,0,PRINCIPAL - FUTEBOL MASCULINO,Domingo
875,04/11/2019,14,SANTOS,4,BOTAFOGO,1,PRINCIPAL - FUTEBOL MASCULINO,Domingo
876,11/11/2019,1,PALMEIRAS,1,CORINTHIANS,1,PRINCIPAL - FUTEBOL MASCULINO,Sábado
876,11/11/2019,2,CRUZEIRO,0,ATLETICO,0,PRINCIPAL - FUTEBOL MASCULINO,Domingo
876,11/11/2019,3,INTERNACIONAL,2,FLUMINENSE,1,PRINCIPAL - FUTEBOL MASCULINO,Domingo
876,11/11/2019,4,CSA,0,VASCO DA GAMA,3,PRINCIPAL - FUTEBOL MASCULINO,Domingo
876,11/11/2019,5,FORTALEZA,1,CEARA,0,PRINCIPAL - FUTEBOL MASCULINO,Domingo
876,11/11/2019,6,BRASIL,2,OESTE,2,PRINCIPAL - FUTEBOL MASCULINO,Sábado
876,11/11/2019,7,GUARANI,0,PONTE PRETA,0,PRINCIPAL - FUTEBOL MASCULINO,Sábado
876,11/11/2019,8,SPORT,1,CRICIUMA,0,PRINCIPAL - FUTEBOL MASCULINO,Sábado
876,11/11/2019,9,CRB,2,ATLETICO,1,PRINCIPAL - FUTEBOL MASCULINO,Sábado
876,11/11/2019,10,GOIAS,0,SANTOS,3,PRINCIPAL - FUTEBOL MASCULINO,Sábado
876,11/11/2019,11,SAO PAULO,0,ATHLETICO,1,PRINCIPAL - FUTEBOL MASCULINO,Domingo
876,11/11/2019,12,FLAMENGO,3,BAHIA,1,PRINCIPAL - FUTEBOL MASCULINO,Domingo
876,11/11/2019,13,CHAPECOENSE,0,GREMIO,1,PRINCIPAL - FUTEBOL MASCULINO,Domingo
876,11/11/2019,14,LIVERPOOL,3,MANCHESTER CITY,1,PRINCIPAL - FUTEBOL MASCULINO,Domingo
877,18/11/2019,1,SANTOS,1,SAO PAULO,1,PRINCIPAL - FUTEBOL MASCULINO,Sábado
877,18/11/2019,2,CORINTHIANS,0,INTERNACIONAL,0,PRINCIPAL - FUTEBOL MASCULINO,Domingo
877,18/11/2019,3,GREMIO,0,FLAMENGO,1,PRINCIPAL - FUTEBOL MASCULINO,Domingo
877,18/11/2019,4,BAHIA,1,PALMEIRAS,1,PRINCIPAL - FUTEBOL MASCULINO,Domingo
877,18/11/2019,5,CHAPECOENSE,1,CEARA,0,PRINCIPAL - FUTEBOL MASCULINO,Domingo
877,18/11/2019,6,CRB,2,PONTE PRETA,0,PRINCIPAL - FUTEBOL MASCULINO,Sábado
877,18/11/2019,7,GUARANI,1,OPERARIO,0,PRINCIPAL - FUTEBOL MASCULINO,Sábado
877,18/11/2019,8,LONDRINA,1,BOTAFOGO,1,PRINCIPAL - FUTEBOL MASCULINO,Sábado
877,18/11/2019,9,SAO BENTO,3,BRASIL,1,PRINCIPAL - FUTEBOL MASCULINO,Domingo
877,18/11/2019,10,SPORT,0,VILA NOVA,0,PRINCIPAL - FUTEBOL MASCULINO,Domingo
877,18/11/2019,11,FIGUEIRENSE,0,CUIABA ESPORTE CL,0,PRINCIPAL - FUTEBOL MASCULINO,Domingo
877,18/11/2019,12,FLUMINENSE,1,ATLETICO,1,PRINCIPAL - FUTEBOL MASCULINO,Sábado
877,18/11/2019,13,FORTALEZA,3,CSA,0,PRINCIPAL - FUTEBOL MASCULINO,Domingo
877,18/11/2019,14,ATHLETICO,1,BOTAFOGO,0,PRINCIPAL - FUTEBOL MASCULINO,Domingo
878,25/11/2019,1,FLAMENGO,2,RIVER PLATE,1,PRINCIPAL - FUTEBOL MASCULINO,Sábado
878,25/11/2019,2,SANTOS,4,CRUZEIRO,1,PRINCIPAL - FUTEBOL MASCULINO,Sábado
878,25/11/2019,3,ATLETICO,0,ATHLETICO,1,PRINCIPAL - FUTEBOL MASCULINO,Domingo
878,25/11/2019,4,BOTAFOGO,1,CORINTHIANS,0,PRINCIPAL - FUTEBOL MASCULINO,Domingo
878,25/11/2019,5,GOIAS,4,BAHIA,3,PRINCIPAL - FUTEBOL MASCULINO,Domingo
878,25/11/2019,6,PALMEIRAS,1,GREMIO,2,PRINCIPAL - FUTEBOL MASCULINO,Domingo
878,25/11/2019,7,AVAI,0,CHAPECOENSE,1,PRINCIPAL - FUTEBOL MASCULINO,Domingo
878,25/11/2019,8,CEARA,1,SAO PAULO,1,PRINCIPAL - FUTEBOL MASCULINO,Domingo
878,25/11/2019,9,INTERNACIONAL,2,FORTALEZA,2,PRINCIPAL - FUTEBOL MASCULINO,Domingo
878,25/11/2019,10,BOTAFOGO,0,CUIABA ESPORTE CL,0,PRINCIPAL - FUTEBOL MASCULINO,Sábado
878,25/11/2019,11,BORDEAUX,2,MONACO,1,PRINCIPAL - FUTEBOL MASCULINO,Domingo
878,25/11/2019,12,TORINO,0,INTER DE MILAO,3,PRINCIPAL - FUTEBOL MASCULINO,Sábado
878,25/11/2019,13,BOLOGNA,2,PARMA,2,PRINCIPAL - FUTEBOL MASCULINO,Domingo
878,25/11/2019,14,VILLARREAL,1,CELTA DE VIGO,3,PRINCIPAL - FUTEBOL MASCULINO,Domingo
879,02/12/2019,1,BOTAFOGO,0,INTERNACIONAL,1,PRINCIPAL - FUTEBOL MASCULINO,Sábado
879,02/12/2019,2,CEARA,1,ATHLETICO,1,PRINCIPAL - FUTEBOL MASCULINO,Sábado
879,02/12/2019,3,PALMEIRAS,1,FLAMENGO,3,PRINCIPAL - FUTEBOL MASCULINO,Domingo
879,02/12/2019,4,GOIAS,1,FORTALEZA,2,PRINCIPAL - FUTEBOL MASCULINO,Domingo
879,02/12/2019,5,ATLETICO,2,CORINTHIANS,1,PRINCIPAL - FUTEBOL MASCULINO,Domingo
879,02/12/2019,6,CSA,1,BAHIA,2,PRINCIPAL - FUTEBOL MASCULINO,Domingo
879,02/12/2019,7,GREMIO,3,SAO PAULO,0,PRINCIPAL - FUTEBOL MASCULINO,Domingo
879,02/12/2019,8,AVAI,1,FLUMINENSE,1,PRINCIPAL - FUTEBOL MASCULINO,Domingo
879,02/12/2019,9,VITORIA,1,CORITIBA,2,PRINCIPAL - FUTEBOL MASCULINO,Sábado
879,02/12/2019,10,AMERICA,1,SAO BENTO,2,PRINCIPAL - FUTEBOL MASCULINO,Sábado
879,02/12/2019,11,LONDRINA,2,GUARANI,0,PRINCIPAL - FUTEBOL MASCULINO,Sábado
879,02/12/2019,12,ATLETICO,0,SPORT,0,PRINCIPAL - FUTEBOL MASCULINO,Sábado
879,02/12/2019,13,RB BRAGANTINO,2,CRB,0,PRINCIPAL - FUTEBOL MASCULINO,Sábado
879,02/12/2019,14,SANTOS,2,CHAPECOENSE,0,PRINCIPAL - FUTEBOL MASCULINO,Domingo
880,09/12/2019,1,AVAI,0,ATHLETICO,0,PRINCIPAL - FUTEBOL MASCULINO,Domingo
880,09/12/2019,2,BOTAFOGO,1,CEARA,1,PRINCIPAL - FUTEBOL MASCULINO,Domingo
880,09/12/2019,3,CORINTHIANS,1,FLUMINENSE,2,PRINCIPAL - FUTEBOL MASCULINO,Domingo
880,09/12/2019,4,CRUZEIRO,0,PALMEIRAS,2,PRINCIPAL - FUTEBOL MASCULINO,Domingo
880,09/12/2019,5,CSA,1,SAO PAULO,2,PRINCIPAL - FUTEBOL MASCULINO,Domingo
880,09/12/2019,6,FORTALEZA,2,BAHIA,1,PRINCIPAL - FUTEBOL MASCULINO,Domingo
880,09/12/2019,7,GOIAS,3,GREMIO,2,PRINCIPAL - FUTEBOL MASCULINO,Domingo
880,09/12/2019,8,INTERNACIONAL,2,ATLETICO,1,PRINCIPAL - FUTEBOL MASCULINO,Domingo
880,09/12/2019,9,SANTOS,4,FLAMENGO,0,PRINCIPAL - FUTEBOL MASCULINO,Domingo
880,09/12/2019,10,VASCO DA GAMA,1,CHAPECOENSE,1,PRINCIPAL - FUTEBOL MASCULINO,Domingo
880,09/12/2019,11,MARSEILLE,3,BORDEAUX,1,PRINCIPAL - FUTEBOL MASCULINO,Domingo
880,09/12/2019,12,BOLOGNA,2,MILAN,3,PRINCIPAL - FUTEBOL MASCULINO,Domingo
880,09/12/2019,13,LAZIO,3,JUVENTUS,1,PRINCIPAL - FUTEBOL MASCULINO,Sábado
880,09/12/2019,14,TORINO,2,FIORENTINA,1,PRINCIPAL - FUTEBOL MASCULINO,Domingo
881,16/12/2019,1,JUVENTUS,3,UDINESE,1,PRINCIPAL - FUTEBOL MASCULINO,Domingo
881,16/12/2019,2,ROMA,3,SPAL,1,PRINCIPAL - FUTEBOL MASCULINO,Domingo
881,16/12/2019,3,FIORENTINA,1,INTER DE MILAO,1,PRINCIPAL - FUTEBOL MASCULINO,Domingo
881,16/12/2019,4,TOULOUSE,0,REIMS,1,PRINCIPAL - FUTEBOL MASCULINO,Sábado
881,16/12/2019,5,BORDEAUX,0,STRASBOURG,1,PRINCIPAL - FUTEBOL MASCULINO,Domingo
881,16/12/2019,6,LYON,0,RENNES,1,PRINCIPAL - FUTEBOL MASCULINO,Domingo
881,16/12/2019,7,SAINT-ETIENNE,0,PSG,4,PRINCIPAL - FUTEBOL MASCULINO,Domingo
881,16/12/2019,8,CELTA DE VIGO,2,MALLORCA,2,PRINCIPAL - FUTEBOL MASCULINO,Domingo
881,16/12/2019,9,ESPANYOL,2,BETIS,2,PRINCIPAL - FUTEBOL MASCULINO,Domingo
881,16/12/2019,10,SEVILLA,1,VILLARREAL,2,PRINCIPAL - FUTEBOL MASCULINO,Domingo
881,16/12/2019,11,VALENCIA CLUB,1,REAL MADRID,1,PRINCIPAL - FUTEBOL MASCULINO,Domingo
881,16/12/2019,12,MANCHESTER UNITED,1,EVERTON,1,PRINCIPAL - FUTEBOL MASCULINO,Domingo
881,16/12/2019,13,WOLVES,1,TOTTENHAM,2,PRINCIPAL - FUTEBOL MASCULINO,Domingo
881,16/12/2019,14,ARSENAL,0,MANCHESTER CITY,3,PRINCIPAL - FUTEBOL MASCULINO,Domingo
882,23/12/2019,1,REAL MADRID,0,ATHLETIC BILBAO,0,PRINCIPAL - FUTEBOL MASCULINO,Domingo
882,23/12/2019,2,OSASUNA,3,REAL SOCIEDAD,4,PRINCIPAL - FUTEBOL MASCULINO,Domingo
882,23/12/2019,3,BETIS,1,ATLETICO MADRID,2,PRINCIPAL - FUTEBOL MASCULINO,Domingo
882,23/12/2019,4,REAL VALLADOLID,1,VALENCIA CLUB,1,PRINCIPAL - FUTEBOL MASCULINO,Sábado
882,23/12/2019,5,LEVANTE,3,CELTA DE VIGO,1,PRINCIPAL - FUTEBOL MASCULINO,Domingo
882,23/12/2019,6,MARSEILLE,3,NIMES OLYMPIQUE,1,PRINCIPAL - FUTEBOL MASCULINO,Sábado
882,23/12/2019,7,MONACO,5,LILLE,1,PRINCIPAL - FUTEBOL MASCULINO,Sábado
882,23/12/2019,8,OLYMPIQUE DE NICE,3,TOULOUSE,0,PRINCIPAL - FUTEBOL MASCULINO,Sábado
882,23/12/2019,9,PSG,4,AMIENS,1,PRINCIPAL - FUTEBOL MASCULINO,Sábado
882,23/12/2019,10,RENNES,1,BORDEAUX,0,PRINCIPAL - FUTEBOL MASCULINO,Sábado
882,23/12/2019,11,WATFORD,2,MANCHESTER UNITED,0,PRINCIPAL - FUTEBOL MASCULINO,Domingo
882,23/12/2019,12,TOTTENHAM,0,CHELSEA,2,PRINCIPAL - FUTEBOL MASCULINO,Domingo
882,23/12/2019,13,ATALANTA BERGAMAS,5,MILAN,0,PRINCIPAL - FUTEBOL MASCULINO,Domingo
882,23/12/2019,14,SASSUOLO,1,NAPOLI,2,PRINCIPAL - FUTEBOL MASCULINO,Domingo
883,06/01/2020,1,SAO PAULO,0,OPERARIO,0,MASCULINO SUB20,Sábado
883,06/01/2020,2,CSA,0,CORITIBA,2,MASCULINO SUB20,Sábado
883,06/01/2020,3,PORT DESPORT,1,SAO BENTO,2,MASCULINO SUB20,Sábado
883,06/01/2020,4,FERROVIARIA,5,U RONDONOPOLIS,1,MASCULINO SUB20,Domingo
883,06/01/2020,5,SERTAOZINHO,2,CONFIANCA,1,MASCULINO SUB20,Domingo
883,06/01/2020,6,PENAPOLENSE,2,GOIAS,4,MASCULINO SUB20,Domingo
883,06/01/2020,7,AMERICA,1,PORTUGUESA,1,PRINCIPAL - FUTEBOL MASCULINO,Sábado
883,06/01/2020,8,MACAE,1,FRIBURGUENSE,0,PRINCIPAL - FUTEBOL MASCULINO,Sábado
883,06/01/2020,9,NOVA IGUACU,1,AMERICANO,2,PRINCIPAL - FUTEBOL MASCULINO,Sábado
883,06/01/2020,10,REAL SOCIEDAD,1,VILLARREAL,2,PRINCIPAL - FUTEBOL MASCULINO,Domingo
883,06/01/2020,11,DEPORTIVO ALAVES,1,BETIS,1,PRINCIPAL - FUTEBOL MASCULINO,Domingo
883,06/01/2020,12,ESPANYOL,2,BARCELONA,2,PRINCIPAL - FUTEBOL MASCULINO,Sábado
883,06/01/2020,13,ROMA,0,TORINO,2,PRINCIPAL - FUTEBOL MASCULINO,Domingo
883,06/01/2020,14,GENOA,2,SASSUOLO,1,PRINCIPAL - FUTEBOL MASCULINO,Domingo
884,13/01/2020,1,FRIBURGUENSE,1,AMERICANO,0,PRINCIPAL - FUTEBOL MASCULINO,Sábado
884,13/01/2020,2,MACAE,2,PORTUGUESA,2,PRINCIPAL - FUTEBOL MASCULINO,Sábado
884,13/01/2020,3,NOVA IGUACU,4,AMERICA,0,PRINCIPAL - FUTEBOL MASCULINO,Sábado
884,13/01/2020,4,ROMA,1,JUVENTUS,2,PRINCIPAL - FUTEBOL MASCULINO,Domingo
884,13/01/2020,5,INTER DE MILAO,1,ATALANTA BERGAMAS,1,PRINCIPAL - FUTEBOL MASCULINO,Sábado
884,13/01/2020,6,UDINESE,3,SASSUOLO,0,PRINCIPAL - FUTEBOL MASCULINO,Domingo
884,13/01/2020,7,TORINO,1,BOLOGNA,0,PRINCIPAL - FUTEBOL MASCULINO,Domingo
884,13/01/2020,8,DIJON,1,LILLE,0,PRINCIPAL - FUTEBOL MASCULINO,Domingo
884,13/01/2020,9,PSG,3,MONACO,3,PRINCIPAL - FUTEBOL MASCULINO,Domingo
884,13/01/2020,10,NIMES OLYMPIQUE,2,REIMS,0,PRINCIPAL - FUTEBOL MASCULINO,Sábado
884,13/01/2020,11,SAINT-ETIENNE,0,NANTES,2,PRINCIPAL - FUTEBOL MASCULINO,Domingo
884,13/01/2020,12,TOTTENHAM,0,LIVERPOOL,1,PRINCIPAL - FUTEBOL MASCULINO,Sábado
884,13/01/2020,13,BOURNEMOUTH,0,WATFORD,3,PRINCIPAL - FUTEBOL MASCULINO,Domingo
884,13/01/2020,14,ASTON VILLA,1,MANCHESTER CITY,6,PRINCIPAL - FUTEBOL MASCULINO,Domingo
885,20/01/2020,1,NAUTICO,1,SPORT,1,PRINCIPAL - FUTEBOL MASCULINO,Domingo
885,20/01/2020,2,RESENDE,0,BOAVISTA,0,PRINCIPAL - FUTEBOL MASCULINO,Sábado
885,20/01/2020,3,VOLTA REDONDA,1,BOTAFOGO,0,PRINCIPAL - FUTEBOL MASCULINO,Sábado
885,20/01/2020,4,VASCO DA GAMA,0,BANGU,0,PRINCIPAL - FUTEBOL MASCULINO,Domingo
885,20/01/2020,5,CABOFRIENSE,0,FLUMINENSE,1,PRINCIPAL - FUTEBOL MASCULINO,Domingo
885,20/01/2020,6,FERROVIARIO,2,HORIZONTE,0,PRINCIPAL - FUTEBOL MASCULINO,Domingo
885,20/01/2020,7,TOLEDO,0,CIANORTE,1,PRINCIPAL - FUTEBOL MASCULINO,Domingo
885,20/01/2020,8,RIO BRANCO,0,PARANA,0,PRINCIPAL - FUTEBOL MASCULINO,Domingo
885,20/01/2020,9,GENOA,1,ROMA,3,PRINCIPAL - FUTEBOL MASCULINO,Domingo
885,20/01/2020,10,NAPOLI,0,FIORENTINA,2,PRINCIPAL - FUTEBOL MASCULINO,Sábado
885,20/01/2020,11,JUVENTUS,2,PARMA,1,PRINCIPAL - FUTEBOL MASCULINO,Domingo
885,20/01/2020,12,BETIS,3,REAL SOCIEDAD,0,PRINCIPAL - FUTEBOL MASCULINO,Domingo
885,20/01/2020,13,ATHLETIC BILBAO,1,CELTA DE VIGO,1,PRINCIPAL - FUTEBOL MASCULINO,Domingo
885,20/01/2020,14,LIVERPOOL,2,MANCHESTER UNITED,0,PRINCIPAL - FUTEBOL MASCULINO,Domingo
886,27/01/2020,1,SANTA CRUZ,0,BAHIA,0,PRINCIPAL - FUTEBOL MASCULINO,Sábado
886,27/01/2020,2,VITORIA,0,FORTALEZA,0,PRINCIPAL - FUTEBOL MASCULINO,Sábado
886,27/01/2020,3,TOMBENSE,0,CRUZEIRO,0,PRINCIPAL - FUTEBOL MASCULINO,Sábado
886,27/01/2020,4,OESTE,1,ITUANO,0,PRINCIPAL - FUTEBOL MASCULINO,Sábado
886,27/01/2020,5,PALMEIRAS,0,SAO PAULO,0,PRINCIPAL - FUTEBOL MASCULINO,Domingo
886,27/01/2020,6,BOTAFOGO,0,PONTE PRETA,1,PRINCIPAL - FUTEBOL MASCULINO,Domingo
886,27/01/2020,7,MIRASSOL,1,CORINTHIANS,1,PRINCIPAL - FUTEBOL MASCULINO,Domingo
886,27/01/2020,8,BRASIL,0,GREMIO,1,PRINCIPAL - FUTEBOL MASCULINO,Domingo
886,27/01/2020,9,CAXIAS,1,SAO JOSE,1,PRINCIPAL - FUTEBOL MASCULINO,Domingo
886,27/01/2020,10,PARANA,0,CORITIBA,1,PRINCIPAL - FUTEBOL MASCULINO,Domingo
886,27/01/2020,11,FLAMENGO,3,VOLTA REDONDA,2,PRINCIPAL - FUTEBOL MASCULINO,Sábado
886,27/01/2020,12,BOAVISTA,0,VASCO DA GAMA,1,PRINCIPAL - FUTEBOL MASCULINO,Sábado
886,27/01/2020,13,BANGU,1,FLUMINENSE,5,PRINCIPAL - FUTEBOL MASCULINO,Domingo
886,27/01/2020,14,BOTAFOGO,3,MACAE,1,PRINCIPAL - FUTEBOL MASCULINO,Domingo
887,03/02/2020,1,CORINTHIANS,2,SANTOS,0,PRINCIPAL - FUTEBOL MASCULINO,Domingo
887,03/02/2020,2,RB BRAGANTINO,2,PALMEIRAS,1,PRINCIPAL - FUTEBOL MASCULINO,Domingo
887,03/02/2020,3,GUARANI,2,SANTO ANDRE,1,PRINCIPAL - FUTEBOL MASCULINO,Domingo
887,03/02/2020,4,ABC,2,AMERICA,1,PRINCIPAL - FUTEBOL MASCULINO,Domingo
887,03/02/2020,5,SPORT,1,VITORIA,1,PRINCIPAL - FUTEBOL MASCULINO,Sábado
887,03/02/2020,6,FORTALEZA,1,CEARA,1,PRINCIPAL - FUTEBOL MASCULINO,Sábado
887,03/02/2020,7,LONDRINA,2,CORITIBA,3,PRINCIPAL - FUTEBOL MASCULINO,Domingo
887,03/02/2020,8,ATHLETICO,1,PARANA,1,PRINCIPAL - FUTEBOL MASCULINO,Domingo
887,03/02/2020,9,FIGUEIRENSE,0,AVAI,2,PRINCIPAL - FUTEBOL MASCULINO,Domingo
887,03/02/2020,10,ATLETICO,1,TOMBENSE,1,PRINCIPAL - FUTEBOL MASCULINO,Domingo
887,03/02/2020,11,AMERICA,3,UBERLANDIA,0,PRINCIPAL - FUTEBOL MASCULINO,Sábado
887,03/02/2020,12,MADUREIRA,0,BANGU,0,PRINCIPAL - FUTEBOL MASCULINO,Sábado
887,03/02/2020,13,FLUMINENSE,0,BOAVISTA,1,PRINCIPAL - FUTEBOL MASCULINO,Sábado
887,03/02/2020,14,BOTAFOGO,1,VASCO DA GAMA,0,PRINCIPAL - FUTEBOL MASCULINO,Domingo
888,10/02/2020,1,FLUMINENSE,3,BOTAFOGO,0,PRINCIPAL - FUTEBOL MASCULINO,Domingo
888,10/02/2020,2,FLAMENGO,2,MADUREIRA,0,PRINCIPAL - FUTEBOL MASCULINO,Sábado
888,10/02/2020,3,BANGU,1,MACAE,0,PRINCIPAL - FUTEBOL MASCULINO,Domingo
888,10/02/2020,4,FORTALEZA,3,SANTA CRUZ,0,PRINCIPAL - FUTEBOL MASCULINO,Sábado
888,10/02/2020,5,BAHIA,0,VITORIA,2,PRINCIPAL - FUTEBOL MASCULINO,Sábado
888,10/02/2020,6,ABC,0,CEARA,0,PRINCIPAL - FUTEBOL MASCULINO,Sábado
888,10/02/2020,7,CRB,1,CSA,1,PRINCIPAL - FUTEBOL MASCULINO,Domingo
888,10/02/2020,8,BOTAFOGO,2,NAUTICO,1,PRINCIPAL - FUTEBOL MASCULINO,Sábado
888,10/02/2020,9,PONTE PRETA,0,PALMEIRAS,1,PRINCIPAL - FUTEBOL MASCULINO,Sábado
888,10/02/2020,10,SANTO ANDRE,2,SAO PAULO,1,PRINCIPAL - FUTEBOL MASCULINO,Domingo
888,10/02/2020,11,AVAI,0,CRICIUMA,1,PRINCIPAL - FUTEBOL MASCULINO,Domingo
888,10/02/2020,12,REMO,1,PAYSANDU,2,PRINCIPAL - FUTEBOL MASCULINO,Domingo
888,10/02/2020,13,PARANA,0,CIANORTE,0,PRINCIPAL - FUTEBOL MASCULINO,Domingo
888,10/02/2020,14,CRUZEIRO,1,AMERICA,1,PRINCIPAL - FUTEBOL MASCULINO,Domingo
889,17/02/2020,1,SAO PAULO,0,CORINTHIANS,0,PRINCIPAL - FUTEBOL MASCULINO,Sábado
889,17/02/2020,2,PALMEIRAS,3,MIRASSOL,1,PRINCIPAL - FUTEBOL MASCULINO,Domingo
889,17/02/2020,3,RB BRAGANTINO,3,OESTE,0,PRINCIPAL - FUTEBOL MASCULINO,Sábado
889,17/02/2020,4,CEARA,2,BAHIA,2,PRINCIPAL - FUTEBOL MASCULINO,Sábado
889,17/02/2020,5,AMERICA,1,CRB,1,PRINCIPAL - FUTEBOL MASCULINO,Sábado
889,17/02/2020,6,NAUTICO,2,SPORT,0,PRINCIPAL - FUTEBOL MASCULINO,Sábado
889,17/02/2020,7,ATLETICO,3,GOIAS,0,PRINCIPAL - FUTEBOL MASCULINO,Domingo
889,17/02/2020,8,CHAPECOENSE,1,CRICIUMA,1,PRINCIPAL - FUTEBOL MASCULINO,Sábado
889,17/02/2020,9,BOA ESPORTE,1,VILLA NOVA,3,PRINCIPAL - FUTEBOL MASCULINO,Domingo
889,17/02/2020,10,ATHLETICO,3,TOLEDO,0,PRINCIPAL - FUTEBOL MASCULINO,Sábado
889,17/02/2020,11,PARANA,1,OPERARIO,0,PRINCIPAL - FUTEBOL MASCULINO,Domingo
889,17/02/2020,12,BRASILIENSE,1,GAMA,2,PRINCIPAL - FUTEBOL MASCULINO,Sábado
889,17/02/2020,13,ARSENAL,4,NEW CASTLE,0,PRINCIPAL - FUTEBOL MASCULINO,Domingo
889,17/02/2020,14,LAZIO,2,INTER DE MILAO,1,PRINCIPAL - FUTEBOL MASCULINO,Domingo
890,26/02/2020,1,CONFIANCA,2,FORTALEZA,0,PRINCIPAL - FUTEBOL MASCULINO,Sábado
890,26/02/2020,2,AMERICA,1,SPORT,1,PRINCIPAL - FUTEBOL MASCULINO,Sábado
890,26/02/2020,3,ITUANO,2,SANTOS,0,PRINCIPAL - FUTEBOL MASCULINO,Sábado
890,26/02/2020,4,OESTE,0,SAO PAULO,4,PRINCIPAL - FUTEBOL MASCULINO,Sábado
890,26/02/2020,5,PONTE PRETA,1,FERROVIARIA,1,PRINCIPAL - FUTEBOL MASCULINO,Sábado
890,26/02/2020,6,SANTO ANDRE,1,RB BRAGANTINO,0,PRINCIPAL - FUTEBOL MASCULINO,Domingo
890,26/02/2020,7,GOIAS,4,ANAPOLINA,1,PRINCIPAL - FUTEBOL MASCULINO,Sábado
890,26/02/2020,8,DEPORTIVO ALAVES,2,ATHLETIC BILBAO,1,PRINCIPAL - FUTEBOL MASCULINO,Domingo
890,26/02/2020,9,GETAFE,0,SEVILLA,3,PRINCIPAL - FUTEBOL MASCULINO,Domingo
890,26/02/2020,10,ATLETICO MADRID,3,VILLARREAL,1,PRINCIPAL - FUTEBOL MASCULINO,Domingo
890,26/02/2020,11,TORINO,0,PARMA,0,PRINCIPAL - FUTEBOL MASCULINO,Domingo
890,26/02/2020,12,INTER DE MILAO,1,SAMPDORIA,0,PRINCIPAL - FUTEBOL MASCULINO,Domingo
890,26/02/2020,13,ARSENAL,3,EVERTON,2,PRINCIPAL - FUTEBOL MASCULINO,Domingo
890,26/02/2020,14,MANCHESTER UNITED,3,WATFORD,0,PRINCIPAL - FUTEBOL MASCULINO,Domingo
891,02/03/2020,1,SANTOS,0,PALMEIRAS,0,PRINCIPAL - FUTEBOL MASCULINO,Sábado
891,02/03/2020,2,SAO PAULO,2,PONTE PRETA,1,PRINCIPAL - FUTEBOL MASCULINO,Domingo
891,02/03/2020,3,VITORIA,1,BAHIA,2,PRINCIPAL - FUTEBOL MASCULINO,Domingo
891,02/03/2020,4,SANTA CRUZ,2,NAUTICO,0,PRINCIPAL - FUTEBOL MASCULINO,Domingo
891,02/03/2020,5,BOTAFOGO,2,BOAVISTA,1,PRINCIPAL - FUTEBOL MASCULINO,Domingo
891,02/03/2020,6,CABOFRIENSE,1,FLAMENGO,4,PRINCIPAL - FUTEBOL MASCULINO,Sábado
891,02/03/2020,7,PARANA,2,LONDRINA,2,PRINCIPAL - FUTEBOL MASCULINO,Domingo
891,02/03/2020,8,OPERARIO,1,ATHLETICO,3,PRINCIPAL - FUTEBOL MASCULINO,Domingo
891,02/03/2020,9,TOLEDO,1,CORITIBA,1,PRINCIPAL - FUTEBOL MASCULINO,Sábado
891,02/03/2020,10,AMERICA,2,TOMBENSE,1,PRINCIPAL - FUTEBOL MASCULINO,Sábado
891,02/03/2020,11,CRUZEIRO,2,UBERLANDIA,1,PRINCIPAL - FUTEBOL MASCULINO,Domingo
891,02/03/2020,12,BOA ESPORTE,1,ATLETICO,1,PRINCIPAL - FUTEBOL MASCULINO,Domingo
891,02/03/2020,13,VILA NOVA,0,GOIAS,0,PRINCIPAL - FUTEBOL MASCULINO,Domingo
891,02/03/2020,14,REAL MADRID,2,BARCELONA,0,PRINCIPAL - FUTEBOL MASCULINO,Domingo
892,09/03/2020,1,BAHIA,1,CONFIANCA,0,PRINCIPAL - FUTEBOL MASCULINO,Sábado
892,09/03/2020,2,SPORT,1,SANTA CRUZ,0,PRINCIPAL - FUTEBOL MASCULINO,Sábado
892,09/03/2020,3,FORTALEZA,1,CSA,0,PRINCIPAL - FUTEBOL MASCULINO,Sábado
892,09/03/2020,4,ABC,1,VITORIA,1,PRINCIPAL - FUTEBOL MASCULINO,Domingo
892,09/03/2020,5,FLAMENGO,3,BOTAFOGO,0,PRINCIPAL - FUTEBOL MASCULINO,Sábado
892,09/03/2020,6,VOLTA REDONDA,0,VASCO DA GAMA,0,PRINCIPAL - FUTEBOL MASCULINO,Domingo
892,09/03/2020,7,ATLETICO,2,CRUZEIRO,1,PRINCIPAL - FUTEBOL MASCULINO,Sábado
892,09/03/2020,8,AMERICA,1,BOA ESPORTE,1,PRINCIPAL - FUTEBOL MASCULINO,Domingo
892,09/03/2020,9,NOVORIZONTINO,1,CORINTHIANS,1,PRINCIPAL - FUTEBOL MASCULINO,Sábado
892,09/03/2020,10,SANTOS,3,MIRASSOL,1,PRINCIPAL - FUTEBOL MASCULINO,Sábado
892,09/03/2020,11,BOTAFOGO,1,SAO PAULO,0,PRINCIPAL - FUTEBOL MASCULINO,Domingo
892,09/03/2020,12,CRICIUMA,0,FIGUEIRENSE,0,PRINCIPAL - FUTEBOL MASCULINO,Domingo
892,09/03/2020,13,PAYSANDU,1,REMO,1,PRINCIPAL - FUTEBOL MASCULINO,Domingo
892,09/03/2020,14,INTERNACIONAL,2,BRASIL,0,PRINCIPAL - FUTEBOL MASCULINO,Domingo
893,16/03/2020,1,VASCO DA GAMA,0,FLUMINENSE,2,PRINCIPAL - FUTEBOL MASCULINO,Sábado
893,16/03/2020,2,BOTAFOGO,1,BANGU,1,PRINCIPAL - FUTEBOL MASCULINO,Domingo
893,16/03/2020,3,TUBARAO,1,CHAPECOENSE,3,PRINCIPAL - FUTEBOL MASCULINO,Domingo
893,16/03/2020,4,CAXIAS,2,NOVO HAMBURGO,1,PRINCIPAL - FUTEBOL MASCULINO,Domingo
893,16/03/2020,5,VILLA NOVA,1,ATLETICO,3,PRINCIPAL - FUTEBOL MASCULINO,Sábado
893,16/03/2020,6,BOA ESPORTE,2,UBERLANDIA,2,PRINCIPAL - FUTEBOL MASCULINO,Domingo
893,16/03/2020,7,CORITIBA,4,ATHLETICO,0,PRINCIPAL - FUTEBOL MASCULINO,Domingo
893,16/03/2020,8,SAO PAULO,2,SANTOS,1,PRINCIPAL - FUTEBOL MASCULINO,Sábado
893,16/03/2020,9,CORINTHIANS,1,ITUANO,1,PRINCIPAL - FUTEBOL MASCULINO,Domingo
893,16/03/2020,10,AMERICA,0,BAHIA,2,PRINCIPAL - FUTEBOL MASCULINO,Sábado
893,16/03/2020,11,CEARA,2,SPORT,1,PRINCIPAL - FUTEBOL MASCULINO,Sábado
893,16/03/2020,12,CONFIANCA,0,CRB,1,PRINCIPAL - FUTEBOL MASCULINO,Sábado
893,16/03/2020,13,NAUTICO,0,FORTALEZA,3,PRINCIPAL - FUTEBOL MASCULINO,Sábado
893,16/03/2020,14,SANTA CRUZ,0,BOTAFOGO,0,PRINCIPAL - FUTEBOL MASCULINO,Domingo
894,10/08/2020,1,FLAMENGO,0,ATLETICO,1,PRINCIPAL - FUTEBOL MASCULINO,Domingo
894,10/08/2020,2,CSA,1,GUARANI,0,PRINCIPAL - FUTEBOL MASCULINO,Sábado
894,10/08/2020,3,VITORIA,1,SAMP CORREA,0,PRINCIPAL - FUTEBOL MASCULINO,Sábado
894,10/08/2020,4,GOIAS,0,SAO PAULO,0,PRINCIPAL - FUTEBOL MASCULINO,Domingo
894,10/08/2020,5,FORTALEZA,0,ATHLETICO,2,PRINCIPAL - FUTEBOL MASCULINO,Sábado
894,10/08/2020,6,PONTE PRETA,0,AMERICA,1,PRINCIPAL - FUTEBOL MASCULINO,Sábado
894,10/08/2020,7,CRUZEIRO,2,BOTAFOGO,1,PRINCIPAL - FUTEBOL MASCULINO,Sábado
894,10/08/2020,8,FERROVIARIO,2,BOTAFOGO,0,PRINCIPAL - FUTEBOL MASCULINO,Domingo
894,10/08/2020,9,SANTOS,1,RB BRAGANTINO,1,PRINCIPAL - FUTEBOL MASCULINO,Domingo
894,10/08/2020,10,SPORT,3,CEARA,2,PRINCIPAL - FUTEBOL MASCULINO,Sábado
894,10/08/2020,11,PAYSANDU,0,SANTA CRUZ,0,PRINCIPAL - FUTEBOL MASCULINO,Sábado
894,10/08/2020,12,SAO JOSE,1,SAO BENTO,0,PRINCIPAL - FUTEBOL MASCULINO,Sábado
894,10/08/2020,13,ITUANO,3,TOMBENSE,0,PRINCIPAL - FUTEBOL MASCULINO,Sábado
894,10/08/2020,14,PALMEIRAS,1,CORINTHIANS,1,PRINCIPAL - FUTEBOL MASCULINO,Sábado
895,17/08/2020,1,GREMIO,0,CORINTHIANS,0,PRINCIPAL - FUTEBOL MASCULINO,Sábado
895,17/08/2020,2,BRASIL,1,OESTE,1,PRINCIPAL - FUTEBOL MASCULINO,Sábado
895,17/08/2020,3,VILA NOVA,2,PAYSANDU,0,PRINCIPAL - FUTEBOL MASCULINO,Sábado
895,17/08/2020,4,NAUTICO,1,CRB,1,PRINCIPAL - FUTEBOL MASCULINO,Sábado
895,17/08/2020,5,CORITIBA,0,FLAMENGO,1,PRINCIPAL - FUTEBOL MASCULINO,Sábado
895,17/08/2020,6,CHAPECOENSE,1,SAMP CORREA,0,PRINCIPAL - FUTEBOL MASCULINO,Domingo
895,17/08/2020,7,ATLETICO,2,CEARA,0,PRINCIPAL - FUTEBOL MASCULINO,Domingo
895,17/08/2020,8,BAHIA,2,RB BRAGANTINO,1,PRINCIPAL - FUTEBOL MASCULINO,Domingo
895,17/08/2020,9,FORTALEZA,0,BOTAFOGO,0,PRINCIPAL - FUTEBOL MASCULINO,Domingo
895,17/08/2020,10,FIGUEIRENSE,0,CRUZEIRO,1,PRINCIPAL - FUTEBOL MASCULINO,Domingo
895,17/08/2020,11,FLUMINENSE,2,INTERNACIONAL,1,PRINCIPAL - FUTEBOL MASCULINO,Domingo
895,17/08/2020,12,ATLETICO,1,SPORT,1,PRINCIPAL - FUTEBOL MASCULINO,Domingo
895,17/08/2020,13,SANTOS,3,ATHLETICO,1,PRINCIPAL - FUTEBOL MASCULINO,Domingo
895,17/08/2020,14,VASCO DA GAMA,2,SAO PAULO,1,PRINCIPAL - FUTEBOL MASCULINO,Domingo
896,24/08/2020,1,PSG,0,BAYERN DE MUNIQUE,1,PRINCIPAL - FUTEBOL MASCULINO,Domingo
896,24/08/2020,2,ATHLETICO,0,FLUMINENSE,1,PRINCIPAL - FUTEBOL MASCULINO,Sábado
896,24/08/2020,3,NAUTICO,3,JUVENTUDE,3,PRINCIPAL - FUTEBOL MASCULINO,Sábado
896,24/08/2020,4,INTERNACIONAL,1,ATLETICO,0,PRINCIPAL - FUTEBOL MASCULINO,Sábado
896,24/08/2020,5,CRB,2,VITORIA,2,PRINCIPAL - FUTEBOL MASCULINO,Sábado
896,24/08/2020,6,GOIAS,2,ATLETICO,0,PRINCIPAL - FUTEBOL MASCULINO,Sábado
896,24/08/2020,7,BOTAFOGO,0,FIGUEIRENSE,1,PRINCIPAL - FUTEBOL MASCULINO,Sábado
896,24/08/2020,8,FLAMENGO,1,BOTAFOGO,1,PRINCIPAL - FUTEBOL MASCULINO,Domingo
896,24/08/2020,9,VASCO DA GAMA,0,GREMIO,0,PRINCIPAL - FUTEBOL MASCULINO,Domingo
896,24/08/2020,10,RB BRAGANTINO,1,CORITIBA,2,PRINCIPAL - FUTEBOL MASCULINO,Domingo
896,24/08/2020,11,CEARA,2,BAHIA,0,PRINCIPAL - FUTEBOL MASCULINO,Domingo
896,24/08/2020,12,CONFIANCA,1,CRUZEIRO,1,PRINCIPAL - FUTEBOL MASCULINO,Domingo
896,24/08/2020,13,SPORT,0,SAO PAULO,1,PRINCIPAL - FUTEBOL MASCULINO,Domingo
896,24/08/2020,14,PALMEIRAS,2,SANTOS,1,PRINCIPAL - FUTEBOL MASCULINO,Domingo
897,31/08/2020,1,FLUMINENSE,2,VASCO DA GAMA,1,PRINCIPAL - FUTEBOL MASCULINO,Sábado
897,31/08/2020,2,BOTAFOGO,0,INTERNACIONAL,2,PRINCIPAL - FUTEBOL MASCULINO,Sábado
897,31/08/2020,3,VITORIA,1,PARANA,0,PRINCIPAL - FUTEBOL MASCULINO,Sábado
897,31/08/2020,4,CRUZEIRO,1,AMERICA,2,PRINCIPAL - FUTEBOL MASCULINO,Sábado
897,31/08/2020,5,FIGUEIRENSE,0,CONFIANCA,0,PRINCIPAL - FUTEBOL MASCULINO,Sábado
897,31/08/2020,6,SAMP CORREA,1,PONTE PRETA,2,PRINCIPAL - FUTEBOL MASCULINO,Sábado
897,31/08/2020,7,BAHIA,1,PALMEIRAS,1,PRINCIPAL - FUTEBOL MASCULINO,Sábado
897,31/08/2020,8,SANTOS,0,FLAMENGO,1,PRINCIPAL - FUTEBOL MASCULINO,Domingo
897,31/08/2020,9,CORITIBA,1,SPORT,0,PRINCIPAL - FUTEBOL MASCULINO,Domingo
897,31/08/2020,10,FORTALEZA,3,RB BRAGANTINO,0,PRINCIPAL - FUTEBOL MASCULINO,Sábado
897,31/08/2020,11,REMO,0,VILA NOVA,0,PRINCIPAL - FUTEBOL MASCULINO,Domingo
897,31/08/2020,12,ATLETICO,0,CEARA,2,PRINCIPAL - FUTEBOL MASCULINO,Domingo
897,31/08/2020,13,CSA,0,CRB,2,PRINCIPAL - FUTEBOL MASCULINO,Domingo
897,31/08/2020,14,SAO PAULO,2,CORINTHIANS,1,PRINCIPAL - FUTEBOL MASCULINO,Domingo
898,08/09/2020,1,FLAMENGO,2,FORTALEZA,1,PRINCIPAL - FUTEBOL MASCULINO,Sábado
898,08/09/2020,2,VITORIA,4,CUIABA ESPORTE CL,2,PRINCIPAL - FUTEBOL MASCULINO,Sábado
898,08/09/2020,3,CSA,1,CONFIANCA,1,PRINCIPAL - FUTEBOL MASCULINO,Sábado
898,08/09/2020,4,VILA NOVA,1,SANTA CRUZ,0,PRINCIPAL - FUTEBOL MASCULINO,Sábado
898,08/09/2020,5,SAMP CORREA,1,AMERICA,0,PRINCIPAL - FUTEBOL MASCULINO,Sábado
898,08/09/2020,6,BRASIL,2,NAUTICO,1,PRINCIPAL - FUTEBOL MASCULINO,Sábado
898,08/09/2020,7,CEARA,0,SANTOS,1,PRINCIPAL - FUTEBOL MASCULINO,Sábado
898,08/09/2020,8,RB BRAGANTINO,1,PALMEIRAS,2,PRINCIPAL - FUTEBOL MASCULINO,Domingo
898,08/09/2020,9,SAO PAULO,3,FLUMINENSE,1,PRINCIPAL - FUTEBOL MASCULINO,Domingo
898,08/09/2020,10,INTERNACIONAL,2,BAHIA,2,PRINCIPAL - FUTEBOL MASCULINO,Domingo
898,08/09/2020,11,VASCO DA GAMA,1,ATHLETICO,0,PRINCIPAL - FUTEBOL MASCULINO,Domingo
898,08/09/2020,12,ATLETICO,1,GREMIO,1,PRINCIPAL - FUTEBOL MASCULINO,Domingo
898,08/09/2020,13,SPORT,2,GOIAS,1,PRINCIPAL - FUTEBOL MASCULINO,Domingo
898,08/09/2020,14,CORINTHIANS,2,BOTAFOGO,2,PRINCIPAL - FUTEBOL MASCULINO,Sábado
899,14/09/2020,1,ATHLETICO,1,CORITIBA,0,PRINCIPAL - FUTEBOL MASCULINO,Sábado
899,14/09/2020,2,BOTAFOGO,0,VILA NOVA,0,PRINCIPAL - FUTEBOL MASCULINO,Sábado
899,14/09/2020,3,NAUTICO,3,BOTAFOGO,1,PRINCIPAL - FUTEBOL MASCULINO,Sábado
899,14/09/2020,4,SANTOS,2,SAO PAULO,2,PRINCIPAL - FUTEBOL MASCULINO,Sábado
899,14/09/2020,5,OESTE,2,CSA,1,PRINCIPAL - FUTEBOL MASCULINO,Domingo
899,14/09/2020,6,ATLETICO,2,RB BRAGANTINO,1,PRINCIPAL - FUTEBOL MASCULINO,Domingo
899,14/09/2020,7,GREMIO,1,FORTALEZA,1,PRINCIPAL - FUTEBOL MASCULINO,Domingo
899,14/09/2020,8,FLUMINENSE,2,CORINTHIANS,1,PRINCIPAL - FUTEBOL MASCULINO,Domingo
899,14/09/2020,9,BAHIA,0,ATLETICO,1,PRINCIPAL - FUTEBOL MASCULINO,Domingo
899,14/09/2020,10,SANTA CRUZ,1,REMO,0,PRINCIPAL - FUTEBOL MASCULINO,Domingo
899,14/09/2020,11,CEARA,2,FLAMENGO,0,PRINCIPAL - FUTEBOL MASCULINO,Domingo
899,14/09/2020,12,GOIAS,1,INTERNACIONAL,0,PRINCIPAL - FUTEBOL MASCULINO,Domingo
899,14/09/2020,13,PALMEIRAS,2,SPORT,2,PRINCIPAL - FUTEBOL MASCULINO,Domingo
899,14/09/2020,14,BOTAFOGO,2,VASCO DA GAMA,3,PRINCIPAL - FUTEBOL MASCULINO,Domingo
900,21/09/2020,1,GREMIO,1,PALMEIRAS,1,PRINCIPAL - FUTEBOL MASCULINO,Domingo
900,21/09/2020,2,SAO BENTO,1,VOLTA REDONDA,1,PRINCIPAL - FUTEBOL MASCULINO,Sábado
900,21/09/2020,3,AMERICA,0,FIGUEIRENSE,1,PRINCIPAL - FUTEBOL MASCULINO,Sábado
900,21/09/2020,4,CUIABA ESPORTE CL,3,OESTE,0,PRINCIPAL - FUTEBOL MASCULINO,Sábado
900,21/09/2020,5,FORTALEZA,1,INTERNACIONAL,0,PRINCIPAL - FUTEBOL MASCULINO,Sábado
900,21/09/2020,6,RB BRAGANTINO,4,CEARA,2,PRINCIPAL - FUTEBOL MASCULINO,Sábado
900,21/09/2020,7,PONTE PRETA,1,OPERARIO,1,PRINCIPAL - FUTEBOL MASCULINO,Sábado
900,21/09/2020,8,CSA,3,CRUZEIRO,1,PRINCIPAL - FUTEBOL MASCULINO,Sábado
900,21/09/2020,9,ATLETICO,3,ATLETICO,4,PRINCIPAL - FUTEBOL MASCULINO,Sábado
900,21/09/2020,10,AVAI,2,SAMP CORREA,5,PRINCIPAL - FUTEBOL MASCULINO,Domingo
900,21/09/2020,11,CORITIBA,1,VASCO DA GAMA,0,PRINCIPAL - FUTEBOL MASCULINO,Domingo
900,21/09/2020,12,BOA ESPORTE,1,ITUANO,2,PRINCIPAL - FUTEBOL MASCULINO,Domingo
900,21/09/2020,13,BOTAFOGO,0,SANTOS,0,PRINCIPAL - FUTEBOL MASCULINO,Domingo
900,21/09/2020,14,SPORT,1,FLUMINENSE,0,PRINCIPAL - FUTEBOL MASCULINO,Domingo
901,28/09/2020,1,PALMEIRAS,1,FLAMENGO,1,PRINCIPAL - FUTEBOL MASCULINO,Domingo
901,28/09/2020,2,CSA,3,JUVENTUDE,2,PRINCIPAL - FUTEBOL MASCULINO,Sábado
901,28/09/2020,3,VITORIA,3,OESTE,1,PRINCIPAL - FUTEBOL MASCULINO,Sábado
901,28/09/2020,4,BRASIL,1,PARANA,1,PRINCIPAL - FUTEBOL MASCULINO,Sábado
901,28/09/2020,5,ATHLETICO,1,BAHIA,0,PRINCIPAL - FUTEBOL MASCULINO,Sábado
901,28/09/2020,6,BOTAFOGO,1,PAYSANDU,1,PRINCIPAL - FUTEBOL MASCULINO,Sábado
901,28/09/2020,7,ATLETICO,3,GREMIO,1,PRINCIPAL - FUTEBOL MASCULINO,Sábado
901,28/09/2020,8,VASCO DA GAMA,1,RB BRAGANTINO,1,PRINCIPAL - FUTEBOL MASCULINO,Domingo
901,28/09/2020,9,YPIRANGA,2,ITUANO,1,PRINCIPAL - FUTEBOL MASCULINO,Domingo
901,28/09/2020,10,TOMBENSE,2,LONDRINA,1,PRINCIPAL - FUTEBOL MASCULINO,Domingo
901,28/09/2020,11,CEARA,2,GOIAS,2,PRINCIPAL - FUTEBOL MASCULINO,Domingo
901,28/09/2020,12,ATLETICO,1,BOTAFOGO,1,PRINCIPAL - FUTEBOL MASCULINO,Domingo
901,28/09/2020,13,SANTOS,1,FORTALEZA,1,PRINCIPAL - FUTEBOL MASCULINO,Domingo
901,28/09/2020,14,INTERNACIONAL,1,SAO PAULO,1,PRINCIPAL - FUTEBOL MASCULINO,Sábado
902,05/10/2020,1,GREMIO,1,INTERNACIONAL,1,PRINCIPAL - FUTEBOL MASCULINO,Sábado
902,05/10/2020,2,PALMEIRAS,2,CEARA,1,PRINCIPAL - FUTEBOL MASCULINO,Sábado
902,05/10/2020,3,PONTE PRETA,1,JUVENTUDE,3,PRINCIPAL - FUTEBOL MASCULINO,Sábado
902,05/10/2020,4,PAYSANDU,2,REMO,3,PRINCIPAL - FUTEBOL MASCULINO,Sábado
902,05/10/2020,5,RB BRAGANTINO,0,CORINTHIANS,0,PRINCIPAL - FUTEBOL MASCULINO,Sábado
902,05/10/2020,6,BOTAFOGO,1,FLUMINENSE,1,PRINCIPAL - FUTEBOL MASCULINO,Domingo
902,05/10/2020,7,MANCHESTER UNITED,1,TOTTENHAM,6,PRINCIPAL - FUTEBOL MASCULINO,Domingo
902,05/10/2020,8,JUVENTUS,1,NAPOLI,0,PRINCIPAL - FUTEBOL MASCULINO,Domingo
902,05/10/2020,9,CORITIBA,1,SAO PAULO,1,PRINCIPAL - FUTEBOL MASCULINO,Domingo
902,05/10/2020,10,FLAMENGO,3,ATHLETICO,1,PRINCIPAL - FUTEBOL MASCULINO,Domingo
902,05/10/2020,11,BAHIA,1,SPORT,2,PRINCIPAL - FUTEBOL MASCULINO,Domingo
902,05/10/2020,12,FORTALEZA,0,ATLETICO,0,PRINCIPAL - FUTEBOL MASCULINO,Domingo
902,05/10/2020,13,GOIAS,2,SANTOS,3,PRINCIPAL - FUTEBOL MASCULINO,Domingo
902,05/10/2020,14,ATLETICO,4,VASCO DA GAMA,1,PRINCIPAL - FUTEBOL MASCULINO,Domingo
903,13/10/2020,1,PALMEIRAS,0,SAO PAULO,2,PRINCIPAL - FUTEBOL MASCULINO,Sábado
903,13/10/2020,2,GUARANI,3,CRB,1,PRINCIPAL - FUTEBOL MASCULINO,Sábado
903,13/10/2020,3,VASCO DA GAMA,1,FLAMENGO,2,PRINCIPAL - FUTEBOL MASCULINO,Sábado
903,13/10/2020,4,CSA,4,PARANA,0,PRINCIPAL - FUTEBOL MASCULINO,Sábado
903,13/10/2020,5,CORITIBA,0,FORTALEZA,0,PRINCIPAL - FUTEBOL MASCULINO,Sábado
903,13/10/2020,6,ATLETICO,3,GOIAS,0,PRINCIPAL - FUTEBOL MASCULINO,Sábado
903,13/10/2020,7,SANTOS,2,GREMIO,1,PRINCIPAL - FUTEBOL MASCULINO,Domingo
903,13/10/2020,8,FLUMINENSE,1,BAHIA,0,PRINCIPAL - FUTEBOL MASCULINO,Domingo
903,13/10/2020,9,OESTE,0,CRUZEIRO,0,PRINCIPAL - FUTEBOL MASCULINO,Domingo
903,13/10/2020,10,SAMP CORREA,2,BOTAFOGO,0,PRINCIPAL - FUTEBOL MASCULINO,Domingo
903,13/10/2020,11,SANTA CRUZ,2,PAYSANDU,1,PRINCIPAL - FUTEBOL MASCULINO,Domingo
903,13/10/2020,12,SPORT,1,BOTAFOGO,2,PRINCIPAL - FUTEBOL MASCULINO,Domingo
903,13/10/2020,13,INTERNACIONAL,2,ATHLETICO,1,PRINCIPAL - FUTEBOL MASCULINO,Domingo
903,13/10/2020,14,CEARA,2,CORINTHIANS,1,PRINCIPAL - FUTEBOL MASCULINO,Domingo
904,19/10/2020,1,CORINTHIANS,1,FLAMENGO,5,PRINCIPAL - FUTEBOL MASCULINO,Domingo
904,19/10/2020,2,CHAPECOENSE,1,VITORIA,1,PRINCIPAL - FUTEBOL MASCULINO,Sábado
904,19/10/2020,3,CORITIBA,1,SANTOS,2,PRINCIPAL - FUTEBOL MASCULINO,Sábado
904,19/10/2020,4,CRB,4,OPERARIO,1,PRINCIPAL - FUTEBOL MASCULINO,Sábado
904,19/10/2020,5,FLUMINENSE,2,CEARA,2,PRINCIPAL - FUTEBOL MASCULINO,Sábado
904,19/10/2020,6,ATLETICO,1,ATHLETICO,1,PRINCIPAL - FUTEBOL MASCULINO,Sábado
904,19/10/2020,7,SAO PAULO,0,GREMIO,0,PRINCIPAL - FUTEBOL MASCULINO,Sábado
904,19/10/2020,8,TOTTENHAM,3,WEST HAM,3,PRINCIPAL - FUTEBOL MASCULINO,Domingo
904,19/10/2020,9,LONDRINA,3,YPIRANGA,2,PRINCIPAL - FUTEBOL MASCULINO,Domingo
904,19/10/2020,10,BOA ESPORTE,2,CRICIUMA,0,PRINCIPAL - FUTEBOL MASCULINO,Domingo
904,19/10/2020,11,INTERNACIONAL,2,VASCO DA GAMA,0,PRINCIPAL - FUTEBOL MASCULINO,Domingo
904,19/10/2020,12,PARANA,0,SAMP CORREA,0,PRINCIPAL - FUTEBOL MASCULINO,Domingo
904,19/10/2020,13,RB BRAGANTINO,2,SPORT,0,PRINCIPAL - FUTEBOL MASCULINO,Domingo
904,19/10/2020,14,FORTALEZA,2,PALMEIRAS,0,PRINCIPAL - FUTEBOL MASCULINO,Domingo
905,26/10/2020,1,ARSENAL,0,LEICESTER,1,PRINCIPAL - FUTEBOL MASCULINO,Domingo
905,26/10/2020,2,RB BRAGANTINO,2,GOIAS,0,PRINCIPAL - FUTEBOL MASCULINO,Sábado
905,26/10/2020,3,CEARA,2,CORITIBA,1,PRINCIPAL - FUTEBOL MASCULINO,Sábado
905,26/10/2020,4,ATLETICO,0,SPORT,0,PRINCIPAL - FUTEBOL MASCULINO,Sábado
905,26/10/2020,5,FLUMINENSE,3,SANTOS,1,PRINCIPAL - FUTEBOL MASCULINO,Domingo
905,26/10/2020,6,ATLETICO,0,PALMEIRAS,3,PRINCIPAL - FUTEBOL MASCULINO,Domingo
905,26/10/2020,7,INTERNACIONAL,2,FLAMENGO,2,PRINCIPAL - FUTEBOL MASCULINO,Domingo
905,26/10/2020,8,ATHLETICO,1,GREMIO,2,PRINCIPAL - FUTEBOL MASCULINO,Domingo
905,26/10/2020,9,CRB,1,PONTE PRETA,0,PRINCIPAL - FUTEBOL MASCULINO,Sábado
905,26/10/2020,10,SAMP CORREA,3,CUIABA ESPORTE CL,0,PRINCIPAL - FUTEBOL MASCULINO,Sábado
905,26/10/2020,11,AMERICA,2,CONFIANCA,1,PRINCIPAL - FUTEBOL MASCULINO,Sábado
905,26/10/2020,12,NAUTICO,1,CRUZEIRO,1,PRINCIPAL - FUTEBOL MASCULINO,Domingo
905,26/10/2020,13,GUARANI,2,AVAI,1,PRINCIPAL - FUTEBOL MASCULINO,Domingo
905,26/10/2020,14,BOTAFOGO,2,VITORIA,1,PRINCIPAL - FUTEBOL MASCULINO,Domingo
906,03/11/2020,1,FLAMENGO,1,SAO PAULO,4,PRINCIPAL - FUTEBOL MASCULINO,Domingo
906,03/11/2020,2,CONFIANCA,0,CHAPECOENSE,2,PRINCIPAL - FUTEBOL MASCULINO,Sábado
906,03/11/2020,3,BOTAFOGO,2,CEARA,2,PRINCIPAL - FUTEBOL MASCULINO,Sábado
906,03/11/2020,4,CORINTHIANS,1,INTERNACIONAL,0,PRINCIPAL - FUTEBOL MASCULINO,Sábado
906,03/11/2020,5,OPERARIO,0,BOTAFOGO,0,PRINCIPAL - FUTEBOL MASCULINO,Sábado
906,03/11/2020,6,CORITIBA,1,ATLETICO,0,PRINCIPAL - FUTEBOL MASCULINO,Sábado
906,03/11/2020,7,FORTALEZA,0,FLUMINENSE,1,PRINCIPAL - FUTEBOL MASCULINO,Sábado
906,03/11/2020,8,CSA,3,NAUTICO,1,PRINCIPAL - FUTEBOL MASCULINO,Sábado
906,03/11/2020,9,CUIABA ESPORTE CL,3,CRB,0,PRINCIPAL - FUTEBOL MASCULINO,Sábado
906,03/11/2020,10,SPORT,1,ATHLETICO,0,PRINCIPAL - FUTEBOL MASCULINO,Domingo
906,03/11/2020,11,SANTOS,3,BAHIA,1,PRINCIPAL - FUTEBOL MASCULINO,Domingo
906,03/11/2020,12,GOIAS,1,VASCO DA GAMA,1,PRINCIPAL - FUTEBOL MASCULINO,Domingo
906,03/11/2020,13,PALMEIRAS,3,ATLETICO,0,PRINCIPAL - FUTEBOL MASCULINO,Segunda-feira
906,03/11/2020,14,GREMIO,2,RB BRAGANTINO,1,PRINCIPAL - FUTEBOL MASCULINO,Segunda-feira
907,09/11/2020,1,ATLETICO,4,FLAMENGO,0,PRINCIPAL - FUTEBOL MASCULINO,Domingo
907,09/11/2020,2,FIGUEIRENSE,0,OPERARIO,1,PRINCIPAL - FUTEBOL MASCULINO,Sábado
907,09/11/2020,3,ATHLETICO,2,FORTALEZA,1,PRINCIPAL - FUTEBOL MASCULINO,Sábado
907,09/11/2020,4,AMERICA,1,PONTE PRETA,1,PRINCIPAL - FUTEBOL MASCULINO,Sábado
907,09/11/2020,5,SAO PAULO,2,GOIAS,1,PRINCIPAL - FUTEBOL MASCULINO,Sábado
907,09/11/2020,6,ATLETICO,1,CORINTHIANS,1,PRINCIPAL - FUTEBOL MASCULINO,Sábado
907,09/11/2020,7,SAMP CORREA,2,VITORIA,1,PRINCIPAL - FUTEBOL MASCULINO,Domingo
907,09/11/2020,8,VASCO DA GAMA,0,PALMEIRAS,1,PRINCIPAL - FUTEBOL MASCULINO,Domingo
907,09/11/2020,9,INTERNACIONAL,2,CORITIBA,2,PRINCIPAL - FUTEBOL MASCULINO,Domingo
907,09/11/2020,10,CRB,0,JUVENTUDE,1,PRINCIPAL - FUTEBOL MASCULINO,Domingo
907,09/11/2020,11,BAHIA,1,BOTAFOGO,0,PRINCIPAL - FUTEBOL MASCULINO,Domingo
907,09/11/2020,12,RB BRAGANTINO,1,SANTOS,1,PRINCIPAL - FUTEBOL MASCULINO,Domingo
907,09/11/2020,13,FLUMINENSE,0,GREMIO,1,PRINCIPAL - FUTEBOL MASCULINO,Domingo
907,09/11/2020,14,CEARA,0,SPORT,0,PRINCIPAL - FUTEBOL MASCULINO,Domingo
908,16/11/2020,1,PALMEIRAS,2,FLUMINENSE,0,PRINCIPAL - FUTEBOL MASCULINO,Sábado
908,16/11/2020,2,FERROVIARIO,0,JACUIPENSE,0,PRINCIPAL - FUTEBOL MASCULINO,Sábado
908,16/11/2020,3,SANTOS,2,INTERNACIONAL,0,PRINCIPAL - FUTEBOL MASCULINO,Sábado
908,16/11/2020,4,SPORT,0,VASCO DA GAMA,2,PRINCIPAL - FUTEBOL MASCULINO,Sábado
908,16/11/2020,5,GOIAS,0,ATHLETICO,1,PRINCIPAL - FUTEBOL MASCULINO,Sábado
908,16/11/2020,6,TREZE,1,MANAUS,1,PRINCIPAL - FUTEBOL MASCULINO,Sábado
908,16/11/2020,7,CRICIUMA,0,ITUANO,2,PRINCIPAL - FUTEBOL MASCULINO,Sábado
908,16/11/2020,8,LONDRINA,2,BRUSQUE,1,PRINCIPAL - FUTEBOL MASCULINO,Sábado
908,16/11/2020,9,CORINTHIANS,1,ATLETICO,2,PRINCIPAL - FUTEBOL MASCULINO,Sábado
908,16/11/2020,10,GREMIO,4,CEARA,2,PRINCIPAL - FUTEBOL MASCULINO,Sábado
908,16/11/2020,11,FORTALEZA,2,SAO PAULO,3,PRINCIPAL - FUTEBOL MASCULINO,Sábado
908,16/11/2020,12,JUVENTUDE,2,SAMP CORREA,3,PRINCIPAL - FUTEBOL MASCULINO,Sábado
908,16/11/2020,13,FLAMENGO,1,ATLETICO,1,PRINCIPAL - FUTEBOL MASCULINO,Sábado
908,16/11/2020,14,CUIABA ESPORTE CL,0,AMERICA,0,PRINCIPAL - FUTEBOL MASCULINO,Sábado
909,23/11/2020,1,INTERNACIONAL,1,FLUMINENSE,2,PRINCIPAL - FUTEBOL MASCULINO,Domingo
909,23/11/2020,2,ATLETICO MADRID,1,BARCELONA,0,PRINCIPAL - FUTEBOL MASCULINO,Sábado
909,23/11/2020,3,TOMBENSE,2,BRUSQUE,0,PRINCIPAL - FUTEBOL MASCULINO,Sábado
909,23/11/2020,4,FLAMENGO,3,CORITIBA,1,PRINCIPAL - FUTEBOL MASCULINO,Sábado
909,23/11/2020,5,ATHLETICO,1,SANTOS,0,PRINCIPAL - FUTEBOL MASCULINO,Sábado
909,23/11/2020,6,GOIAS,1,PALMEIRAS,0,PRINCIPAL - FUTEBOL MASCULINO,Sábado
909,23/11/2020,7,SAO JOSE,0,LONDRINA,0,PRINCIPAL - FUTEBOL MASCULINO,Domingo
909,23/11/2020,8,VOLTA REDONDA,1,SAO BENTO,1,PRINCIPAL - FUTEBOL MASCULINO,Domingo
909,23/11/2020,9,SAO PAULO,1,VASCO DA GAMA,1,PRINCIPAL - FUTEBOL MASCULINO,Domingo
909,23/11/2020,10,CEARA,2,ATLETICO,2,PRINCIPAL - FUTEBOL MASCULINO,Domingo
909,23/11/2020,11,PAYSANDU,3,FERROVIARIO,0,PRINCIPAL - FUTEBOL MASCULINO,Domingo
909,23/11/2020,12,BOTAFOGO,1,FORTALEZA,2,PRINCIPAL - FUTEBOL MASCULINO,Domingo
909,23/11/2020,13,JACUIPENSE,3,TREZE,2,PRINCIPAL - FUTEBOL MASCULINO,Domingo
909,23/11/2020,14,CORINTHIANS,0,GREMIO,0,PRINCIPAL - FUTEBOL MASCULINO,Domingo
910,30/11/2020,1,BAHIA,1,SAO PAULO,3,PRINCIPAL - FUTEBOL MASCULINO,Sábado
910,30/11/2020,2,SAO JOSE,2,CRICIUMA,0,PRINCIPAL - FUTEBOL MASCULINO,Sábado
910,30/11/2020,3,CSA,2,PONTE PRETA,1,PRINCIPAL - FUTEBOL MASCULINO,Sábado
910,30/11/2020,4,ITUANO,1,YPIRANGA,2,PRINCIPAL - FUTEBOL MASCULINO,Sábado
910,30/11/2020,5,LONDRINA,2,TOMBENSE,1,PRINCIPAL - FUTEBOL MASCULINO,Sábado
910,30/11/2020,6,ATALANTA BERGAMAS,0,VERONA,2,PRINCIPAL - FUTEBOL MASCULINO,Sábado
910,30/11/2020,7,SANTOS,4,SPORT,2,PRINCIPAL - FUTEBOL MASCULINO,Sábado
910,30/11/2020,8,PALMEIRAS,3,ATHLETICO,0,PRINCIPAL - FUTEBOL MASCULINO,Sábado
910,30/11/2020,9,MANAUS,0,REMO,2,PRINCIPAL - FUTEBOL MASCULINO,Sábado
910,30/11/2020,10,ATLETICO,0,INTERNACIONAL,0,PRINCIPAL - FUTEBOL MASCULINO,Sábado
910,30/11/2020,11,CHELSEA,0,TOTTENHAM,0,PRINCIPAL - FUTEBOL MASCULINO,Domingo
910,30/11/2020,12,NAPOLI,4,ROMA,0,PRINCIPAL - FUTEBOL MASCULINO,Domingo
910,30/11/2020,13,REAL SOCIEDAD,1,VILLARREAL,1,PRINCIPAL - FUTEBOL MASCULINO,Domingo
910,30/11/2020,14,ARSENAL,1,WOLVES,2,PRINCIPAL - FUTEBOL MASCULINO,Domingo
911,07/12/2020,1,ATLETICO,2,INTERNACIONAL,2,PRINCIPAL - FUTEBOL MASCULINO,Domingo
911,07/12/2020,2,JUVENTUDE,1,CHAPECOENSE,1,PRINCIPAL - FUTEBOL MASCULINO,Sábado
911,07/12/2020,3,REMO,0,PAYSANDU,0,PRINCIPAL - FUTEBOL MASCULINO,Sábado
911,07/12/2020,4,BOTAFOGO,0,FLAMENGO,1,PRINCIPAL - FUTEBOL MASCULINO,Sábado
911,07/12/2020,5,BAHIA,0,CEARA,2,PRINCIPAL - FUTEBOL MASCULINO,Sábado
911,07/12/2020,6,FLUMINENSE,3,ATHLETICO,1,PRINCIPAL - FUTEBOL MASCULINO,Sábado
911,07/12/2020,7,CORITIBA,0,RB BRAGANTINO,0,PRINCIPAL - FUTEBOL MASCULINO,Sábado
911,07/12/2020,8,CRUZEIRO,4,BRASIL RS,1,PRINCIPAL - FUTEBOL MASCULINO,Sábado
911,07/12/2020,9,VERONA,1,CAGLIARI CALCIO,1,PRINCIPAL - FUTEBOL MASCULINO,Domingo
911,07/12/2020,10,ROMA,0,SASSUOLO,0,PRINCIPAL - FUTEBOL MASCULINO,Domingo
911,07/12/2020,11,OSASUNA,0,REAL BETIS,2,PRINCIPAL - FUTEBOL MASCULINO,Domingo
911,07/12/2020,12,SANTOS,2,PALMEIRAS,2,PRINCIPAL - FUTEBOL MASCULINO,Domingo
911,07/12/2020,13,GREMIO,4,VASCO DA GAMA,0,PRINCIPAL - FUTEBOL MASCULINO,Domingo
911,07/12/2020,14,FIGUEIRENSE,2,NAUTICO,0,PRINCIPAL - FUTEBOL MASCULINO,Domingo
912,14/12/2020,1,CORINTHIANS,1,SAO PAULO,0,PRINCIPAL - FUTEBOL MASCULINO,Domingo
912,14/12/2020,2,LAZIO,1,VERONA,2,PRINCIPAL - FUTEBOL MASCULINO,Sábado
912,14/12/2020,3,RB BRAGANTINO,2,FORTALEZA,1,PRINCIPAL - FUTEBOL MASCULINO,Sábado
912,14/12/2020,4,ATHLETICO,0,ATLETICO,1,PRINCIPAL - FUTEBOL MASCULINO,Sábado
912,14/12/2020,5,REAL MADRID,2,ATLETICO MADRID,0,PRINCIPAL - FUTEBOL MASCULINO,Sábado
912,14/12/2020,6,EVERTON,1,CHELSEA,0,PRINCIPAL - FUTEBOL MASCULINO,Sábado
912,14/12/2020,7,INTERNACIONAL,2,BOTAFOGO,1,PRINCIPAL - FUTEBOL MASCULINO,Sábado
912,14/12/2020,8,CONFIANCA,0,JUVENTUDE,1,PRINCIPAL - FUTEBOL MASCULINO,Sábado
912,14/12/2020,9,CEARA,1,ATLETICO,2,PRINCIPAL - FUTEBOL MASCULINO,Sábado
912,14/12/2020,10,FLAMENGO,4,SANTOS,1,PRINCIPAL - FUTEBOL MASCULINO,Domingo
912,14/12/2020,11,SPORT,1,CORITIBA,0,PRINCIPAL - FUTEBOL MASCULINO,Domingo
912,14/12/2020,12,BOTAFOGO,1,NAUTICO,1,PRINCIPAL - FUTEBOL MASCULINO,Domingo
912,14/12/2020,13,BRASIL RS,3,GUARANI,1,PRINCIPAL - FUTEBOL MASCULINO,Domingo
912,14/12/2020,14,VASCO DA GAMA,1,FLUMINENSE,1,PRINCIPAL - FUTEBOL MASCULINO,Domingo
913,21/12/2020,1,FORTALEZA,0,CEARA,2,PRINCIPAL - FUTEBOL MASCULINO,Domingo
913,21/12/2020,2,SANTA CRUZ,1,VILA NOVA,2,PRINCIPAL - FUTEBOL MASCULINO,Sábado
913,21/12/2020,3,CONFIANCA,1,PONTE PRETA,2,PRINCIPAL - FUTEBOL MASCULINO,Sábado
913,21/12/2020,4,SPORT,1,GREMIO,1,PRINCIPAL - FUTEBOL MASCULINO,Sábado
913,21/12/2020,5,INTERNACIONAL,2,PALMEIRAS,0,PRINCIPAL - FUTEBOL MASCULINO,Sábado
913,21/12/2020,6,CORITIBA,1,BOTAFOGO,2,PRINCIPAL - FUTEBOL MASCULINO,Sábado
913,21/12/2020,7,TOTTENHAM,0,LEICESTER,2,PRINCIPAL - FUTEBOL MASCULINO,Domingo
913,21/12/2020,8,VASCO DA GAMA,1,SANTOS,0,PRINCIPAL - FUTEBOL MASCULINO,Domingo
913,21/12/2020,9,RB BRAGANTINO,0,ATHLETICO,1,PRINCIPAL - FUTEBOL MASCULINO,Domingo
913,21/12/2020,10,AMERICA,2,CHAPECOENSE,2,PRINCIPAL - FUTEBOL MASCULINO,Domingo
913,21/12/2020,11,ATALANTA BERGAMAS,4,ROMA,1,PRINCIPAL - FUTEBOL MASCULINO,Domingo
913,21/12/2020,12,REMO,3,PAYSANDU,1,PRINCIPAL - FUTEBOL MASCULINO,Domingo
913,21/12/2020,13,FLAMENGO,4,BAHIA,3,PRINCIPAL - FUTEBOL MASCULINO,Domingo
913,21/12/2020,14,YPIRANGA,2,LONDRINA,3,PRINCIPAL - FUTEBOL MASCULINO,Domingo
914,28/12/2020,1,FLUMINENSE,1,SAO PAULO,2,PRINCIPAL - FUTEBOL MASCULINO,Sábado
914,28/12/2020,2,MANCHESTER CITY,2,NEW CASTLE,0,PRINCIPAL - FUTEBOL MASCULINO,Sábado
914,28/12/2020,3,PAYSANDU,3,LONDRINA,2,PRINCIPAL - FUTEBOL MASCULINO,Sábado
914,28/12/2020,4,AMERICA,1,CRB,0,PRINCIPAL - FUTEBOL MASCULINO,Sábado
914,28/12/2020,5,GOIAS,1,SPORT,0,PRINCIPAL - FUTEBOL MASCULINO,Sábado
914,28/12/2020,6,ITUANO,1,SANTA CRUZ,2,PRINCIPAL - FUTEBOL MASCULINO,Sábado
914,28/12/2020,7,BRUSQUE,0,VILA NOVA,0,PRINCIPAL - FUTEBOL MASCULINO,Sábado
914,28/12/2020,8,BOTAFOGO,0,CORINTHIANS,2,PRINCIPAL - FUTEBOL MASCULINO,Domingo
914,28/12/2020,9,BAHIA,1,INTERNACIONAL,2,PRINCIPAL - FUTEBOL MASCULINO,Domingo
914,28/12/2020,10,WOLVES,1,TOTTENHAM,1,PRINCIPAL - FUTEBOL MASCULINO,Domingo
914,28/12/2020,11,REMO,2,YPIRANGA,1,PRINCIPAL - FUTEBOL MASCULINO,Domingo
914,28/12/2020,12,SANTOS,1,CEARA,1,PRINCIPAL - FUTEBOL MASCULINO,Domingo
914,28/12/2020,13,ATHLETICO,3,VASCO DA GAMA,0,PRINCIPAL - FUTEBOL MASCULINO,Domingo
914,28/12/2020,14,GREMIO,2,ATLETICO,1,PRINCIPAL - FUTEBOL MASCULINO,Domingo
915,11/01/2021,1,SAO PAULO,0,SANTOS,1,PRINCIPAL - FUTEBOL MASCULINO,Domingo
915,11/01/2021,2,VILA NOVA,2,SANTA CRUZ,1,PRINCIPAL - FUTEBOL MASCULINO,Sábado
915,11/01/2021,3,SPORT,0,PALMEIRAS,1,PRINCIPAL - FUTEBOL MASCULINO,Sábado
915,11/01/2021,4,CORITIBA,0,ATHLETICO,0,PRINCIPAL - FUTEBOL MASCULINO,Sábado
915,11/01/2021,5,FORTALEZA,0,GREMIO,0,PRINCIPAL - FUTEBOL MASCULINO,Sábado
915,11/01/2021,6,ROMA,2,INTER DE MILAO,2,PRINCIPAL - FUTEBOL MASCULINO,Domingo
915,11/01/2021,7,ELCHE FC,1,GETAFE,3,PRINCIPAL - FUTEBOL MASCULINO,Domingo
915,11/01/2021,8,FLAMENGO,0,CEARA,2,PRINCIPAL - FUTEBOL MASCULINO,Domingo
915,11/01/2021,9,JUVENTUS,3,SASSUOLO,1,PRINCIPAL - FUTEBOL MASCULINO,Domingo
915,11/01/2021,10,REAL VALLADOLID,0,VALENCIA CLUB,1,PRINCIPAL - FUTEBOL MASCULINO,Domingo
915,11/01/2021,11,PAYSANDU,0,REMO,1,PRINCIPAL - FUTEBOL MASCULINO,Domingo
915,11/01/2021,12,ATLETICO,1,BAHIA,1,PRINCIPAL - FUTEBOL MASCULINO,Domingo
915,11/01/2021,13,LONDRINA,1,YPIRANGA,1,PRINCIPAL - FUTEBOL MASCULINO,Domingo
915,11/01/2021,14,VASCO DA GAMA,3,BOTAFOGO,0,PRINCIPAL - FUTEBOL MASCULINO,Domingo
916,18/01/2021,1,LIVERPOOL,0,MANCHESTER UNITED,0,PRINCIPAL - FUTEBOL MASCULINO,Domingo
916,18/01/2021,2,CSA,1,AVAI,1,PRINCIPAL - FUTEBOL MASCULINO,Sábado
916,18/01/2021,3,REMO,0,LONDRINA,1,PRINCIPAL - FUTEBOL MASCULINO,Sábado
916,18/01/2021,4,FLUMINENSE,1,SPORT,0,PRINCIPAL - FUTEBOL MASCULINO,Sábado
916,18/01/2021,5,JUVENTUDE,1,CRUZEIRO,0,PRINCIPAL - FUTEBOL MASCULINO,Sábado
916,18/01/2021,6,VASCO DA GAMA,0,CORITIBA,1,PRINCIPAL - FUTEBOL MASCULINO,Sábado
916,18/01/2021,7,OESTE,0,CONFIANCA,1,PRINCIPAL - FUTEBOL MASCULINO,Sábado
916,18/01/2021,8,ATHLETICO,1,SAO PAULO,1,PRINCIPAL - FUTEBOL MASCULINO,Domingo
916,18/01/2021,9,PONTE PRETA,2,NAUTICO,0,PRINCIPAL - FUTEBOL MASCULINO,Domingo
916,18/01/2021,10,VITORIA,0,CHAPECOENSE,0,PRINCIPAL - FUTEBOL MASCULINO,Domingo
916,18/01/2021,11,INTER DE MILAO,2,JUVENTUS,0,PRINCIPAL - FUTEBOL MASCULINO,Domingo
916,18/01/2021,12,ITUANO,0,VILA NOVA,1,PRINCIPAL - FUTEBOL MASCULINO,Domingo
916,18/01/2021,13,ATLETICO,3,ATLETICO,1,PRINCIPAL - FUTEBOL MASCULINO,Domingo
916,18/01/2021,14,CEARA,1,RB BRAGANTINO,2,PRINCIPAL - FUTEBOL MASCULINO,Domingo
917,25/01/2021,1,INTERNACIONAL,2,GREMIO,1,PRINCIPAL - FUTEBOL MASCULINO,Domingo
917,25/01/2021,2,CONFIANCA,0,AMERICA,0,PRINCIPAL - FUTEBOL MASCULINO,Sábado
917,25/01/2021,3,MONACO,3,MARSEILLE,1,PRINCIPAL - FUTEBOL MASCULINO,Sábado
917,25/01/2021,4,AVAI,2,GUARANI,1,PRINCIPAL - FUTEBOL MASCULINO,Sábado
917,25/01/2021,5,VASCO DA GAMA,3,ATLETICO,2,PRINCIPAL - FUTEBOL MASCULINO,Sábado
917,25/01/2021,6,SAO PAULO,1,CORITIBA,1,PRINCIPAL - FUTEBOL MASCULINO,Sábado
917,25/01/2021,7,ATHLETICO,2,FLAMENGO,1,PRINCIPAL - FUTEBOL MASCULINO,Domingo
917,25/01/2021,8,CEARA,2,PALMEIRAS,1,PRINCIPAL - FUTEBOL MASCULINO,Domingo
917,25/01/2021,9,CRUZEIRO,0,NAUTICO,0,PRINCIPAL - FUTEBOL MASCULINO,Domingo
917,25/01/2021,10,SPORT,2,BAHIA,0,PRINCIPAL - FUTEBOL MASCULINO,Domingo
917,25/01/2021,11,ATLETICO,2,FORTALEZA,0,PRINCIPAL - FUTEBOL MASCULINO,Domingo
917,25/01/2021,12,PONTE PRETA,3,CRB,1,PRINCIPAL - FUTEBOL MASCULINO,Domingo
917,25/01/2021,13,FLUMINENSE,2,BOTAFOGO,0,PRINCIPAL - FUTEBOL MASCULINO,Domingo
917,25/01/2021,14,MANCHESTER UNITED,3,LIVERPOOL,2,PRINCIPAL - FUTEBOL MASCULINO,Domingo
918,01/02/2021,1,PALMEIRAS,1,SANTOS,0,PRINCIPAL - FUTEBOL MASCULINO,Sábado
918,01/02/2021,2,REMO,2,VILA NOVA,3,PRINCIPAL - FUTEBOL MASCULINO,Sábado
918,01/02/2021,3,VILLARREAL,1,REAL SOCIEDAD,1,PRINCIPAL - FUTEBOL MASCULINO,Sábado
918,01/02/2021,4,SPEZIA CALCIO,0,UDINESE,1,PRINCIPAL - FUTEBOL MASCULINO,Domingo
918,01/02/2021,5,ATALANTA BERGAMAS,1,LAZIO,3,PRINCIPAL - FUTEBOL MASCULINO,Domingo
918,01/02/2021,6,WEST HAM,1,LIVERPOOL,3,PRINCIPAL - FUTEBOL MASCULINO,Domingo
918,01/02/2021,7,CORITIBA,1,GREMIO,1,PRINCIPAL - FUTEBOL MASCULINO,Domingo
918,01/02/2021,8,VASCO DA GAMA,0,BAHIA,0,PRINCIPAL - FUTEBOL MASCULINO,Domingo
918,01/02/2021,9,ATLETICO,2,SAO PAULO,1,PRINCIPAL - FUTEBOL MASCULINO,Domingo
918,01/02/2021,10,ATLETICO,2,FORTALEZA,0,PRINCIPAL - FUTEBOL MASCULINO,Domingo
918,01/02/2021,11,INTERNACIONAL,2,RB BRAGANTINO,1,PRINCIPAL - FUTEBOL MASCULINO,Domingo
918,01/02/2021,12,CEARA,0,ATHLETICO,2,PRINCIPAL - FUTEBOL MASCULINO,Domingo
918,01/02/2021,13,FLUMINENSE,3,GOIAS,0,PRINCIPAL - FUTEBOL MASCULINO,Domingo
918,01/02/2021,14,FLORESTA,0,MIRASSOL,1,PRINCIPAL - FUTEBOL MASCULINO,Sábado
919,08/02/2021,1,JUVENTUS,2,ROMA,0,PRINCIPAL - FUTEBOL MASCULINO,Sábado
919,08/02/2021,2,MIRASSOL,1,FLORESTA,0,PRINCIPAL - FUTEBOL MASCULINO,Sábado
919,08/02/2021,3,LENS/FRA,0,RENNES,0,PRINCIPAL - FUTEBOL MASCULINO,Sábado
919,08/02/2021,4,BAHIA,3,GOIAS,3,PRINCIPAL - FUTEBOL MASCULINO,Sábado
919,08/02/2021,5,ATLETICO,1,SANTOS,1,PRINCIPAL - FUTEBOL MASCULINO,Sábado
919,08/02/2021,6,BENEVENTO,1,SAMPDORIA,1,PRINCIPAL - FUTEBOL MASCULINO,Domingo
919,08/02/2021,7,WOLVES,0,LEICESTER,0,PRINCIPAL - FUTEBOL MASCULINO,Domingo
919,08/02/2021,8,OLYMPIQUE DE NICE,3,ANGERS SPORTING,0,PRINCIPAL - FUTEBOL MASCULINO,Domingo
919,08/02/2021,9,ATHLETIC BILBAO,1,VALENCIA CLUB,1,PRINCIPAL - FUTEBOL MASCULINO,Domingo
919,08/02/2021,10,SPORTING C BRAGA,2,FC PORTO,2,PRINCIPAL - FUTEBOL MASCULINO,Domingo
919,08/02/2021,11,LIVERPOOL,1,MANCHESTER CITY,4,PRINCIPAL - FUTEBOL MASCULINO,Domingo
919,08/02/2021,12,OSASUNA,2,EIBAR,1,PRINCIPAL - FUTEBOL MASCULINO,Domingo
919,08/02/2021,13,MARSEILLE,0,PSG,2,PRINCIPAL - FUTEBOL MASCULINO,Domingo
919,08/02/2021,14,RB BRAGANTINO,1,FLAMENGO,1,PRINCIPAL - FUTEBOL MASCULINO,Domingo
920,17/02/2021,1,ATLETICO,1,BAHIA,1,PRINCIPAL - FUTEBOL MASCULINO,Sábado
920,17/02/2021,2,SOUTHAMPTON,1,WOLVES,2,PRINCIPAL - FUTEBOL MASCULINO,Domingo
920,17/02/2021,3,ARSENAL,4,LEEDS UNITED,2,PRINCIPAL - FUTEBOL MASCULINO,Domingo
920,17/02/2021,4,SAMPDORIA,2,FIORENTINA,1,PRINCIPAL - FUTEBOL MASCULINO,Domingo
920,17/02/2021,5,FLAMENGO,2,CORINTHIANS,1,PRINCIPAL - FUTEBOL MASCULINO,Domingo
920,17/02/2021,6,VILLARREAL,1,REAL BETIS,2,PRINCIPAL - FUTEBOL MASCULINO,Domingo
920,17/02/2021,7,VASCO DA GAMA,0,INTERNACIONAL,2,PRINCIPAL - FUTEBOL MASCULINO,Domingo
920,17/02/2021,8,PALMEIRAS,3,FORTALEZA,0,PRINCIPAL - FUTEBOL MASCULINO,Domingo
920,17/02/2021,9,ATHLETICO,2,ATLETICO,1,PRINCIPAL - FUTEBOL MASCULINO,Domingo
920,17/02/2021,10,GREMIO,1,SAO PAULO,2,PRINCIPAL - FUTEBOL MASCULINO,Domingo
920,17/02/2021,11,CEARA,1,FLUMINENSE,3,PRINCIPAL - FUTEBOL MASCULINO,Segunda-feira
920,17/02/2021,12,SPORT,0,RB BRAGANTINO,0,PRINCIPAL - FUTEBOL MASCULINO,Segunda-feira
920,17/02/2021,13,RB LEIPZIG,0,LIVERPOOL,2,PRINCIPAL - FUTEBOL MASCULINO,Terça-feira
920,17/02/2021,14,BARCELONA,1,PSG,4,PRINCIPAL - FUTEBOL MASCULINO,Terça-feira
921,22/02/2021,1,REAL VALLADOLID,0,REAL MADRID,1,PRINCIPAL - FUTEBOL MASCULINO,Sábado
921,22/02/2021,2,CORITIBA,0,CEARA,2,PRINCIPAL - FUTEBOL MASCULINO,Sábado
921,22/02/2021,3,FORTALEZA,0,BAHIA,4,PRINCIPAL - FUTEBOL MASCULINO,Sábado
921,22/02/2021,4,SASSUOLO,1,BOLOGNA,1,PRINCIPAL - FUTEBOL MASCULINO,Sábado
921,22/02/2021,5,MILAN,0,INTER DE MILAO,3,PRINCIPAL - FUTEBOL MASCULINO,Domingo
921,22/02/2021,6,ARSENAL,0,MANCHESTER CITY,1,PRINCIPAL - FUTEBOL MASCULINO,Domingo
921,22/02/2021,7,ATALANTA BERGAMAS,4,NAPOLI,2,PRINCIPAL - FUTEBOL MASCULINO,Domingo
921,22/02/2021,8,ATHLETIC BILBAO,1,VILLARREAL,1,PRINCIPAL - FUTEBOL MASCULINO,Domingo
921,22/02/2021,9,FLAMENGO,2,INTERNACIONAL,1,PRINCIPAL - FUTEBOL MASCULINO,Domingo
921,22/02/2021,10,CORINTHIANS,0,VASCO DA GAMA,0,PRINCIPAL - FUTEBOL MASCULINO,Domingo
921,22/02/2021,11,SPORT,2,ATLETICO,3,PRINCIPAL - FUTEBOL MASCULINO,Domingo
921,22/02/2021,12,SANTOS,1,FLUMINENSE,1,PRINCIPAL - FUTEBOL MASCULINO,Domingo
921,22/02/2021,13,GREMIO,1,ATHLETICO,0,PRINCIPAL - FUTEBOL MASCULINO,Domingo
921,22/02/2021,14,GOIAS,0,RB BRAGANTINO,0,PRINCIPAL - FUTEBOL MASCULINO,Domingo
922,01/03/2021,1,VITORIA,2,SANTA CRUZ,0,PRINCIPAL - FUTEBOL MASCULINO,Sábado
922,01/03/2021,2,VERONA,1,JUVENTUS,1,PRINCIPAL - FUTEBOL MASCULINO,Sábado
922,01/03/2021,3,NOVORIZONTINO,1,PONTE PRETA,1,PRINCIPAL - FUTEBOL MASCULINO,Sábado
922,01/03/2021,4,RB BRAGANTINO,0,CORINTHIANS,0,PRINCIPAL - FUTEBOL MASCULINO,Domingo
922,01/03/2021,5,SANTO ANDRE,2,SANTOS,2,PRINCIPAL - FUTEBOL MASCULINO,Domingo
922,01/03/2021,6,SAO PAULO,1,BOTAFOGO,1,PRINCIPAL - FUTEBOL MASCULINO,Domingo
922,01/03/2021,7,CSA,1,TREZE,1,PRINCIPAL - FUTEBOL MASCULINO,Domingo
922,01/03/2021,8,SALGUEIRO,2,BAHIA,3,PRINCIPAL - FUTEBOL MASCULINO,Domingo
922,01/03/2021,9,SPORT,1,SAMP CORREA,1,PRINCIPAL - FUTEBOL MASCULINO,Domingo
922,01/03/2021,10,UBERLANDIA,1,CRUZEIRO,1,PRINCIPAL - FUTEBOL MASCULINO,Sábado
922,01/03/2021,11,ROMA,1,MILAN,2,PRINCIPAL - FUTEBOL MASCULINO,Domingo
922,01/03/2021,12,VILLARREAL,0,ATLETICO MADRID,2,PRINCIPAL - FUTEBOL MASCULINO,Domingo
922,01/03/2021,13,AMERICA,1,BOA ESPORTE,0,PRINCIPAL - FUTEBOL MASCULINO,Sábado
922,01/03/2021,14,CHELSEA,0,MANCHESTER UNITED,0,PRINCIPAL - FUTEBOL MASCULINO,Domingo
923,08/03/2021,1,SAO PAULO,4,SANTOS,0,PRINCIPAL - FUTEBOL MASCULINO,Sábado
923,08/03/2021,2,CEARA,3,VITORIA,1,PRINCIPAL - FUTEBOL MASCULINO,Sábado
923,08/03/2021,3,CRB,2,SPORT,0,PRINCIPAL - FUTEBOL MASCULINO,Sábado
923,08/03/2021,4,JUVENTUS,3,LAZIO,1,PRINCIPAL - FUTEBOL MASCULINO,Sábado
923,08/03/2021,5,BAHIA,1,BOTAFOGO,1,PRINCIPAL - FUTEBOL MASCULINO,Sábado
923,08/03/2021,6,SAMP CORREA,0,FORTALEZA,2,PRINCIPAL - FUTEBOL MASCULINO,Sábado
923,08/03/2021,7,CORINTHIANS,2,PONTE PRETA,1,PRINCIPAL - FUTEBOL MASCULINO,Domingo
923,08/03/2021,8,ATLETICO MADRID,1,REAL MADRID,1,PRINCIPAL - FUTEBOL MASCULINO,Domingo
923,08/03/2021,9,MANCHESTER CITY,0,MANCHESTER UNITED,2,PRINCIPAL - FUTEBOL MASCULINO,Domingo
923,08/03/2021,10,GUARANI,1,RB BRAGANTINO,1,PRINCIPAL - FUTEBOL MASCULINO,Domingo
923,08/03/2021,11,SANTA CRUZ,0,ABC,1,PRINCIPAL - FUTEBOL MASCULINO,Domingo
923,08/03/2021,12,CONFIANCA,2,CSA,2,PRINCIPAL - FUTEBOL MASCULINO,Domingo
923,08/03/2021,13,ATLETICO,4,UBERLANDIA,0,PRINCIPAL - FUTEBOL MASCULINO,Domingo
923,08/03/2021,14,PALMEIRAS,2,GREMIO,0,PRINCIPAL - FUTEBOL MASCULINO,Domingo
924,15/03/2021,1,FLAMENGO,0,FLUMINENSE,1,PRINCIPAL - FUTEBOL MASCULINO,Domingo
924,15/03/2021,2,VITORIA,1,BAHIA,0,PRINCIPAL - FUTEBOL MASCULINO,Sábado
924,15/03/2021,3,NOVORIZONTINO,2,SAO PAULO,1,PRINCIPAL - FUTEBOL MASCULINO,Sábado
924,15/03/2021,4,GUARANI,0,SAO BENTO,0,PRINCIPAL - FUTEBOL MASCULINO,Sábado
924,15/03/2021,5,ABC,1,CONFIANCA,1,PRINCIPAL - FUTEBOL MASCULINO,Sábado
924,15/03/2021,6,SANTOS,2,ITUANO,1,PRINCIPAL - FUTEBOL MASCULINO,Sábado
924,15/03/2021,7,BOTAFOGO,1,SAMP CORREA,1,PRINCIPAL - FUTEBOL MASCULINO,Sábado
924,15/03/2021,8,BOLOGNA,3,SAMPDORIA,1,PRINCIPAL - FUTEBOL MASCULINO,Domingo
924,15/03/2021,9,MONACO,0,LILLE,0,PRINCIPAL - FUTEBOL MASCULINO,Domingo
924,15/03/2021,10,ARSENAL,2,TOTTENHAM,1,PRINCIPAL - FUTEBOL MASCULINO,Domingo
924,15/03/2021,11,SAO CAETANO,0,CORINTHIANS,1,PRINCIPAL - FUTEBOL MASCULINO,Domingo
924,15/03/2021,12,SEVILLA,1,REAL BETIS,0,PRINCIPAL - FUTEBOL MASCULINO,Domingo
924,15/03/2021,13,CSA,1,CRB,1,PRINCIPAL - FUTEBOL MASCULINO,Domingo
924,15/03/2021,14,MILAN,0,NAPOLI,1,PRINCIPAL - FUTEBOL MASCULINO,Domingo
925,22/03/2021,1,CEARA,0,FORTALEZA,0,PRINCIPAL - FUTEBOL MASCULINO,Sábado
925,22/03/2021,2,BAHIA,4,SPORT,0,PRINCIPAL - FUTEBOL MASCULINO,Sábado
925,22/03/2021,3,VASCO DA GAMA,1,BOTAFOGO,1,PRINCIPAL - FUTEBOL MASCULINO,Domingo
925,22/03/2021,4,CONFIANCA,0,SALGUEIRO,0,PRINCIPAL - FUTEBOL MASCULINO,Sábado
925,22/03/2021,5,SANTA CRUZ,1,CSA,2,PRINCIPAL - FUTEBOL MASCULINO,Sábado
925,22/03/2021,6,SAMP CORREA,1,VITORIA,1,PRINCIPAL - FUTEBOL MASCULINO,Sábado
925,22/03/2021,7,BANGU,0,FLUMINENSE,1,PRINCIPAL - FUTEBOL MASCULINO,Sábado
925,22/03/2021,8,WEST HAM,3,ARSENAL,3,PRINCIPAL - FUTEBOL MASCULINO,Domingo
925,22/03/2021,9,MADUREIRA,1,PORTUGUESA,0,PRINCIPAL - FUTEBOL MASCULINO,Domingo
925,22/03/2021,10,URT,3,CALDENSE,1,PRINCIPAL - FUTEBOL MASCULINO,Domingo
925,22/03/2021,11,AMERICA,1,CRUZEIRO,0,PRINCIPAL - FUTEBOL MASCULINO,Domingo
925,22/03/2021,12,TREZE,0,ABC,2,PRINCIPAL - FUTEBOL MASCULINO,Domingo
925,22/03/2021,13,ROMA,0,NAPOLI,2,PRINCIPAL - FUTEBOL MASCULINO,Domingo
925,22/03/2021,14,REAL SOCIEDAD,1,BARCELONA,6,PRINCIPAL - FUTEBOL MASCULINO,Domingo
926,29/03/2021,1,04 DE JULHO,1,FORTALEZA,2,PRINCIPAL - FUTEBOL MASCULINO,Sábado
926,29/03/2021,2,CONFIANCA,0,VITORIA,0,PRINCIPAL - FUTEBOL MASCULINO,Sábado
926,29/03/2021,3,SERVIA,2,PORTUGAL,2,PRINCIPAL - FUTEBOL MASCULINO,Sábado
926,29/03/2021,4,REPUBLICA TCHECA,1,BELGICA,1,PRINCIPAL - FUTEBOL MASCULINO,Sábado
926,29/03/2021,5,BOAVISTA,1,FLAMENGO,1,PRINCIPAL - FUTEBOL MASCULINO,Sábado
926,29/03/2021,6,LUVERDENSE,3,SINOP,1,PRINCIPAL - FUTEBOL MASCULINO,Domingo
926,29/03/2021,7,ISRAEL,1,ESCOCIA,1,PRINCIPAL - FUTEBOL MASCULINO,Domingo
926,29/03/2021,8,BULGARIA,0,ITALIA,2,PRINCIPAL - FUTEBOL MASCULINO,Domingo
926,29/03/2021,9,FIGUEIRENSE,1,CHAPECOENSE,3,PRINCIPAL - FUTEBOL MASCULINO,Domingo
926,29/03/2021,10,BRUSQUE,4,JUVENTUS,0,PRINCIPAL - FUTEBOL MASCULINO,Domingo
926,29/03/2021,11,BAHIA,5,ALTOS,0,PRINCIPAL - FUTEBOL MASCULINO,Domingo
926,29/03/2021,12,NOVA IGUACU,1,BOTAFOGO,2,PRINCIPAL - FUTEBOL MASCULINO,Domingo
926,29/03/2021,13,JOINVILLE,1,CRICIUMA,0,PRINCIPAL - FUTEBOL MASCULINO,Domingo
926,29/03/2021,14,TREZE,0,BOTAFOGO,1,PRINCIPAL - FUTEBOL MASCULINO,Domingo
927,05/04/2021,1,MONCHENGLADBACH,2,E C FREIBURG,1,PRINCIPAL - FUTEBOL MASCULINO,Sábado
927,05/04/2021,2,LENS/FRA,1,LYON,1,PRINCIPAL - FUTEBOL MASCULINO,Sábado
927,05/04/2021,3,ARSENAL,0,LIVERPOOL,3,PRINCIPAL - FUTEBOL MASCULINO,Sábado
927,05/04/2021,4,FORTALEZA,2,BAHIA,1,PRINCIPAL - FUTEBOL MASCULINO,Sábado
927,05/04/2021,5,ABC,1,SAMP CORREA,1,PRINCIPAL - FUTEBOL MASCULINO,Sábado
927,05/04/2021,6,JOINVILLE,0,CHAPECOENSE,3,PRINCIPAL - FUTEBOL MASCULINO,Sábado
927,05/04/2021,7,ANGERS SPORTING,1,MONTPELLIER,1,PRINCIPAL - FUTEBOL MASCULINO,Domingo
927,05/04/2021,8,SOUTHAMPTON,3,BURNLEY,2,PRINCIPAL - FUTEBOL MASCULINO,Domingo
927,05/04/2021,9,BOA ESPORTE,0,CRUZEIRO,1,PRINCIPAL - FUTEBOL MASCULINO,Domingo
927,05/04/2021,10,CADIZ,2,VALENCIA CLUB,1,PRINCIPAL - FUTEBOL MASCULINO,Domingo
927,05/04/2021,11,ATLETICO,3,AMERICA,1,PRINCIPAL - FUTEBOL MASCULINO,Domingo
927,05/04/2021,12,SALGUEIRO,1,CRB,1,PRINCIPAL - FUTEBOL MASCULINO,Domingo
927,05/04/2021,13,SEVILLA,1,ATLETICO MADRID,0,PRINCIPAL - FUTEBOL MASCULINO,Domingo
927,05/04/2021,14,VITORIA,3,TREZE,1,PRINCIPAL - FUTEBOL MASCULINO,Domingo
928,12/04/2021,1,REAL MADRID,2,BARCELONA,1,PRINCIPAL - FUTEBOL MASCULINO,Sábado
928,12/04/2021,2,SAMP CORREA,0,CSA,0,PRINCIPAL - FUTEBOL MASCULINO,Sábado
928,12/04/2021,3,CEARA,3,SALGUEIRO,0,PRINCIPAL - FUTEBOL MASCULINO,Sábado
928,12/04/2021,4,BAHIA,2,ABC,1,PRINCIPAL - FUTEBOL MASCULINO,Sábado
928,12/04/2021,5,CONFIANCA,0,FORTALEZA,1,PRINCIPAL - FUTEBOL MASCULINO,Sábado
928,12/04/2021,6,CRB,1,ALTOS,1,PRINCIPAL - FUTEBOL MASCULINO,Sábado
928,12/04/2021,7,FLAMENGO,2,PALMEIRAS,2,PRINCIPAL - FUTEBOL MASCULINO,Domingo
928,12/04/2021,8,VERONA,0,LAZIO,1,PRINCIPAL - FUTEBOL MASCULINO,Domingo
928,12/04/2021,9,SAMPDORIA,0,NAPOLI,2,PRINCIPAL - FUTEBOL MASCULINO,Domingo
928,12/04/2021,10,WEST HAM,3,LEICESTER,2,PRINCIPAL - FUTEBOL MASCULINO,Domingo
928,12/04/2021,11,TOTTENHAM,1,MANCHESTER UNITED,3,PRINCIPAL - FUTEBOL MASCULINO,Domingo
928,12/04/2021,12,FIGUEIRENSE,1,JOINVILLE,1,PRINCIPAL - FUTEBOL MASCULINO,Domingo
928,12/04/2021,13,REAL BETIS,1,ATLETICO MADRID,1,PRINCIPAL - FUTEBOL MASCULINO,Domingo
928,12/04/2021,14,CRUZEIRO,1,ATLETICO,0,PRINCIPAL - FUTEBOL MASCULINO,Domingo
929,19/04/2021,1,BAHIA,4,CRB,0,PRINCIPAL - FUTEBOL MASCULINO,Sábado
929,19/04/2021,2,FORTALEZA,2,CSA,1,PRINCIPAL - FUTEBOL MASCULINO,Sábado
929,19/04/2021,3,ATHLETIC BILBAO,0,BARCELONA,4,PRINCIPAL - FUTEBOL MASCULINO,Sábado
929,19/04/2021,4,VITORIA,2,ALTOS,1,PRINCIPAL - FUTEBOL MASCULINO,Sábado
929,19/04/2021,5,CALDENSE,0,ATHLETIC,0,PRINCIPAL - FUTEBOL MASCULINO,Sábado
929,19/04/2021,6,ATALANTA BERGAMAS,1,JUVENTUS,0,PRINCIPAL - FUTEBOL MASCULINO,Domingo
929,19/04/2021,7,BOLOGNA,4,SPEZIA CALCIO,1,PRINCIPAL - FUTEBOL MASCULINO,Domingo
929,19/04/2021,8,POUSO ALEGRE,1,CRUZEIRO,0,PRINCIPAL - FUTEBOL MASCULINO,Domingo
929,19/04/2021,9,NAPOLI,1,INTER DE MILAO,1,PRINCIPAL - FUTEBOL MASCULINO,Domingo
929,19/04/2021,10,JOINVILLE,0,BRUSQUE,0,PRINCIPAL - FUTEBOL MASCULINO,Domingo
929,19/04/2021,11,CEARA,3,SAMP CORREA,0,PRINCIPAL - FUTEBOL MASCULINO,Domingo
929,19/04/2021,12,GREMIO,3,NOVO HAMBURGO,1,PRINCIPAL - FUTEBOL MASCULINO,Domingo
929,19/04/2021,13,BRASIL RS,1,SAO LUIZ,0,PRINCIPAL - FUTEBOL MASCULINO,Domingo
929,19/04/2021,14,REAL SOCIEDAD,1,SEVILLA,2,PRINCIPAL - FUTEBOL MASCULINO,Domingo
930,26/04/2021,1,CORITIBA,5,PARANA,0,PRINCIPAL - FUTEBOL MASCULINO,Sábado
930,26/04/2021,2,CEARA,2,VITORIA,0,PRINCIPAL - FUTEBOL MASCULINO,Sábado
930,26/04/2021,3,FLAMENGO,2,VOLTA REDONDA,1,PRINCIPAL - FUTEBOL MASCULINO,Sábado
930,26/04/2021,4,ATHLETIC CLUB,0,ATLETICO,1,PRINCIPAL - FUTEBOL MASCULINO,Sábado
930,26/04/2021,5,FORTALEZA,0,BAHIA,0,PRINCIPAL - FUTEBOL MASCULINO,Sábado
930,26/04/2021,6,WOLVES,0,BURNLEY,4,PRINCIPAL - FUTEBOL MASCULINO,Domingo
930,26/04/2021,7,HUESCA,0,GETAFE,2,PRINCIPAL - FUTEBOL MASCULINO,Domingo
930,26/04/2021,8,RB LEIPZIG,2,STUTTGART,0,PRINCIPAL - FUTEBOL MASCULINO,Domingo
930,26/04/2021,9,FLUMINENSE,4,MADUREIRA,1,PRINCIPAL - FUTEBOL MASCULINO,Domingo
930,26/04/2021,10,CELTA DE VIGO,2,OSASUNA,1,PRINCIPAL - FUTEBOL MASCULINO,Domingo
930,26/04/2021,11,LYON,2,LILLE,3,PRINCIPAL - FUTEBOL MASCULINO,Domingo
930,26/04/2021,12,TOMBENSE,2,POUSO ALEGRE,0,PRINCIPAL - FUTEBOL MASCULINO,Domingo
930,26/04/2021,13,URT,0,AMERICA,5,PRINCIPAL - FUTEBOL MASCULINO,Domingo
930,26/04/2021,14,BRAGA,0,SPORTING PORTUGAL,1,PRINCIPAL - FUTEBOL MASCULINO,Domingo
931,03/05/2021,1,MADUREIRA,1,VASCO DA GAMA,0,PRINCIPAL - FUTEBOL MASCULINO,Sábado
931,03/05/2021,2,BAHIA,0,CEARA,1,PRINCIPAL - FUTEBOL MASCULINO,Sábado
931,03/05/2021,3,EVERTON,1,ASTON VILLA,2,PRINCIPAL - FUTEBOL MASCULINO,Sábado
931,03/05/2021,4,RB BRAGANTINO,1,SANTOS,1,PRINCIPAL - FUTEBOL MASCULINO,Sábado
931,03/05/2021,5,VOLTA REDONDA,0,FLAMENGO,3,PRINCIPAL - FUTEBOL MASCULINO,Sábado
931,03/05/2021,6,BOLOGNA,3,FIORENTINA,3,PRINCIPAL - FUTEBOL MASCULINO,Domingo
931,03/05/2021,7,SASSUOLO,1,ATALANTA BERGAMAS,1,PRINCIPAL - FUTEBOL MASCULINO,Domingo
931,03/05/2021,8,MANCHESTER UNITED,0,LIVERPOOL,0,PRINCIPAL - FUTEBOL MASCULINO,Domingo
931,03/05/2021,9,CRUZEIRO,1,AMERICA,2,PRINCIPAL - FUTEBOL MASCULINO,Domingo
931,03/05/2021,10,SPORT,3,NAUTICO,0,PRINCIPAL - FUTEBOL MASCULINO,Domingo
931,03/05/2021,11,AFOGADOS,0,SANTA CRUZ,0,PRINCIPAL - FUTEBOL MASCULINO,Domingo
931,03/05/2021,12,MONACO,2,LYON,3,PRINCIPAL - FUTEBOL MASCULINO,Domingo
931,03/05/2021,13,BOTAFOGO,0,NOVA IGUACU,0,PRINCIPAL - FUTEBOL MASCULINO,Domingo
931,03/05/2021,14,CORINTHIANS,2,SAO PAULO,2,PRINCIPAL - FUTEBOL MASCULINO,Domingo
932,06/05/2021,1,ATLETICO,4,CERRO PORTENO,0,PRINCIPAL - FUTEBOL MASCULINO,Terça-feira
932,06/05/2021,2,U LA CALERA,0,VELEZ SARSFIELD,2,PRINCIPAL - FUTEBOL MASCULINO,Terça-feira
932,06/05/2021,3,SANTOS,5,THE STRONGEST,0,PRINCIPAL - FUTEBOL MASCULINO,Terça-feira
932,06/05/2021,4,BAHIA,2,INDEPENDIENTE,2,PRINCIPAL - FUTEBOL MASCULINO,Terça-feira
932,06/05/2021,5,BARCELONA,1,BOCA JUNIORS,0,PRINCIPAL - FUTEBOL MASCULINO,Terça-feira
932,06/05/2021,6,DEFENSA Y JUSTICI,1,PALMEIRAS,2,PRINCIPAL - FUTEBOL MASCULINO,Terça-feira
932,06/05/2021,7,LDU,2,FLAMENGO,3,PRINCIPAL - FUTEBOL MASCULINO,Terça-feira
932,06/05/2021,8,MELGAR,1,ATHLETICO,0,PRINCIPAL - FUTEBOL MASCULINO,Terça-feira
932,06/05/2021,9,CHELSEA,2,REAL MADRID,0,PRINCIPAL - FUTEBOL MASCULINO,Quarta-feira
932,06/05/2021,10,RACING,0,SAO PAULO,0,PRINCIPAL - FUTEBOL MASCULINO,Quarta-feira
932,06/05/2021,11,BOLIVAR,0,CEARA,0,PRINCIPAL - FUTEBOL MASCULINO,Quarta-feira
932,06/05/2021,12,INTERNACIONAL,6,OLIMPIA,1,PRINCIPAL - FUTEBOL MASCULINO,Quarta-feira
932,06/05/2021,13,PONTE PRETA,3,GUARANI,1,PRINCIPAL - FUTEBOL MASCULINO,Quarta-feira
932,06/05/2021,14,RB BRAGANTINO,0,TALLERES,1,PRINCIPAL - FUTEBOL MASCULINO,Quarta-feira
933,10/05/2021,1,CEARA,1,BAHIA,2,PRINCIPAL - FUTEBOL MASCULINO,Sábado
933,10/05/2021,2,VASCO DA GAMA,2,MADUREIRA,1,PRINCIPAL - FUTEBOL MASCULINO,Sábado
933,10/05/2021,3,SAMP CORREA,0,PINHEIRO ATLETICO,0,PRINCIPAL - FUTEBOL MASCULINO,Sábado
933,10/05/2021,4,INTERNACIONAL,4,JUVENTUDE,1,PRINCIPAL - FUTEBOL MASCULINO,Sábado
933,10/05/2021,5,VALENCIA CLUB,3,REAL VALLADOLID,0,PRINCIPAL - FUTEBOL MASCULINO,Domingo
933,10/05/2021,6,WEST HAM,0,EVERTON,1,PRINCIPAL - FUTEBOL MASCULINO,Domingo
933,10/05/2021,7,VILLARREAL,2,CELTA DE VIGO,4,PRINCIPAL - FUTEBOL MASCULINO,Domingo
933,10/05/2021,8,JUVENTUS,0,MILAN,3,PRINCIPAL - FUTEBOL MASCULINO,Domingo
933,10/05/2021,9,ALTOS,3,PARNAIBA,1,PRINCIPAL - FUTEBOL MASCULINO,Domingo
933,10/05/2021,10,REAL MADRID,2,SEVILLA,2,PRINCIPAL - FUTEBOL MASCULINO,Domingo
933,10/05/2021,11,AMERICA,3,CRUZEIRO,1,PRINCIPAL - FUTEBOL MASCULINO,Domingo
933,10/05/2021,12,FLUMINENSE,3,PORTUGUESA,1,PRINCIPAL - FUTEBOL MASCULINO,Domingo
933,10/05/2021,13,BRUSQUE,1,AVAI,0,PRINCIPAL - FUTEBOL MASCULINO,Domingo
933,10/05/2021,14,NOVA IGUACU,0,BOTAFOGO,1,PRINCIPAL - FUTEBOL MASCULINO,Domingo
934,13/05/2021,1,SANTOS,1,BOCA JUNIORS,0,PRINCIPAL - FUTEBOL MASCULINO,Terça-feira
934,13/05/2021,2,METROPOLITANOS,0,ATHLETICO,1,PRINCIPAL - FUTEBOL MASCULINO,Terça-feira
934,13/05/2021,3,TALLERES,0,TOLIMA,0,PRINCIPAL - FUTEBOL MASCULINO,Terça-feira
934,13/05/2021,4,INDEP. DEL VALLE,0,PALMEIRAS,1,PRINCIPAL - FUTEBOL MASCULINO,Terça-feira
934,13/05/2021,5,RB BRAGANTINO,2,EMELEC,0,PRINCIPAL - FUTEBOL MASCULINO,Terça-feira
934,13/05/2021,6,BOLOGNA,0,GENOA,2,PRINCIPAL - FUTEBOL MASCULINO,Quarta-feira
934,13/05/2021,7,INTER DE MILAO,3,ROMA,1,PRINCIPAL - FUTEBOL MASCULINO,Quarta-feira
934,13/05/2021,8,SASSUOLO,1,JUVENTUS,3,PRINCIPAL - FUTEBOL MASCULINO,Quarta-feira
934,13/05/2021,9,CHELSEA,0,ARSENAL,1,PRINCIPAL - FUTEBOL MASCULINO,Quarta-feira
934,13/05/2021,10,RENTISTAS,1,SAO PAULO,1,PRINCIPAL - FUTEBOL MASCULINO,Quarta-feira
934,13/05/2021,11,CEARA,0,ARSENAL D SARANDI,0,PRINCIPAL - FUTEBOL MASCULINO,Quarta-feira
934,13/05/2021,12,FLUMINENSE,2,SANTA FE,1,PRINCIPAL - FUTEBOL MASCULINO,Quarta-feira
934,13/05/2021,13,JR BARRANQUILLA,1,RIVER PLATE,1,PRINCIPAL - FUTEBOL MASCULINO,Quarta-feira
934,13/05/2021,14,ATLETICO NACIONAL,0,NACIONAL,0,PRINCIPAL - FUTEBOL MASCULINO,Quarta-feira
935,17/05/2021,1,ROMA,2,LAZIO,0,PRINCIPAL - FUTEBOL MASCULINO,Sábado
935,17/05/2021,2,CEARA,0,FORTALEZA,2,PRINCIPAL - FUTEBOL MASCULINO,Sábado
935,17/05/2021,3,FLUMINENSE,1,FLAMENGO,1,PRINCIPAL - FUTEBOL MASCULINO,Sábado
935,17/05/2021,4,04 DE JULHO,3,FLAMENGO,1,PRINCIPAL - FUTEBOL MASCULINO,Domingo
935,17/05/2021,5,UDINESE,0,SAMPDORIA,1,PRINCIPAL - FUTEBOL MASCULINO,Domingo
935,17/05/2021,6,TOTTENHAM,2,WOLVES,0,PRINCIPAL - FUTEBOL MASCULINO,Domingo
935,17/05/2021,7,BOTAFOGO,0,VASCO DA GAMA,1,PRINCIPAL - FUTEBOL MASCULINO,Domingo
935,17/05/2021,8,VILLARREAL,4,SEVILLA,0,PRINCIPAL - FUTEBOL MASCULINO,Domingo
935,17/05/2021,9,RB LEIPZIG,2,WOLFSBURG,2,PRINCIPAL - FUTEBOL MASCULINO,Domingo
935,17/05/2021,10,INTERNACIONAL,1,GREMIO,2,PRINCIPAL - FUTEBOL MASCULINO,Domingo
935,17/05/2021,11,SPORT,1,NAUTICO,1,PRINCIPAL - FUTEBOL MASCULINO,Domingo
935,17/05/2021,12,GREMIO ANAPOLIS,1,VILA NOVA,1,PRINCIPAL - FUTEBOL MASCULINO,Domingo
935,17/05/2021,13,SAMP CORREA,1,MOTO CLUBE,0,PRINCIPAL - FUTEBOL MASCULINO,Domingo
935,17/05/2021,14,AMERICA,0,ATLETICO,0,PRINCIPAL - FUTEBOL MASCULINO,Domingo
936,20/05/2021,1,NACIONAL,1,UNIVERS CATOLICA,0,PRINCIPAL - FUTEBOL MASCULINO,Terça-feira
936,20/05/2021,2,THE STRONGEST,2,SANTOS,1,PRINCIPAL - FUTEBOL MASCULINO,Terça-feira
936,20/05/2021,3,PALMEIRAS,3,DEFENSA Y JUSTICI,4,PRINCIPAL - FUTEBOL MASCULINO,Terça-feira
936,20/05/2021,4,INDEPENDIENTE,1,BAHIA,0,PRINCIPAL - FUTEBOL MASCULINO,Terça-feira
936,20/05/2021,5,FLUMINENSE,1,JR BARRANQUILLA,2,PRINCIPAL - FUTEBOL MASCULINO,Terça-feira
936,20/05/2021,6,SAO PAULO,0,RACING,1,PRINCIPAL - FUTEBOL MASCULINO,Terça-feira
936,20/05/2021,7,TALLERES,0,RB BRAGANTINO,1,PRINCIPAL - FUTEBOL MASCULINO,Terça-feira
936,20/05/2021,8,EVERTON,1,WOLVES,0,PRINCIPAL - FUTEBOL MASCULINO,Quarta-feira
936,20/05/2021,9,MONACO,0,PSG,2,PRINCIPAL - FUTEBOL MASCULINO,Quarta-feira
936,20/05/2021,10,ATLETICO,0,CLUB LIBERTAD,0,PRINCIPAL - FUTEBOL MASCULINO,Quarta-feira
936,20/05/2021,11,FLAMENGO,2,LDU,2,PRINCIPAL - FUTEBOL MASCULINO,Quarta-feira
936,20/05/2021,12,CERRO PORTENO,0,ATLETICO,1,PRINCIPAL - FUTEBOL MASCULINO,Quarta-feira
936,20/05/2021,13,ATHLETICO,1,MELGAR,0,PRINCIPAL - FUTEBOL MASCULINO,Quarta-feira
936,20/05/2021,14,ROSARIO CENTRAL,5,HUACHIPATO,0,PRINCIPAL - FUTEBOL MASCULINO,Quarta-feira
937,24/05/2021,1,VASCO DA GAMA,0,BOTAFOGO,1,PRINCIPAL - FUTEBOL MASCULINO,Sábado
937,24/05/2021,2,MANAUS,3,S RAIMUNDO,2,PRINCIPAL - FUTEBOL MASCULINO,Sábado
937,24/05/2021,3,ATLETICO,0,AMERICA,0,PRINCIPAL - FUTEBOL MASCULINO,Sábado
937,24/05/2021,4,CRB,1,CSA,1,PRINCIPAL - FUTEBOL MASCULINO,Sábado
937,24/05/2021,5,FLAMENGO,3,FLUMINENSE,1,PRINCIPAL - FUTEBOL MASCULINO,Sábado
937,24/05/2021,6,CUIABA ESPORTE CL,1,OPERARIO,1,PRINCIPAL - FUTEBOL MASCULINO,Domingo
937,24/05/2021,7,MOTO CLUBE,1,SAMP CORREA,3,PRINCIPAL - FUTEBOL MASCULINO,Domingo
937,24/05/2021,8,ATALANTA BERGAMAS,0,MILAN,2,PRINCIPAL - FUTEBOL MASCULINO,Domingo
937,24/05/2021,9,GREMIO,1,INTERNACIONAL,1,PRINCIPAL - FUTEBOL MASCULINO,Domingo
937,24/05/2021,10,VILA NOVA,1,GREMIO ANAPOLIS,1,PRINCIPAL - FUTEBOL MASCULINO,Domingo
937,24/05/2021,11,NAUTICO,1,SPORT,1,PRINCIPAL - FUTEBOL MASCULINO,Domingo
937,24/05/2021,12,SAO PAULO,2,PALMEIRAS,0,PRINCIPAL - FUTEBOL MASCULINO,Domingo
937,24/05/2021,13,ABC,3,AMERICA,1,PRINCIPAL - FUTEBOL MASCULINO,Domingo
937,24/05/2021,14,PAYSANDU,4,TUNA LUSO,1,PRINCIPAL - FUTEBOL MASCULINO,Domingo
938,27/05/2021,1,RIVER PLATE,1,FLUMINENSE,3,PRINCIPAL - FUTEBOL MASCULINO,Terça-feira
938,27/05/2021,2,SANTA FE,0,JR BARRANQUILLA,0,PRINCIPAL - FUTEBOL MASCULINO,Terça-feira
938,27/05/2021,3,NEWELL'S OLD BOYS,1,ATLETICO,1,PRINCIPAL - FUTEBOL MASCULINO,Terça-feira
938,27/05/2021,4,CERRO PORTENO,1,AMERICA DE CALI,0,PRINCIPAL - FUTEBOL MASCULINO,Terça-feira
938,27/05/2021,5,TOLIMA,1,RB BRAGANTINO,2,PRINCIPAL - FUTEBOL MASCULINO,Terça-feira
938,27/05/2021,6,VILLARREAL,1,MANCHESTER UNITED,1,PRINCIPAL - FUTEBOL MASCULINO,Quarta-feira
938,27/05/2021,7,CHAPECOENSE,1,AVAI,1,PRINCIPAL - FUTEBOL MASCULINO,Quarta-feira
938,27/05/2021,8,OLIMPIA,6,DEPORTIVO TACHIRA,2,PRINCIPAL - FUTEBOL MASCULINO,Quarta-feira
938,27/05/2021,9,INTERNACIONAL,0,ALWAYS READY,0,PRINCIPAL - FUTEBOL MASCULINO,Quarta-feira
938,27/05/2021,10,BAHIA,2,CITY TORQUE,4,PRINCIPAL - FUTEBOL MASCULINO,Quarta-feira
938,27/05/2021,11,BARCELONA,3,SANTOS,1,PRINCIPAL - FUTEBOL MASCULINO,Quarta-feira
938,27/05/2021,12,CORINTHIANS,4,RIVER PLATE,0,PRINCIPAL - FUTEBOL MASCULINO,Quarta-feira
938,27/05/2021,13,UNIVERS CATOLICA,2,ATLETICO NACIONAL,0,PRINCIPAL - FUTEBOL MASCULINO,Quarta-feira
938,27/05/2021,14,NACIONAL,2,ARGENTINOS JR,0,PRINCIPAL - FUTEBOL MASCULINO,Quarta-feira
939,31/05/2021,1,MANCHESTER CITY,0,CHELSEA,1,PRINCIPAL - FUTEBOL MASCULINO,Sábado
939,31/05/2021,2,CONFIANCA,3,CRUZEIRO,1,PRINCIPAL - FUTEBOL MASCULINO,Sábado
939,31/05/2021,3,CORITIBA,2,AVAI,0,PRINCIPAL - FUTEBOL MASCULINO,Sábado
939,31/05/2021,4,CUIABA,2,JUVENTUDE,2,PRINCIPAL - FUTEBOL MASCULINO,Sábado
939,31/05/2021,5,BAHIA,3,SANTOS,0,PRINCIPAL - FUTEBOL MASCULINO,Sábado
939,31/05/2021,6,SAO PAULO,0,FLUMINENSE,0,PRINCIPAL - FUTEBOL MASCULINO,Sábado
939,31/05/2021,7,ATLETICO,1,FORTALEZA,2,PRINCIPAL - FUTEBOL MASCULINO,Domingo
939,31/05/2021,8,BRUSQUE,2,PONTE PRETA,1,PRINCIPAL - FUTEBOL MASCULINO,Domingo
939,31/05/2021,9,FLAMENGO,1,PALMEIRAS,0,PRINCIPAL - FUTEBOL MASCULINO,Domingo
939,31/05/2021,10,CEARA,3,GREMIO,2,PRINCIPAL - FUTEBOL MASCULINO,Domingo
939,31/05/2021,11,ATHLETICO,1,AMERICA,0,PRINCIPAL - FUTEBOL MASCULINO,Domingo
939,31/05/2021,12,CHAPECOENSE,0,RB BRAGANTINO,3,PRINCIPAL - FUTEBOL MASCULINO,Domingo
939,31/05/2021,13,CORINTHIANS,0,ATLETICO,1,PRINCIPAL - FUTEBOL MASCULINO,Domingo
939,31/05/2021,14,INTERNACIONAL,2,SPORT,2,PRINCIPAL - FUTEBOL MASCULINO,Domingo
940,07/06/2021,1,CSA,0,SAMP CORREA,0,PRINCIPAL - FUTEBOL MASCULINO,Sábado
940,07/06/2021,2,SANTOS,3,CEARA,1,PRINCIPAL - FUTEBOL MASCULINO,Sábado
940,07/06/2021,3,ATLETICO,2,SAO PAULO,0,PRINCIPAL - FUTEBOL MASCULINO,Sábado
940,07/06/2021,4,REMO,1,BRASIL RS,0,PRINCIPAL - FUTEBOL MASCULINO,Sábado
940,07/06/2021,5,RB BRAGANTINO,3,BAHIA,3,PRINCIPAL - FUTEBOL MASCULINO,Sábado
940,07/06/2021,6,BOTAFOGO,2,CORITIBA,0,PRINCIPAL - FUTEBOL MASCULINO,Sábado
940,07/06/2021,7,FLUMINENSE,1,CUIABA,0,PRINCIPAL - FUTEBOL MASCULINO,Domingo
940,07/06/2021,8,FORTALEZA,5,INTERNACIONAL,1,PRINCIPAL - FUTEBOL MASCULINO,Domingo
940,07/06/2021,9,AMERICA,0,CORINTHIANS,1,PRINCIPAL - FUTEBOL MASCULINO,Domingo
940,07/06/2021,10,PONTE PRETA,1,VASCO DA GAMA,1,PRINCIPAL - FUTEBOL MASCULINO,Domingo
940,07/06/2021,11,JUVENTUDE,0,ATHLETICO,3,PRINCIPAL - FUTEBOL MASCULINO,Domingo
940,07/06/2021,12,CRUZEIRO,3,CRB,4,PRINCIPAL - FUTEBOL MASCULINO,Domingo
940,07/06/2021,13,SPORT,0,ATLETICO,1,PRINCIPAL - FUTEBOL MASCULINO,Domingo
940,07/06/2021,14,AVAI,1,VILA NOVA,1,PRINCIPAL - FUTEBOL MASCULINO,Domingo
941,14/06/2021,1,CRB,3,CONFIANCA,2,PRINCIPAL - FUTEBOL MASCULINO,Sábado
941,14/06/2021,2,CRUZEIRO,1,GOIAS,1,PRINCIPAL - FUTEBOL MASCULINO,Sábado
941,14/06/2021,3,PALMEIRAS,1,CORINTHIANS,1,PRINCIPAL - FUTEBOL MASCULINO,Sábado
941,14/06/2021,4,BRASIL RS,1,VASCO DA GAMA,2,PRINCIPAL - FUTEBOL MASCULINO,Sábado
941,14/06/2021,5,CRICIUMA,2,YPIRANGA,1,PRINCIPAL - FUTEBOL MASCULINO,Domingo
941,14/06/2021,6,ATLETICO,1,SAO PAULO,0,PRINCIPAL - FUTEBOL MASCULINO,Domingo
941,14/06/2021,7,GREMIO,0,ATHLETICO,1,PRINCIPAL - FUTEBOL MASCULINO,Domingo
941,14/06/2021,8,RB BRAGANTINO,2,FLUMINENSE,2,PRINCIPAL - FUTEBOL MASCULINO,Domingo
941,14/06/2021,9,FORTALEZA,1,SPORT,0,PRINCIPAL - FUTEBOL MASCULINO,Domingo
941,14/06/2021,10,BAHIA,0,INTERNACIONAL,1,PRINCIPAL - FUTEBOL MASCULINO,Domingo
941,14/06/2021,11,BOTAFOGO,3,REMO,0,PRINCIPAL - FUTEBOL MASCULINO,Domingo
941,14/06/2021,12,CHAPECOENSE,0,CEARA,0,PRINCIPAL - FUTEBOL MASCULINO,Domingo
941,14/06/2021,13,AVAI,1,BRUSQUE,2,PRINCIPAL - FUTEBOL MASCULINO,Domingo
941,14/06/2021,14,VITORIA,0,OPERARIO,0,PRINCIPAL - FUTEBOL MASCULINO,Domingo
942,21/06/2021,1,VASCO DA GAMA,3,CRB,0,PRINCIPAL - FUTEBOL MASCULINO,Sábado
942,21/06/2021,2,AVAI,0,REMO,0,PRINCIPAL - FUTEBOL MASCULINO,Sábado
942,21/06/2021,3,GUARANI,1,PONTE PRETA,0,PRINCIPAL - FUTEBOL MASCULINO,Sábado
942,21/06/2021,4,OPERARIO,2,CRUZEIRO,1,PRINCIPAL - FUTEBOL MASCULINO,Sábado
942,21/06/2021,5,FLAMENGO,2,RB BRAGANTINO,3,PRINCIPAL - FUTEBOL MASCULINO,Sábado
942,21/06/2021,6,VILA NOVA,0,CORITIBA,1,PRINCIPAL - FUTEBOL MASCULINO,Sábado
942,21/06/2021,7,NAUTICO,3,BOTAFOGO,1,PRINCIPAL - FUTEBOL MASCULINO,Domingo
942,21/06/2021,8,INTERNACIONAL,1,CEARA,1,PRINCIPAL - FUTEBOL MASCULINO,Domingo
942,21/06/2021,9,BAHIA,0,CORINTHIANS,0,PRINCIPAL - FUTEBOL MASCULINO,Domingo
942,21/06/2021,10,FIGUEIRENSE,1,MIRASSOL,1,PRINCIPAL - FUTEBOL MASCULINO,Domingo
942,21/06/2021,11,SANTOS,2,SAO PAULO,0,PRINCIPAL - FUTEBOL MASCULINO,Domingo
942,21/06/2021,12,ATHLETICO,2,ATLETICO,1,PRINCIPAL - FUTEBOL MASCULINO,Domingo
942,21/06/2021,13,FORTALEZA,1,FLUMINENSE,1,PRINCIPAL - FUTEBOL MASCULINO,Domingo
942,21/06/2021,14,JUVENTUDE,1,SPORT,0,PRINCIPAL - FUTEBOL MASCULINO,Domingo
943,28/06/2021,1,SAMP CORREA,2,BOTAFOGO,0,PRINCIPAL - FUTEBOL MASCULINO,Sábado
943,28/06/2021,2,MANAUS,2,TOMBENSE,1,PRINCIPAL - FUTEBOL MASCULINO,Sábado
943,28/06/2021,3,JUVENTUDE,1,FLAMENGO,0,PRINCIPAL - FUTEBOL MASCULINO,Domingo
943,28/06/2021,4,FLUMINENSE,1,CORINTHIANS,1,PRINCIPAL - FUTEBOL MASCULINO,Domingo
943,28/06/2021,5,CRICIUMA,1,NOVORIZONTINO,0,PRINCIPAL - FUTEBOL MASCULINO,Domingo
943,28/06/2021,6,GREMIO,0,FORTALEZA,0,PRINCIPAL - FUTEBOL MASCULINO,Domingo
943,28/06/2021,7,PALMEIRAS,3,BAHIA,2,PRINCIPAL - FUTEBOL MASCULINO,Domingo
943,28/06/2021,8,ATHLETICO,2,CHAPECOENSE,2,PRINCIPAL - FUTEBOL MASCULINO,Domingo
943,28/06/2021,9,VASCO DA GAMA,2,BRUSQUE,1,PRINCIPAL - FUTEBOL MASCULINO,Domingo
943,28/06/2021,10,CSA,2,CRUZEIRO,1,PRINCIPAL - FUTEBOL MASCULINO,Domingo
943,28/06/2021,11,SANTOS,2,ATLETICO,0,PRINCIPAL - FUTEBOL MASCULINO,Domingo
943,28/06/2021,12,CEARA,1,SAO PAULO,1,PRINCIPAL - FUTEBOL MASCULINO,Domingo
943,28/06/2021,13,AMERICA,1,INTERNACIONAL,1,PRINCIPAL - FUTEBOL MASCULINO,Domingo
943,28/06/2021,14,SPORT,0,CUIABA,0,PRINCIPAL - FUTEBOL MASCULINO,Domingo
944,05/07/2021,1,AVAI,1,BOTAFOGO,1,PRINCIPAL - FUTEBOL MASCULINO,Sábado
944,05/07/2021,2,CSA,0,CRB,1,PRINCIPAL - FUTEBOL MASCULINO,Sábado
944,05/07/2021,3,ATHLETICO,2,FORTALEZA,1,PRINCIPAL - FUTEBOL MASCULINO,Sábado
944,05/07/2021,4,BRASIL RS,0,CRUZEIRO,0,PRINCIPAL - FUTEBOL MASCULINO,Sábado
944,05/07/2021,5,CORINTHIANS,1,INTERNACIONAL,1,PRINCIPAL - FUTEBOL MASCULINO,Sábado
944,05/07/2021,6,AMERICA,2,SANTOS,0,PRINCIPAL - FUTEBOL MASCULINO,Sábado
944,05/07/2021,7,CHAPECOENSE,0,BAHIA,2,PRINCIPAL - FUTEBOL MASCULINO,Domingo
944,05/07/2021,8,GUARANI,4,BRUSQUE,1,PRINCIPAL - FUTEBOL MASCULINO,Domingo
944,05/07/2021,9,FLAMENGO,0,FLUMINENSE,1,PRINCIPAL - FUTEBOL MASCULINO,Domingo
944,05/07/2021,10,SPORT,0,PALMEIRAS,1,PRINCIPAL - FUTEBOL MASCULINO,Domingo
944,05/07/2021,11,CEARA,2,JUVENTUDE,0,PRINCIPAL - FUTEBOL MASCULINO,Domingo
944,05/07/2021,12,SAO PAULO,1,RB BRAGANTINO,2,PRINCIPAL - FUTEBOL MASCULINO,Domingo
944,05/07/2021,13,CUIABA,0,ATLETICO,1,PRINCIPAL - FUTEBOL MASCULINO,Domingo
944,05/07/2021,14,GREMIO,0,ATLETICO,1,PRINCIPAL - FUTEBOL MASCULINO,Domingo
945,12/07/2021,1,PALMEIRAS,3,SANTOS,2,PRINCIPAL - FUTEBOL MASCULINO,Sábado
945,12/07/2021,2,GREMIO,0,INTERNACIONAL,0,PRINCIPAL - FUTEBOL MASCULINO,Sábado
945,12/07/2021,3,BOTAFOGO,3,CRUZEIRO,3,PRINCIPAL - FUTEBOL MASCULINO,Sábado
945,12/07/2021,4,ATHLETICO,2,RB BRAGANTINO,2,PRINCIPAL - FUTEBOL MASCULINO,Sábado
945,12/07/2021,5,CONFIANCA,1,VITORIA,1,PRINCIPAL - FUTEBOL MASCULINO,Sábado
945,12/07/2021,6,SAO PAULO,1,BAHIA,0,PRINCIPAL - FUTEBOL MASCULINO,Sábado
945,12/07/2021,7,AMERICA,0,ATLETICO,1,PRINCIPAL - FUTEBOL MASCULINO,Sábado
945,12/07/2021,8,SPORT,1,FLUMINENSE,2,PRINCIPAL - FUTEBOL MASCULINO,Sábado
945,12/07/2021,9,BOTAFOGO,4,MANAUS,1,PRINCIPAL - FUTEBOL MASCULINO,Sábado
945,12/07/2021,10,JUVENTUDE,1,ATLETICO,1,PRINCIPAL - FUTEBOL MASCULINO,Domingo
945,12/07/2021,11,FLORESTA,1,TOMBENSE,1,PRINCIPAL - FUTEBOL MASCULINO,Domingo
945,12/07/2021,12,CUIABA,2,CEARA,2,PRINCIPAL - FUTEBOL MASCULINO,Domingo
945,12/07/2021,13,BRUSQUE,2,CSA,3,PRINCIPAL - FUTEBOL MASCULINO,Domingo
945,12/07/2021,14,FORTALEZA,1,CORINTHIANS,0,PRINCIPAL - FUTEBOL MASCULINO,Domingo
946,19/07/2021,1,CRUZEIRO,0,AVAI,3,PRINCIPAL - FUTEBOL MASCULINO,Sábado
946,19/07/2021,2,CEARA,1,ATHLETICO,0,PRINCIPAL - FUTEBOL MASCULINO,Sábado
946,19/07/2021,3,FIGUEIRENSE,0,BOTAFOGO,0,PRINCIPAL - FUTEBOL MASCULINO,Sábado
946,19/07/2021,4,SAO PAULO,0,FORTALEZA,1,PRINCIPAL - FUTEBOL MASCULINO,Sábado
946,19/07/2021,5,PONTE PRETA,1,REMO,2,PRINCIPAL - FUTEBOL MASCULINO,Sábado
946,19/07/2021,6,BRUSQUE,2,BOTAFOGO,1,PRINCIPAL - FUTEBOL MASCULINO,Sábado
946,19/07/2021,7,CORINTHIANS,1,ATLETICO,2,PRINCIPAL - FUTEBOL MASCULINO,Sábado
946,19/07/2021,8,FLUMINENSE,0,GREMIO,1,PRINCIPAL - FUTEBOL MASCULINO,Sábado
946,19/07/2021,9,CHAPECOENSE,2,CUIABA,3,PRINCIPAL - FUTEBOL MASCULINO,Domingo
946,19/07/2021,10,ATLETICO,0,PALMEIRAS,3,PRINCIPAL - FUTEBOL MASCULINO,Domingo
946,19/07/2021,11,VASCO DA GAMA,1,NAUTICO,1,PRINCIPAL - FUTEBOL MASCULINO,Domingo
946,19/07/2021,12,BAHIA,0,FLAMENGO,5,PRINCIPAL - FUTEBOL MASCULINO,Domingo
946,19/07/2021,13,RB BRAGANTINO,2,SANTOS,2,PRINCIPAL - FUTEBOL MASCULINO,Domingo
946,19/07/2021,14,INTERNACIONAL,1,JUVENTUDE,0,PRINCIPAL - FUTEBOL MASCULINO,Domingo
947,26/07/2021,1,VILA NOVA,0,CRUZEIRO,0,PRINCIPAL - FUTEBOL MASCULINO,Sábado
947,26/07/2021,2,GREMIO,1,AMERICA,1,PRINCIPAL - FUTEBOL MASCULINO,Sábado
947,26/07/2021,3,PALMEIRAS,1,FLUMINENSE,0,PRINCIPAL - FUTEBOL MASCULINO,Sábado
947,26/07/2021,4,CSA,2,VITORIA,1,PRINCIPAL - FUTEBOL MASCULINO,Sábado
947,26/07/2021,5,VASCO DA GAMA,4,GUARANI,1,PRINCIPAL - FUTEBOL MASCULINO,Sábado
947,26/07/2021,6,ATLETICO,3,BAHIA,0,PRINCIPAL - FUTEBOL MASCULINO,Domingo
947,26/07/2021,7,BOTAFOGO,2,ITUANO,1,PRINCIPAL - FUTEBOL MASCULINO,Domingo
947,26/07/2021,8,FLAMENGO,5,SAO PAULO,1,PRINCIPAL - FUTEBOL MASCULINO,Domingo
947,26/07/2021,9,FORTALEZA,1,RB BRAGANTINO,0,PRINCIPAL - FUTEBOL MASCULINO,Domingo
947,26/07/2021,10,ATHLETICO,2,INTERNACIONAL,1,PRINCIPAL - FUTEBOL MASCULINO,Domingo
947,26/07/2021,11,OPERARIO,1,CORITIBA,0,PRINCIPAL - FUTEBOL MASCULINO,Domingo
947,26/07/2021,12,SANTOS,0,ATLETICO,1,PRINCIPAL - FUTEBOL MASCULINO,Domingo
947,26/07/2021,13,SAMP CORREA,2,CRB,3,PRINCIPAL - FUTEBOL MASCULINO,Domingo
947,26/07/2021,14,SPORT,0,CEARA,0,PRINCIPAL - FUTEBOL MASCULINO,Domingo
948,02/08/2021,1,JACUIPENSE,1,FLORESTA,1,PRINCIPAL - FUTEBOL MASCULINO,Sábado
948,02/08/2021,2,PAYSANDU,1,TOMBENSE,0,PRINCIPAL - FUTEBOL MASCULINO,Sábado
948,02/08/2021,3,BRASIL RS,1,SAMP CORREA,2,PRINCIPAL - FUTEBOL MASCULINO,Sábado
948,02/08/2021,4,FERROVIARIO,0,BOTAFOGO,0,PRINCIPAL - FUTEBOL MASCULINO,Sábado
948,02/08/2021,5,SAO PAULO,0,PALMEIRAS,0,PRINCIPAL - FUTEBOL MASCULINO,Sábado
948,02/08/2021,6,INTERNACIONAL,0,CUIABA,0,PRINCIPAL - FUTEBOL MASCULINO,Sábado
948,02/08/2021,7,BOTAFOGO,2,VASCO DA GAMA,0,PRINCIPAL - FUTEBOL MASCULINO,Sábado
948,02/08/2021,8,RB BRAGANTINO,1,GREMIO,0,PRINCIPAL - FUTEBOL MASCULINO,Sábado
948,02/08/2021,9,ATLETICO,2,ATHLETICO,0,PRINCIPAL - FUTEBOL MASCULINO,Domingo
948,02/08/2021,10,CORINTHIANS,1,FLAMENGO,3,PRINCIPAL - FUTEBOL MASCULINO,Domingo
948,02/08/2021,11,BAHIA,0,SPORT,1,PRINCIPAL - FUTEBOL MASCULINO,Domingo
948,02/08/2021,12,REMO,1,CSA,0,PRINCIPAL - FUTEBOL MASCULINO,Domingo
948,02/08/2021,13,ATLETICO,1,AMERICA,1,PRINCIPAL - FUTEBOL MASCULINO,Domingo
948,02/08/2021,14,CEARA,3,FORTALEZA,1,PRINCIPAL - FUTEBOL MASCULINO,Domingo
949,09/08/2021,1,NOVORIZONTINO,0,ITUANO,0,PRINCIPAL - FUTEBOL MASCULINO,Sábado
949,09/08/2021,2,ATHLETICO,1,SAO PAULO,2,PRINCIPAL - FUTEBOL MASCULINO,Sábado
949,09/08/2021,3,CSA,0,AVAI,0,PRINCIPAL - FUTEBOL MASCULINO,Sábado
949,09/08/2021,4,VITORIA,0,VASCO DA GAMA,1,PRINCIPAL - FUTEBOL MASCULINO,Sábado
949,09/08/2021,5,CUIABA,1,BAHIA,1,PRINCIPAL - FUTEBOL MASCULINO,Sábado
949,09/08/2021,6,PALMEIRAS,2,FORTALEZA,3,PRINCIPAL - FUTEBOL MASCULINO,Sábado
949,09/08/2021,7,VILA NOVA,0,SAMP CORREA,2,PRINCIPAL - FUTEBOL MASCULINO,Sábado
949,09/08/2021,8,AMERICA,1,FLUMINENSE,0,PRINCIPAL - FUTEBOL MASCULINO,Domingo
949,09/08/2021,9,JUVENTUDE,1,ATLETICO,2,PRINCIPAL - FUTEBOL MASCULINO,Domingo
949,09/08/2021,10,MANAUS,1,VOLTA REDONDA,0,PRINCIPAL - FUTEBOL MASCULINO,Domingo
949,09/08/2021,11,SANTOS,0,CORINTHIANS,0,PRINCIPAL - FUTEBOL MASCULINO,Domingo
949,09/08/2021,12,BOTAFOGO,2,PAYSANDU,1,PRINCIPAL - FUTEBOL MASCULINO,Domingo
949,09/08/2021,13,CEARA,0,ATLETICO,0,PRINCIPAL - FUTEBOL MASCULINO,Domingo
949,09/08/2021,14,FLAMENGO,0,INTERNACIONAL,4,PRINCIPAL - FUTEBOL MASCULINO,Domingo
950,16/08/2021,1,CRUZEIRO,1,SAMP CORREA,1,PRINCIPAL - FUTEBOL MASCULINO,Sábado
950,16/08/2021,2,PONTE PRETA,4,CONFIANCA,2,PRINCIPAL - FUTEBOL MASCULINO,Sábado
950,16/08/2021,3,RB BRAGANTINO,1,JUVENTUDE,2,PRINCIPAL - FUTEBOL MASCULINO,Sábado
950,16/08/2021,4,ATLETICO,2,PALMEIRAS,0,PRINCIPAL - FUTEBOL MASCULINO,Sábado
950,16/08/2021,5,AVAI,2,NAUTICO,0,PRINCIPAL - FUTEBOL MASCULINO,Sábado
950,16/08/2021,6,SAO PAULO,2,GREMIO,1,PRINCIPAL - FUTEBOL MASCULINO,Sábado
950,16/08/2021,7,LONDRINA,1,VILA NOVA,0,PRINCIPAL - FUTEBOL MASCULINO,Domingo
950,16/08/2021,8,TOTTENHAM,1,MANCHESTER CITY,0,PRINCIPAL - FUTEBOL MASCULINO,Domingo
950,16/08/2021,9,CORINTHIANS,3,CEARA,1,PRINCIPAL - FUTEBOL MASCULINO,Domingo
950,16/08/2021,10,BAHIA,1,ATLETICO,2,PRINCIPAL - FUTEBOL MASCULINO,Domingo
950,16/08/2021,11,CUIABA,1,ATHLETICO,0,PRINCIPAL - FUTEBOL MASCULINO,Domingo
950,16/08/2021,12,FORTALEZA,1,SANTOS,1,PRINCIPAL - FUTEBOL MASCULINO,Domingo
950,16/08/2021,13,INTERNACIONAL,4,FLUMINENSE,2,PRINCIPAL - FUTEBOL MASCULINO,Domingo
950,16/08/2021,14,OPERARIO,1,BRUSQUE,1,PRINCIPAL - FUTEBOL MASCULINO,Domingo
951,23/08/2021,1,ATLETICO,1,CHAPECOENSE,1,PRINCIPAL - FUTEBOL MASCULINO,Sábado
951,23/08/2021,2,GREMIO,2,BAHIA,0,PRINCIPAL - FUTEBOL MASCULINO,Sábado
951,23/08/2021,3,OPERARIO,2,VASCO DA GAMA,0,PRINCIPAL - FUTEBOL MASCULINO,Sábado
951,23/08/2021,4,JUVENTUDE,1,FORTALEZA,1,PRINCIPAL - FUTEBOL MASCULINO,Sábado
951,23/08/2021,5,WOLVES,0,TOTTENHAM,1,PRINCIPAL - FUTEBOL MASCULINO,Domingo
951,23/08/2021,6,PALMEIRAS,0,CUIABA,2,PRINCIPAL - FUTEBOL MASCULINO,Domingo
951,23/08/2021,7,NICE,1,OLYMP DE MARSELHA,0,PRINCIPAL - FUTEBOL MASCULINO,Domingo
951,23/08/2021,8,ATHLETICO,0,CORINTHIANS,1,PRINCIPAL - FUTEBOL MASCULINO,Domingo
951,23/08/2021,9,CEARA,1,FLAMENGO,1,PRINCIPAL - FUTEBOL MASCULINO,Domingo
951,23/08/2021,10,GOIAS,2,SAMP CORREA,2,PRINCIPAL - FUTEBOL MASCULINO,Domingo
951,23/08/2021,11,LONDRINA,0,BRASIL DE PELOTAS,0,PRINCIPAL - FUTEBOL MASCULINO,Domingo
951,23/08/2021,12,SANTOS,2,INTERNACIONAL,2,PRINCIPAL - FUTEBOL MASCULINO,Domingo
951,23/08/2021,13,PONTE PRETA,3,BRUSQUE,0,PRINCIPAL - FUTEBOL MASCULINO,Domingo
951,23/08/2021,14,SPORT,0,SAO PAULO,1,PRINCIPAL - FUTEBOL MASCULINO,Domingo
952,30/08/2021,1,SPORT,0,CHAPECOENSE,0,PRINCIPAL - FUTEBOL MASCULINO,Sábado
952,30/08/2021,2,BRUSQUE,0,LONDRINA,0,PRINCIPAL - FUTEBOL MASCULINO,Sábado
952,30/08/2021,3,SANTOS,0,FLAMENGO,4,PRINCIPAL - FUTEBOL MASCULINO,Sábado
952,30/08/2021,4,GREMIO,0,CORINTHIANS,1,PRINCIPAL - FUTEBOL MASCULINO,Sábado
952,30/08/2021,5,PALMEIRAS,2,ATHLETICO,1,PRINCIPAL - FUTEBOL MASCULINO,Sábado
952,30/08/2021,6,SAMP CORREA,2,CSA,0,PRINCIPAL - FUTEBOL MASCULINO,Sábado
952,30/08/2021,7,AMERICA,2,CEARA,0,PRINCIPAL - FUTEBOL MASCULINO,Domingo
952,30/08/2021,8,WOLFSBURG,1,RB LEIPZIG,0,PRINCIPAL - FUTEBOL MASCULINO,Domingo
952,30/08/2021,9,CRB,0,CRUZEIRO,0,PRINCIPAL - FUTEBOL MASCULINO,Domingo
952,30/08/2021,10,JUVENTUDE,1,SAO PAULO,1,PRINCIPAL - FUTEBOL MASCULINO,Domingo
952,30/08/2021,11,NAUTICO,1,VITORIA,1,PRINCIPAL - FUTEBOL MASCULINO,Domingo
952,30/08/2021,12,VASCO DA GAMA,2,PONTE PRETA,0,PRINCIPAL - FUTEBOL MASCULINO,Domingo
952,30/08/2021,13,ATLETICO,0,INTERNACIONAL,0,PRINCIPAL - FUTEBOL MASCULINO,Domingo
952,30/08/2021,14,RB BRAGANTINO,1,ATLETICO,1,PRINCIPAL - FUTEBOL MASCULINO,Domingo
953,06/09/2021,1,FLORESTA,1,ALTOS,2,PRINCIPAL - FUTEBOL MASCULINO,Sábado
953,06/09/2021,2,BOTAFOGO,1,NOVORIZONTINO,4,PRINCIPAL - FUTEBOL MASCULINO,Sábado
953,06/09/2021,3,NAUTICO,1,GUARANI,1,PRINCIPAL - FUTEBOL MASCULINO,Sábado
953,06/09/2021,4,REMO,0,BOTAFOGO,1,PRINCIPAL - FUTEBOL MASCULINO,Sábado
953,06/09/2021,5,BAHIA,4,FORTALEZA,2,PRINCIPAL - FUTEBOL MASCULINO,Sábado
953,06/09/2021,6,CUIABA,2,SANTOS,1,PRINCIPAL - FUTEBOL MASCULINO,Sábado
953,06/09/2021,7,VOLTA REDONDA,2,FERROVIARIO,0,PRINCIPAL - FUTEBOL MASCULINO,Sábado
953,06/09/2021,8,SUICA,0,ITALIA,0,PRINCIPAL - FUTEBOL MASCULINO,Domingo
953,06/09/2021,9,BRASIL,0,ARGENTINA,0,PRINCIPAL - FUTEBOL MASCULINO,Domingo
953,06/09/2021,10,EQUADOR,0,CHILE,0,PRINCIPAL - FUTEBOL MASCULINO,Domingo
953,06/09/2021,11,ATHLETICO,0,SPORT,0,PRINCIPAL - FUTEBOL MASCULINO,Domingo
953,06/09/2021,12,PARAGUAI,1,COLOMBIA,1,PRINCIPAL - FUTEBOL MASCULINO,Domingo
953,06/09/2021,13,BOTAFOGO,1,TOMBENSE,1,PRINCIPAL - FUTEBOL MASCULINO,Domingo
953,06/09/2021,14,PERU,1,VENEZUELA,0,PRINCIPAL - FUTEBOL MASCULINO,Domingo
954,13/09/2021,1,PALMEIRAS,1,FLAMENGO,3,PRINCIPAL - FUTEBOL MASCULINO,Domingo
954,13/09/2021,2,ATALANTA BERGAMAS,1,FIORENTINA,2,PRINCIPAL - FUTEBOL MASCULINO,Sábado
954,13/09/2021,3,AMERICA,2,ATHLETICO,0,PRINCIPAL - FUTEBOL MASCULINO,Sábado
954,13/09/2021,4,MONACO,0,OLYMP DE MARSELHA,2,PRINCIPAL - FUTEBOL MASCULINO,Sábado
954,13/09/2021,5,SAMP CORREA,0,OPERARIO,0,PRINCIPAL - FUTEBOL MASCULINO,Sábado
954,13/09/2021,6,SPORTING PORTUGAL,1,FC PORTO,1,PRINCIPAL - FUTEBOL MASCULINO,Sábado
954,13/09/2021,7,JUVENTUDE,1,CUIABA,2,PRINCIPAL - FUTEBOL MASCULINO,Sábado
954,13/09/2021,8,CRB,0,GOIAS,1,PRINCIPAL - FUTEBOL MASCULINO,Sábado
954,13/09/2021,9,SANTOS,0,BAHIA,0,PRINCIPAL - FUTEBOL MASCULINO,Sábado
954,13/09/2021,10,GREMIO,2,CEARA,0,PRINCIPAL - FUTEBOL MASCULINO,Domingo
954,13/09/2021,11,MILAN,2,LAZIO,0,PRINCIPAL - FUTEBOL MASCULINO,Domingo
954,13/09/2021,12,FORTALEZA,0,ATLETICO,2,PRINCIPAL - FUTEBOL MASCULINO,Domingo
954,13/09/2021,13,ATLETICO,1,CORINTHIANS,1,PRINCIPAL - FUTEBOL MASCULINO,Domingo
954,13/09/2021,14,FLUMINENSE,2,SAO PAULO,1,PRINCIPAL - FUTEBOL MASCULINO,Domingo
955,20/09/2021,1,FLAMENGO,0,GREMIO,1,PRINCIPAL - FUTEBOL MASCULINO,Domingo
955,20/09/2021,2,BOTAFOGO,3,NAUTICO,1,PRINCIPAL - FUTEBOL MASCULINO,Sábado
955,20/09/2021,3,CHAPECOENSE,0,PALMEIRAS,2,PRINCIPAL - FUTEBOL MASCULINO,Sábado
955,20/09/2021,4,ATHLETICO,2,JUVENTUDE,1,PRINCIPAL - FUTEBOL MASCULINO,Sábado
955,20/09/2021,5,ATLETICO,3,SPORT,0,PRINCIPAL - FUTEBOL MASCULINO,Sábado
955,20/09/2021,6,BAHIA,1,RB BRAGANTINO,1,PRINCIPAL - FUTEBOL MASCULINO,Sábado
955,20/09/2021,7,CEARA,0,SANTOS,0,PRINCIPAL - FUTEBOL MASCULINO,Sábado
955,20/09/2021,8,INTERNACIONAL,1,FORTALEZA,0,PRINCIPAL - FUTEBOL MASCULINO,Domingo
955,20/09/2021,9,TOTTENHAM,0,CHELSEA,3,PRINCIPAL - FUTEBOL MASCULINO,Domingo
955,20/09/2021,10,JUVENTUS,1,MILAN,1,PRINCIPAL - FUTEBOL MASCULINO,Domingo
955,20/09/2021,11,SAO PAULO,2,ATLETICO,1,PRINCIPAL - FUTEBOL MASCULINO,Domingo
955,20/09/2021,12,VALENCIA CLUB,1,REAL MADRID,2,PRINCIPAL - FUTEBOL MASCULINO,Domingo
955,20/09/2021,13,VASCO DA GAMA,1,CRUZEIRO,1,PRINCIPAL - FUTEBOL MASCULINO,Domingo
955,20/09/2021,14,CORINTHIANS,1,AMERICA,1,PRINCIPAL - FUTEBOL MASCULINO,Domingo
956,27/09/2021,1,CORINTHIANS,2,PALMEIRAS,1,PRINCIPAL - FUTEBOL MASCULINO,Sábado
956,27/09/2021,2,CEARA,1,CHAPECOENSE,0,PRINCIPAL - FUTEBOL MASCULINO,Sábado
956,27/09/2021,3,CRB,1,AVAI,2,PRINCIPAL - FUTEBOL MASCULINO,Sábado
956,27/09/2021,4,CORITIBA,1,GUARANI,0,PRINCIPAL - FUTEBOL MASCULINO,Sábado
956,27/09/2021,5,SAO PAULO,0,ATLETICO,0,PRINCIPAL - FUTEBOL MASCULINO,Sábado
956,27/09/2021,6,AMERICA,1,FLAMENGO,1,PRINCIPAL - FUTEBOL MASCULINO,Domingo
956,27/09/2021,7,CRUZEIRO,1,CSA,2,PRINCIPAL - FUTEBOL MASCULINO,Domingo
956,27/09/2021,8,FLUMINENSE,2,RB BRAGANTINO,1,PRINCIPAL - FUTEBOL MASCULINO,Domingo
956,27/09/2021,9,INTERNACIONAL,2,BAHIA,0,PRINCIPAL - FUTEBOL MASCULINO,Domingo
956,27/09/2021,10,JUVENTUDE,3,SANTOS,0,PRINCIPAL - FUTEBOL MASCULINO,Domingo
956,27/09/2021,11,ATHLETICO,4,GREMIO,2,PRINCIPAL - FUTEBOL MASCULINO,Domingo
956,27/09/2021,12,BOTAFOGO,2,SAMP CORREA,0,PRINCIPAL - FUTEBOL MASCULINO,Domingo
956,27/09/2021,13,SPORT,0,FORTALEZA,1,PRINCIPAL - FUTEBOL MASCULINO,Domingo
956,27/09/2021,14,ATLETICO,0,CUIABA,0,PRINCIPAL - FUTEBOL MASCULINO,Domingo
957,04/10/2021,1,FLAMENGO,3,ATHLETICO,0,PRINCIPAL - FUTEBOL MASCULINO,Domingo
957,04/10/2021,2,ATLETICO MADRID,2,BARCELONA,0,PRINCIPAL - FUTEBOL MASCULINO,Sábado
957,04/10/2021,3,CUIABA,0,AMERICA,2,PRINCIPAL - FUTEBOL MASCULINO,Sábado
957,04/10/2021,4,FORTALEZA,0,ATLETICO,3,PRINCIPAL - FUTEBOL MASCULINO,Sábado
957,04/10/2021,5,CRB,0,CSA,0,PRINCIPAL - FUTEBOL MASCULINO,Sábado
957,04/10/2021,6,FIORENTINA,1,NAPOLI,2,PRINCIPAL - FUTEBOL MASCULINO,Domingo
957,04/10/2021,7,BOTAFOGO,1,AVAI,2,PRINCIPAL - FUTEBOL MASCULINO,Sábado
957,04/10/2021,8,RB BRAGANTINO,2,CORINTHIANS,2,PRINCIPAL - FUTEBOL MASCULINO,Sábado
957,04/10/2021,9,ATLETICO,1,INTERNACIONAL,0,PRINCIPAL - FUTEBOL MASCULINO,Sábado
957,04/10/2021,10,LIVERPOOL,2,MANCHESTER CITY,2,PRINCIPAL - FUTEBOL MASCULINO,Domingo
957,04/10/2021,11,CHAPECOENSE,1,SAO PAULO,1,PRINCIPAL - FUTEBOL MASCULINO,Domingo
957,04/10/2021,12,PALMEIRAS,1,JUVENTUDE,1,PRINCIPAL - FUTEBOL MASCULINO,Domingo
957,04/10/2021,13,ATALANTA BERGAMAS,2,MILAN,3,PRINCIPAL - FUTEBOL MASCULINO,Domingo
957,04/10/2021,14,GREMIO,1,SPORT,2,PRINCIPAL - FUTEBOL MASCULINO,Domingo
958,11/10/2021,1,COLOMBIA,0,BRASIL,0,PRINCIPAL - FUTEBOL MASCULINO,Domingo
958,11/10/2021,2,ATLETICO,3,CEARA,1,PRINCIPAL - FUTEBOL MASCULINO,Sábado
958,11/10/2021,3,FLUMINENSE,0,ATLETICO,0,PRINCIPAL - FUTEBOL MASCULINO,Sábado
958,11/10/2021,4,SPORT,1,CORINTHIANS,0,PRINCIPAL - FUTEBOL MASCULINO,Sábado
958,11/10/2021,5,GUARANI,3,LONDRINA,0,PRINCIPAL - FUTEBOL MASCULINO,Sábado
958,11/10/2021,6,FORTALEZA,0,FLAMENGO,3,PRINCIPAL - FUTEBOL MASCULINO,Sábado
958,11/10/2021,7,ATHLETICO,0,BAHIA,2,PRINCIPAL - FUTEBOL MASCULINO,Sábado
958,11/10/2021,8,SAMP CORREA,1,VASCO DA GAMA,0,PRINCIPAL - FUTEBOL MASCULINO,Sábado
958,11/10/2021,9,JUVENTUDE,1,AMERICA,1,PRINCIPAL - FUTEBOL MASCULINO,Sábado
958,11/10/2021,10,PALMEIRAS,2,RB BRAGANTINO,4,PRINCIPAL - FUTEBOL MASCULINO,Sábado
958,11/10/2021,11,INTERNACIONAL,5,CHAPECOENSE,2,PRINCIPAL - FUTEBOL MASCULINO,Domingo
958,11/10/2021,12,SANTOS,1,GREMIO,0,PRINCIPAL - FUTEBOL MASCULINO,Domingo
958,11/10/2021,13,ARGENTINA,3,URUGUAI,0,PRINCIPAL - FUTEBOL MASCULINO,Domingo
958,11/10/2021,14,CHILE,2,PARAGUAI,0,PRINCIPAL - FUTEBOL MASCULINO,Domingo
959,18/10/2021,1,PALMEIRAS,1,INTERNACIONAL,0,PRINCIPAL - FUTEBOL MASCULINO,Domingo
959,18/10/2021,2,LYON,2,MONACO,0,PRINCIPAL - FUTEBOL MASCULINO,Sábado
959,18/10/2021,3,VASCO DA GAMA,2,CORITIBA,1,PRINCIPAL - FUTEBOL MASCULINO,Sábado
959,18/10/2021,4,CHAPECOENSE,1,FORTALEZA,2,PRINCIPAL - FUTEBOL MASCULINO,Sábado
959,18/10/2021,5,AMERICA,0,BAHIA,0,PRINCIPAL - FUTEBOL MASCULINO,Sábado
959,18/10/2021,6,BAYER LEVERKUSEN,1,BAYERN DE MUNIQUE,5,PRINCIPAL - FUTEBOL MASCULINO,Domingo
959,18/10/2021,7,JUVENTUS,1,ROMA,0,PRINCIPAL - FUTEBOL MASCULINO,Domingo
959,18/10/2021,8,ATHLETICO,0,FLUMINENSE,1,PRINCIPAL - FUTEBOL MASCULINO,Domingo
959,18/10/2021,9,BARCELONA,3,VALENCIA CLUB,1,PRINCIPAL - FUTEBOL MASCULINO,Domingo
959,18/10/2021,10,ATLETICO,2,ATLETICO,1,PRINCIPAL - FUTEBOL MASCULINO,Domingo
959,18/10/2021,11,CEARA,2,RB BRAGANTINO,2,PRINCIPAL - FUTEBOL MASCULINO,Domingo
959,18/10/2021,12,GREMIO,3,JUVENTUDE,2,PRINCIPAL - FUTEBOL MASCULINO,Domingo
959,18/10/2021,13,FLAMENGO,0,CUIABA,0,PRINCIPAL - FUTEBOL MASCULINO,Domingo
959,18/10/2021,14,SPORT,0,SANTOS,0,PRINCIPAL - FUTEBOL MASCULINO,Domingo
960,25/10/2021,1,FLUMINENSE,3,FLAMENGO,1,PRINCIPAL - FUTEBOL MASCULINO,Sábado
960,25/10/2021,2,SANTOS,0,AMERICA,2,PRINCIPAL - FUTEBOL MASCULINO,Sábado
960,25/10/2021,3,JUVENTUDE,0,CEARA,0,PRINCIPAL - FUTEBOL MASCULINO,Sábado
960,25/10/2021,4,FORTALEZA,3,ATHLETICO,0,PRINCIPAL - FUTEBOL MASCULINO,Sábado
960,25/10/2021,5,BARCELONA,1,REAL MADRID,2,PRINCIPAL - FUTEBOL MASCULINO,Domingo
960,25/10/2021,6,MANCHESTER UNITED,0,LIVERPOOL,5,PRINCIPAL - FUTEBOL MASCULINO,Domingo
960,25/10/2021,7,ROMA,0,NAPOLI,0,PRINCIPAL - FUTEBOL MASCULINO,Domingo
960,25/10/2021,8,INTER DE MILAO,1,JUVENTUS,1,PRINCIPAL - FUTEBOL MASCULINO,Domingo
960,25/10/2021,9,ATLETICO,2,CUIABA,1,PRINCIPAL - FUTEBOL MASCULINO,Domingo
960,25/10/2021,10,INTERNACIONAL,2,CORINTHIANS,2,PRINCIPAL - FUTEBOL MASCULINO,Domingo
960,25/10/2021,11,NAUTICO,2,VASCO DA GAMA,2,PRINCIPAL - FUTEBOL MASCULINO,Domingo
960,25/10/2021,12,ATLETICO MADRID,2,REAL SOCIEDAD,2,PRINCIPAL - FUTEBOL MASCULINO,Domingo
960,25/10/2021,13,RB BRAGANTINO,1,SAO PAULO,0,PRINCIPAL - FUTEBOL MASCULINO,Domingo
960,25/10/2021,14,BAHIA,3,CHAPECOENSE,0,PRINCIPAL - FUTEBOL MASCULINO,Domingo
961,01/11/2021,1,FLAMENGO,1,ATLETICO,0,PRINCIPAL - FUTEBOL MASCULINO,Sábado
961,01/11/2021,2,PONTE PRETA,0,VITORIA,0,PRINCIPAL - FUTEBOL MASCULINO,Sábado
961,01/11/2021,3,ATHLETICO,0,SANTOS,1,PRINCIPAL - FUTEBOL MASCULINO,Sábado
961,01/11/2021,4,MANAUS,1,TOMBENSE,2,PRINCIPAL - FUTEBOL MASCULINO,Sábado
961,01/11/2021,5,CONFIANCA,0,LONDRINA,2,PRINCIPAL - FUTEBOL MASCULINO,Sábado
961,01/11/2021,6,JUVENTUDE,0,BAHIA,0,PRINCIPAL - FUTEBOL MASCULINO,Sábado
961,01/11/2021,7,AMERICA,2,FORTALEZA,1,PRINCIPAL - FUTEBOL MASCULINO,Sábado
961,01/11/2021,8,ATLETICO MADRID,3,REAL BETIS,0,PRINCIPAL - FUTEBOL MASCULINO,Domingo
961,01/11/2021,9,CEARA,1,FLUMINENSE,0,PRINCIPAL - FUTEBOL MASCULINO,Domingo
961,01/11/2021,10,GREMIO,1,PALMEIRAS,3,PRINCIPAL - FUTEBOL MASCULINO,Domingo
961,01/11/2021,11,CRICIUMA,0,ITUANO,0,PRINCIPAL - FUTEBOL MASCULINO,Domingo
961,01/11/2021,12,ROMA,1,MILAN,2,PRINCIPAL - FUTEBOL MASCULINO,Domingo
961,01/11/2021,13,SAO PAULO,1,INTERNACIONAL,0,PRINCIPAL - FUTEBOL MASCULINO,Domingo
961,01/11/2021,14,SPORT,2,ATLETICO,0,PRINCIPAL - FUTEBOL MASCULINO,Domingo
962,08/11/2021,1,INTERNACIONAL,1,GREMIO,0,PRINCIPAL - FUTEBOL MASCULINO,Sábado
962,08/11/2021,2,CORINTHIANS,1,FORTALEZA,0,PRINCIPAL - FUTEBOL MASCULINO,Sábado
962,08/11/2021,3,ITUANO,3,BOTAFOGO,1,PRINCIPAL - FUTEBOL MASCULINO,Sábado
962,08/11/2021,4,FLUMINENSE,1,SPORT,0,PRINCIPAL - FUTEBOL MASCULINO,Sábado
962,08/11/2021,5,EVERTON,0,TOTTENHAM,0,PRINCIPAL - FUTEBOL MASCULINO,Domingo
962,08/11/2021,6,WEST HAM,3,LIVERPOOL,2,PRINCIPAL - FUTEBOL MASCULINO,Domingo
962,08/11/2021,7,NOVORIZONTINO,2,MANAUS,0,PRINCIPAL - FUTEBOL MASCULINO,Domingo
962,08/11/2021,8,ATLETICO,1,AMERICA,0,PRINCIPAL - FUTEBOL MASCULINO,Domingo
962,08/11/2021,9,RB BRAGANTINO,0,ATHLETICO,2,PRINCIPAL - FUTEBOL MASCULINO,Domingo
962,08/11/2021,10,SANTOS,0,PALMEIRAS,2,PRINCIPAL - FUTEBOL MASCULINO,Domingo
962,08/11/2021,11,VASCO DA GAMA,0,BOTAFOGO,4,PRINCIPAL - FUTEBOL MASCULINO,Domingo
962,08/11/2021,12,MILAN,1,INTER DE MILAO,1,PRINCIPAL - FUTEBOL MASCULINO,Domingo
962,08/11/2021,13,BAHIA,1,SAO PAULO,0,PRINCIPAL - FUTEBOL MASCULINO,Domingo
962,08/11/2021,14,CEARA,1,CUIABA,0,PRINCIPAL - FUTEBOL MASCULINO,Domingo
963,16/11/2021,1,SAO PAULO,0,FLAMENGO,4,PRINCIPAL - FUTEBOL MASCULINO,Domingo
963,16/11/2021,2,GUARANI,4,AVAI,0,PRINCIPAL - FUTEBOL MASCULINO,Sábado
963,16/11/2021,3,ATLETICO,0,SANTOS,0,PRINCIPAL - FUTEBOL MASCULINO,Sábado
963,16/11/2021,4,AMERICA,3,GREMIO,1,PRINCIPAL - FUTEBOL MASCULINO,Sábado
963,16/11/2021,5,INTERNACIONAL,2,ATHLETICO,1,PRINCIPAL - FUTEBOL MASCULINO,Sábado
963,16/11/2021,6,RB BRAGANTINO,3,FORTALEZA,0,PRINCIPAL - FUTEBOL MASCULINO,Sábado
963,16/11/2021,7,CORINTHIANS,3,CUIABA,2,PRINCIPAL - FUTEBOL MASCULINO,Sábado
963,16/11/2021,8,TOMBENSE,1,ITUANO,1,PRINCIPAL - FUTEBOL MASCULINO,Domingo
963,16/11/2021,9,FLUMINENSE,2,PALMEIRAS,1,PRINCIPAL - FUTEBOL MASCULINO,Domingo
963,16/11/2021,10,CEARA,2,SPORT,1,PRINCIPAL - FUTEBOL MASCULINO,Domingo
963,16/11/2021,11,CHAPECOENSE,0,JUVENTUDE,2,PRINCIPAL - FUTEBOL MASCULINO,Domingo
963,16/11/2021,12,LONDRINA,2,PONTE PRETA,1,PRINCIPAL - FUTEBOL MASCULINO,Segunda-feira
963,16/11/2021,13,NAUTICO,2,SAMP CORREA,1,PRINCIPAL - FUTEBOL MASCULINO,Segunda-feira
963,16/11/2021,14,VILA NOVA,2,VASCO DA GAMA,2,PRINCIPAL - FUTEBOL MASCULINO,Segunda-feira
964,22/11/2021,1,ATHLETICO,1,RB BRAGANTINO,0,PRINCIPAL - FUTEBOL MASCULINO,Sábado
964,22/11/2021,2,ITUANO,3,TOMBENSE,0,PRINCIPAL - FUTEBOL MASCULINO,Sábado
964,22/11/2021,3,ATLETICO,2,JUVENTUDE,0,PRINCIPAL - FUTEBOL MASCULINO,Sábado
964,22/11/2021,4,CHAPECOENSE,1,GREMIO,3,PRINCIPAL - FUTEBOL MASCULINO,Sábado
964,22/11/2021,5,FORTALEZA,1,PALMEIRAS,0,PRINCIPAL - FUTEBOL MASCULINO,Sábado
964,22/11/2021,6,ATLETICO,1,CEARA,1,PRINCIPAL - FUTEBOL MASCULINO,Sábado
964,22/11/2021,7,INTERNACIONAL,1,FLAMENGO,2,PRINCIPAL - FUTEBOL MASCULINO,Sábado
964,22/11/2021,8,INTER DE MILAO,3,NAPOLI,2,PRINCIPAL - FUTEBOL MASCULINO,Domingo
964,22/11/2021,9,CORINTHIANS,2,SANTOS,0,PRINCIPAL - FUTEBOL MASCULINO,Domingo
964,22/11/2021,10,FLUMINENSE,2,AMERICA,0,PRINCIPAL - FUTEBOL MASCULINO,Domingo
964,22/11/2021,11,LYON,0,OLYMP DE MARSELHA,0,PRINCIPAL - FUTEBOL MASCULINO,Domingo
964,22/11/2021,12,NAUTICO,1,AVAI,2,PRINCIPAL - FUTEBOL MASCULINO,Domingo
964,22/11/2021,13,BAHIA,0,CUIABA,0,PRINCIPAL - FUTEBOL MASCULINO,Domingo
964,22/11/2021,14,CORITIBA,0,CSA,1,PRINCIPAL - FUTEBOL MASCULINO,Domingo
965,29/11/2021,1,PALMEIRAS,1,FLAMENGO,1,PRINCIPAL - FUTEBOL MASCULINO,Sábado
965,29/11/2021,2,VILLARREAL,1,BARCELONA,3,PRINCIPAL - FUTEBOL MASCULINO,Sábado
965,29/11/2021,3,RB BRAGANTINO,1,AMERICA,1,PRINCIPAL - FUTEBOL MASCULINO,Sábado
965,29/11/2021,4,SAO PAULO,2,SPORT,0,PRINCIPAL - FUTEBOL MASCULINO,Sábado
965,29/11/2021,5,LEICESTER,4,WATFORD,2,PRINCIPAL - FUTEBOL MASCULINO,Domingo
965,29/11/2021,6,MANCHESTER CITY,2,WEST HAM,1,PRINCIPAL - FUTEBOL MASCULINO,Domingo
965,29/11/2021,7,RB LEIPZIG,1,BAYER LEVERKUSEN,3,PRINCIPAL - FUTEBOL MASCULINO,Domingo
965,29/11/2021,8,CHELSEA,1,MANCHESTER UNITED,1,PRINCIPAL - FUTEBOL MASCULINO,Domingo
965,29/11/2021,9,ATLETICO,2,FLUMINENSE,1,PRINCIPAL - FUTEBOL MASCULINO,Domingo
965,29/11/2021,10,CORINTHIANS,1,ATHLETICO,0,PRINCIPAL - FUTEBOL MASCULINO,Domingo
965,29/11/2021,11,BOTAFOGO,2,GUARANI,2,PRINCIPAL - FUTEBOL MASCULINO,Domingo
965,29/11/2021,12,OPERARIO,2,CRB,1,PRINCIPAL - FUTEBOL MASCULINO,Domingo
965,29/11/2021,13,REAL MADRID,2,SEVILLA,1,PRINCIPAL - FUTEBOL MASCULINO,Domingo
965,29/11/2021,14,INTERNACIONAL,1,SANTOS,1,PRINCIPAL - FUTEBOL MASCULINO,Domingo
966,06/12/2021,1,ATLETICO,4,RB BRAGANTINO,3,PRINCIPAL - FUTEBOL MASCULINO,Domingo
966,06/12/2021,2,NAPOLI,2,ATALANTA BERGAMAS,3,PRINCIPAL - FUTEBOL MASCULINO,Sábado
966,06/12/2021,3,REMO,2,PAYSANDU,0,PRINCIPAL - FUTEBOL MASCULINO,Sábado
966,06/12/2021,4,REAL SOCIEDAD,0,REAL MADRID,2,PRINCIPAL - FUTEBOL MASCULINO,Sábado
966,06/12/2021,5,BOLOGNA,2,FIORENTINA,3,PRINCIPAL - FUTEBOL MASCULINO,Domingo
966,06/12/2021,6,RAYO VALLECANO,1,ESPANYOL,0,PRINCIPAL - FUTEBOL MASCULINO,Domingo
966,06/12/2021,7,SPEZIA CALCIO,2,SASSUOLO,2,PRINCIPAL - FUTEBOL MASCULINO,Domingo
966,06/12/2021,8,MANCHESTER UNITED,1,CRYSTAL PALACE,0,PRINCIPAL - FUTEBOL MASCULINO,Domingo
966,06/12/2021,9,ASTON VILLA,2,LEICESTER,1,PRINCIPAL - FUTEBOL MASCULINO,Domingo
966,06/12/2021,10,SAMPDORIA,1,LAZIO,3,PRINCIPAL - FUTEBOL MASCULINO,Domingo
966,06/12/2021,11,BAHIA,2,FLUMINENSE,0,PRINCIPAL - FUTEBOL MASCULINO,Domingo
966,06/12/2021,12,CORINTHIANS,1,GREMIO,1,PRINCIPAL - FUTEBOL MASCULINO,Domingo
966,06/12/2021,13,BRAGA,2,ESTORIL,0,PRINCIPAL - FUTEBOL MASCULINO,Domingo
966,06/12/2021,14,CEARA,0,AMERICA,0,PRINCIPAL - FUTEBOL MASCULINO,Domingo
967,13/12/2021,1,ATLETICO,4,ATHLETICO,0,PRINCIPAL - FUTEBOL MASCULINO,Domingo
967,13/12/2021,2,REMO,0,VILA NOVA,0,PRINCIPAL - FUTEBOL MASCULINO,Sábado
967,13/12/2021,3,FRANKFURT,5,BAYER LEVERKUSEN,2,PRINCIPAL - FUTEBOL MASCULINO,Domingo
967,13/12/2021,4,RENNES,1,NICE,2,PRINCIPAL - FUTEBOL MASCULINO,Domingo
967,13/12/2021,5,VERONA,1,ATALANTA BERGAMAS,2,PRINCIPAL - FUTEBOL MASCULINO,Domingo
967,13/12/2021,6,BRIGHTON,1,TOTTENHAM,0,PRINCIPAL - FUTEBOL MASCULINO,Domingo
967,13/12/2021,7,OSASUNA,2,BARCELONA,2,PRINCIPAL - FUTEBOL MASCULINO,Domingo
967,13/12/2021,8,STRASBOURG,0,OLYMP DE MARSELHA,2,PRINCIPAL - FUTEBOL MASCULINO,Domingo
967,13/12/2021,9,CRYSTAL PALACE,3,EVERTON,1,PRINCIPAL - FUTEBOL MASCULINO,Domingo
967,13/12/2021,10,SASSUOLO,2,LAZIO,1,PRINCIPAL - FUTEBOL MASCULINO,Domingo
967,13/12/2021,11,REAL BETIS,4,REAL SOCIEDAD,0,PRINCIPAL - FUTEBOL MASCULINO,Domingo
967,13/12/2021,12,PSG,2,MONACO,0,PRINCIPAL - FUTEBOL MASCULINO,Domingo
967,13/12/2021,13,REAL MADRID,2,ATLETICO MADRID,0,PRINCIPAL - FUTEBOL MASCULINO,Domingo
967,13/12/2021,14,FC PORTO,1,BRAGA,0,PRINCIPAL - FUTEBOL MASCULINO,Domingo
968,20/12/2021,1,MILAN,0,NAPOLI,1,PRINCIPAL - FUTEBOL MASCULINO,Domingo
968,20/12/2021,2,CAGLIARI CALCIO,0,UDINESE,4,PRINCIPAL - FUTEBOL MASCULINO,Sábado
968,20/12/2021,3,SEVILLA,2,ATLETICO MADRID,1,PRINCIPAL - FUTEBOL MASCULINO,Sábado
968,20/12/2021,4,FIORENTINA,2,SASSUOLO,2,PRINCIPAL - FUTEBOL MASCULINO,Domingo
968,20/12/2021,5,EVERTON,0,LEICESTER,0,PRINCIPAL - FUTEBOL MASCULINO,Domingo
968,20/12/2021,6,GRANADA,4,MALLORCA,1,PRINCIPAL - FUTEBOL MASCULINO,Domingo
968,20/12/2021,7,SPEZIA CALCIO,1,EMPOLI,1,PRINCIPAL - FUTEBOL MASCULINO,Domingo
968,20/12/2021,8,WOLVES,0,CHELSEA,0,PRINCIPAL - FUTEBOL MASCULINO,Domingo
968,20/12/2021,9,NEW CASTLE,0,MANCHESTER CITY,4,PRINCIPAL - FUTEBOL MASCULINO,Domingo
968,20/12/2021,10,E C FREIBURG,2,BAYER LEVERKUSEN,1,PRINCIPAL - FUTEBOL MASCULINO,Domingo
968,20/12/2021,11,ATHLETIC BILBAO,3,REAL BETIS,2,PRINCIPAL - FUTEBOL MASCULINO,Domingo
968,20/12/2021,12,SAMPDORIA,1,VENEZIA,1,PRINCIPAL - FUTEBOL MASCULINO,Domingo
968,20/12/2021,13,TORINO,1,VERONA,0,PRINCIPAL - FUTEBOL MASCULINO,Domingo
968,20/12/2021,14,REAL MADRID,0,CADIZ,0,PRINCIPAL - FUTEBOL MASCULINO,Domingo
969,10/01/2022,1,SAO BENTO,1,LONDRINA,2,MASCULINO SUB20,Sábado
969,10/01/2022,2,BOTAFOGO,0,GOIAS,0,MASCULINO SUB20,Sábado
969,10/01/2022,3,LINENSE,1,ATLETICO,0,MASCULINO SUB20,Sábado
969,10/01/2022,4,REAL MADRID,4,VALENCIA CLUB,1,PRINCIPAL - FUTEBOL MASCULINO,Sábado
969,10/01/2022,5,EMPOLI,1,SASSUOLO,5,PRINCIPAL - FUTEBOL MASCULINO,Domingo
969,10/01/2022,6,RAYO VALLECANO,1,REAL BETIS,1,PRINCIPAL - FUTEBOL MASCULINO,Domingo
969,10/01/2022,7,HERTHA BERLIM,1,COLONIA,3,PRINCIPAL - FUTEBOL MASCULINO,Domingo
969,10/01/2022,8,UDINESE,2,ATALANTA BERGAMAS,6,PRINCIPAL - FUTEBOL MASCULINO,Domingo
969,10/01/2022,9,NANTES,0,MONACO,0,PRINCIPAL - FUTEBOL MASCULINO,Domingo
969,10/01/2022,10,BOCHUM,1,WOLFSBURG,0,PRINCIPAL - FUTEBOL MASCULINO,Domingo
969,10/01/2022,11,ROMA,3,JUVENTUS,4,PRINCIPAL - FUTEBOL MASCULINO,Domingo
969,10/01/2022,12,LYON,1,PSG,1,PRINCIPAL - FUTEBOL MASCULINO,Domingo
969,10/01/2022,13,INTER DE MILAO,2,LAZIO,1,PRINCIPAL - FUTEBOL MASCULINO,Domingo
969,10/01/2022,14,VILLARREAL,2,ATLETICO MADRID,2,PRINCIPAL - FUTEBOL MASCULINO,Domingo
970,17/01/2022,1,GUINEA-BISSAU,0,EGITO,1,PRINCIPAL - FUTEBOL MASCULINO,Sábado
970,17/01/2022,2,JUVENTUS,2,UDINESE,0,PRINCIPAL - FUTEBOL MASCULINO,Sábado
970,17/01/2022,3,REAL BETIS,1,SEVILLA,1,PRINCIPAL - FUTEBOL MASCULINO,Sábado
970,17/01/2022,4,SASSUOLO,2,VERONA,4,PRINCIPAL - FUTEBOL MASCULINO,Domingo
970,17/01/2022,5,RENNES,6,BORDEAUX,0,PRINCIPAL - FUTEBOL MASCULINO,Domingo
970,17/01/2022,6,LIVERPOOL,3,BRENTFORD,0,PRINCIPAL - FUTEBOL MASCULINO,Domingo
970,17/01/2022,7,STRASBOURG,3,MONTPELLIER,1,PRINCIPAL - FUTEBOL MASCULINO,Domingo
970,17/01/2022,8,VENEZIA,1,EMPOLI,1,PRINCIPAL - FUTEBOL MASCULINO,Domingo
970,17/01/2022,9,WEST HAM,2,LEEDS UNITED,3,PRINCIPAL - FUTEBOL MASCULINO,Domingo
970,17/01/2022,10,AUGSBURG,1,FRANKFURT,1,PRINCIPAL - FUTEBOL MASCULINO,Domingo
970,17/01/2022,11,TOTTENHAM,1,ARSENAL,0,PRINCIPAL - FUTEBOL MASCULINO,Domingo
970,17/01/2022,12,ROMA,1,CAGLIARI CALCIO,0,PRINCIPAL - FUTEBOL MASCULINO,Domingo
970,17/01/2022,13,ATALANTA BERGAMAS,0,INTER DE MILAO,0,PRINCIPAL - FUTEBOL MASCULINO,Domingo
970,17/01/2022,14,OLYMP DE MARSELHA,1,LILLE,1,PRINCIPAL - FUTEBOL MASCULINO,Domingo
971,24/01/2022,1,MILAN,0,JUVENTUS,0,PRINCIPAL - FUTEBOL MASCULINO,Domingo
971,24/01/2022,2,LAZIO,0,ATALANTA BERGAMAS,0,PRINCIPAL - FUTEBOL MASCULINO,Sábado
971,24/01/2022,3,LENS,0,OLYMP DE MARSELHA,2,PRINCIPAL - FUTEBOL MASCULINO,Sábado
971,24/01/2022,4,SPORTING PORTUGAL,1,BRAGA,2,PRINCIPAL - FUTEBOL MASCULINO,Sábado
971,24/01/2022,5,BAHIA,0,SAMP CORREA,1,PRINCIPAL - FUTEBOL MASCULINO,Sábado
971,24/01/2022,6,CRB,1,SPORT,0,PRINCIPAL - FUTEBOL MASCULINO,Sábado
971,24/01/2022,7,GRANADA,0,OSASUNA,2,PRINCIPAL - FUTEBOL MASCULINO,Domingo
971,24/01/2022,8,LEICESTER,1,BRIGHTON,1,PRINCIPAL - FUTEBOL MASCULINO,Domingo
971,24/01/2022,9,TORINO,1,SASSUOLO,1,PRINCIPAL - FUTEBOL MASCULINO,Domingo
971,24/01/2022,10,MONTPELLIER,3,MONACO,2,PRINCIPAL - FUTEBOL MASCULINO,Domingo
971,24/01/2022,11,CHELSEA,2,TOTTENHAM,0,PRINCIPAL - FUTEBOL MASCULINO,Domingo
971,24/01/2022,12,EMPOLI,2,ROMA,4,PRINCIPAL - FUTEBOL MASCULINO,Domingo
971,24/01/2022,13,ATHLETICO,1,PARANA,0,PRINCIPAL - FUTEBOL MASCULINO,Domingo
971,24/01/2022,14,NOVORIZONTINO,0,PALMEIRAS,2,PRINCIPAL - FUTEBOL MASCULINO,Domingo
972,31/01/2022,1,CSA,3,BOTAFOGO,0,PRINCIPAL - FUTEBOL MASCULINO,Sábado
972,31/01/2022,2,BRASIL DE PELOTAS,1,GREMIO,1,PRINCIPAL - FUTEBOL MASCULINO,Sábado
972,31/01/2022,3,ATLETICO,3,TOMBENSE,0,PRINCIPAL - FUTEBOL MASCULINO,Sábado
972,31/01/2022,4,SPORT,3,NAUTICO,2,PRINCIPAL - FUTEBOL MASCULINO,Sábado
972,31/01/2022,5,VOLTA REDONDA,0,FLAMENGO,0,PRINCIPAL - FUTEBOL MASCULINO,Sábado
972,31/01/2022,6,PONTE PRETA,2,INTER LIMEIRA,2,PRINCIPAL - FUTEBOL MASCULINO,Sábado
972,31/01/2022,7,VASCO DA GAMA,1,BOAVISTA,1,PRINCIPAL - FUTEBOL MASCULINO,Sábado
972,31/01/2022,8,ATHLETIC CLUB,0,CRUZEIRO,1,PRINCIPAL - FUTEBOL MASCULINO,Domingo
972,31/01/2022,9,MADUREIRA,0,FLUMINENSE,1,PRINCIPAL - FUTEBOL MASCULINO,Domingo
972,31/01/2022,10,CAXIAS,1,SAO JOSE,1,PRINCIPAL - FUTEBOL MASCULINO,Domingo
972,31/01/2022,11,SAO PAULO,0,ITUANO,0,PRINCIPAL - FUTEBOL MASCULINO,Domingo
972,31/01/2022,12,BOTAFOGO,2,BANGU,0,PRINCIPAL - FUTEBOL MASCULINO,Domingo
972,31/01/2022,13,SANTO ANDRE,0,CORINTHIANS,1,PRINCIPAL - FUTEBOL MASCULINO,Domingo
972,31/01/2022,14,NOVORIZONTINO,0,MIRASSOL,0,PRINCIPAL - FUTEBOL MASCULINO,Domingo
973,07/02/2022,1,FLAMENGO,0,FLUMINENSE,1,PRINCIPAL - FUTEBOL MASCULINO,Domingo
973,07/02/2022,2,VILA NOVA,3,ATLETICO,2,PRINCIPAL - FUTEBOL MASCULINO,Sábado
973,07/02/2022,3,CALDENSE,1,CRUZEIRO,2,PRINCIPAL - FUTEBOL MASCULINO,Sábado
973,07/02/2022,4,FIORENTINA,0,LAZIO,3,PRINCIPAL - FUTEBOL MASCULINO,Sábado
973,07/02/2022,5,CSA,1,CRB,0,PRINCIPAL - FUTEBOL MASCULINO,Sábado
973,07/02/2022,6,MONACO,2,LYON,0,PRINCIPAL - FUTEBOL MASCULINO,Sábado
973,07/02/2022,7,FORTALEZA,1,CEARA,1,PRINCIPAL - FUTEBOL MASCULINO,Sábado
973,07/02/2022,8,SAMP CORREA,0,NAUTICO,1,PRINCIPAL - FUTEBOL MASCULINO,Sábado
973,07/02/2022,9,DORTMUND,2,BAYER LEVERKUSEN,5,PRINCIPAL - FUTEBOL MASCULINO,Domingo
973,07/02/2022,10,BARCELONA,4,ATLETICO MADRID,2,PRINCIPAL - FUTEBOL MASCULINO,Domingo
973,07/02/2022,11,CAXIAS,4,BRASIL DE PELOTAS,0,PRINCIPAL - FUTEBOL MASCULINO,Domingo
973,07/02/2022,12,PARANA,0,OPERARIO,3,PRINCIPAL - FUTEBOL MASCULINO,Domingo
973,07/02/2022,13,ITUANO,2,CORINTHIANS,3,PRINCIPAL - FUTEBOL MASCULINO,Domingo
973,07/02/2022,14,INTER LIMEIRA,3,BOTAFOGO,0,PRINCIPAL - FUTEBOL MASCULINO,Domingo
974,14/02/2022,1,AMERICA,0,ATLETICO,2,PRINCIPAL - FUTEBOL MASCULINO,Sábado
974,14/02/2022,2,CEARA,1,SAMP CORREA,1,PRINCIPAL - FUTEBOL MASCULINO,Sábado
974,14/02/2022,3,APARECIDENSE,1,ATLETICO,2,PRINCIPAL - FUTEBOL MASCULINO,Sábado
974,14/02/2022,4,CAXIAS,0,INTERNACIONAL,1,PRINCIPAL - FUTEBOL MASCULINO,Sábado
974,14/02/2022,5,LYON,2,NICE,0,PRINCIPAL - FUTEBOL MASCULINO,Sábado
974,14/02/2022,6,NAUTICO,2,FORTALEZA,2,PRINCIPAL - FUTEBOL MASCULINO,Sábado
974,14/02/2022,7,TOMBENSE,0,CRUZEIRO,3,PRINCIPAL - FUTEBOL MASCULINO,Sábado
974,14/02/2022,8,TOTTENHAM,0,WOLVES,2,PRINCIPAL - FUTEBOL MASCULINO,Domingo
974,14/02/2022,9,SANTOS,2,ITUANO,1,PRINCIPAL - FUTEBOL MASCULINO,Domingo
974,14/02/2022,10,CIANORTE,1,OPERARIO,1,PRINCIPAL - FUTEBOL MASCULINO,Domingo
974,14/02/2022,11,ATALANTA BERGAMAS,1,JUVENTUS,1,PRINCIPAL - FUTEBOL MASCULINO,Domingo
974,14/02/2022,12,PONTE PRETA,1,SAO PAULO,2,PRINCIPAL - FUTEBOL MASCULINO,Domingo
974,14/02/2022,13,CRB,1,CSA,1,PRINCIPAL - FUTEBOL MASCULINO,Domingo
974,14/02/2022,14,CORITIBA,0,CASCAVEL,0,PRINCIPAL - FUTEBOL MASCULINO,Domingo
975,21/02/2022,1,ATLETICO,2,FLAMENGO,2,PRINCIPAL - FUTEBOL MASCULINO,Domingo
975,21/02/2022,2,ATLETICO,0,VILA NOVA,2,PRINCIPAL - FUTEBOL MASCULINO,Sábado
975,21/02/2022,3,FORTALEZA,3,BAHIA,1,PRINCIPAL - FUTEBOL MASCULINO,Sábado
975,21/02/2022,4,ATHLETICO,5,CIANORTE,1,PRINCIPAL - FUTEBOL MASCULINO,Sábado
975,21/02/2022,5,GUARANI,3,PONTE PRETA,0,PRINCIPAL - FUTEBOL MASCULINO,Sábado
975,21/02/2022,6,SAO BERNARDO,1,ITUANO,0,PRINCIPAL - FUTEBOL MASCULINO,Sábado
975,21/02/2022,7,CAXIAS,3,NOVO HAMBURGO,1,PRINCIPAL - FUTEBOL MASCULINO,Sábado
975,21/02/2022,8,FIORENTINA,1,ATALANTA BERGAMAS,0,PRINCIPAL - FUTEBOL MASCULINO,Domingo
975,21/02/2022,9,PORTUGUESA,0,MADUREIRA,0,PRINCIPAL - FUTEBOL MASCULINO,Domingo
975,21/02/2022,10,SANTOS,0,SAO PAULO,3,PRINCIPAL - FUTEBOL MASCULINO,Domingo
975,21/02/2022,11,AUDAX,0,VASCO DA GAMA,1,PRINCIPAL - FUTEBOL MASCULINO,Domingo
975,21/02/2022,12,CSA,3,NAUTICO,1,PRINCIPAL - FUTEBOL MASCULINO,Domingo
975,21/02/2022,13,BRASIL DE PELOTAS,1,YPIRANGA,1,PRINCIPAL - FUTEBOL MASCULINO,Domingo
975,21/02/2022,14,ATHLETIC BILBAO,4,REAL SOCIEDAD,0,PRINCIPAL - FUTEBOL MASCULINO,Domingo
976,02/03/2022,1,FLUMINENSE,2,VASCO DA GAMA,0,PRINCIPAL - FUTEBOL MASCULINO,Sábado
976,02/03/2022,2,JUVENTUDE,0,CAXIAS,0,PRINCIPAL - FUTEBOL MASCULINO,Sábado
976,02/03/2022,3,FIGUEIRENSE,4,AVAI,1,PRINCIPAL - FUTEBOL MASCULINO,Sábado
976,02/03/2022,4,INTERNACIONAL,0,GREMIO,1,PRINCIPAL - FUTEBOL MASCULINO,Sábado
976,02/03/2022,5,CORINTHIANS,1,RB BRAGANTINO,0,PRINCIPAL - FUTEBOL MASCULINO,Domingo
976,02/03/2022,6,WEST HAM,1,WOLVES,0,PRINCIPAL - FUTEBOL MASCULINO,Domingo
976,02/03/2022,7,SEVILLA,2,REAL BETIS,1,PRINCIPAL - FUTEBOL MASCULINO,Domingo
976,02/03/2022,8,CHELSEA,0,LIVERPOOL,0,PRINCIPAL - FUTEBOL MASCULINO,Domingo
976,02/03/2022,9,ATHLETICO,1,OPERARIO,2,PRINCIPAL - FUTEBOL MASCULINO,Domingo
976,02/03/2022,10,JOINVILLE,1,BRUSQUE,3,PRINCIPAL - FUTEBOL MASCULINO,Domingo
976,02/03/2022,11,INTER LIMEIRA,0,PALMEIRAS,0,PRINCIPAL - FUTEBOL MASCULINO,Domingo
976,02/03/2022,12,LAZIO,1,NAPOLI,2,PRINCIPAL - FUTEBOL MASCULINO,Domingo
976,02/03/2022,13,PORTUGUESA,5,BOTAFOGO,3,PRINCIPAL - FUTEBOL MASCULINO,Domingo
976,02/03/2022,14,BOTAFOGO,1,SAO BERNARDO,0,PRINCIPAL - FUTEBOL MASCULINO,Domingo
977,07/03/2022,1,FLAMENGO,2,VASCO DA GAMA,1,PRINCIPAL - FUTEBOL MASCULINO,Domingo
977,07/03/2022,2,SAO PAULO,1,CORINTHIANS,0,PRINCIPAL - FUTEBOL MASCULINO,Sábado
977,07/03/2022,3,BAHIA,2,SPORT,3,PRINCIPAL - FUTEBOL MASCULINO,Sábado
977,07/03/2022,4,FERROVIARIA,0,SANTOS,1,PRINCIPAL - FUTEBOL MASCULINO,Sábado
977,07/03/2022,5,YPIRANGA,2,CAXIAS,0,PRINCIPAL - FUTEBOL MASCULINO,Sábado
977,07/03/2022,6,CEARA,2,CSA,0,PRINCIPAL - FUTEBOL MASCULINO,Sábado
977,07/03/2022,7,MANCHESTER CITY,4,MANCHESTER UNITED,1,PRINCIPAL - FUTEBOL MASCULINO,Domingo
977,07/03/2022,8,CORITIBA,3,MARINGA,1,PRINCIPAL - FUTEBOL MASCULINO,Domingo
977,07/03/2022,9,CASCAVEL,3,ATHLETICO,4,PRINCIPAL - FUTEBOL MASCULINO,Domingo
977,07/03/2022,10,NAPOLI,0,MILAN,1,PRINCIPAL - FUTEBOL MASCULINO,Domingo
977,07/03/2022,11,OLYMP DE MARSELHA,0,MONACO,1,PRINCIPAL - FUTEBOL MASCULINO,Domingo
977,07/03/2022,12,REAL BETIS,1,ATLETICO MADRID,3,PRINCIPAL - FUTEBOL MASCULINO,Domingo
977,07/03/2022,13,ATLETICO,2,CRUZEIRO,1,PRINCIPAL - FUTEBOL MASCULINO,Domingo
977,07/03/2022,14,RB BRAGANTINO,2,BOTAFOGO,0,PRINCIPAL - FUTEBOL MASCULINO,Domingo
978,14/03/2022,1,PALMEIRAS,1,SANTOS,0,PRINCIPAL - FUTEBOL MASCULINO,Domingo
978,14/03/2022,2,GUARANI,2,FERROVIARIA,1,PRINCIPAL - FUTEBOL MASCULINO,Sábado
978,14/03/2022,3,BRASIL DE PELOTAS,1,JUVENTUDE,0,PRINCIPAL - FUTEBOL MASCULINO,Sábado
978,14/03/2022,4,GREMIO,2,YPIRANGA,0,PRINCIPAL - FUTEBOL MASCULINO,Sábado
978,14/03/2022,5,NAUTICO,1,SPORT,2,PRINCIPAL - FUTEBOL MASCULINO,Sábado
978,14/03/2022,6,CORINTHIANS,5,PONTE PRETA,0,PRINCIPAL - FUTEBOL MASCULINO,Sábado
978,14/03/2022,7,INTER LIMEIRA,2,SAO BERNARDO,1,PRINCIPAL - FUTEBOL MASCULINO,Sábado
978,14/03/2022,8,CALDENSE,0,ATHLETIC CLUB,1,PRINCIPAL - FUTEBOL MASCULINO,Domingo
978,14/03/2022,9,VERONA,1,NAPOLI,2,PRINCIPAL - FUTEBOL MASCULINO,Domingo
978,14/03/2022,10,WEST HAM,2,ASTON VILLA,1,PRINCIPAL - FUTEBOL MASCULINO,Domingo
978,14/03/2022,11,LYON,2,RENNES,4,PRINCIPAL - FUTEBOL MASCULINO,Domingo
978,14/03/2022,12,MIRASSOL,0,SAO PAULO,3,PRINCIPAL - FUTEBOL MASCULINO,Domingo
978,14/03/2022,13,VASCO DA GAMA,3,RESENDE,0,PRINCIPAL - FUTEBOL MASCULINO,Domingo
978,14/03/2022,14,ITUANO,2,RB BRAGANTINO,0,PRINCIPAL - FUTEBOL MASCULINO,Domingo
979,21/03/2022,1,FLAMENGO,1,VASCO DA GAMA,0,PRINCIPAL - FUTEBOL MASCULINO,Domingo
979,21/03/2022,2,ATLETICO,3,CALDENSE,0,PRINCIPAL - FUTEBOL MASCULINO,Sábado
979,21/03/2022,3,ATLETICO,3,VILA NOVA,2,PRINCIPAL - FUTEBOL MASCULINO,Sábado
979,21/03/2022,4,INTERNACIONAL,0,GREMIO,3,PRINCIPAL - FUTEBOL MASCULINO,Sábado
979,21/03/2022,5,PATROCINENSE,2,CRUZEIRO,1,PRINCIPAL - FUTEBOL MASCULINO,Sábado
979,21/03/2022,6,BRUSQUE,0,AVAI,0,PRINCIPAL - FUTEBOL MASCULINO,Sábado
979,21/03/2022,7,FORTALEZA,2,CRB,0,PRINCIPAL - FUTEBOL MASCULINO,Sábado
979,21/03/2022,8,ATLETICO,0,SOUSA,0,PRINCIPAL - FUTEBOL MASCULINO,Sábado
979,21/03/2022,9,TOTTENHAM,3,WEST HAM,1,PRINCIPAL - FUTEBOL MASCULINO,Domingo
979,21/03/2022,10,ROMA,3,LAZIO,0,PRINCIPAL - FUTEBOL MASCULINO,Domingo
979,21/03/2022,11,RB BRAGANTINO,1,PALMEIRAS,1,PRINCIPAL - FUTEBOL MASCULINO,Domingo
979,21/03/2022,12,ATHLETICO,2,LONDRINA,1,PRINCIPAL - FUTEBOL MASCULINO,Domingo
979,21/03/2022,13,OLYMP DE MARSELHA,2,NICE,1,PRINCIPAL - FUTEBOL MASCULINO,Domingo
979,21/03/2022,14,REAL MADRID,0,BARCELONA,4,PRINCIPAL - FUTEBOL MASCULINO,Domingo
980,28/03/2022,1,FLUMINENSE,1,BOTAFOGO,2,PRINCIPAL - FUTEBOL MASCULINO,Domingo
980,28/03/2022,2,U RONDONOPOLIS,2,CUIABA,3,PRINCIPAL - FUTEBOL MASCULINO,Sábado
980,28/03/2022,3,LAGARTO FC,0,SERGIPE,2,PRINCIPAL - FUTEBOL MASCULINO,Sábado
980,28/03/2022,4,CONFIANCA,2,ITABAIANA,1,PRINCIPAL - FUTEBOL MASCULINO,Sábado
980,28/03/2022,5,ATHLETIC CLUB,1,CRUZEIRO,2,PRINCIPAL - FUTEBOL MASCULINO,Sábado
980,28/03/2022,6,CAMBURIU,2,FIGUEIRENSE,0,PRINCIPAL - FUTEBOL MASCULINO,Sábado
980,28/03/2022,7,SAMP CORREA,3,MOTO CLUBE,1,PRINCIPAL - FUTEBOL MASCULINO,Sábado
980,28/03/2022,8,GAMA,0,CEILANDIA,1,PRINCIPAL - FUTEBOL MASCULINO,Domingo
980,28/03/2022,9,CORITIBA,1,ATHLETICO,1,PRINCIPAL - FUTEBOL MASCULINO,Domingo
980,28/03/2022,10,BRUSQUE,1,CONCORDIA ATLETIC,0,PRINCIPAL - FUTEBOL MASCULINO,Domingo
980,28/03/2022,11,BOTAFOGO,1,SOUSA,0,PRINCIPAL - FUTEBOL MASCULINO,Domingo
980,28/03/2022,12,BRASILIENSE,0,CAPITAL,1,PRINCIPAL - FUTEBOL MASCULINO,Domingo
980,28/03/2022,13,MARINGA,0,OPERARIO,0,PRINCIPAL - FUTEBOL MASCULINO,Domingo
980,28/03/2022,14,ATLETICO,3,CALDENSE,0,PRINCIPAL - FUTEBOL MASCULINO,Domingo
981,04/04/2022,1,PALMEIRAS,4,SAO PAULO,0,PRINCIPAL - FUTEBOL MASCULINO,Domingo
981,04/04/2022,2,SAO JOSE,0,SAMP CORREA,0,PRINCIPAL - FUTEBOL MASCULINO,Sábado
981,04/04/2022,3,ITABAIANA,1,SERGIPE,0,PRINCIPAL - FUTEBOL MASCULINO,Sábado
981,04/04/2022,4,GREMIO,2,YPIRANGA,1,PRINCIPAL - FUTEBOL MASCULINO,Sábado
981,04/04/2022,5,ATLETICO,3,CRUZEIRO,1,PRINCIPAL - FUTEBOL MASCULINO,Sábado
981,04/04/2022,6,BRUSQUE,0,CAMBURIU,0,PRINCIPAL - FUTEBOL MASCULINO,Sábado
981,04/04/2022,7,GOIAS,1,ATLETICO,3,PRINCIPAL - FUTEBOL MASCULINO,Sábado
981,04/04/2022,8,NAUTICO,0,SANTA CRUZ,0,PRINCIPAL - FUTEBOL MASCULINO,Sábado
981,04/04/2022,9,ASA,2,MURICI,0,PRINCIPAL - FUTEBOL MASCULINO,Sábado
981,04/04/2022,10,FLUMINENSE,1,FLAMENGO,1,PRINCIPAL - FUTEBOL MASCULINO,Sábado
981,04/04/2022,11,SOUSA,2,BOTAFOGO,1,PRINCIPAL - FUTEBOL MASCULINO,Domingo
981,04/04/2022,12,CORITIBA,4,MARINGA,2,PRINCIPAL - FUTEBOL MASCULINO,Domingo
981,04/04/2022,13,BARCELONA,1,SEVILLA,0,PRINCIPAL - FUTEBOL MASCULINO,Domingo
981,04/04/2022,14,FORTALEZA,1,SPORT,0,PRINCIPAL - FUTEBOL MASCULINO,Domingo
982,07/04/2022,1,CHELSEA,1,REAL MADRID,3,PRINCIPAL - FUTEBOL MASCULINO,Quarta-feira
982,07/04/2022,2,CARACAS,0,ATHLETICO,0,PRINCIPAL - FUTEBOL MASCULINO,Terça-feira
982,07/04/2022,3,BANFIELD,1,SANTOS,0,PRINCIPAL - FUTEBOL MASCULINO,Terça-feira
982,07/04/2022,4,CEARA,2,INDEPENDIENTE,1,PRINCIPAL - FUTEBOL MASCULINO,Terça-feira
982,07/04/2022,5,SPORTING CRISTAL,0,FLAMENGO,2,PRINCIPAL - FUTEBOL MASCULINO,Terça-feira
982,07/04/2022,6,ATLETICO,4,LDU,0,PRINCIPAL - FUTEBOL MASCULINO,Terça-feira
982,07/04/2022,7,ALWAYS READY,2,CORINTHIANS,0,PRINCIPAL - FUTEBOL MASCULINO,Terça-feira
982,07/04/2022,8,VILLARREAL,1,BAYERN DE MUNIQUE,0,PRINCIPAL - FUTEBOL MASCULINO,Quarta-feira
982,07/04/2022,9,AMERICA,0,INDEP. DEL VALLE,2,PRINCIPAL - FUTEBOL MASCULINO,Quarta-feira
982,07/04/2022,10,RB BRAGANTINO,2,NACIONAL,0,PRINCIPAL - FUTEBOL MASCULINO,Quarta-feira
982,07/04/2022,11,FLUMINENSE,3,ORIENTE PETROLERO,0,PRINCIPAL - FUTEBOL MASCULINO,Quarta-feira
982,07/04/2022,12,TOLIMA,0,ATLETICO,2,PRINCIPAL - FUTEBOL MASCULINO,Quarta-feira
982,07/04/2022,13,DEPORTIVO TACHIRA,0,PALMEIRAS,4,PRINCIPAL - FUTEBOL MASCULINO,Quarta-feira
982,07/04/2022,14,9 DE OCTUBRE,2,INTERNACIONAL,2,PRINCIPAL - FUTEBOL MASCULINO,Quarta-feira
983,11/04/2022,1,MANCHESTER CITY,2,LIVERPOOL,2,PRINCIPAL - FUTEBOL MASCULINO,Domingo
983,11/04/2022,2,CHAPECOENSE,1,ITUANO,1,PRINCIPAL - FUTEBOL MASCULINO,Sábado
983,11/04/2022,3,FLUMINENSE,0,SANTOS,0,PRINCIPAL - FUTEBOL MASCULINO,Sábado
983,11/04/2022,4,SPORT,1,SAMP CORREA,0,PRINCIPAL - FUTEBOL MASCULINO,Sábado
983,11/04/2022,5,ATLETICO,1,FLAMENGO,1,PRINCIPAL - FUTEBOL MASCULINO,Sábado
983,11/04/2022,6,PALMEIRAS,2,CEARA,3,PRINCIPAL - FUTEBOL MASCULINO,Sábado
983,11/04/2022,7,TOMBENSE,1,OPERARIO,1,PRINCIPAL - FUTEBOL MASCULINO,Sábado
983,11/04/2022,8,CORITIBA,3,GOIAS,0,PRINCIPAL - FUTEBOL MASCULINO,Domingo
983,11/04/2022,9,LONDRINA,2,NAUTICO,0,PRINCIPAL - FUTEBOL MASCULINO,Domingo
983,11/04/2022,10,ATLETICO,2,INTERNACIONAL,0,PRINCIPAL - FUTEBOL MASCULINO,Domingo
983,11/04/2022,11,BOTAFOGO,1,CORINTHIANS,3,PRINCIPAL - FUTEBOL MASCULINO,Domingo
983,11/04/2022,12,FORTALEZA,0,CUIABA,1,PRINCIPAL - FUTEBOL MASCULINO,Domingo
983,11/04/2022,13,SAO PAULO,4,ATHLETICO,0,PRINCIPAL - FUTEBOL MASCULINO,Domingo
983,11/04/2022,14,AVAI,1,AMERICA,0,PRINCIPAL - FUTEBOL MASCULINO,Domingo
984,14/04/2022,1,FLAMENGO,3,TALLERES,1,PRINCIPAL - FUTEBOL MASCULINO,Terça-feira
984,14/04/2022,2,VILA NOVA,0,NOVORIZONTINO,0,PRINCIPAL - FUTEBOL MASCULINO,Terça-feira
984,14/04/2022,3,LA GUAIRA,0,CEARA,2,PRINCIPAL - FUTEBOL MASCULINO,Terça-feira
984,14/04/2022,4,PALMEIRAS,8,IND PETROLERO,1,PRINCIPAL - FUTEBOL MASCULINO,Terça-feira
984,14/04/2022,5,DEFENSA Y JUSTICI,0,ATLETICO,1,PRINCIPAL - FUTEBOL MASCULINO,Terça-feira
984,14/04/2022,6,PENAROL,2,OLIMPIA,1,PRINCIPAL - FUTEBOL MASCULINO,Terça-feira
984,14/04/2022,7,ATLETICO MADRID,0,MANCHESTER CITY,0,PRINCIPAL - FUTEBOL MASCULINO,Quarta-feira
984,14/04/2022,8,SANTOS,3,UN CAT EQUADOR,2,PRINCIPAL - FUTEBOL MASCULINO,Quarta-feira
984,14/04/2022,9,RACING,2,CUIABA,0,PRINCIPAL - FUTEBOL MASCULINO,Quarta-feira
984,14/04/2022,10,RIVER PLATE,2,FORTALEZA,0,PRINCIPAL - FUTEBOL MASCULINO,Quarta-feira
984,14/04/2022,11,ATLETICO,1,AMERICA,1,PRINCIPAL - FUTEBOL MASCULINO,Quarta-feira
984,14/04/2022,12,CORINTHIANS,1,DEPORTIVO CALI,0,PRINCIPAL - FUTEBOL MASCULINO,Quarta-feira
984,14/04/2022,13,JR BARRANQUILLA,3,FLUMINENSE,0,PRINCIPAL - FUTEBOL MASCULINO,Quarta-feira
984,14/04/2022,14,INDEP. DEL VALLE,2,TOLIMA,2,PRINCIPAL - FUTEBOL MASCULINO,Quarta-feira
985,18/04/2022,1,FLAMENGO,3,SAO PAULO,1,PRINCIPAL - FUTEBOL MASCULINO,Domingo
985,18/04/2022,2,ITUANO,0,CSA,0,PRINCIPAL - FUTEBOL MASCULINO,Sábado
985,18/04/2022,3,SAMP CORREA,1,TOMBENSE,1,PRINCIPAL - FUTEBOL MASCULINO,Sábado
985,18/04/2022,4,GUARANI,0,SPORT,0,PRINCIPAL - FUTEBOL MASCULINO,Sábado
985,18/04/2022,5,AMERICA,4,JUVENTUDE,1,PRINCIPAL - FUTEBOL MASCULINO,Sábado
985,18/04/2022,6,CRB,1,VASCO DA GAMA,1,PRINCIPAL - FUTEBOL MASCULINO,Sábado
985,18/04/2022,7,CUIABA,0,FLUMINENSE,1,PRINCIPAL - FUTEBOL MASCULINO,Sábado
985,18/04/2022,8,SANTOS,2,CORITIBA,1,PRINCIPAL - FUTEBOL MASCULINO,Domingo
985,18/04/2022,9,PSG,2,OLYMP DE MARSELHA,1,PRINCIPAL - FUTEBOL MASCULINO,Domingo
985,18/04/2022,10,SEVILLA,2,REAL MADRID,3,PRINCIPAL - FUTEBOL MASCULINO,Domingo
985,18/04/2022,11,ATHLETICO,0,ATLETICO,1,PRINCIPAL - FUTEBOL MASCULINO,Domingo
985,18/04/2022,12,RB BRAGANTINO,4,ATLETICO,0,PRINCIPAL - FUTEBOL MASCULINO,Domingo
985,18/04/2022,13,INTERNACIONAL,2,FORTALEZA,1,PRINCIPAL - FUTEBOL MASCULINO,Domingo
985,18/04/2022,14,CEARA,1,BOTAFOGO,3,PRINCIPAL - FUTEBOL MASCULINO,Domingo
986,22/04/2022,1,FLAMENGO,0,PALMEIRAS,0,PRINCIPAL - FUTEBOL MASCULINO,Quarta-feira
986,22/04/2022,2,CSA,0,AMERICA,3,PRINCIPAL - FUTEBOL MASCULINO,Terça-feira
986,22/04/2022,3,FLUMINENSE,3,VILA NOVA,2,PRINCIPAL - FUTEBOL MASCULINO,Terça-feira
986,22/04/2022,4,REMO,2,CRUZEIRO,1,PRINCIPAL - FUTEBOL MASCULINO,Terça-feira
986,22/04/2022,5,MONACO,1,NICE,0,PRINCIPAL - FUTEBOL MASCULINO,Quarta-feira
986,22/04/2022,6,CHELSEA,2,ARSENAL,4,PRINCIPAL - FUTEBOL MASCULINO,Quarta-feira
986,22/04/2022,7,GOIAS,1,RB BRAGANTINO,2,PRINCIPAL - FUTEBOL MASCULINO,Quarta-feira
986,22/04/2022,8,STRASBOURG,2,RENNES,1,PRINCIPAL - FUTEBOL MASCULINO,Quarta-feira
986,22/04/2022,9,FORTALEZA,3,VITORIA,0,PRINCIPAL - FUTEBOL MASCULINO,Quarta-feira
986,22/04/2022,10,CORITIBA,1,SANTOS,0,PRINCIPAL - FUTEBOL MASCULINO,Quarta-feira
986,22/04/2022,11,JUVENTUDE,2,SAO PAULO,2,PRINCIPAL - FUTEBOL MASCULINO,Quarta-feira
986,22/04/2022,12,TOMBENSE,0,CEARA,2,PRINCIPAL - FUTEBOL MASCULINO,Quarta-feira
986,22/04/2022,13,REAL SOCIEDAD,0,BARCELONA,1,PRINCIPAL - FUTEBOL MASCULINO,Quinta-feira
986,22/04/2022,14,ATLETICO,1,CUIABA,1,PRINCIPAL - FUTEBOL MASCULINO,Quinta-feira
987,25/04/2022,1,PALMEIRAS,3,CORINTHIANS,0,PRINCIPAL - FUTEBOL MASCULINO,Sábado
987,25/04/2022,2,PONTE PRETA,1,CRB,0,PRINCIPAL - FUTEBOL MASCULINO,Sábado
987,25/04/2022,3,ATHLETICO,1,FLAMENGO,0,PRINCIPAL - FUTEBOL MASCULINO,Sábado
987,25/04/2022,4,RB BRAGANTINO,1,SAO PAULO,1,PRINCIPAL - FUTEBOL MASCULINO,Sábado
987,25/04/2022,5,SAMP CORREA,3,BRUSQUE,1,PRINCIPAL - FUTEBOL MASCULINO,Sábado
987,25/04/2022,6,FLUMINENSE,0,INTERNACIONAL,1,PRINCIPAL - FUTEBOL MASCULINO,Sábado
987,25/04/2022,7,ITUANO,3,VILA NOVA,1,PRINCIPAL - FUTEBOL MASCULINO,Sábado
987,25/04/2022,8,TOMBENSE,1,CRUZEIRO,1,PRINCIPAL - FUTEBOL MASCULINO,Sábado
987,25/04/2022,9,ATLETICO,2,CORITIBA,2,PRINCIPAL - FUTEBOL MASCULINO,Sábado
987,25/04/2022,10,LAZIO,1,MILAN,2,PRINCIPAL - FUTEBOL MASCULINO,Domingo
987,25/04/2022,11,NAUTICO,2,OPERARIO,0,PRINCIPAL - FUTEBOL MASCULINO,Domingo
987,25/04/2022,12,SANTOS,3,AMERICA,0,PRINCIPAL - FUTEBOL MASCULINO,Domingo
987,25/04/2022,13,JUVENTUDE,0,CUIABA,1,PRINCIPAL - FUTEBOL MASCULINO,Domingo
987,25/04/2022,14,ATLETICO,1,BOTAFOGO,1,PRINCIPAL - FUTEBOL MASCULINO,Domingo
988,28/04/2022,1,LIVERPOOL,2,VILLARREAL,0,PRINCIPAL - FUTEBOL MASCULINO,Quarta-feira
988,28/04/2022,2,ESTUDIANTES,2,RB BRAGANTINO,0,PRINCIPAL - FUTEBOL MASCULINO,Terça-feira
988,28/04/2022,3,LIBERTAD,1,ATHLETICO,0,PRINCIPAL - FUTEBOL MASCULINO,Terça-feira
988,28/04/2022,4,GENERAL CABALLERO,0,CEARA,2,PRINCIPAL - FUTEBOL MASCULINO,Terça-feira
988,28/04/2022,5,CORINTHIANS,2,BOCA JUNIORS,0,PRINCIPAL - FUTEBOL MASCULINO,Terça-feira
988,28/04/2022,6,INDEP. DEL VALLE,1,ATLETICO,1,PRINCIPAL - FUTEBOL MASCULINO,Terça-feira
988,28/04/2022,7,FLUMINENSE,0,CLUB UNION S.FE,0,PRINCIPAL - FUTEBOL MASCULINO,Terça-feira
988,28/04/2022,8,INDEP.MEDELLIN,0,INTERNACIONAL,1,PRINCIPAL - FUTEBOL MASCULINO,Terça-feira
988,28/04/2022,9,AMERICA,2,TOLIMA,3,PRINCIPAL - FUTEBOL MASCULINO,Quarta-feira
988,28/04/2022,10,FORTALEZA,2,ALIANZA LIMA,1,PRINCIPAL - FUTEBOL MASCULINO,Quarta-feira
988,28/04/2022,11,OPERARIO,0,GREMIO,1,PRINCIPAL - FUTEBOL MASCULINO,Quarta-feira
988,28/04/2022,12,CUIABA,1,RIVER PLATE,2,PRINCIPAL - FUTEBOL MASCULINO,Quarta-feira
988,28/04/2022,13,EMELEC,1,PALMEIRAS,3,PRINCIPAL - FUTEBOL MASCULINO,Quarta-feira
988,28/04/2022,14,VASCO DA GAMA,1,PONTE PRETA,0,PRINCIPAL - FUTEBOL MASCULINO,Quarta-feira
989,02/05/2022,1,CEARA,0,RB BRAGANTINO,1,PRINCIPAL - FUTEBOL MASCULINO,Sábado
989,02/05/2022,2,CSA,1,SPORT,0,PRINCIPAL - FUTEBOL MASCULINO,Sábado
989,02/05/2022,3,AMERICA,1,ATHLETICO,0,PRINCIPAL - FUTEBOL MASCULINO,Sábado
989,02/05/2022,4,SAMP CORREA,1,OPERARIO,1,PRINCIPAL - FUTEBOL MASCULINO,Sábado
989,02/05/2022,5,GOIAS,2,ATLETICO,2,PRINCIPAL - FUTEBOL MASCULINO,Sábado
989,02/05/2022,6,CUIABA,1,ATLETICO,1,PRINCIPAL - FUTEBOL MASCULINO,Sábado
989,02/05/2022,7,CHAPECOENSE,0,CRUZEIRO,2,PRINCIPAL - FUTEBOL MASCULINO,Sábado
989,02/05/2022,8,PONTE PRETA,2,BRUSQUE,0,PRINCIPAL - FUTEBOL MASCULINO,Sábado
989,02/05/2022,9,BOTAFOGO,1,JUVENTUDE,1,PRINCIPAL - FUTEBOL MASCULINO,Domingo
989,02/05/2022,10,CRICIUMA,1,NOVORIZONTINO,1,PRINCIPAL - FUTEBOL MASCULINO,Domingo
989,02/05/2022,11,CORITIBA,3,FLUMINENSE,2,PRINCIPAL - FUTEBOL MASCULINO,Domingo
989,02/05/2022,12,CORINTHIANS,1,FORTALEZA,0,PRINCIPAL - FUTEBOL MASCULINO,Domingo
989,02/05/2022,13,TOMBENSE,1,VASCO DA GAMA,1,PRINCIPAL - FUTEBOL MASCULINO,Domingo
989,02/05/2022,14,INTERNACIONAL,0,AVAI,0,PRINCIPAL - FUTEBOL MASCULINO,Domingo
990,05/05/2022,1,REAL MADRID,2,MANCHESTER CITY,1,PRINCIPAL - FUTEBOL MASCULINO,Quarta-feira
990,05/05/2022,2,THE STRONGEST,5,ATHLETICO,0,PRINCIPAL - FUTEBOL MASCULINO,Terça-feira
990,05/05/2022,3,CUIABA,1,RACING,2,PRINCIPAL - FUTEBOL MASCULINO,Terça-feira
990,05/05/2022,4,AMERICA,1,ATLETICO,2,PRINCIPAL - FUTEBOL MASCULINO,Terça-feira
990,05/05/2022,5,TALLERES,2,FLAMENGO,2,PRINCIPAL - FUTEBOL MASCULINO,Quarta-feira
990,05/05/2022,6,NOVORIZONTINO,3,CRB,1,PRINCIPAL - FUTEBOL MASCULINO,Quarta-feira
990,05/05/2022,7,COLON,2,CERRO PORTENO,1,PRINCIPAL - FUTEBOL MASCULINO,Quarta-feira
990,05/05/2022,8,ATLETICO,3,DEFENSA Y JUSTICI,2,PRINCIPAL - FUTEBOL MASCULINO,Quarta-feira
990,05/05/2022,9,DEPORTIVO CALI,0,CORINTHIANS,0,PRINCIPAL - FUTEBOL MASCULINO,Quarta-feira
990,05/05/2022,10,CSA,1,CRICIUMA,1,PRINCIPAL - FUTEBOL MASCULINO,Quarta-feira
990,05/05/2022,11,ALWAYS READY,0,BOCA JUNIORS,1,PRINCIPAL - FUTEBOL MASCULINO,Quarta-feira
990,05/05/2022,12,OLIMPIA,1,PENAROL,0,PRINCIPAL - FUTEBOL MASCULINO,Quarta-feira
990,05/05/2022,13,FLUMINENSE,2,JR BARRANQUILLA,1,PRINCIPAL - FUTEBOL MASCULINO,Quarta-feira
990,05/05/2022,14,TOLIMA,1,INDEP. DEL VALLE,0,PRINCIPAL - FUTEBOL MASCULINO,Quarta-feira
991,09/05/2022,1,FLAMENGO,0,BOTAFOGO,1,PRINCIPAL - FUTEBOL MASCULINO,Domingo
991,09/05/2022,2,ATLETICO,1,AMERICA,2,PRINCIPAL - FUTEBOL MASCULINO,Sábado
991,09/05/2022,3,OPERARIO,2,CRICIUMA,0,PRINCIPAL - FUTEBOL MASCULINO,Sábado
991,09/05/2022,4,ATHLETICO,1,CEARA,0,PRINCIPAL - FUTEBOL MASCULINO,Sábado
991,09/05/2022,5,VILLARREAL,1,SEVILLA,1,PRINCIPAL - FUTEBOL MASCULINO,Domingo
991,09/05/2022,6,ATLETICO,0,GOIAS,1,PRINCIPAL - FUTEBOL MASCULINO,Domingo
991,09/05/2022,7,PALMEIRAS,1,FLUMINENSE,1,PRINCIPAL - FUTEBOL MASCULINO,Domingo
991,09/05/2022,8,CRUZEIRO,1,GREMIO,0,PRINCIPAL - FUTEBOL MASCULINO,Domingo
991,09/05/2022,9,GUARANI,0,PONTE PRETA,0,PRINCIPAL - FUTEBOL MASCULINO,Domingo
991,09/05/2022,10,ATLETICO MADRID,1,REAL MADRID,0,PRINCIPAL - FUTEBOL MASCULINO,Domingo
991,09/05/2022,11,BRAGANTINO,0,CORINTHIANS,1,PRINCIPAL - FUTEBOL MASCULINO,Domingo
991,09/05/2022,12,SANTOS,4,CUIABA,1,PRINCIPAL - FUTEBOL MASCULINO,Domingo
991,09/05/2022,13,FORTALEZA,1,SAO PAULO,1,PRINCIPAL - FUTEBOL MASCULINO,Domingo
991,09/05/2022,14,JUVENTUDE,1,INTERNACIONAL,1,PRINCIPAL - FUTEBOL MASCULINO,Domingo
992,12/05/2022,1,BRAGANTINO,1,ATLETICO,1,PRINCIPAL - FUTEBOL MASCULINO,Quarta-feira
992,12/05/2022,2,AMERICA,2,CSA,0,PRINCIPAL - FUTEBOL MASCULINO,Terça-feira
992,12/05/2022,3,AZURIZ,1,BAHIA,1,PRINCIPAL - FUTEBOL MASCULINO,Terça-feira
992,12/05/2022,4,ATHLETICO,4,TOCANTINOPOLIS,0,PRINCIPAL - FUTEBOL MASCULINO,Terça-feira
992,12/05/2022,5,LEEDS UNITED,0,CHELSEA,3,PRINCIPAL - FUTEBOL MASCULINO,Quarta-feira
992,12/05/2022,6,WATFORD,0,EVERTON,0,PRINCIPAL - FUTEBOL MASCULINO,Quarta-feira
992,12/05/2022,7,WOLVES,1,MANCHESTER CITY,5,PRINCIPAL - FUTEBOL MASCULINO,Quarta-feira
992,12/05/2022,8,ELCHE FC,0,ATLETICO MADRID,2,PRINCIPAL - FUTEBOL MASCULINO,Quarta-feira
992,12/05/2022,9,CEARA,2,TOMBENSE,0,PRINCIPAL - FUTEBOL MASCULINO,Quarta-feira
992,12/05/2022,10,JUAZEIRENSE,1,PALMEIRAS,2,PRINCIPAL - FUTEBOL MASCULINO,Quarta-feira
992,12/05/2022,11,FLAMENGO,2,ALTOS,0,PRINCIPAL - FUTEBOL MASCULINO,Quarta-feira
992,12/05/2022,12,CORINTHIANS,2,PORTUGUESA,0,PRINCIPAL - FUTEBOL MASCULINO,Quarta-feira
992,12/05/2022,13,VILA NOVA,0,FLUMINENSE,2,PRINCIPAL - FUTEBOL MASCULINO,Quarta-feira
992,12/05/2022,14,CUIABA,0,ATLETICO,0,PRINCIPAL - FUTEBOL MASCULINO,Quarta-feira
993,16/05/2022,1,PALMEIRAS,2,BRAGANTINO,0,PRINCIPAL - FUTEBOL MASCULINO,Sábado
993,16/05/2022,2,RENNES,2,OLYMP DE MARSELHA,0,PRINCIPAL - FUTEBOL MASCULINO,Sábado
993,16/05/2022,3,CEARA,2,FLAMENGO,2,PRINCIPAL - FUTEBOL MASCULINO,Sábado
993,16/05/2022,4,INTERNACIONAL,2,CORINTHIANS,2,PRINCIPAL - FUTEBOL MASCULINO,Sábado
993,16/05/2022,5,ATLETICO,2,ATLETICO,0,PRINCIPAL - FUTEBOL MASCULINO,Sábado
993,16/05/2022,6,FLUMINENSE,2,ATHLETICO,1,PRINCIPAL - FUTEBOL MASCULINO,Sábado
993,16/05/2022,7,ATLETICO MADRID,1,SEVILLA,1,PRINCIPAL - FUTEBOL MASCULINO,Domingo
993,16/05/2022,8,VILLARREAL,1,REAL SOCIEDAD,2,PRINCIPAL - FUTEBOL MASCULINO,Domingo
993,16/05/2022,9,SAO PAULO,2,CUIABA,1,PRINCIPAL - FUTEBOL MASCULINO,Domingo
993,16/05/2022,10,NAUTICO,0,CRUZEIRO,1,PRINCIPAL - FUTEBOL MASCULINO,Domingo
993,16/05/2022,11,BOTAFOGO,3,FORTALEZA,1,PRINCIPAL - FUTEBOL MASCULINO,Domingo
993,16/05/2022,12,CORITIBA,1,AMERICA,0,PRINCIPAL - FUTEBOL MASCULINO,Domingo
993,16/05/2022,13,AVAI,1,JUVENTUDE,2,PRINCIPAL - FUTEBOL MASCULINO,Domingo
993,16/05/2022,14,GOIAS,1,SANTOS,0,PRINCIPAL - FUTEBOL MASCULINO,Domingo
994,19/05/2022,1,BOCA JUNIORS,1,CORINTHIANS,1,PRINCIPAL - FUTEBOL MASCULINO,Terça-feira
994,19/05/2022,2,CARACAS,0,THE STRONGEST,0,PRINCIPAL - FUTEBOL MASCULINO,Terça-feira
994,19/05/2022,3,BRAGANTINO,0,ESTUDIANTES,1,PRINCIPAL - FUTEBOL MASCULINO,Terça-feira
994,19/05/2022,4,INTERNACIONAL,2,INDEP.MEDELLIN,0,PRINCIPAL - FUTEBOL MASCULINO,Terça-feira
994,19/05/2022,5,PENAROL,0,CERRO PORTENO,0,PRINCIPAL - FUTEBOL MASCULINO,Terça-feira
994,19/05/2022,6,FLAMENGO,3,UNIVERS CATOLICA,0,PRINCIPAL - FUTEBOL MASCULINO,Terça-feira
994,19/05/2022,7,NOVORIZONTINO,0,SPORT,0,PRINCIPAL - FUTEBOL MASCULINO,Terça-feira
994,19/05/2022,8,FRANKFURT,1,RANGERS SCO,1,PRINCIPAL - FUTEBOL MASCULINO,Quarta-feira
994,19/05/2022,9,ATHLETICO,2,LIBERTAD,0,PRINCIPAL - FUTEBOL MASCULINO,Quarta-feira
994,19/05/2022,10,PALMEIRAS,1,EMELEC,0,PRINCIPAL - FUTEBOL MASCULINO,Quarta-feira
994,19/05/2022,11,COLON,2,OLIMPIA,1,PRINCIPAL - FUTEBOL MASCULINO,Quarta-feira
994,19/05/2022,12,SANTOS,1,U LA CALERA,0,PRINCIPAL - FUTEBOL MASCULINO,Quarta-feira
994,19/05/2022,13,CRB,1,LONDRINA,0,PRINCIPAL - FUTEBOL MASCULINO,Quarta-feira
994,19/05/2022,14,RACING,1,MELGAR,0,PRINCIPAL - FUTEBOL MASCULINO,Quarta-feira
995,23/05/2022,1,CORINTHIANS,1,SAO PAULO,1,PRINCIPAL - FUTEBOL MASCULINO,Domingo
995,23/05/2022,2,FREIBURG,1,RB LEIPZIG,1,PRINCIPAL - FUTEBOL MASCULINO,Sábado
995,23/05/2022,3,FIORENTINA,2,JUVENTUS,0,PRINCIPAL - FUTEBOL MASCULINO,Sábado
995,23/05/2022,4,OLYMP DE MARSELHA,4,STRASBOURG,0,PRINCIPAL - FUTEBOL MASCULINO,Sábado
995,23/05/2022,5,ATLETICO,2,CORITIBA,0,PRINCIPAL - FUTEBOL MASCULINO,Sábado
995,23/05/2022,6,FLAMENGO,1,GOIAS,0,PRINCIPAL - FUTEBOL MASCULINO,Sábado
995,23/05/2022,7,SANTOS,0,CEARA,0,PRINCIPAL - FUTEBOL MASCULINO,Sábado
995,23/05/2022,8,JUVENTUDE,0,PALMEIRAS,3,PRINCIPAL - FUTEBOL MASCULINO,Sábado
995,23/05/2022,9,AMERICA,1,BOTAFOGO,1,PRINCIPAL - FUTEBOL MASCULINO,Sábado
995,23/05/2022,10,CUIABA,1,INTERNACIONAL,1,PRINCIPAL - FUTEBOL MASCULINO,Sábado
995,23/05/2022,11,FORTALEZA,0,FLUMINENSE,1,PRINCIPAL - FUTEBOL MASCULINO,Domingo
995,23/05/2022,12,BARCELONA,0,VILLARREAL,2,PRINCIPAL - FUTEBOL MASCULINO,Domingo
995,23/05/2022,13,REAL SOCIEDAD,1,ATLETICO MADRID,2,PRINCIPAL - FUTEBOL MASCULINO,Domingo
995,23/05/2022,14,ATHLETICO,2,AVAI,1,PRINCIPAL - FUTEBOL MASCULINO,Domingo
996,26/05/2022,1,NACIONAL,3,BRAGANTINO,0,PRINCIPAL - FUTEBOL MASCULINO,Terça-feira
996,26/05/2022,2,VELEZ SARSFIELD,4,ESTUDIANTES,0,PRINCIPAL - FUTEBOL MASCULINO,Terça-feira
996,26/05/2022,3,U LA CALERA,0,UNIVERS CATOLICA,1,PRINCIPAL - FUTEBOL MASCULINO,Terça-feira
996,26/05/2022,4,LDU,1,ATLETICO,1,PRINCIPAL - FUTEBOL MASCULINO,Terça-feira
996,26/05/2022,5,PONTE PRETA,0,CHAPECOENSE,0,PRINCIPAL - FUTEBOL MASCULINO,Terça-feira
996,26/05/2022,6,ROMA,1,FEYENOORD,0,PRINCIPAL - FUTEBOL MASCULINO,Quarta-feira
996,26/05/2022,7,COLO COLO,3,FORTALEZA,4,PRINCIPAL - FUTEBOL MASCULINO,Quarta-feira
996,26/05/2022,8,LONDRINA,2,OPERARIO,1,PRINCIPAL - FUTEBOL MASCULINO,Quarta-feira
996,26/05/2022,9,WANDERERS FUTBOL,0,BARCELONA,0,PRINCIPAL - FUTEBOL MASCULINO,Quarta-feira
996,26/05/2022,10,ATLETICO,1,TOLIMA,2,PRINCIPAL - FUTEBOL MASCULINO,Quarta-feira
996,26/05/2022,11,CERRO PORTENO,0,OLIMPIA,1,PRINCIPAL - FUTEBOL MASCULINO,Quarta-feira
996,26/05/2022,12,INDEP. DEL VALLE,3,AMERICA,0,PRINCIPAL - FUTEBOL MASCULINO,Quarta-feira
996,26/05/2022,13,PENAROL,2,COLON,1,PRINCIPAL - FUTEBOL MASCULINO,Quarta-feira
996,26/05/2022,14,INDEPENDIENTE,0,CEARA,2,PRINCIPAL - FUTEBOL MASCULINO,Quarta-feira
997,30/05/2022,1,LIVERPOOL,0,REAL MADRID,1,PRINCIPAL - FUTEBOL MASCULINO,Sábado
997,30/05/2022,2,FIGUEIRENSE,1,FERROVIARIO,0,PRINCIPAL - FUTEBOL MASCULINO,Sábado
997,30/05/2022,3,GOIAS,1,BRAGANTINO,1,PRINCIPAL - FUTEBOL MASCULINO,Sábado
997,30/05/2022,4,CONFIANCA,1,APARECIDENSE,1,PRINCIPAL - FUTEBOL MASCULINO,Sábado
997,30/05/2022,5,SAMP CORREA,2,GUARANI,1,PRINCIPAL - FUTEBOL MASCULINO,Sábado
997,30/05/2022,6,FORTALEZA,1,JUVENTUDE,1,PRINCIPAL - FUTEBOL MASCULINO,Sábado
997,30/05/2022,7,CORITIBA,1,BOTAFOGO,0,PRINCIPAL - FUTEBOL MASCULINO,Domingo
997,30/05/2022,8,SANTOS,0,PALMEIRAS,1,PRINCIPAL - FUTEBOL MASCULINO,Domingo
997,30/05/2022,9,VILA NOVA,0,GREMIO,0,PRINCIPAL - FUTEBOL MASCULINO,Domingo
997,30/05/2022,10,BOTAFOGO,2,MIRASSOL,2,PRINCIPAL - FUTEBOL MASCULINO,Domingo
997,30/05/2022,11,CORINTHIANS,1,AMERICA,1,PRINCIPAL - FUTEBOL MASCULINO,Domingo
997,30/05/2022,12,CUIABA,0,ATHLETICO,1,PRINCIPAL - FUTEBOL MASCULINO,Domingo
997,30/05/2022,13,REMO,2,FLORESTA,0,PRINCIPAL - FUTEBOL MASCULINO,Domingo
997,30/05/2022,14,FLUMINENSE,1,FLAMENGO,2,PRINCIPAL - FUTEBOL MASCULINO,Domingo
998,03/06/2022,1,ITALIA,0,ARGENTINA,3,PRINCIPAL - FUTEBOL MASCULINO,Quarta-feira
998,03/06/2022,2,ESCOCIA/SCT,1,UCRANIA,3,PRINCIPAL - FUTEBOL MASCULINO,Quarta-feira
998,03/06/2022,3,FORTALEZA,0,CEARA,1,PRINCIPAL - FUTEBOL MASCULINO,Quarta-feira
998,03/06/2022,4,CRB,0,CSA,0,PRINCIPAL - FUTEBOL MASCULINO,Quarta-feira
998,03/06/2022,5,COREIA DO SUL,1,BRASIL,5,PRINCIPAL - FUTEBOL MASCULINO,Quinta-feira
998,03/06/2022,6,BULGARIA,1,MACEDONIA DO NORT,1,PRINCIPAL - FUTEBOL MASCULINO,Quinta-feira
998,03/06/2022,7,ESPANHA,1,PORTUGAL,1,PRINCIPAL - FUTEBOL MASCULINO,Quinta-feira
998,03/06/2022,8,REPUBLICA TCHECA,2,SUICA,1,PRINCIPAL - FUTEBOL MASCULINO,Quinta-feira
998,03/06/2022,9,ESLOVENIA,0,SUECIA,2,PRINCIPAL - FUTEBOL MASCULINO,Quinta-feira
998,03/06/2022,10,IRLANDA DO NORTE,0,GRECIA,1,PRINCIPAL - FUTEBOL MASCULINO,Quinta-feira
998,03/06/2022,11,SERVIA/SER,0,NORUEGA,1,PRINCIPAL - FUTEBOL MASCULINO,Quinta-feira
998,03/06/2022,12,VASCO DA GAMA,0,GREMIO,0,PRINCIPAL - FUTEBOL MASCULINO,Quinta-feira
998,03/06/2022,13,GUARANI,1,VILA NOVA,1,PRINCIPAL - FUTEBOL MASCULINO,Quinta-feira
998,03/06/2022,14,MEXICO,0,URUGUAI,3,PRINCIPAL - FUTEBOL MASCULINO,Quinta-feira
999,06/06/2022,1,PALMEIRAS,0,ATLETICO,0,PRINCIPAL - FUTEBOL MASCULINO,Domingo
999,06/06/2022,2,ITALIA,1,ALEMANHA,1,PRINCIPAL - FUTEBOL MASCULINO,Sábado
999,06/06/2022,3,AMERICA,2,CUIABA,1,PRINCIPAL - FUTEBOL MASCULINO,Sábado
999,06/06/2022,4,BOTAFOGO,0,ABC,0,PRINCIPAL - FUTEBOL MASCULINO,Sábado
999,06/06/2022,5,ATHLETICO,2,SANTOS,2,PRINCIPAL - FUTEBOL MASCULINO,Sábado
999,06/06/2022,6,AVAI,1,SAO PAULO,1,PRINCIPAL - FUTEBOL MASCULINO,Sábado
999,06/06/2022,7,CEARA,1,CORITIBA,1,PRINCIPAL - FUTEBOL MASCULINO,Sábado
999,06/06/2022,8,TOMBENSE,2,ITUANO,1,PRINCIPAL - FUTEBOL MASCULINO,Sábado
999,06/06/2022,9,ATLETICO,0,CORINTHIANS,1,PRINCIPAL - FUTEBOL MASCULINO,Sábado
999,06/06/2022,10,JUVENTUDE,1,FLUMINENSE,0,PRINCIPAL - FUTEBOL MASCULINO,Domingo
999,06/06/2022,11,VITORIA,1,VOLTA REDONDA,2,PRINCIPAL - FUTEBOL MASCULINO,Domingo
999,06/06/2022,12,APARECIDENSE,1,SAO JOSE,2,PRINCIPAL - FUTEBOL MASCULINO,Domingo
999,06/06/2022,13,BRAGANTINO,0,INTERNACIONAL,2,PRINCIPAL - FUTEBOL MASCULINO,Domingo
999,06/06/2022,14,FERROVIARIO,1,PAYSANDU,2,PRINCIPAL - FUTEBOL MASCULINO,Domingo
1000,09/06/2022,1,BRAGANTINO,1,FLAMENGO,0,PRINCIPAL - FUTEBOL MASCULINO,Quarta-feira
1000,09/06/2022,2,VILA NOVA,0,BRUSQUE,2,PRINCIPAL - FUTEBOL MASCULINO,Terça-feira
1000,09/06/2022,3,LONDRINA,1,TOMBENSE,1,PRINCIPAL - FUTEBOL MASCULINO,Terça-feira
1000,09/06/2022,4,CRICIUMA,3,SAMP CORREA,1,PRINCIPAL - FUTEBOL MASCULINO,Terça-feira
1000,09/06/2022,5,ITUANO,1,PONTE PRETA,2,PRINCIPAL - FUTEBOL MASCULINO,Terça-feira
1000,09/06/2022,6,CUIABA,1,CORINTHIANS,0,PRINCIPAL - FUTEBOL MASCULINO,Terça-feira
1000,09/06/2022,7,CSA,1,CHAPECOENSE,1,PRINCIPAL - FUTEBOL MASCULINO,Terça-feira
1000,09/06/2022,8,GREMIO,2,NOVORIZONTINO,0,PRINCIPAL - FUTEBOL MASCULINO,Terça-feira
1000,09/06/2022,9,AMERICA,0,CEARA,2,PRINCIPAL - FUTEBOL MASCULINO,Quarta-feira
1000,09/06/2022,10,JUVENTUDE,1,ATHLETICO,3,PRINCIPAL - FUTEBOL MASCULINO,Quarta-feira
1000,09/06/2022,11,ATLETICO,2,AVAI,1,PRINCIPAL - FUTEBOL MASCULINO,Quarta-feira
1000,09/06/2022,12,FLUMINENSE,5,ATLETICO,3,PRINCIPAL - FUTEBOL MASCULINO,Quarta-feira
1000,09/06/2022,13,SANTOS,1,INTERNACIONAL,1,PRINCIPAL - FUTEBOL MASCULINO,Quarta-feira
1000,09/06/2022,14,BAHIA,1,SPORT,0,PRINCIPAL - FUTEBOL MASCULINO,Quarta-feira
1001,13/06/2022,1,INTERNACIONAL,3,FLAMENGO,1,PRINCIPAL - FUTEBOL MASCULINO,Sábado
1001,13/06/2022,2,PONTE PRETA,1,LONDRINA,2,PRINCIPAL - FUTEBOL MASCULINO,Sábado
1001,13/06/2022,3,CRB,1,VILA NOVA,0,PRINCIPAL - FUTEBOL MASCULINO,Sábado
1001,13/06/2022,4,CORINTHIANS,2,JUVENTUDE,0,PRINCIPAL - FUTEBOL MASCULINO,Sábado
1001,13/06/2022,5,OPERARIO,0,BAHIA,1,PRINCIPAL - FUTEBOL MASCULINO,Sábado
1001,13/06/2022,6,CUIABA,1,BRAGANTINO,1,PRINCIPAL - FUTEBOL MASCULINO,Sábado
1001,13/06/2022,7,FLUMINENSE,0,ATLETICO,2,PRINCIPAL - FUTEBOL MASCULINO,Sábado
1001,13/06/2022,8,ATLETICO,1,SANTOS,1,PRINCIPAL - FUTEBOL MASCULINO,Sábado
1001,13/06/2022,9,GOIAS,1,CEARA,1,PRINCIPAL - FUTEBOL MASCULINO,Domingo
1001,13/06/2022,10,SAO PAULO,1,AMERICA,0,PRINCIPAL - FUTEBOL MASCULINO,Domingo
1001,13/06/2022,11,VASCO DA GAMA,1,CRUZEIRO,0,PRINCIPAL - FUTEBOL MASCULINO,Domingo
1001,13/06/2022,12,CORITIBA,0,PALMEIRAS,2,PRINCIPAL - FUTEBOL MASCULINO,Domingo
1001,13/06/2022,13,FORTALEZA,0,ATHLETICO,0,PRINCIPAL - FUTEBOL MASCULINO,Domingo
1001,13/06/2022,14,TOMBENSE,2,CSA,1,PRINCIPAL - FUTEBOL MASCULINO,Domingo
1002,17/06/2022,1,ATHLETICO,1,CORINTHIANS,1,PRINCIPAL - FUTEBOL MASCULINO,Quarta-feira
1002,17/06/2022,2,ALEMANHA,5,ITALIA,2,PRINCIPAL - FUTEBOL MASCULINO,Terça-feira
1002,17/06/2022,3,BAHIA,0,CHAPECOENSE,1,PRINCIPAL - FUTEBOL MASCULINO,Terça-feira
1002,17/06/2022,4,JUVENTUDE,1,SANTOS,2,PRINCIPAL - FUTEBOL MASCULINO,Terça-feira
1002,17/06/2022,5,CEARA,0,ATLETICO,0,PRINCIPAL - FUTEBOL MASCULINO,Quarta-feira
1002,17/06/2022,6,BRAGANTINO,4,CORITIBA,2,PRINCIPAL - FUTEBOL MASCULINO,Quarta-feira
1002,17/06/2022,7,FLAMENGO,2,CUIABA,0,PRINCIPAL - FUTEBOL MASCULINO,Quarta-feira
1002,17/06/2022,8,GOIAS,1,INTERNACIONAL,2,PRINCIPAL - FUTEBOL MASCULINO,Quarta-feira
1002,17/06/2022,9,PALMEIRAS,4,ATLETICO,2,PRINCIPAL - FUTEBOL MASCULINO,Quarta-feira
1002,17/06/2022,10,AMERICA,0,FLUMINENSE,0,PRINCIPAL - FUTEBOL MASCULINO,Quarta-feira
1002,17/06/2022,11,BOTAFOGO,1,SAO PAULO,0,PRINCIPAL - FUTEBOL MASCULINO,Quinta-feira
1002,17/06/2022,12,CRUZEIRO,2,PONTE PRETA,0,PRINCIPAL - FUTEBOL MASCULINO,Quinta-feira
1002,17/06/2022,13,AVAI,3,FORTALEZA,2,PRINCIPAL - FUTEBOL MASCULINO,Quinta-feira
1002,17/06/2022,14,VILA NOVA,0,OPERARIO,0,PRINCIPAL - FUTEBOL MASCULINO,Quinta-feira
1003,20/06/2022,1,ATLETICO,2,FLAMENGO,0,PRINCIPAL - FUTEBOL MASCULINO,Domingo
1003,20/06/2022,2,LONDRINA,0,VASCO DA GAMA,1,PRINCIPAL - FUTEBOL MASCULINO,Sábado
1003,20/06/2022,3,NOVORIZONTINO,1,TOMBENSE,3,PRINCIPAL - FUTEBOL MASCULINO,Sábado
1003,20/06/2022,4,NAUTICO,1,SPORT,1,PRINCIPAL - FUTEBOL MASCULINO,Sábado
1003,20/06/2022,5,CUIABA,0,CEARA,0,PRINCIPAL - FUTEBOL MASCULINO,Sábado
1003,20/06/2022,6,SANTOS,2,BRAGANTINO,2,PRINCIPAL - FUTEBOL MASCULINO,Sábado
1003,20/06/2022,7,GUARANI,0,CSA,0,PRINCIPAL - FUTEBOL MASCULINO,Domingo
1003,20/06/2022,8,CORINTHIANS,1,GOIAS,0,PRINCIPAL - FUTEBOL MASCULINO,Domingo
1003,20/06/2022,9,CORITIBA,0,ATHLETICO,1,PRINCIPAL - FUTEBOL MASCULINO,Domingo
1003,20/06/2022,10,VITORIA,0,BOTAFOGO,1,PRINCIPAL - FUTEBOL MASCULINO,Domingo
1003,20/06/2022,11,ATLETICO,3,JUVENTUDE,1,PRINCIPAL - FUTEBOL MASCULINO,Domingo
1003,20/06/2022,12,FORTALEZA,1,AMERICA,0,PRINCIPAL - FUTEBOL MASCULINO,Domingo
1003,20/06/2022,13,INTERNACIONAL,2,BOTAFOGO,3,PRINCIPAL - FUTEBOL MASCULINO,Domingo
1003,20/06/2022,14,FLUMINENSE,2,AVAI,0,PRINCIPAL - FUTEBOL MASCULINO,Domingo
1004,27/06/2022,1,CORINTHIANS,0,SANTOS,0,PRINCIPAL - FUTEBOL MASCULINO,Sábado
1004,27/06/2022,2,BAHIA,0,NOVORIZONTINO,1,PRINCIPAL - FUTEBOL MASCULINO,Sábado
1004,27/06/2022,3,ATHLETICO,4,BRAGANTINO,2,PRINCIPAL - FUTEBOL MASCULINO,Sábado
1004,27/06/2022,4,BOTAFOGO,0,MIRASSOL,0,PRINCIPAL - FUTEBOL MASCULINO,Sábado
1004,27/06/2022,5,FLAMENGO,3,AMERICA,0,PRINCIPAL - FUTEBOL MASCULINO,Sábado
1004,27/06/2022,6,SPORT,0,BRUSQUE,0,PRINCIPAL - FUTEBOL MASCULINO,Sábado
1004,27/06/2022,7,ATLETICO,3,FORTALEZA,2,PRINCIPAL - FUTEBOL MASCULINO,Sábado
1004,27/06/2022,8,TOMBENSE,1,NAUTICO,1,PRINCIPAL - FUTEBOL MASCULINO,Domingo
1004,27/06/2022,9,BOTAFOGO,1,MANAUS,0,PRINCIPAL - FUTEBOL MASCULINO,Domingo
1004,27/06/2022,10,AVAI,2,PALMEIRAS,2,PRINCIPAL - FUTEBOL MASCULINO,Domingo
1004,27/06/2022,11,BOTAFOGO,0,FLUMINENSE,1,PRINCIPAL - FUTEBOL MASCULINO,Domingo
1004,27/06/2022,12,CEARA,1,ATLETICO,1,PRINCIPAL - FUTEBOL MASCULINO,Domingo
1004,27/06/2022,13,GOIAS,1,CUIABA,0,PRINCIPAL - FUTEBOL MASCULINO,Domingo
1004,27/06/2022,14,SAO PAULO,0,JUVENTUDE,0,PRINCIPAL - FUTEBOL MASCULINO,Domingo
1005,30/06/2022,1,CORINTHIANS,0,BOCA JUNIORS,0,PRINCIPAL - FUTEBOL MASCULINO,Terça-feira
1005,30/06/2022,2,EMELEC,1,ATLETICO,1,PRINCIPAL - FUTEBOL MASCULINO,Terça-feira
1005,30/06/2022,3,NACIONAL,2,CLUB UNION S.FE,0,PRINCIPAL - FUTEBOL MASCULINO,Terça-feira
1005,30/06/2022,4,ATHLETICO,2,LIBERTAD,1,PRINCIPAL - FUTEBOL MASCULINO,Terça-feira
1005,30/06/2022,5,COLO COLO,2,INTERNACIONAL,0,PRINCIPAL - FUTEBOL MASCULINO,Terça-feira
1005,30/06/2022,6,CRUZEIRO,2,SPORT,1,PRINCIPAL - FUTEBOL MASCULINO,Terça-feira
1005,30/06/2022,7,CERRO PORTENO,0,PALMEIRAS,3,PRINCIPAL - FUTEBOL MASCULINO,Quarta-feira
1005,30/06/2022,8,TALLERES,1,COLON,1,PRINCIPAL - FUTEBOL MASCULINO,Quarta-feira
1005,30/06/2022,9,THE STRONGEST,1,CEARA,2,PRINCIPAL - FUTEBOL MASCULINO,Quarta-feira
1005,30/06/2022,10,TOLIMA,0,FLAMENGO,1,PRINCIPAL - FUTEBOL MASCULINO,Quarta-feira
1005,30/06/2022,11,VELEZ SARSFIELD,1,RIVER PLATE,0,PRINCIPAL - FUTEBOL MASCULINO,Quarta-feira
1005,30/06/2022,12,DEPORTIVO CALI,0,MELGAR,0,PRINCIPAL - FUTEBOL MASCULINO,Quarta-feira
1005,30/06/2022,13,DEPORTIVO TACHIRA,1,SANTOS,1,PRINCIPAL - FUTEBOL MASCULINO,Quarta-feira
1005,30/06/2022,14,NOVORIZONTINO,2,VASCO DA GAMA,0,PRINCIPAL - FUTEBOL MASCULINO,Quarta-feira
1006,04/07/2022,1,FLUMINENSE,4,CORINTHIANS,0,PRINCIPAL - FUTEBOL MASCULINO,Sábado
1006,04/07/2022,2,FLORESTA,2,ALTOS,2,PRINCIPAL - FUTEBOL MASCULINO,Sábado
1006,04/07/2022,3,JUVENTUDE,1,ATLETICO,2,PRINCIPAL - FUTEBOL MASCULINO,Sábado
1006,04/07/2022,4,CEARA,1,INTERNACIONAL,1,PRINCIPAL - FUTEBOL MASCULINO,Sábado
1006,04/07/2022,5,SANTOS,1,FLAMENGO,2,PRINCIPAL - FUTEBOL MASCULINO,Sábado
1006,04/07/2022,6,PALMEIRAS,0,ATHLETICO,2,PRINCIPAL - FUTEBOL MASCULINO,Sábado
1006,04/07/2022,7,AVAI,1,CUIABA,2,PRINCIPAL - FUTEBOL MASCULINO,Domingo
1006,04/07/2022,8,ATLETICO,1,SAO PAULO,2,PRINCIPAL - FUTEBOL MASCULINO,Domingo
1006,04/07/2022,9,BAHIA,0,GREMIO,0,PRINCIPAL - FUTEBOL MASCULINO,Domingo
1006,04/07/2022,10,VASCO DA GAMA,0,SPORT,0,PRINCIPAL - FUTEBOL MASCULINO,Domingo
1006,04/07/2022,11,REMO,2,PAYSANDU,2,PRINCIPAL - FUTEBOL MASCULINO,Domingo
1006,04/07/2022,12,AMERICA,1,GOIAS,0,PRINCIPAL - FUTEBOL MASCULINO,Domingo
1006,04/07/2022,13,CORITIBA,2,FORTALEZA,1,PRINCIPAL - FUTEBOL MASCULINO,Domingo
1006,04/07/2022,14,YPIRANGA,2,SAO JOSE,2,PRINCIPAL - FUTEBOL MASCULINO,Domingo
1007,11/07/2022,1,CORINTHIANS,1,FLAMENGO,0,PRINCIPAL - FUTEBOL MASCULINO,Domingo
1007,11/07/2022,2,SPORT,2,LONDRINA,0,PRINCIPAL - FUTEBOL MASCULINO,Sábado
1007,11/07/2022,3,BRAGANTINO,4,AVAI,0,PRINCIPAL - FUTEBOL MASCULINO,Sábado
1007,11/07/2022,4,CRICIUMA,0,VASCO DA GAMA,1,PRINCIPAL - FUTEBOL MASCULINO,Sábado
1007,11/07/2022,5,SAMP CORREA,2,ITUANO,0,PRINCIPAL - FUTEBOL MASCULINO,Sábado
1007,11/07/2022,6,FLUMINENSE,2,CEARA,1,PRINCIPAL - FUTEBOL MASCULINO,Sábado
1007,11/07/2022,7,GOIAS,2,ATHLETICO,1,PRINCIPAL - FUTEBOL MASCULINO,Sábado
1007,11/07/2022,8,CORITIBA,2,JUVENTUDE,2,PRINCIPAL - FUTEBOL MASCULINO,Domingo
1007,11/07/2022,9,BOTAFOGO,1,YPIRANGA,0,PRINCIPAL - FUTEBOL MASCULINO,Domingo
1007,11/07/2022,10,ATLETICO,0,SAO PAULO,0,PRINCIPAL - FUTEBOL MASCULINO,Domingo
1007,11/07/2022,11,FORTALEZA,0,PALMEIRAS,0,PRINCIPAL - FUTEBOL MASCULINO,Domingo
1007,11/07/2022,12,SANTOS,1,ATLETICO,0,PRINCIPAL - FUTEBOL MASCULINO,Domingo
1007,11/07/2022,13,VOLTA REDONDA,2,MIRASSOL,1,PRINCIPAL - FUTEBOL MASCULINO,Domingo
1007,11/07/2022,14,CUIABA,2,BOTAFOGO,0,PRINCIPAL - FUTEBOL MASCULINO,Domingo
1008,18/07/2022,1,SAO PAULO,2,FLUMINENSE,2,PRINCIPAL - FUTEBOL MASCULINO,Domingo
1008,18/07/2022,2,FIGUEIRENSE,2,BOTAFOGO,1,PRINCIPAL - FUTEBOL MASCULINO,Sábado
1008,18/07/2022,3,CRB,1,BRUSQUE,1,PRINCIPAL - FUTEBOL MASCULINO,Sábado
1008,18/07/2022,4,ATHLETICO,0,INTERNACIONAL,0,PRINCIPAL - FUTEBOL MASCULINO,Sábado
1008,18/07/2022,5,SAMP CORREA,3,VASCO DA GAMA,1,PRINCIPAL - FUTEBOL MASCULINO,Sábado
1008,18/07/2022,6,YPIRANGA,1,BOTAFOGO,2,PRINCIPAL - FUTEBOL MASCULINO,Sábado
1008,18/07/2022,7,AVAI,1,SANTOS,0,PRINCIPAL - FUTEBOL MASCULINO,Sábado
1008,18/07/2022,8,FLAMENGO,2,CORITIBA,0,PRINCIPAL - FUTEBOL MASCULINO,Sábado
1008,18/07/2022,9,CEARA,3,CORINTHIANS,1,PRINCIPAL - FUTEBOL MASCULINO,Sábado
1008,18/07/2022,10,JUVENTUDE,0,GOIAS,0,PRINCIPAL - FUTEBOL MASCULINO,Domingo
1008,18/07/2022,11,ATLETICO,0,FORTALEZA,1,PRINCIPAL - FUTEBOL MASCULINO,Domingo
1008,18/07/2022,12,BOTAFOGO,0,ATLETICO,1,PRINCIPAL - FUTEBOL MASCULINO,Domingo
1008,18/07/2022,13,AMERICA,0,BRAGANTINO,3,PRINCIPAL - FUTEBOL MASCULINO,Domingo
1008,18/07/2022,14,REMO,2,ABC,0,PRINCIPAL - FUTEBOL MASCULINO,Domingo
1009,25/07/2022,1,ATLETICO,1,CORINTHIANS,2,PRINCIPAL - FUTEBOL MASCULINO,Domingo
1009,25/07/2022,2,CRUZEIRO,1,BAHIA,0,PRINCIPAL - FUTEBOL MASCULINO,Sábado
1009,25/07/2022,3,SAO PAULO,3,GOIAS,3,PRINCIPAL - FUTEBOL MASCULINO,Sábado
1009,25/07/2022,4,NAUTICO,1,LONDRINA,2,PRINCIPAL - FUTEBOL MASCULINO,Sábado
1009,25/07/2022,5,ITUANO,1,CHAPECOENSE,0,PRINCIPAL - FUTEBOL MASCULINO,Sábado
1009,25/07/2022,6,CRB,2,NOVORIZONTINO,1,PRINCIPAL - FUTEBOL MASCULINO,Sábado
1009,25/07/2022,7,BOTAFOGO,2,ATHLETICO,0,PRINCIPAL - FUTEBOL MASCULINO,Sábado
1009,25/07/2022,8,AVAI,1,FLAMENGO,2,PRINCIPAL - FUTEBOL MASCULINO,Domingo
1009,25/07/2022,9,GUARANI,1,BRUSQUE,1,PRINCIPAL - FUTEBOL MASCULINO,Domingo
1009,25/07/2022,10,FLUMINENSE,2,BRAGANTINO,1,PRINCIPAL - FUTEBOL MASCULINO,Domingo
1009,25/07/2022,11,JUVENTUDE,1,CEARA,0,PRINCIPAL - FUTEBOL MASCULINO,Domingo
1009,25/07/2022,12,PALMEIRAS,2,INTERNACIONAL,1,PRINCIPAL - FUTEBOL MASCULINO,Domingo
1009,25/07/2022,13,ATLETICO,0,AMERICA,1,PRINCIPAL - FUTEBOL MASCULINO,Domingo
1009,25/07/2022,14,FORTALEZA,0,SANTOS,0,PRINCIPAL - FUTEBOL MASCULINO,Domingo
1010,01/08/2022,1,CORINTHIANS,1,BOTAFOGO,0,PRINCIPAL - FUTEBOL MASCULINO,Sábado
1010,01/08/2022,2,GOIAS,1,CORITIBA,0,PRINCIPAL - FUTEBOL MASCULINO,Sábado
1010,01/08/2022,3,CEARA,1,PALMEIRAS,2,PRINCIPAL - FUTEBOL MASCULINO,Sábado
1010,01/08/2022,4,CONFIANCA,1,ALTOS,0,PRINCIPAL - FUTEBOL MASCULINO,Sábado
1010,01/08/2022,5,PONTE PRETA,3,OPERARIO,0,PRINCIPAL - FUTEBOL MASCULINO,Sábado
1010,01/08/2022,6,CSA,1,ITUANO,3,PRINCIPAL - FUTEBOL MASCULINO,Sábado
1010,01/08/2022,7,BOTAFOGO,2,VOLTA REDONDA,1,PRINCIPAL - FUTEBOL MASCULINO,Domingo
1010,01/08/2022,8,INTERNACIONAL,3,ATLETICO,0,PRINCIPAL - FUTEBOL MASCULINO,Domingo
1010,01/08/2022,9,ATHLETICO,1,SAO PAULO,0,PRINCIPAL - FUTEBOL MASCULINO,Domingo
1010,01/08/2022,10,VASCO DA GAMA,0,CHAPECOENSE,0,PRINCIPAL - FUTEBOL MASCULINO,Domingo
1010,01/08/2022,11,AMERICA,3,AVAI,1,PRINCIPAL - FUTEBOL MASCULINO,Domingo
1010,01/08/2022,12,CUIABA,0,FORTALEZA,1,PRINCIPAL - FUTEBOL MASCULINO,Domingo
1010,01/08/2022,13,BRAGANTINO,1,JUVENTUDE,0,PRINCIPAL - FUTEBOL MASCULINO,Domingo
1010,01/08/2022,14,FIGUEIRENSE,3,SAO JOSE,2,PRINCIPAL - FUTEBOL MASCULINO,Domingo
1011,08/08/2022,1,SAO PAULO,0,FLAMENGO,2,PRINCIPAL - FUTEBOL MASCULINO,Sábado
1011,08/08/2022,2,BOTAFOGO,1,CEARA,1,PRINCIPAL - FUTEBOL MASCULINO,Sábado
1011,08/08/2022,3,JUVENTUDE,0,AMERICA,1,PRINCIPAL - FUTEBOL MASCULINO,Sábado
1011,08/08/2022,4,BAHIA,1,CSA,0,PRINCIPAL - FUTEBOL MASCULINO,Sábado
1011,08/08/2022,5,YPIRANGA,5,MANAUS,0,PRINCIPAL - FUTEBOL MASCULINO,Sábado
1011,08/08/2022,6,ATLETICO,2,BRAGANTINO,1,PRINCIPAL - FUTEBOL MASCULINO,Sábado
1011,08/08/2022,7,AVAI,1,CORINTHIANS,1,PRINCIPAL - FUTEBOL MASCULINO,Sábado
1011,08/08/2022,8,CRUZEIRO,2,TOMBENSE,0,PRINCIPAL - FUTEBOL MASCULINO,Sábado
1011,08/08/2022,9,NOVORIZONTINO,0,LONDRINA,1,PRINCIPAL - FUTEBOL MASCULINO,Sábado
1011,08/08/2022,10,FLUMINENSE,1,CUIABA,0,PRINCIPAL - FUTEBOL MASCULINO,Domingo
1011,08/08/2022,11,PALMEIRAS,3,GOIAS,0,PRINCIPAL - FUTEBOL MASCULINO,Domingo
1011,08/08/2022,12,REMO,0,APARECIDENSE,0,PRINCIPAL - FUTEBOL MASCULINO,Domingo
1011,08/08/2022,13,FORTALEZA,3,INTERNACIONAL,0,PRINCIPAL - FUTEBOL MASCULINO,Domingo
1011,08/08/2022,14,ATLETICO,2,ATHLETICO,3,PRINCIPAL - FUTEBOL MASCULINO,Domingo
1012,15/08/2022,1,CORINTHIANS,0,PALMEIRAS,1,PRINCIPAL - FUTEBOL MASCULINO,Sábado
1012,15/08/2022,2,GOIAS,1,AVAI,1,PRINCIPAL - FUTEBOL MASCULINO,Sábado
1012,15/08/2022,3,CONFIANCA,1,ATLETICO,0,PRINCIPAL - FUTEBOL MASCULINO,Sábado
1012,15/08/2022,4,CUIABA,1,JUVENTUDE,0,PRINCIPAL - FUTEBOL MASCULINO,Sábado
1012,15/08/2022,5,CRB,2,GREMIO,0,PRINCIPAL - FUTEBOL MASCULINO,Sábado
1012,15/08/2022,6,BOTAFOGO,0,ATLETICO,0,PRINCIPAL - FUTEBOL MASCULINO,Sábado
1012,15/08/2022,7,CORITIBA,0,ATLETICO,1,PRINCIPAL - FUTEBOL MASCULINO,Domingo
1012,15/08/2022,8,NOVORIZONTINO,3,CRICIUMA,1,PRINCIPAL - FUTEBOL MASCULINO,Domingo
1012,15/08/2022,9,CHELSEA,2,TOTTENHAM,2,PRINCIPAL - FUTEBOL MASCULINO,Domingo
1012,15/08/2022,10,CEARA,0,FORTALEZA,1,PRINCIPAL - FUTEBOL MASCULINO,Domingo
1012,15/08/2022,11,FLAMENGO,5,ATHLETICO,0,PRINCIPAL - FUTEBOL MASCULINO,Domingo
1012,15/08/2022,12,SAO PAULO,3,BRAGANTINO,0,PRINCIPAL - FUTEBOL MASCULINO,Domingo
1012,15/08/2022,13,AMERICA,1,SANTOS,0,PRINCIPAL - FUTEBOL MASCULINO,Domingo
1012,15/08/2022,14,INTERNACIONAL,3,FLUMINENSE,0,PRINCIPAL - FUTEBOL MASCULINO,Domingo
1013,22/08/2022,1,PALMEIRAS,1,FLAMENGO,1,PRINCIPAL - FUTEBOL MASCULINO,Domingo
1013,22/08/2022,2,ATLETICO,0,GOIAS,1,PRINCIPAL - FUTEBOL MASCULINO,Sábado
1013,22/08/2022,3,CHAPECOENSE,1,BRUSQUE,0,PRINCIPAL - FUTEBOL MASCULINO,Sábado
1013,22/08/2022,4,FLUMINENSE,5,CORITIBA,2,PRINCIPAL - FUTEBOL MASCULINO,Sábado
1013,22/08/2022,5,SAMP CORREA,1,CRB,2,PRINCIPAL - FUTEBOL MASCULINO,Sábado
1013,22/08/2022,6,JUVENTUDE,2,BOTAFOGO,2,PRINCIPAL - FUTEBOL MASCULINO,Domingo
1013,22/08/2022,7,ATALANTA BERGAMAS,1,MILAN,1,PRINCIPAL - FUTEBOL MASCULINO,Domingo
1013,22/08/2022,8,GREMIO,2,CRUZEIRO,2,PRINCIPAL - FUTEBOL MASCULINO,Domingo
1013,22/08/2022,9,REAL SOCIEDAD,1,BARCELONA,4,PRINCIPAL - FUTEBOL MASCULINO,Domingo
1013,22/08/2022,10,ATHLETICO,1,AMERICA,1,PRINCIPAL - FUTEBOL MASCULINO,Domingo
1013,22/08/2022,11,ATLETICO,1,CUIABA,1,PRINCIPAL - FUTEBOL MASCULINO,Domingo
1013,22/08/2022,12,FORTALEZA,1,CORINTHIANS,0,PRINCIPAL - FUTEBOL MASCULINO,Domingo
1013,22/08/2022,13,BRAGANTINO,1,CEARA,1,PRINCIPAL - FUTEBOL MASCULINO,Domingo
1013,22/08/2022,14,SANTOS,1,SAO PAULO,0,PRINCIPAL - FUTEBOL MASCULINO,Domingo
1014,29/08/2022,1,FLUMINENSE,1,PALMEIRAS,1,PRINCIPAL - FUTEBOL MASCULINO,Sábado
1014,29/08/2022,2,CRB,0,CRICIUMA,0,PRINCIPAL - FUTEBOL MASCULINO,Sábado
1014,29/08/2022,3,GOIAS,2,ATLETICO,1,PRINCIPAL - FUTEBOL MASCULINO,Sábado
1014,29/08/2022,4,CORITIBA,1,AVAI,0,PRINCIPAL - FUTEBOL MASCULINO,Sábado
1014,29/08/2022,5,PAYSANDU,0,ABC,1,PRINCIPAL - FUTEBOL MASCULINO,Sábado
1014,29/08/2022,6,OPERARIO,0,CSA,0,PRINCIPAL - FUTEBOL MASCULINO,Sábado
1014,29/08/2022,7,MIRASSOL,1,BOTAFOGO,0,PRINCIPAL - FUTEBOL MASCULINO,Sábado
1014,29/08/2022,8,CEARA,0,ATHLETICO,0,PRINCIPAL - FUTEBOL MASCULINO,Sábado
1014,29/08/2022,9,AMERICA,1,ATLETICO,1,PRINCIPAL - FUTEBOL MASCULINO,Domingo
1014,29/08/2022,10,SAO PAULO,0,FORTALEZA,1,PRINCIPAL - FUTEBOL MASCULINO,Domingo
1014,29/08/2022,11,BAHIA,2,VASCO DA GAMA,1,PRINCIPAL - FUTEBOL MASCULINO,Domingo
1014,29/08/2022,12,FIGUEIRENSE,5,VITORIA,1,PRINCIPAL - FUTEBOL MASCULINO,Domingo
1014,29/08/2022,13,BOTAFOGO,0,FLAMENGO,1,PRINCIPAL - FUTEBOL MASCULINO,Domingo
1014,29/08/2022,14,CUIABA,0,SANTOS,0,PRINCIPAL - FUTEBOL MASCULINO,Domingo
1015,05/09/2022,1,CORINTHIANS,2,INTERNACIONAL,2,PRINCIPAL - FUTEBOL MASCULINO,Domingo
1015,05/09/2022,2,JUVENTUDE,1,AVAI,1,PRINCIPAL - FUTEBOL MASCULINO,Sábado
1015,05/09/2022,3,CRB,2,SPORT,0,PRINCIPAL - FUTEBOL MASCULINO,Sábado
1015,05/09/2022,4,ATHLETICO,1,FLUMINENSE,0,PRINCIPAL - FUTEBOL MASCULINO,Sábado
1015,05/09/2022,5,BRAGANTINO,2,PALMEIRAS,2,PRINCIPAL - FUTEBOL MASCULINO,Sábado
1015,05/09/2022,6,CHAPECOENSE,3,PONTE PRETA,0,PRINCIPAL - FUTEBOL MASCULINO,Sábado
1015,05/09/2022,7,AMERICA,2,CORITIBA,0,PRINCIPAL - FUTEBOL MASCULINO,Sábado
1015,05/09/2022,8,FLAMENGO,1,CEARA,1,PRINCIPAL - FUTEBOL MASCULINO,Domingo
1015,05/09/2022,9,MANCHESTER UNITED,3,ARSENAL,1,PRINCIPAL - FUTEBOL MASCULINO,Domingo
1015,05/09/2022,10,FORTALEZA,1,BOTAFOGO,3,PRINCIPAL - FUTEBOL MASCULINO,Domingo
1015,05/09/2022,11,VITORIA,0,ABC,0,PRINCIPAL - FUTEBOL MASCULINO,Domingo
1015,05/09/2022,12,ATLETICO,0,ATLETICO,2,PRINCIPAL - FUTEBOL MASCULINO,Domingo
1015,05/09/2022,13,CUIABA,1,SAO PAULO,1,PRINCIPAL - FUTEBOL MASCULINO,Domingo
1015,05/09/2022,14,VOLTA REDONDA,1,MIRASSOL,2,PRINCIPAL - FUTEBOL MASCULINO,Domingo
1016,12/09/2022,1,SAO PAULO,1,CORINTHIANS,1,PRINCIPAL - FUTEBOL MASCULINO,Domingo
1016,12/09/2022,2,CSA,1,CRB,1,PRINCIPAL - FUTEBOL MASCULINO,Sábado
1016,12/09/2022,3,CEARA,2,SANTOS,1,PRINCIPAL - FUTEBOL MASCULINO,Sábado
1016,12/09/2022,4,INTERNACIONAL,1,CUIABA,0,PRINCIPAL - FUTEBOL MASCULINO,Sábado
1016,12/09/2022,5,ABC,0,VITORIA,0,PRINCIPAL - FUTEBOL MASCULINO,Sábado
1016,12/09/2022,6,FLUMINENSE,2,FORTALEZA,1,PRINCIPAL - FUTEBOL MASCULINO,Sábado
1016,12/09/2022,7,SASSUOLO,1,UDINESE,3,PRINCIPAL - FUTEBOL MASCULINO,Domingo
1016,12/09/2022,8,AVAI,1,ATHLETICO,1,PRINCIPAL - FUTEBOL MASCULINO,Domingo
1016,12/09/2022,9,BOTAFOGO,0,AMERICA,0,PRINCIPAL - FUTEBOL MASCULINO,Domingo
1016,12/09/2022,10,MONACO,2,LYON,1,PRINCIPAL - FUTEBOL MASCULINO,Domingo
1016,12/09/2022,11,CORITIBA,2,ATLETICO,0,PRINCIPAL - FUTEBOL MASCULINO,Domingo
1016,12/09/2022,12,GREMIO,2,VASCO DA GAMA,1,PRINCIPAL - FUTEBOL MASCULINO,Domingo
1016,12/09/2022,13,REAL BETIS,1,VILLARREAL,0,PRINCIPAL - FUTEBOL MASCULINO,Domingo
1016,12/09/2022,14,GOIAS,1,FLAMENGO,1,PRINCIPAL - FUTEBOL MASCULINO,Domingo
1017,19/09/2022,1,FLAMENGO,1,FLUMINENSE,2,PRINCIPAL - FUTEBOL MASCULINO,Domingo
1017,19/09/2022,2,APARECIDENSE,1,VOLTA REDONDA,0,PRINCIPAL - FUTEBOL MASCULINO,Sábado
1017,19/09/2022,3,AVAI,1,ATLETICO,0,PRINCIPAL - FUTEBOL MASCULINO,Sábado
1017,19/09/2022,4,BRUSQUE,0,VILA NOVA,1,PRINCIPAL - FUTEBOL MASCULINO,Sábado
1017,19/09/2022,5,BOTAFOGO,2,CORITIBA,0,PRINCIPAL - FUTEBOL MASCULINO,Sábado
1017,19/09/2022,6,SAMP CORREA,1,CRICIUMA,1,PRINCIPAL - FUTEBOL MASCULINO,Sábado
1017,19/09/2022,7,BRAGANTINO,1,GOIAS,1,PRINCIPAL - FUTEBOL MASCULINO,Domingo
1017,19/09/2022,8,UDINESE,3,INTER DE MILAO,1,PRINCIPAL - FUTEBOL MASCULINO,Domingo
1017,19/09/2022,9,CEARA,0,SAO PAULO,2,PRINCIPAL - FUTEBOL MASCULINO,Domingo
1017,19/09/2022,10,VITORIA,1,FIGUEIRENSE,0,PRINCIPAL - FUTEBOL MASCULINO,Domingo
1017,19/09/2022,11,AMERICA,1,CORINTHIANS,0,PRINCIPAL - FUTEBOL MASCULINO,Domingo
1017,19/09/2022,12,JUVENTUDE,1,FORTALEZA,1,PRINCIPAL - FUTEBOL MASCULINO,Domingo
1017,19/09/2022,13,PALMEIRAS,1,SANTOS,0,PRINCIPAL - FUTEBOL MASCULINO,Domingo
1017,19/09/2022,14,ATHLETICO,2,CUIABA,2,PRINCIPAL - FUTEBOL MASCULINO,Domingo
1018,26/09/2022,1,SAO PAULO,4,AVAI,0,PRINCIPAL - FUTEBOL MASCULINO,Domingo
1018,26/09/2022,2,ESCOCIA/SCT,2,IRLANDA,1,PRINCIPAL - FUTEBOL MASCULINO,Sábado
1018,26/09/2022,3,ESPANHA,1,SUICA,2,PRINCIPAL - FUTEBOL MASCULINO,Sábado
1018,26/09/2022,4,ISRAEL,2,ALBANIA,1,PRINCIPAL - FUTEBOL MASCULINO,Sábado
1018,26/09/2022,5,REPUBLICA TCHECA,0,PORTUGAL,4,PRINCIPAL - FUTEBOL MASCULINO,Sábado
1018,26/09/2022,6,SERVIA/SER,4,SUECIA,1,PRINCIPAL - FUTEBOL MASCULINO,Sábado
1018,26/09/2022,7,BAHIA,2,OPERARIO,2,PRINCIPAL - FUTEBOL MASCULINO,Sábado
1018,26/09/2022,8,AUSTRIA,1,CROACIA,3,PRINCIPAL - FUTEBOL MASCULINO,Domingo
1018,26/09/2022,9,DINAMARCA,2,FRANCA,0,PRINCIPAL - FUTEBOL MASCULINO,Domingo
1018,26/09/2022,10,HOLANDA,1,BELGICA,0,PRINCIPAL - FUTEBOL MASCULINO,Domingo
1018,26/09/2022,11,PAIS DE GALES,0,POLONIA,1,PRINCIPAL - FUTEBOL MASCULINO,Domingo
1018,26/09/2022,12,POUSO ALEGRE,1,AMERICA,0,PRINCIPAL - FUTEBOL MASCULINO,Domingo
1018,26/09/2022,13,MIRASSOL,2,APARECIDENSE,1,PRINCIPAL - FUTEBOL MASCULINO,Domingo
1018,26/09/2022,14,CRICIUMA,2,CHAPECOENSE,0,PRINCIPAL - FUTEBOL MASCULINO,Domingo
1019,03/10/2022,1,ATLETICO,2,FLUMINENSE,0,PRINCIPAL - FUTEBOL MASCULINO,Sábado
1019,03/10/2022,2,INTERNACIONAL,1,SANTOS,0,PRINCIPAL - FUTEBOL MASCULINO,Sábado
1019,03/10/2022,3,CEARA,1,AMERICA,2,PRINCIPAL - FUTEBOL MASCULINO,Sábado
1019,03/10/2022,4,MALLORCA,0,BARCELONA,1,PRINCIPAL - FUTEBOL MASCULINO,Sábado
1019,03/10/2022,5,SAO PAULO,0,INDEP. DEL VALLE,2,PRINCIPAL - FUTEBOL MASCULINO,Sábado
1019,03/10/2022,6,ABC,0,MIRASSOL,0,PRINCIPAL - FUTEBOL MASCULINO,Sábado
1019,03/10/2022,7,ITUANO,1,CRB,0,PRINCIPAL - FUTEBOL MASCULINO,Sábado
1019,03/10/2022,8,ATHLETICO,2,JUVENTUDE,0,PRINCIPAL - FUTEBOL MASCULINO,Sábado
1019,03/10/2022,9,AVAI,1,ATLETICO,2,PRINCIPAL - FUTEBOL MASCULINO,Sábado
1019,03/10/2022,10,FLAMENGO,4,BRAGANTINO,1,PRINCIPAL - FUTEBOL MASCULINO,Sábado
1019,03/10/2022,11,GOIAS,0,FORTALEZA,1,PRINCIPAL - FUTEBOL MASCULINO,Sábado
1019,03/10/2022,12,CORINTHIANS,2,CUIABA,0,PRINCIPAL - FUTEBOL MASCULINO,Sábado
1019,03/10/2022,13,MANCHESTER CITY,6,MANCHESTER UNITED,3,PRINCIPAL - FUTEBOL MASCULINO,Domingo
1019,03/10/2022,14,LEEDS UNITED,0,ASTON VILLA,0,PRINCIPAL - FUTEBOL MASCULINO,Domingo
1020,10/10/2022,1,CORINTHIANS,2,ATHLETICO,1,PRINCIPAL - FUTEBOL MASCULINO,Sábado
1020,10/10/2022,2,LONDRINA,1,GREMIO,1,PRINCIPAL - FUTEBOL MASCULINO,Sábado
1020,10/10/2022,3,MIRASSOL,2,ABC,0,PRINCIPAL - FUTEBOL MASCULINO,Sábado
1020,10/10/2022,4,TOMBENSE,1,CRB,2,PRINCIPAL - FUTEBOL MASCULINO,Sábado
1020,10/10/2022,5,CUIABA,1,FLAMENGO,2,PRINCIPAL - FUTEBOL MASCULINO,Sábado
1020,10/10/2022,6,UDINESE,2,ATALANTA BERGAMAS,2,PRINCIPAL - FUTEBOL MASCULINO,Domingo
1020,10/10/2022,7,INTERNACIONAL,4,GOIAS,2,PRINCIPAL - FUTEBOL MASCULINO,Domingo
1020,10/10/2022,8,ARSENAL,3,LIVERPOOL,2,PRINCIPAL - FUTEBOL MASCULINO,Domingo
1020,10/10/2022,9,REAL SOCIEDAD,1,VILLARREAL,0,PRINCIPAL - FUTEBOL MASCULINO,Domingo
1020,10/10/2022,10,FORTALEZA,2,AVAI,0,PRINCIPAL - FUTEBOL MASCULINO,Domingo
1020,10/10/2022,11,SAO PAULO,0,BOTAFOGO,1,PRINCIPAL - FUTEBOL MASCULINO,Domingo
1020,10/10/2022,12,ATLETICO,0,CEARA,0,PRINCIPAL - FUTEBOL MASCULINO,Domingo
1020,10/10/2022,13,CORITIBA,2,BRAGANTINO,1,PRINCIPAL - FUTEBOL MASCULINO,Domingo
1020,10/10/2022,14,FLUMINENSE,0,AMERICA,2,PRINCIPAL - FUTEBOL MASCULINO,Domingo
1021,17/10/2022,1,PALMEIRAS,0,SAO PAULO,0,PRINCIPAL - FUTEBOL MASCULINO,Domingo
1021,17/10/2022,2,CRICIUMA,3,ITUANO,0,PRINCIPAL - FUTEBOL MASCULINO,Sábado
1021,17/10/2022,3,GOIAS,0,CORINTHIANS,1,PRINCIPAL - FUTEBOL MASCULINO,Sábado
1021,17/10/2022,4,AMERICA,1,FORTALEZA,2,PRINCIPAL - FUTEBOL MASCULINO,Sábado
1021,17/10/2022,5,FLAMENGO,1,ATLETICO,0,PRINCIPAL - FUTEBOL MASCULINO,Sábado
1021,17/10/2022,6,REAL MADRID,3,BARCELONA,1,PRINCIPAL - FUTEBOL MASCULINO,Domingo
1021,17/10/2022,7,LIVERPOOL,1,MANCHESTER CITY,0,PRINCIPAL - FUTEBOL MASCULINO,Domingo
1021,17/10/2022,8,CEARA,1,CUIABA,1,PRINCIPAL - FUTEBOL MASCULINO,Domingo
1021,17/10/2022,9,GREMIO,1,BAHIA,1,PRINCIPAL - FUTEBOL MASCULINO,Domingo
1021,17/10/2022,10,SPORT,1,VASCO DA GAMA,1,PRINCIPAL - FUTEBOL MASCULINO,Domingo
1021,17/10/2022,11,BOTAFOGO,0,INTERNACIONAL,1,PRINCIPAL - FUTEBOL MASCULINO,Domingo
1021,17/10/2022,12,JUVENTUDE,1,ATLETICO,1,PRINCIPAL - FUTEBOL MASCULINO,Domingo
1021,17/10/2022,13,ATHLETICO,1,CORITIBA,0,PRINCIPAL - FUTEBOL MASCULINO,Domingo
1021,17/10/2022,14,AVAI,0,FLUMINENSE,3,PRINCIPAL - FUTEBOL MASCULINO,Domingo
1022,24/10/2022,1,SANTOS,0,CORINTHIANS,1,PRINCIPAL - FUTEBOL MASCULINO,Sábado
1022,24/10/2022,2,VASCO DA GAMA,2,CRICIUMA,1,PRINCIPAL - FUTEBOL MASCULINO,Sábado
1022,24/10/2022,3,LONDRINA,2,SPORT,1,PRINCIPAL - FUTEBOL MASCULINO,Sábado
1022,24/10/2022,4,BRAGANTINO,4,ATHLETICO,2,PRINCIPAL - FUTEBOL MASCULINO,Sábado
1022,24/10/2022,5,ITUANO,1,SAMP CORREA,0,PRINCIPAL - FUTEBOL MASCULINO,Sábado
1022,24/10/2022,6,AMERICA,1,FLAMENGO,2,PRINCIPAL - FUTEBOL MASCULINO,Sábado
1022,24/10/2022,7,REAL BETIS,1,ATLETICO MADRID,2,PRINCIPAL - FUTEBOL MASCULINO,Domingo
1022,24/10/2022,8,ATALANTA BERGAMAS,0,LAZIO,2,PRINCIPAL - FUTEBOL MASCULINO,Domingo
1022,24/10/2022,9,ROMA,0,NAPOLI,1,PRINCIPAL - FUTEBOL MASCULINO,Domingo
1022,24/10/2022,10,FLUMINENSE,2,BOTAFOGO,2,PRINCIPAL - FUTEBOL MASCULINO,Domingo
1022,24/10/2022,11,JUVENTUDE,1,SAO PAULO,2,PRINCIPAL - FUTEBOL MASCULINO,Domingo
1022,24/10/2022,12,ATLETICO,1,CEARA,0,PRINCIPAL - FUTEBOL MASCULINO,Domingo
1022,24/10/2022,13,CORITIBA,1,INTERNACIONAL,1,PRINCIPAL - FUTEBOL MASCULINO,Domingo
1022,24/10/2022,14,CUIABA,1,GOIAS,2,PRINCIPAL - FUTEBOL MASCULINO,Domingo
1023,31/10/2022,1,FLAMENGO,1,ATHLETICO,0,PRINCIPAL - FUTEBOL MASCULINO,Sábado
1023,31/10/2022,2,LIVERPOOL,1,LEEDS UNITED,2,PRINCIPAL - FUTEBOL MASCULINO,Sábado
1023,31/10/2022,3,INTER DE MILAO,3,SAMPDORIA,0,PRINCIPAL - FUTEBOL MASCULINO,Sábado
1023,31/10/2022,4,STRASBOURG,2,OLYMP DE MARSELHA,2,PRINCIPAL - FUTEBOL MASCULINO,Sábado
1023,31/10/2022,5,VALENCIA CLUB,0,BARCELONA,1,PRINCIPAL - FUTEBOL MASCULINO,Sábado
1023,31/10/2022,6,CHAPECOENSE,1,NAUTICO,0,PRINCIPAL - FUTEBOL MASCULINO,Sábado
1023,31/10/2022,7,EMPOLI,0,ATALANTA BERGAMAS,2,PRINCIPAL - FUTEBOL MASCULINO,Domingo
1023,31/10/2022,8,ARSENAL,5,NOTTINGHAM FOREST,0,PRINCIPAL - FUTEBOL MASCULINO,Domingo
1023,31/10/2022,9,SPEZIA CALCIO,1,FIORENTINA,2,PRINCIPAL - FUTEBOL MASCULINO,Domingo
1023,31/10/2022,10,MANCHESTER UNITED,1,WEST HAM,0,PRINCIPAL - FUTEBOL MASCULINO,Domingo
1023,31/10/2022,11,ATHLETIC BILBAO,1,VILLARREAL,0,PRINCIPAL - FUTEBOL MASCULINO,Domingo
1023,31/10/2022,12,LYON,1,LILLE,0,PRINCIPAL - FUTEBOL MASCULINO,Domingo
1023,31/10/2022,13,TORINO,2,MILAN,1,PRINCIPAL - FUTEBOL MASCULINO,Domingo
1023,31/10/2022,14,REAL SOCIEDAD,0,REAL BETIS,2,PRINCIPAL - FUTEBOL MASCULINO,Domingo
1024,07/11/2022,1,FLUMINENSE,3,SAO PAULO,1,PRINCIPAL - FUTEBOL MASCULINO,Sábado
1024,07/11/2022,2,BRAGANTINO,1,AMERICA,4,PRINCIPAL - FUTEBOL MASCULINO,Sábado
1024,07/11/2022,3,CORINTHIANS,1,CEARA,0,PRINCIPAL - FUTEBOL MASCULINO,Sábado
1024,07/11/2022,4,INTERNACIONAL,2,ATHLETICO,0,PRINCIPAL - FUTEBOL MASCULINO,Sábado
1024,07/11/2022,5,CHELSEA,0,ARSENAL,1,PRINCIPAL - FUTEBOL MASCULINO,Domingo
1024,07/11/2022,6,TOTTENHAM,1,LIVERPOOL,2,PRINCIPAL - FUTEBOL MASCULINO,Domingo
1024,07/11/2022,7,ROMA,0,LAZIO,1,PRINCIPAL - FUTEBOL MASCULINO,Domingo
1024,07/11/2022,8,CORITIBA,1,FLAMENGO,0,PRINCIPAL - FUTEBOL MASCULINO,Domingo
1024,07/11/2022,9,CUIABA,1,PALMEIRAS,1,PRINCIPAL - FUTEBOL MASCULINO,Domingo
1024,07/11/2022,10,OLYMP DE MARSELHA,1,LYON,0,PRINCIPAL - FUTEBOL MASCULINO,Domingo
1024,07/11/2022,11,JUVENTUS,2,INTER DE MILAO,0,PRINCIPAL - FUTEBOL MASCULINO,Domingo
1024,07/11/2022,12,FORTALEZA,1,ATLETICO,1,PRINCIPAL - FUTEBOL MASCULINO,Domingo
1024,07/11/2022,13,CRUZEIRO,3,CSA,2,PRINCIPAL - FUTEBOL MASCULINO,Domingo
1024,07/11/2022,14,ITUANO,0,VASCO DA GAMA,1,PRINCIPAL - FUTEBOL MASCULINO,Domingo
1025,14/11/2022,1,CORINTHIANS,0,ATLETICO,1,PRINCIPAL - FUTEBOL MASCULINO,Domingo
1025,14/11/2022,2,BOLOGNA,3,SASSUOLO,0,PRINCIPAL - FUTEBOL MASCULINO,Sábado
1025,14/11/2022,3,ATALANTA BERGAMAS,2,INTER DE MILAO,3,PRINCIPAL - FUTEBOL MASCULINO,Domingo
1025,14/11/2022,4,FULHAM,1,MANCHESTER UNITED,2,PRINCIPAL - FUTEBOL MASCULINO,Domingo
1025,14/11/2022,5,AMERICA,1,ATLETICO,1,PRINCIPAL - FUTEBOL MASCULINO,Domingo
1025,14/11/2022,6,ATHLETICO,3,BOTAFOGO,0,PRINCIPAL - FUTEBOL MASCULINO,Domingo
1025,14/11/2022,7,CUIABA,2,CORITIBA,1,PRINCIPAL - FUTEBOL MASCULINO,Domingo
1025,14/11/2022,8,FLAMENGO,1,AVAI,2,PRINCIPAL - FUTEBOL MASCULINO,Domingo
1025,14/11/2022,9,GOIAS,0,SAO PAULO,4,PRINCIPAL - FUTEBOL MASCULINO,Domingo
1025,14/11/2022,10,INTERNACIONAL,3,PALMEIRAS,0,PRINCIPAL - FUTEBOL MASCULINO,Domingo
1025,14/11/2022,11,BRAGANTINO,0,FLUMINENSE,1,PRINCIPAL - FUTEBOL MASCULINO,Domingo
1025,14/11/2022,12,SANTOS,0,FORTALEZA,2,PRINCIPAL - FUTEBOL MASCULINO,Domingo
1025,14/11/2022,13,MONACO,2,OLYMP DE MARSELHA,3,PRINCIPAL - FUTEBOL MASCULINO,Domingo
1025,14/11/2022,14,JUVENTUS,3,LAZIO,0,PRINCIPAL - FUTEBOL MASCULINO,Domingo
1026,24/11/2022,1,BRASIL,2,SERVIA/SER,0,PRINCIPAL - FUTEBOL MASCULINO,Quinta-feira
1026,24/11/2022,2,INGLATERRA,6,IRA,2,PRINCIPAL - FUTEBOL MASCULINO,Segunda-feira
1026,24/11/2022,3,SENEGAL,0,HOLANDA,2,PRINCIPAL - FUTEBOL MASCULINO,Segunda-feira
1026,24/11/2022,4,ESTADOS UNIDOS,1,PAIS DE GALES,1,PRINCIPAL - FUTEBOL MASCULINO,Segunda-feira
1026,24/11/2022,5,ARGENTINA,1,ARABIA SAUDITA,2,PRINCIPAL - FUTEBOL MASCULINO,Terça-feira
1026,24/11/2022,6,DINAMARCA,0,TUNISIA,0,PRINCIPAL - FUTEBOL MASCULINO,Terça-feira
1026,24/11/2022,7,MEXICO,0,POLONIA,0,PRINCIPAL - FUTEBOL MASCULINO,Terça-feira
1026,24/11/2022,8,FRANCA,4,AUSTRALIA,1,PRINCIPAL - FUTEBOL MASCULINO,Terça-feira
1026,24/11/2022,9,ALEMANHA,1,JAPAO,2,PRINCIPAL - FUTEBOL MASCULINO,Quarta-feira
1026,24/11/2022,10,ESPANHA,7,COSTA RICA,0,PRINCIPAL - FUTEBOL MASCULINO,Quarta-feira
1026,24/11/2022,11,BELGICA,1,CANADA,0,PRINCIPAL - FUTEBOL MASCULINO,Quarta-feira
1026,24/11/2022,12,SUICA,1,CAMAROES,0,PRINCIPAL - FUTEBOL MASCULINO,Quinta-feira
1026,24/11/2022,13,URUGUAI,0,COREIA DO SUL,0,PRINCIPAL - FUTEBOL MASCULINO,Quinta-feira
1026,24/11/2022,14,PORTUGAL,3,GANA,2,PRINCIPAL - FUTEBOL MASCULINO,Quinta-feira
1027,28/11/2022,1,BRASIL,1,SUICA,0,PRINCIPAL - FUTEBOL MASCULINO,Segunda-feira
1027,28/11/2022,2,CATAR,1,SENEGAL,3,PRINCIPAL - FUTEBOL MASCULINO,Sexta-feira
1027,28/11/2022,3,HOLANDA,1,EQUADOR,1,PRINCIPAL - FUTEBOL MASCULINO,Sexta-feira
1027,28/11/2022,4,INGLATERRA,0,ESTADOS UNIDOS,0,PRINCIPAL - FUTEBOL MASCULINO,Sexta-feira
1027,28/11/2022,5,TUNISIA,0,AUSTRALIA,1,PRINCIPAL - FUTEBOL MASCULINO,Sábado
1027,28/11/2022,6,POLONIA,2,ARABIA SAUDITA,0,PRINCIPAL - FUTEBOL MASCULINO,Sábado
1027,28/11/2022,7,FRANCA,2,DINAMARCA,1,PRINCIPAL - FUTEBOL MASCULINO,Sábado
1027,28/11/2022,8,ARGENTINA,2,MEXICO,0,PRINCIPAL - FUTEBOL MASCULINO,Sábado
1027,28/11/2022,9,BELGICA,0,MARROCOS,2,PRINCIPAL - FUTEBOL MASCULINO,Domingo
1027,28/11/2022,10,CROACIA,4,CANADA,1,PRINCIPAL - FUTEBOL MASCULINO,Domingo
1027,28/11/2022,11,ESPANHA,1,ALEMANHA,1,PRINCIPAL - FUTEBOL MASCULINO,Domingo
1027,28/11/2022,12,CAMAROES,3,SERVIA/SER,3,PRINCIPAL - FUTEBOL MASCULINO,Segunda-feira
1027,28/11/2022,13,COREIA DO SUL,2,GANA,3,PRINCIPAL - FUTEBOL MASCULINO,Segunda-feira
1027,28/11/2022,14,PORTUGAL,2,URUGUAI,0,PRINCIPAL - FUTEBOL MASCULINO,Segunda-feira
1028,02/12/2022,1,CAMAROES,1,BRASIL,0,PRINCIPAL - FUTEBOL MASCULINO,Sexta-feira
1028,02/12/2022,2,EQUADOR,1,SENEGAL,2,PRINCIPAL - FUTEBOL MASCULINO,Terça-feira
1028,02/12/2022,3,HOLANDA,2,CATAR,0,PRINCIPAL - FUTEBOL MASCULINO,Terça-feira
1028,02/12/2022,4,IRA,0,ESTADOS UNIDOS,1,PRINCIPAL - FUTEBOL MASCULINO,Terça-feira
1028,02/12/2022,5,PAIS DE GALES,0,INGLATERRA,3,PRINCIPAL - FUTEBOL MASCULINO,Terça-feira
1028,02/12/2022,6,TUNISIA,1,FRANCA,0,PRINCIPAL - FUTEBOL MASCULINO,Quarta-feira
1028,02/12/2022,7,POLONIA,0,ARGENTINA,2,PRINCIPAL - FUTEBOL MASCULINO,Quarta-feira
1028,02/12/2022,8,CANADA,1,MARROCOS,2,PRINCIPAL - FUTEBOL MASCULINO,Quinta-feira
1028,02/12/2022,9,CROACIA,0,BELGICA,0,PRINCIPAL - FUTEBOL MASCULINO,Quinta-feira
1028,02/12/2022,10,COSTA RICA,2,ALEMANHA,4,PRINCIPAL - FUTEBOL MASCULINO,Quinta-feira
1028,02/12/2022,11,JAPAO,2,ESPANHA,1,PRINCIPAL - FUTEBOL MASCULINO,Quinta-feira
1028,02/12/2022,12,GANA,0,URUGUAI,2,PRINCIPAL - FUTEBOL MASCULINO,Sexta-feira
1028,02/12/2022,13,COREIA DO SUL,2,PORTUGAL,1,PRINCIPAL - FUTEBOL MASCULINO,Sexta-feira
1028,02/12/2022,14,SERVIA/SER,2,SUICA,3,PRINCIPAL - FUTEBOL MASCULINO,Sexta-feira
1029,09/01/2023,1,PONTE PRETA,0,AMERICA,1,MASCULINO SUB20,Sábado
1029,09/01/2023,2,CSA,0,BAHIA,0,MASCULINO SUB20,Sábado
1029,09/01/2023,3,ITUANO,3,CRB,1,MASCULINO SUB20,Sábado
1029,09/01/2023,4,SAO CAETANO,0,FORTALEZA,0,MASCULINO SUB20,Sábado
1029,09/01/2023,5,FLUMINENSE,1,INTERNACIONAL,3,MASCULINO SUB20,Sábado
1029,09/01/2023,6,BOTAFOGO,1,SAMP CORREA,2,MASCULINO SUB20,Sábado
1029,09/01/2023,7,BRAGANTINO,2,ABC,1,MASCULINO SUB20,Sábado
1029,09/01/2023,8,PENAPOLENSE,0,CRUZEIRO,3,MASCULINO SUB20,Domingo
1029,09/01/2023,9,COMERCIAL,1,CAPIVARIANO,3,MASCULINO SUB20,Domingo
1029,09/01/2023,10,NACIONAL,2,ALECRIM,1,MASCULINO SUB20,Domingo
1029,09/01/2023,11,XV PIRACICABA,1,JUVENTUDE,1,MASCULINO SUB20,Domingo
1029,09/01/2023,12,FLORESTA,0,APARECIDENSE,1,MASCULINO SUB20,Domingo
1029,09/01/2023,13,FRANCANA,0,GREMIO,3,MASCULINO SUB20,Domingo
1029,09/01/2023,14,XV DE JAU,1,FLAMENGO,2,MASCULINO SUB20,Domingo
1030,16/01/2023,1,BRAGANTINO,1,CORINTHIANS,0,PRINCIPAL - FUTEBOL MASCULINO,Domingo
1030,16/01/2023,2,RESENDE,0,FLUMINENSE,2,PRINCIPAL - FUTEBOL MASCULINO,Sábado
1030,16/01/2023,3,CHAPECOENSE,2,AVAI,0,PRINCIPAL - FUTEBOL MASCULINO,Sábado
1030,16/01/2023,4,REAL SOCIEDAD,3,ATHLETIC BILBAO,1,PRINCIPAL - FUTEBOL MASCULINO,Sábado
1030,16/01/2023,5,VASCO DA GAMA,0,MADUREIRA,0,PRINCIPAL - FUTEBOL MASCULINO,Sábado
1030,16/01/2023,6,SANTOS,2,MIRASSOL,1,PRINCIPAL - FUTEBOL MASCULINO,Sábado
1030,16/01/2023,7,PALMEIRAS,0,SAO BENTO,0,PRINCIPAL - FUTEBOL MASCULINO,Sábado
1030,16/01/2023,8,ATLETICO,2,GOIAS,1,PRINCIPAL - FUTEBOL MASCULINO,Domingo
1030,16/01/2023,9,REIMS,0,NICE,0,PRINCIPAL - FUTEBOL MASCULINO,Domingo
1030,16/01/2023,10,TOTTENHAM,0,ARSENAL,2,PRINCIPAL - FUTEBOL MASCULINO,Domingo
1030,16/01/2023,11,RENNES,1,PSG,0,PRINCIPAL - FUTEBOL MASCULINO,Domingo
1030,16/01/2023,12,ROMA,2,FIORENTINA,0,PRINCIPAL - FUTEBOL MASCULINO,Domingo
1030,16/01/2023,13,FLAMENGO,4,PORTUGUESA,1,PRINCIPAL - FUTEBOL MASCULINO,Domingo
1030,16/01/2023,14,SAO PAULO,0,ITUANO,0,PRINCIPAL - FUTEBOL MASCULINO,Domingo
1031,23/01/2023,1,PALMEIRAS,0,SAO PAULO,0,PRINCIPAL - FUTEBOL MASCULINO,Domingo
1031,23/01/2023,2,PORT DESPORT,3,BRAGANTINO,0,PRINCIPAL - FUTEBOL MASCULINO,Sábado
1031,23/01/2023,3,CAXIAS,1,GREMIO,2,PRINCIPAL - FUTEBOL MASCULINO,Sábado
1031,23/01/2023,4,VITORIA,1,SANTA CRUZ,1,PRINCIPAL - FUTEBOL MASCULINO,Sábado
1031,23/01/2023,5,INTER LIMEIRA,0,CORINTHIANS,0,PRINCIPAL - FUTEBOL MASCULINO,Sábado
1031,23/01/2023,6,INTERNACIONAL,2,JUVENTUDE,2,PRINCIPAL - FUTEBOL MASCULINO,Sábado
1031,23/01/2023,7,SPORT,2,ABC,0,PRINCIPAL - FUTEBOL MASCULINO,Sábado
1031,23/01/2023,8,PORTUGUESA,0,BANGU,1,PRINCIPAL - FUTEBOL MASCULINO,Sábado
1031,23/01/2023,9,ARSENAL,3,MANCHESTER UNITED,2,PRINCIPAL - FUTEBOL MASCULINO,Domingo
1031,23/01/2023,10,VILA NOVA,2,ATLETICO,2,PRINCIPAL - FUTEBOL MASCULINO,Domingo
1031,23/01/2023,11,JUVENTUS,3,ATALANTA BERGAMAS,3,PRINCIPAL - FUTEBOL MASCULINO,Domingo
1031,23/01/2023,12,MADUREIRA,0,FLUMINENSE,1,PRINCIPAL - FUTEBOL MASCULINO,Domingo
1031,23/01/2023,13,FERROVIARIO,3,CEARA,0,PRINCIPAL - FUTEBOL MASCULINO,Domingo
1031,23/01/2023,14,SAMP CORREA,1,BAHIA,0,PRINCIPAL - FUTEBOL MASCULINO,Domingo
1032,30/01/2023,1,PALMEIRAS,4,FLAMENGO,3,PRINCIPAL - FUTEBOL MASCULINO,Sábado
1032,30/01/2023,2,OLYMP DE MARSELHA,1,MONACO,1,PRINCIPAL - FUTEBOL MASCULINO,Sábado
1032,30/01/2023,3,SANTOS,1,FERROVIARIA,1,PRINCIPAL - FUTEBOL MASCULINO,Sábado
1032,30/01/2023,4,BRAGANTINO,0,SANTO ANDRE,1,PRINCIPAL - FUTEBOL MASCULINO,Sábado
1032,30/01/2023,5,BOTAFOGO,3,GUARANI,2,PRINCIPAL - FUTEBOL MASCULINO,Sábado
1032,30/01/2023,6,GOIAS,1,VILA NOVA,0,PRINCIPAL - FUTEBOL MASCULINO,Domingo
1032,30/01/2023,7,TOMBENSE,1,ATLETICO,2,PRINCIPAL - FUTEBOL MASCULINO,Domingo
1032,30/01/2023,8,RESENDE,0,PORTUGUESA,0,PRINCIPAL - FUTEBOL MASCULINO,Domingo
1032,30/01/2023,9,INTER LIMEIRA,1,ITUANO,0,PRINCIPAL - FUTEBOL MASCULINO,Domingo
1032,30/01/2023,10,SAO BERNARDO,2,SAO BENTO,0,PRINCIPAL - FUTEBOL MASCULINO,Domingo
1032,30/01/2023,11,NAPOLI,2,ROMA,1,PRINCIPAL - FUTEBOL MASCULINO,Domingo
1032,30/01/2023,12,REAL MADRID,0,REAL SOCIEDAD,0,PRINCIPAL - FUTEBOL MASCULINO,Domingo
1032,30/01/2023,13,FLUMINENSE,0,BOTAFOGO,1,PRINCIPAL - FUTEBOL MASCULINO,Domingo
1032,30/01/2023,14,SAO PAULO,1,CORINTHIANS,2,PRINCIPAL - FUTEBOL MASCULINO,Domingo
1033,06/02/2023,1,PALMEIRAS,3,SANTOS,1,PRINCIPAL - FUTEBOL MASCULINO,Sábado
1033,06/02/2023,2,GUARANI,0,BRAGANTINO,1,PRINCIPAL - FUTEBOL MASCULINO,Sábado
1033,06/02/2023,3,AVAI,4,FIGUEIRENSE,0,PRINCIPAL - FUTEBOL MASCULINO,Sábado
1033,06/02/2023,4,AMERICA,1,CRUZEIRO,0,PRINCIPAL - FUTEBOL MASCULINO,Sábado
1033,06/02/2023,5,CEARA,2,SAMP CORREA,0,PRINCIPAL - FUTEBOL MASCULINO,Sábado
1033,06/02/2023,6,NAUTICO,2,CRB,2,PRINCIPAL - FUTEBOL MASCULINO,Sábado
1033,06/02/2023,7,CASCAVEL,0,OPERARIO,1,PRINCIPAL - FUTEBOL MASCULINO,Sábado
1033,06/02/2023,8,TOMBENSE,3,CALDENSE,0,PRINCIPAL - FUTEBOL MASCULINO,Sábado
1033,06/02/2023,9,TOTTENHAM,1,MANCHESTER CITY,0,PRINCIPAL - FUTEBOL MASCULINO,Domingo
1033,06/02/2023,10,CSA,3,VITORIA,1,PRINCIPAL - FUTEBOL MASCULINO,Domingo
1033,06/02/2023,11,CORINTHIANS,2,BOTAFOGO,0,PRINCIPAL - FUTEBOL MASCULINO,Domingo
1033,06/02/2023,12,YPIRANGA,3,JUVENTUDE,2,PRINCIPAL - FUTEBOL MASCULINO,Domingo
1033,06/02/2023,13,ATHLETICO,1,CORITIBA,1,PRINCIPAL - FUTEBOL MASCULINO,Domingo
1033,06/02/2023,14,PORT DESPORT,0,INTER LIMEIRA,1,PRINCIPAL - FUTEBOL MASCULINO,Domingo
1034,13/02/2023,1,FLUMINENSE,2,VASCO DA GAMA,0,PRINCIPAL - FUTEBOL MASCULINO,Domingo
1034,13/02/2023,2,NAUTICO,2,SPORT,2,PRINCIPAL - FUTEBOL MASCULINO,Sábado
1034,13/02/2023,3,LAZIO,0,ATALANTA BERGAMAS,2,PRINCIPAL - FUTEBOL MASCULINO,Sábado
1034,13/02/2023,4,BOTAFOGO,2,BANGU,0,PRINCIPAL - FUTEBOL MASCULINO,Sábado
1034,13/02/2023,5,ATHLETICO,3,OPERARIO,1,PRINCIPAL - FUTEBOL MASCULINO,Sábado
1034,13/02/2023,6,SAO BENTO,0,GUARANI,1,PRINCIPAL - FUTEBOL MASCULINO,Sábado
1034,13/02/2023,7,AVAI,1,BRUSQUE,1,PRINCIPAL - FUTEBOL MASCULINO,Sábado
1034,13/02/2023,8,BRAGANTINO,0,MIRASSOL,0,PRINCIPAL - FUTEBOL MASCULINO,Sábado
1034,13/02/2023,9,BRASIL PELOTAS,0,INTERNACIONAL,1,PRINCIPAL - FUTEBOL MASCULINO,Sábado
1034,13/02/2023,10,JUVENTUS,1,FIORENTINA,0,PRINCIPAL - FUTEBOL MASCULINO,Domingo
1034,13/02/2023,11,LYON,2,LENS,1,PRINCIPAL - FUTEBOL MASCULINO,Domingo
1034,13/02/2023,12,VILLARREAL,0,BARCELONA,1,PRINCIPAL - FUTEBOL MASCULINO,Domingo
1034,13/02/2023,13,SAO PAULO,3,SANTOS,1,PRINCIPAL - FUTEBOL MASCULINO,Domingo
1034,13/02/2023,14,INTER LIMEIRA,0,SANTO ANDRE,1,PRINCIPAL - FUTEBOL MASCULINO,Domingo
1035,22/02/2023,1,INDEP. DEL VALLE,1,FLAMENGO,0,PRINCIPAL - FUTEBOL MASCULINO,Terça-feira
1035,22/02/2023,2,SAO LUIZ,0,GREMIO,0,PRINCIPAL - FUTEBOL MASCULINO,Sábado
1035,22/02/2023,3,ATLETICO,2,PATROCINENSE,1,PRINCIPAL - FUTEBOL MASCULINO,Sábado
1035,22/02/2023,4,VITORIA,1,ABC,1,PRINCIPAL - FUTEBOL MASCULINO,Sábado
1035,22/02/2023,5,JOINVILLE,1,CHAPECOENSE,1,PRINCIPAL - FUTEBOL MASCULINO,Sábado
1035,22/02/2023,6,VILLA NOVA,0,CRUZEIRO,4,PRINCIPAL - FUTEBOL MASCULINO,Sábado
1035,22/02/2023,7,SAMP CORREA,1,NAUTICO,0,PRINCIPAL - FUTEBOL MASCULINO,Sábado
1035,22/02/2023,8,CASCAVEL,0,CORITIBA,0,PRINCIPAL - FUTEBOL MASCULINO,Domingo
1035,22/02/2023,9,SAO BERNARDO,2,BOTAFOGO,1,PRINCIPAL - FUTEBOL MASCULINO,Domingo
1035,22/02/2023,10,CORINTHIANS,3,MIRASSOL,0,PRINCIPAL - FUTEBOL MASCULINO,Domingo
1035,22/02/2023,11,SANTOS,4,PORT DESPORT,0,PRINCIPAL - FUTEBOL MASCULINO,Segunda-feira
1035,22/02/2023,12,FRANKFURT,0,NAPOLI,2,PRINCIPAL - FUTEBOL MASCULINO,Terça-feira
1035,22/02/2023,13,LIVERPOOL,2,REAL MADRID,5,PRINCIPAL - FUTEBOL MASCULINO,Terça-feira
1035,22/02/2023,14,SAO BENTO,0,SAO PAULO,3,PRINCIPAL - FUTEBOL MASCULINO,Terça-feira
1036,27/02/2023,1,BOTAFOGO,0,FLAMENGO,1,PRINCIPAL - FUTEBOL MASCULINO,Sábado
1036,27/02/2023,2,BRAGANTINO,5,ITUANO,1,PRINCIPAL - FUTEBOL MASCULINO,Sábado
1036,27/02/2023,3,FLUMINENSE,3,PORTUGUESA,0,PRINCIPAL - FUTEBOL MASCULINO,Sábado
1036,27/02/2023,4,GOIANIA,3,GOIAS,8,PRINCIPAL - FUTEBOL MASCULINO,Sábado
1036,27/02/2023,5,ATLETICO,1,AMERICA,1,PRINCIPAL - FUTEBOL MASCULINO,Sábado
1036,27/02/2023,6,CRICIUMA,1,FIGUEIRENSE,0,PRINCIPAL - FUTEBOL MASCULINO,Sábado
1036,27/02/2023,7,SAO PAULO,0,SAO BERNARDO,1,PRINCIPAL - FUTEBOL MASCULINO,Sábado
1036,27/02/2023,8,AIMORE,0,INTERNACIONAL,2,PRINCIPAL - FUTEBOL MASCULINO,Sábado
1036,27/02/2023,9,TOTTENHAM,2,CHELSEA,0,PRINCIPAL - FUTEBOL MASCULINO,Domingo
1036,27/02/2023,10,SANTOS,2,CORINTHIANS,2,PRINCIPAL - FUTEBOL MASCULINO,Domingo
1036,27/02/2023,11,OPERARIO,3,CORITIBA,0,PRINCIPAL - FUTEBOL MASCULINO,Domingo
1036,27/02/2023,12,OLYMP DE MARSELHA,0,PSG,3,PRINCIPAL - FUTEBOL MASCULINO,Domingo
1036,27/02/2023,13,PALMEIRAS,2,FERROVIARI,1,PRINCIPAL - FUTEBOL MASCULINO,Domingo
1036,27/02/2023,14,FORTALEZA,2,NAUTICO,1,PRINCIPAL - FUTEBOL MASCULINO,Domingo
1037,06/03/2023,1,FLAMENGO,0,VASCO DA GAMA,1,PRINCIPAL - FUTEBOL MASCULINO,Domingo
1037,06/03/2023,2,BANGU,0,FLUMINENSE,5,PRINCIPAL - FUTEBOL MASCULINO,Sábado
1037,06/03/2023,3,CRUZEIRO,1,DEMOCRATA SL,1,PRINCIPAL - FUTEBOL MASCULINO,Sábado
1037,06/03/2023,4,CHAPECOENSE,0,BRUSQUE,0,PRINCIPAL - FUTEBOL MASCULINO,Sábado
1037,06/03/2023,5,NAUTICO,0,SPORT,2,PRINCIPAL - FUTEBOL MASCULINO,Sábado
1037,06/03/2023,6,CSA,0,CRB,0,PRINCIPAL - FUTEBOL MASCULINO,Sábado
1037,06/03/2023,7,BAHIA,1,VITORIA,1,PRINCIPAL - FUTEBOL MASCULINO,Domingo
1037,06/03/2023,8,BOTAFOGO,1,SAO PAULO,3,PRINCIPAL - FUTEBOL MASCULINO,Domingo
1037,06/03/2023,9,CORINTHIANS,3,SANTO ANDRE,1,PRINCIPAL - FUTEBOL MASCULINO,Domingo
1037,06/03/2023,10,GUARANI,0,PALMEIRAS,0,PRINCIPAL - FUTEBOL MASCULINO,Domingo
1037,06/03/2023,11,ITUANO,3,SANTOS,0,PRINCIPAL - FUTEBOL MASCULINO,Domingo
1037,06/03/2023,12,RESENDE,0,BOTAFOGO,2,PRINCIPAL - FUTEBOL MASCULINO,Domingo
1037,06/03/2023,13,CEARA,2,FORTALEZA,0,PRINCIPAL - FUTEBOL MASCULINO,Domingo
1037,06/03/2023,14,GREMIO,2,INTERNACIONAL,1,PRINCIPAL - FUTEBOL MASCULINO,Domingo
1038,13/03/2023,1,PALMEIRAS,1,SAO BERNARDO,0,PRINCIPAL - FUTEBOL MASCULINO,Sábado
1038,13/03/2023,2,ITABUNA,1,BAHIA,0,PRINCIPAL - FUTEBOL MASCULINO,Sábado
1038,13/03/2023,3,IGUATU,1,CEARA,1,PRINCIPAL - FUTEBOL MASCULINO,Sábado
1038,13/03/2023,4,INTERNACIONAL,4,ESPORTIVO,1,PRINCIPAL - FUTEBOL MASCULINO,Sábado
1038,13/03/2023,5,JUVENTUDE,1,BRASIL PELOTAS,0,PRINCIPAL - FUTEBOL MASCULINO,Sábado
1038,13/03/2023,6,YPIRANGA,0,GREMIO,0,PRINCIPAL - FUTEBOL MASCULINO,Sábado
1038,13/03/2023,7,AVAI,2,CRICIUMA,2,PRINCIPAL - FUTEBOL MASCULINO,Sábado
1038,13/03/2023,8,BRUSQUE,3,FIGUEIRENSE,2,PRINCIPAL - FUTEBOL MASCULINO,Sábado
1038,13/03/2023,9,CRUZEIRO,0,AMERICA,2,PRINCIPAL - FUTEBOL MASCULINO,Sábado
1038,13/03/2023,10,SPORT,2,SANTA CRUZ,0,PRINCIPAL - FUTEBOL MASCULINO,Sábado
1038,13/03/2023,11,CORITIBA,0,CASCAVEL,0,PRINCIPAL - FUTEBOL MASCULINO,Sábado
1038,13/03/2023,12,ATHLETIC CLUB,1,ATLETICO,0,PRINCIPAL - FUTEBOL MASCULINO,Domingo
1038,13/03/2023,13,CORINTHIANS,1,ITUANO,1,PRINCIPAL - FUTEBOL MASCULINO,Domingo
1038,13/03/2023,14,BRAGANTINO,2,BOTAFOGO,0,PRINCIPAL - FUTEBOL MASCULINO,Domingo
1039,20/03/2023,1,VASCO DA GAMA,1,FLAMENGO,3,PRINCIPAL - FUTEBOL MASCULINO,Domingo
1039,20/03/2023,2,BAHIA,4,ITABUNA,1,PRINCIPAL - FUTEBOL MASCULINO,Sábado
1039,20/03/2023,3,FLUMINENSE,7,VOLTA REDONDA,0,PRINCIPAL - FUTEBOL MASCULINO,Sábado
1039,20/03/2023,4,ATLETICO,1,ATHLETIC CLUB,0,PRINCIPAL - FUTEBOL MASCULINO,Sábado
1039,20/03/2023,5,CAXIAS,1,INTERNACIONAL,1,PRINCIPAL - FUTEBOL MASCULINO,Sábado
1039,20/03/2023,6,SPORT,0,SANTA CRUZ,0,PRINCIPAL - FUTEBOL MASCULINO,Sábado
1039,20/03/2023,7,PORTUGUESA,0,BOTAFOGO,0,PRINCIPAL - FUTEBOL MASCULINO,Sábado
1039,20/03/2023,8,PSG,0,RENNES,2,PRINCIPAL - FUTEBOL MASCULINO,Domingo
1039,20/03/2023,9,LAZIO,1,ROMA,0,PRINCIPAL - FUTEBOL MASCULINO,Domingo
1039,20/03/2023,10,YPIRANGA,2,GREMIO,1,PRINCIPAL - FUTEBOL MASCULINO,Domingo
1039,20/03/2023,11,ARSENAL,4,CRYSTAL PALACE,1,PRINCIPAL - FUTEBOL MASCULINO,Domingo
1039,20/03/2023,12,BARCELONA,2,REAL MADRID,1,PRINCIPAL - FUTEBOL MASCULINO,Domingo
1039,20/03/2023,13,AMERICA,2,CRUZEIRO,1,PRINCIPAL - FUTEBOL MASCULINO,Domingo
1039,20/03/2023,14,INTER DE MILAO,0,JUVENTUS,1,PRINCIPAL - FUTEBOL MASCULINO,Domingo
1040,27/03/2023,1,MARROCOS,2,BRASIL,1,PRINCIPAL - FUTEBOL MASCULINO,Sábado
1040,27/03/2023,2,GREMIO,2,YPIRANGA,1,PRINCIPAL - FUTEBOL MASCULINO,Sábado
1040,27/03/2023,3,SANTA CRUZ,3,CENTRAL,1,PRINCIPAL - FUTEBOL MASCULINO,Sábado
1040,27/03/2023,4,CROACIA,1,PAIS DE GALES,1,PRINCIPAL - FUTEBOL MASCULINO,Sábado
1040,27/03/2023,5,ESPANHA,3,NORUEGA,0,PRINCIPAL - FUTEBOL MASCULINO,Sábado
1040,27/03/2023,6,OPERARIO,1,CASCAVEL,0,PRINCIPAL - FUTEBOL MASCULINO,Sábado
1040,27/03/2023,7,PATROCINENSE,1,CALDENSE,0,PRINCIPAL - FUTEBOL MASCULINO,Domingo
1040,27/03/2023,8,INGLATERRA,2,UCRANIA,0,PRINCIPAL - FUTEBOL MASCULINO,Domingo
1040,27/03/2023,9,AUDAX,1,NOVA IGUACU,0,PRINCIPAL - FUTEBOL MASCULINO,Domingo
1040,27/03/2023,10,LUXEMBURGO,0,PORTUGAL,6,PRINCIPAL - FUTEBOL MASCULINO,Domingo
1040,27/03/2023,11,ATHLETICO,1,MARINGA,0,PRINCIPAL - FUTEBOL MASCULINO,Domingo
1040,27/03/2023,12,SAO BERNARDO,0,MIRASSOL,0,PRINCIPAL - FUTEBOL MASCULINO,Domingo
1040,27/03/2023,13,VILLA NOVA,1,TOMBENSE,2,PRINCIPAL - FUTEBOL MASCULINO,Domingo
1040,27/03/2023,14,INTERNACIONAL,1,CAXIAS,1,PRINCIPAL - FUTEBOL MASCULINO,Domingo
1041,03/04/2023,1,FLAMENGO,2,FLUMINENSE,0,PRINCIPAL - FUTEBOL MASCULINO,Sábado
1041,03/04/2023,2,FORTALEZA,2,CEARA,1,PRINCIPAL - FUTEBOL MASCULINO,Sábado
1041,03/04/2023,3,NAUTICO,1,PETROLINA,0,PRINCIPAL - FUTEBOL MASCULINO,Sábado
1041,03/04/2023,4,CAXIAS,1,GREMIO,1,PRINCIPAL - FUTEBOL MASCULINO,Sábado
1041,03/04/2023,5,CUIABA,5,LUVERDENSE,0,PRINCIPAL - FUTEBOL MASCULINO,Sábado
1041,03/04/2023,6,AMERICA,2,ATLETICO,3,PRINCIPAL - FUTEBOL MASCULINO,Sábado
1041,03/04/2023,7,ASA,0,CRB,2,PRINCIPAL - FUTEBOL MASCULINO,Sábado
1041,03/04/2023,8,TOMBENSE,3,VILLA NOVA,2,PRINCIPAL - FUTEBOL MASCULINO,Sábado
1041,03/04/2023,9,NEW CASTLE,2,MANCHESTER UNITED,0,PRINCIPAL - FUTEBOL MASCULINO,Domingo
1041,03/04/2023,10,NAPOLI,0,MILAN,4,PRINCIPAL - FUTEBOL MASCULINO,Domingo
1041,03/04/2023,11,AGUA SANTA,2,PALMEIRAS,1,PRINCIPAL - FUTEBOL MASCULINO,Domingo
1041,03/04/2023,12,ATLETICO,2,GOIAS,0,PRINCIPAL - FUTEBOL MASCULINO,Domingo
1041,03/04/2023,13,BAHIA,3,JACUIPENSE,0,PRINCIPAL - FUTEBOL MASCULINO,Domingo
1041,03/04/2023,14,CASCAVEL,1,ATHLETICO,2,PRINCIPAL - FUTEBOL MASCULINO,Domingo
1042,06/04/2023,1,BARCELONA,0,REAL MADRID,4,PRINCIPAL - FUTEBOL MASCULINO,Quarta-feira
1042,06/04/2023,2,ALIANZA LIMA,0,ATHLETICO,0,PRINCIPAL - FUTEBOL MASCULINO,Terça-feira
1042,06/04/2023,3,ARGENTINOS JR,1,INDEP. DEL VALLE,0,PRINCIPAL - FUTEBOL MASCULINO,Terça-feira
1042,06/04/2023,4,THE STRONGEST,3,RIVER PLATE,1,PRINCIPAL - FUTEBOL MASCULINO,Terça-feira
1042,06/04/2023,5,GOIAS,0,SANTA FE,0,PRINCIPAL - FUTEBOL MASCULINO,Terça-feira
1042,06/04/2023,6,INDEP.MEDELLIN,1,INTERNACIONAL,1,PRINCIPAL - FUTEBOL MASCULINO,Terça-feira
1042,06/04/2023,7,BLOOMING,0,SANTOS,1,PRINCIPAL - FUTEBOL MASCULINO,Terça-feira
1042,06/04/2023,8,MILLONARIOS,3,DEFENSA Y JUSTICI,0,PRINCIPAL - FUTEBOL MASCULINO,Terça-feira
1042,06/04/2023,9,WEST HAM,1,NEW CASTLE,5,PRINCIPAL - FUTEBOL MASCULINO,Quarta-feira
1042,06/04/2023,10,AUCAS,2,FLAMENGO,1,PRINCIPAL - FUTEBOL MASCULINO,Quarta-feira
1042,06/04/2023,11,FORTALEZA,4,PALESTINO,0,PRINCIPAL - FUTEBOL MASCULINO,Quarta-feira
1042,06/04/2023,12,AMERICA,4,PENAROL,1,PRINCIPAL - FUTEBOL MASCULINO,Quarta-feira
1042,06/04/2023,13,BOLIVAR,3,PALMEIRAS,1,PRINCIPAL - FUTEBOL MASCULINO,Quarta-feira
1042,06/04/2023,14,SPORTING CRISTAL,1,FLUMINENSE,3,PRINCIPAL - FUTEBOL MASCULINO,Quarta-feira
1043,10/04/2023,1,FLUMINENSE,4,FLAMENGO,1,PRINCIPAL - FUTEBOL MASCULINO,Domingo
1043,10/04/2023,2,LAZIO,2,JUVENTUS,1,PRINCIPAL - FUTEBOL MASCULINO,Sábado
1043,10/04/2023,3,BOTAFOGO,5,AUDAX,2,PRINCIPAL - FUTEBOL MASCULINO,Domingo
1043,10/04/2023,4,NICE,0,PSG,2,PRINCIPAL - FUTEBOL MASCULINO,Sábado
1043,10/04/2023,5,CRB,1,ASA,0,PRINCIPAL - FUTEBOL MASCULINO,Sábado
1043,10/04/2023,6,CEARA,2,FORTALEZA,2,PRINCIPAL - FUTEBOL MASCULINO,Sábado
1043,10/04/2023,7,GREMIO,1,CAXIAS,0,PRINCIPAL - FUTEBOL MASCULINO,Sábado
1043,10/04/2023,8,ATLETICO,2,AMERICA,0,PRINCIPAL - FUTEBOL MASCULINO,Domingo
1043,10/04/2023,9,BRUSQUE,0,CRICIUMA,1,PRINCIPAL - FUTEBOL MASCULINO,Sábado
1043,10/04/2023,10,LIVERPOOL,2,ARSENAL,2,PRINCIPAL - FUTEBOL MASCULINO,Domingo
1043,10/04/2023,11,PALMEIRAS,4,AGUA SANTA,0,PRINCIPAL - FUTEBOL MASCULINO,Domingo
1043,10/04/2023,12,GOIAS,3,ATLETICO,1,PRINCIPAL - FUTEBOL MASCULINO,Domingo
1043,10/04/2023,13,REMO,0,PAYSANDU,1,PRINCIPAL - FUTEBOL MASCULINO,Domingo
1043,10/04/2023,14,ATHLETICO,0,CASCAVEL,0,PRINCIPAL - FUTEBOL MASCULINO,Domingo
1044,13/04/2023,1,REAL MADRID,2,CHELSEA,0,PRINCIPAL - FUTEBOL MASCULINO,Quarta-feira
1044,13/04/2023,2,BOTAFOGO,0,SANTOS,2,PRINCIPAL - FUTEBOL MASCULINO,Terça-feira
1044,13/04/2023,3,INTERNACIONAL,2,CSA,1,PRINCIPAL - FUTEBOL MASCULINO,Terça-feira
1044,13/04/2023,4,FORTALEZA,6,AGUIA,1,PRINCIPAL - FUTEBOL MASCULINO,Terça-feira
1044,13/04/2023,5,SAO PAULO,0,ITUANO,0,PRINCIPAL - FUTEBOL MASCULINO,Terça-feira
1044,13/04/2023,6,MILAN,1,NAPOLI,0,PRINCIPAL - FUTEBOL MASCULINO,Quarta-feira
1044,13/04/2023,7,NOVA IGUACU,1,AMERICA,2,PRINCIPAL - FUTEBOL MASCULINO,Quarta-feira
1044,13/04/2023,8,CORITIBA,3,SPORT,3,PRINCIPAL - FUTEBOL MASCULINO,Quarta-feira
1044,13/04/2023,9,CRB,1,ATHLETICO,0,PRINCIPAL - FUTEBOL MASCULINO,Quarta-feira
1044,13/04/2023,10,FLUMINENSE,3,PAYSANDU,0,PRINCIPAL - FUTEBOL MASCULINO,Quarta-feira
1044,13/04/2023,11,PALMEIRAS,4,TOMBENSE,2,PRINCIPAL - FUTEBOL MASCULINO,Quarta-feira
1044,13/04/2023,12,ATLETICO,2,BRASIL PELOTAS,1,PRINCIPAL - FUTEBOL MASCULINO,Quarta-feira
1044,13/04/2023,13,REMO,2,CORINTHIANS,0,PRINCIPAL - FUTEBOL MASCULINO,Quarta-feira
1044,13/04/2023,14,YPIRANGA,0,BOTAFOGO,2,PRINCIPAL - FUTEBOL MASCULINO,Quarta-feira
1045,17/04/2023,1,CORINTHIANS,2,CRUZEIRO,1,PRINCIPAL - FUTEBOL MASCULINO,Domingo
1045,17/04/2023,2,AMERICA,0,FLUMINENSE,3,PRINCIPAL - FUTEBOL MASCULINO,Sábado
1045,17/04/2023,3,PALMEIRAS,2,CUIABA,1,PRINCIPAL - FUTEBOL MASCULINO,Sábado
1045,17/04/2023,4,SAMP CORREA,3,ATLETICO,3,PRINCIPAL - FUTEBOL MASCULINO,Sábado
1045,17/04/2023,5,ATHLETICO,2,GOIAS,0,PRINCIPAL - FUTEBOL MASCULINO,Sábado
1045,17/04/2023,6,BOTAFOGO,2,SAO PAULO,1,PRINCIPAL - FUTEBOL MASCULINO,Sábado
1045,17/04/2023,7,FORTALEZA,1,INTERNACIONAL,1,PRINCIPAL - FUTEBOL MASCULINO,Sábado
1045,17/04/2023,8,BRAGANTINO,2,BAHIA,1,PRINCIPAL - FUTEBOL MASCULINO,Sábado
1045,17/04/2023,9,ATLETICO,1,VASCO DA GAMA,2,PRINCIPAL - FUTEBOL MASCULINO,Sábado
1045,17/04/2023,10,CRICIUMA,2,TOMBENSE,0,PRINCIPAL - FUTEBOL MASCULINO,Domingo
1045,17/04/2023,11,FLAMENGO,3,CORITIBA,0,PRINCIPAL - FUTEBOL MASCULINO,Domingo
1045,17/04/2023,12,VITORIA,3,PONTE PRETA,0,PRINCIPAL - FUTEBOL MASCULINO,Domingo
1045,17/04/2023,13,GREMIO,1,SANTOS,0,PRINCIPAL - FUTEBOL MASCULINO,Domingo
1045,17/04/2023,14,LONDRINA,1,ABC,0,PRINCIPAL - FUTEBOL MASCULINO,Domingo
1046,20/04/2023,1,BAYERN DE MUNIQUE,1,MANCHESTER CITY,1,PRINCIPAL - FUTEBOL MASCULINO,Quarta-feira
1046,20/04/2023,2,FLUMINENSE,1,THE STRONGEST,0,PRINCIPAL - FUTEBOL MASCULINO,Terça-feira
1046,20/04/2023,3,INTERNACIONAL,1,METROPOLITANOS,0,PRINCIPAL - FUTEBOL MASCULINO,Terça-feira
1046,20/04/2023,4,BRAGANTINO,5,ORIENTE PETROLERO,0,PRINCIPAL - FUTEBOL MASCULINO,Terça-feira
1046,20/04/2023,5,ATHLETICO,2,ATLETICO,1,PRINCIPAL - FUTEBOL MASCULINO,Terça-feira
1046,20/04/2023,6,BOCA JUNIORS,2,DESPORTIV PEREIRA,1,PRINCIPAL - FUTEBOL MASCULINO,Terça-feira
1046,20/04/2023,7,SAO PAULO,2,ACAD PUERTO CABEL,0,PRINCIPAL - FUTEBOL MASCULINO,Terça-feira
1046,20/04/2023,8,INTER DE MILAO,3,S LISBOA BENFICA,3,PRINCIPAL - FUTEBOL MASCULINO,Quarta-feira
1046,20/04/2023,9,NACIONAL,2,INDEP.MEDELLIN,1,PRINCIPAL - FUTEBOL MASCULINO,Quarta-feira
1046,20/04/2023,10,RIVER PLATE,4,SPORTING CRISTAL,2,PRINCIPAL - FUTEBOL MASCULINO,Quarta-feira
1046,20/04/2023,11,DEFENSA Y JUSTICI,2,AMERICA,1,PRINCIPAL - FUTEBOL MASCULINO,Quarta-feira
1046,20/04/2023,12,CORINTHIANS,0,ARGENTINOS JR,1,PRINCIPAL - FUTEBOL MASCULINO,Quarta-feira
1046,20/04/2023,13,FLAMENGO,2,CLUB DEP NUBLENSE,0,PRINCIPAL - FUTEBOL MASCULINO,Quarta-feira
1046,20/04/2023,14,CEARA,2,SPORT,1,PRINCIPAL - FUTEBOL MASCULINO,Quarta-feira
1047,24/04/2023,1,VASCO DA GAMA,2,PALMEIRAS,2,PRINCIPAL - FUTEBOL MASCULINO,Domingo
1047,24/04/2023,2,FLUMINENSE,2,ATHLETICO,0,PRINCIPAL - FUTEBOL MASCULINO,Sábado
1047,24/04/2023,3,AVAI,1,MIRASSOL,0,PRINCIPAL - FUTEBOL MASCULINO,Sábado
1047,24/04/2023,4,NOVORIZONTINO,1,JUVENTUDE,0,PRINCIPAL - FUTEBOL MASCULINO,Sábado
1047,24/04/2023,5,CEARA,0,GUARANI,3,PRINCIPAL - FUTEBOL MASCULINO,Sábado
1047,24/04/2023,6,CUIABA,1,BRAGANTINO,1,PRINCIPAL - FUTEBOL MASCULINO,Sábado
1047,24/04/2023,7,SAO PAULO,3,AMERICA,0,PRINCIPAL - FUTEBOL MASCULINO,Sábado
1047,24/04/2023,8,CRUZEIRO,1,GREMIO,0,PRINCIPAL - FUTEBOL MASCULINO,Sábado
1047,24/04/2023,9,INTERNACIONAL,2,FLAMENGO,1,PRINCIPAL - FUTEBOL MASCULINO,Domingo
1047,24/04/2023,10,CHAPECOENSE,3,LONDRINA,0,PRINCIPAL - FUTEBOL MASCULINO,Domingo
1047,24/04/2023,11,SANTOS,0,ATLETICO,0,PRINCIPAL - FUTEBOL MASCULINO,Domingo
1047,24/04/2023,12,ABC,0,VITORIA,3,PRINCIPAL - FUTEBOL MASCULINO,Domingo
1047,24/04/2023,13,CORITIBA,0,FORTALEZA,3,PRINCIPAL - FUTEBOL MASCULINO,Domingo
1047,24/04/2023,14,GOIAS,3,CORINTHIANS,1,PRINCIPAL - FUTEBOL MASCULINO,Domingo
1048,27/04/2023,1,MANCHESTER CITY,4,ARSENAL,1,PRINCIPAL - FUTEBOL MASCULINO,Quarta-feira
1048,27/04/2023,2,CRUZEIRO,2,NAUTICO,0,PRINCIPAL - FUTEBOL MASCULINO,Terça-feira
1048,27/04/2023,3,PAYSANDU,0,FLUMINENSE,3,PRINCIPAL - FUTEBOL MASCULINO,Terça-feira
1048,27/04/2023,4,ATHLETICO,2,CRB,1,PRINCIPAL - FUTEBOL MASCULINO,Terça-feira
1048,27/04/2023,5,ITUANO,0,SAO PAULO,1,PRINCIPAL - FUTEBOL MASCULINO,Terça-feira
1048,27/04/2023,6,INTER DE MILAO,1,JUVENTUS,0,PRINCIPAL - FUTEBOL MASCULINO,Quarta-feira
1048,27/04/2023,7,SANTOS,1,BOTAFOGO,0,PRINCIPAL - FUTEBOL MASCULINO,Quarta-feira
1048,27/04/2023,8,SPORT,2,CORITIBA,0,PRINCIPAL - FUTEBOL MASCULINO,Quarta-feira
1048,27/04/2023,9,AGUIA,0,FORTALEZA,2,PRINCIPAL - FUTEBOL MASCULINO,Quarta-feira
1048,27/04/2023,10,GREMIO ESP BRASIL,1,ATLETICO,1,PRINCIPAL - FUTEBOL MASCULINO,Quarta-feira
1048,27/04/2023,11,TOMBENSE,1,PALMEIRAS,1,PRINCIPAL - FUTEBOL MASCULINO,Quarta-feira
1048,27/04/2023,12,AMERICA,5,NOVA IGUACU,0,PRINCIPAL - FUTEBOL MASCULINO,Quarta-feira
1048,27/04/2023,13,CORINTHIANS,2,REMO,0,PRINCIPAL - FUTEBOL MASCULINO,Quarta-feira
1048,27/04/2023,14,FLAMENGO,8,MARINGA,2,PRINCIPAL - FUTEBOL MASCULINO,Quarta-feira
1049,02/05/2023,1,PALMEIRAS,2,CORINTHIANS,1,PRINCIPAL - FUTEBOL MASCULINO,Sábado
1049,02/05/2023,2,CORITIBA,1,SAO PAULO,1,PRINCIPAL - FUTEBOL MASCULINO,Sábado
1049,02/05/2023,3,FORTALEZA,4,FLUMINENSE,2,PRINCIPAL - FUTEBOL MASCULINO,Sábado
1049,02/05/2023,4,TOMBENSE,1,ATLETICO,1,PRINCIPAL - FUTEBOL MASCULINO,Sábado
1049,02/05/2023,5,BRAGANTINO,0,CRUZEIRO,3,PRINCIPAL - FUTEBOL MASCULINO,Sábado
1049,02/05/2023,6,SANTOS,3,AMERICA,2,PRINCIPAL - FUTEBOL MASCULINO,Sábado
1049,02/05/2023,7,ATLETICO,2,ATHLETICO,1,PRINCIPAL - FUTEBOL MASCULINO,Sábado
1049,02/05/2023,8,NOVORIZONTINO,0,SPORT,0,PRINCIPAL - FUTEBOL MASCULINO,Domingo
1049,02/05/2023,9,FLAMENGO,2,BOTAFOGO,3,PRINCIPAL - FUTEBOL MASCULINO,Domingo
1049,02/05/2023,10,ABC,1,CEARA,2,PRINCIPAL - FUTEBOL MASCULINO,Domingo
1049,02/05/2023,11,CUIABA,1,GREMIO,2,PRINCIPAL - FUTEBOL MASCULINO,Domingo
1049,02/05/2023,12,INTERNACIONAL,1,GOIAS,0,PRINCIPAL - FUTEBOL MASCULINO,Domingo
1049,02/05/2023,13,LONDRINA,1,CRICIUMA,1,PRINCIPAL - FUTEBOL MASCULINO,Segunda-feira
1049,02/05/2023,14,VASCO DA GAMA,0,BAHIA,1,PRINCIPAL - FUTEBOL MASCULINO,Segunda-feira
1050,04/05/2023,1,FLUMINENSE,5,RIVER PLATE,1,PRINCIPAL - FUTEBOL MASCULINO,Terça-feira
1050,04/05/2023,2,PONTE PRETA,2,BOTAFOGO,0,PRINCIPAL - FUTEBOL MASCULINO,Terça-feira
1050,04/05/2023,3,TOLIMA,0,SAO PAULO,0,PRINCIPAL - FUTEBOL MASCULINO,Terça-feira
1050,04/05/2023,4,CORINTHIANS,1,INDEP. DEL VALLE,2,PRINCIPAL - FUTEBOL MASCULINO,Terça-feira
1050,04/05/2023,5,BRAGANTINO,0,ESTUDIANTES,0,PRINCIPAL - FUTEBOL MASCULINO,Terça-feira
1050,04/05/2023,6,ATLETICO,2,CHAPECOENSE,1,PRINCIPAL - FUTEBOL MASCULINO,Terça-feira
1050,04/05/2023,7,JUVENTUDE,1,GUARANI,0,PRINCIPAL - FUTEBOL MASCULINO,Quarta-feira
1050,04/05/2023,8,MIRASSOL,0,NOVORIZONTINO,2,PRINCIPAL - FUTEBOL MASCULINO,Quarta-feira
1050,04/05/2023,9,INTERNACIONAL,2,NACIONAL,2,PRINCIPAL - FUTEBOL MASCULINO,Quarta-feira
1050,04/05/2023,10,MILLONARIOS,1,AMERICA,1,PRINCIPAL - FUTEBOL MASCULINO,Quarta-feira
1050,04/05/2023,11,SPORT,1,CEARA,0,PRINCIPAL - FUTEBOL MASCULINO,Quarta-feira
1050,04/05/2023,12,AVAI,0,VILA NOVA,3,PRINCIPAL - FUTEBOL MASCULINO,Quarta-feira
1050,04/05/2023,13,ATLETICO,2,ALIANZA LIMA,0,PRINCIPAL - FUTEBOL MASCULINO,Quarta-feira
1050,04/05/2023,14,BARCELONA,0,PALMEIRAS,2,PRINCIPAL - FUTEBOL MASCULINO,Quarta-feira
1051,08/05/2023,1,FLUMINENSE,1,VASCO DA GAMA,1,PRINCIPAL - FUTEBOL MASCULINO,Sábado
1051,08/05/2023,2,CRUZEIRO,2,SANTOS,1,PRINCIPAL - FUTEBOL MASCULINO,Sábado
1051,08/05/2023,3,TOMBENSE,0,AVAI,1,PRINCIPAL - FUTEBOL MASCULINO,Sábado
1051,08/05/2023,4,MIRASSOL,1,VILA NOVA,1,PRINCIPAL - FUTEBOL MASCULINO,Sábado
1051,08/05/2023,5,CHAPECOENSE,1,NOVORIZONTINO,1,PRINCIPAL - FUTEBOL MASCULINO,Sábado
1051,08/05/2023,6,AMERICA,1,CUIABA,2,PRINCIPAL - FUTEBOL MASCULINO,Domingo
1051,08/05/2023,7,PONTE PRETA,0,CEARA,0,PRINCIPAL - FUTEBOL MASCULINO,Domingo
1051,08/05/2023,8,ATHLETICO,2,FLAMENGO,1,PRINCIPAL - FUTEBOL MASCULINO,Domingo
1051,08/05/2023,9,BAHIA,3,CORITIBA,1,PRINCIPAL - FUTEBOL MASCULINO,Domingo
1051,08/05/2023,10,SAO PAULO,2,INTERNACIONAL,0,PRINCIPAL - FUTEBOL MASCULINO,Domingo
1051,08/05/2023,11,BOTAFOGO,2,ATLETICO,0,PRINCIPAL - FUTEBOL MASCULINO,Domingo
1051,08/05/2023,12,GOIAS,0,PALMEIRAS,5,PRINCIPAL - FUTEBOL MASCULINO,Domingo
1051,08/05/2023,13,GREMIO,3,BRAGANTINO,3,PRINCIPAL - FUTEBOL MASCULINO,Domingo
1051,08/05/2023,14,SPORT,2,GUARANI,0,PRINCIPAL - FUTEBOL MASCULINO,Domingo
1052,12/05/2023,1,PALMEIRAS,4,GREMIO,1,PRINCIPAL - FUTEBOL MASCULINO,Quarta-feira
1052,12/05/2023,2,MILAN,0,INTER DE MILAO,2,PRINCIPAL - FUTEBOL MASCULINO,Quarta-feira
1052,12/05/2023,3,INTERNACIONAL,0,ATHLETICO,2,PRINCIPAL - FUTEBOL MASCULINO,Quarta-feira
1052,12/05/2023,4,BRAGANTINO,2,AMERICA,2,PRINCIPAL - FUTEBOL MASCULINO,Quarta-feira
1052,12/05/2023,5,SANTOS,3,BAHIA,0,PRINCIPAL - FUTEBOL MASCULINO,Quarta-feira
1052,12/05/2023,6,CEARA,0,VITORIA,2,PRINCIPAL - FUTEBOL MASCULINO,Quarta-feira
1052,12/05/2023,7,CUIABA,0,ATLETICO,4,PRINCIPAL - FUTEBOL MASCULINO,Quarta-feira
1052,12/05/2023,8,FLAMENGO,2,GOIAS,0,PRINCIPAL - FUTEBOL MASCULINO,Quarta-feira
1052,12/05/2023,9,CRUZEIRO,0,FLUMINENSE,2,PRINCIPAL - FUTEBOL MASCULINO,Quarta-feira
1052,12/05/2023,10,SPORT,3,TOMBENSE,2,PRINCIPAL - FUTEBOL MASCULINO,Quarta-feira
1052,12/05/2023,11,JUVENTUS,1,SEVILLA,1,PRINCIPAL - FUTEBOL MASCULINO,Quinta-feira
1052,12/05/2023,12,BOTAFOGO,3,CORINTHIANS,0,PRINCIPAL - FUTEBOL MASCULINO,Quinta-feira
1052,12/05/2023,13,CORITIBA,1,VASCO DA GAMA,1,PRINCIPAL - FUTEBOL MASCULINO,Quinta-feira
1052,12/05/2023,14,FORTALEZA,0,SAO PAULO,0,PRINCIPAL - FUTEBOL MASCULINO,Quinta-feira
1053,15/05/2023,1,CORINTHIANS,1,SAO PAULO,1,PRINCIPAL - FUTEBOL MASCULINO,Domingo
1053,15/05/2023,2,BAHIA,2,FLAMENGO,3,PRINCIPAL - FUTEBOL MASCULINO,Sábado
1053,15/05/2023,3,JUVENTUDE,0,MIRASSOL,1,PRINCIPAL - FUTEBOL MASCULINO,Sábado
1053,15/05/2023,4,CEARA,2,TOMBENSE,0,PRINCIPAL - FUTEBOL MASCULINO,Sábado
1053,15/05/2023,5,FLUMINENSE,2,CUIABA,0,PRINCIPAL - FUTEBOL MASCULINO,Sábado
1053,15/05/2023,6,PALMEIRAS,1,BRAGANTINO,1,PRINCIPAL - FUTEBOL MASCULINO,Sábado
1053,15/05/2023,7,ATLETICO,2,INTERNACIONAL,0,PRINCIPAL - FUTEBOL MASCULINO,Sábado
1053,15/05/2023,8,LONDRINA,3,PONTE PRETA,0,PRINCIPAL - FUTEBOL MASCULINO,Domingo
1053,15/05/2023,9,GREMIO,0,FORTALEZA,0,PRINCIPAL - FUTEBOL MASCULINO,Domingo
1053,15/05/2023,10,VASCO DA GAMA,0,SANTOS,1,PRINCIPAL - FUTEBOL MASCULINO,Domingo
1053,15/05/2023,11,VITORIA,2,ATLETICO,3,PRINCIPAL - FUTEBOL MASCULINO,Domingo
1053,15/05/2023,12,AMERICA,0,CRUZEIRO,4,PRINCIPAL - FUTEBOL MASCULINO,Domingo
1053,15/05/2023,13,ATHLETICO,3,CORITIBA,2,PRINCIPAL - FUTEBOL MASCULINO,Domingo
1053,15/05/2023,14,GOIAS,2,BOTAFOGO,1,PRINCIPAL - FUTEBOL MASCULINO,Domingo
1054,18/05/2023,1,FLUMINENSE,0,FLAMENGO,0,PRINCIPAL - FUTEBOL MASCULINO,Terça-feira
1054,18/05/2023,2,MANCHESTER CITY,4,REAL MADRID,0,PRINCIPAL - FUTEBOL MASCULINO,Quarta-feira
1054,18/05/2023,3,PALMEIRAS,3,FORTALEZA,0,PRINCIPAL - FUTEBOL MASCULINO,Quarta-feira
1054,18/05/2023,4,SANTOS,0,BAHIA,0,PRINCIPAL - FUTEBOL MASCULINO,Quarta-feira
1054,18/05/2023,5,GREMIO,1,CRUZEIRO,1,PRINCIPAL - FUTEBOL MASCULINO,Quarta-feira
1054,18/05/2023,6,SPORT,0,SAO PAULO,2,PRINCIPAL - FUTEBOL MASCULINO,Quarta-feira
1054,18/05/2023,7,ABC,0,AMERICA,0,PRINCIPAL - FUTEBOL MASCULINO,Quarta-feira
1054,18/05/2023,8,PAYSANDU,0,GOIAS,2,PRINCIPAL - FUTEBOL MASCULINO,Quarta-feira
1054,18/05/2023,9,AMERICA,2,INTERNACIONAL,0,PRINCIPAL - FUTEBOL MASCULINO,Quarta-feira
1054,18/05/2023,10,ATHLETICO,3,BOTAFOGO,2,PRINCIPAL - FUTEBOL MASCULINO,Quarta-feira
1054,18/05/2023,11,ATLETICO,2,CORINTHIANS,0,PRINCIPAL - FUTEBOL MASCULINO,Quarta-feira
1054,18/05/2023,12,NEW CASTLE,4,BRIGHTON,1,PRINCIPAL - FUTEBOL MASCULINO,Quinta-feira
1054,18/05/2023,13,BAYER LEVERKUSEN,0,ROMA,0,PRINCIPAL - FUTEBOL MASCULINO,Quinta-feira
1054,18/05/2023,14,SEVILLA,1,JUVENTUS,1,PRINCIPAL - FUTEBOL MASCULINO,Quinta-feira
1055,22/05/2023,1,BOTAFOGO,1,FLUMINENSE,0,PRINCIPAL - FUTEBOL MASCULINO,Sábado
1055,22/05/2023,2,BAHIA,1,GOIAS,1,PRINCIPAL - FUTEBOL MASCULINO,Sábado
1055,22/05/2023,3,SPORT,3,BOTAFOGO,0,PRINCIPAL - FUTEBOL MASCULINO,Sábado
1055,22/05/2023,4,ITUANO,0,NOVORIZONTINO,2,PRINCIPAL - FUTEBOL MASCULINO,Sábado
1055,22/05/2023,5,AMERICA,2,FORTALEZA,1,PRINCIPAL - FUTEBOL MASCULINO,Sábado
1055,22/05/2023,6,CORITIBA,1,ATLETICO,2,PRINCIPAL - FUTEBOL MASCULINO,Sábado
1055,22/05/2023,7,BRAGANTINO,2,ATHLETICO,0,PRINCIPAL - FUTEBOL MASCULINO,Sábado
1055,22/05/2023,8,SAO PAULO,4,VASCO DA GAMA,2,PRINCIPAL - FUTEBOL MASCULINO,Sábado
1055,22/05/2023,9,SANTOS,0,PALMEIRAS,0,PRINCIPAL - FUTEBOL MASCULINO,Sábado
1055,22/05/2023,10,CRICIUMA,1,CEARA,2,PRINCIPAL - FUTEBOL MASCULINO,Domingo
1055,22/05/2023,11,FLAMENGO,1,CORINTHIANS,0,PRINCIPAL - FUTEBOL MASCULINO,Domingo
1055,22/05/2023,12,PONTE PRETA,1,GUARANI,1,PRINCIPAL - FUTEBOL MASCULINO,Domingo
1055,22/05/2023,13,CRB,0,VILA NOVA,3,PRINCIPAL - FUTEBOL MASCULINO,Domingo
1055,22/05/2023,14,GREMIO,3,INTERNACIONAL,1,PRINCIPAL - FUTEBOL MASCULINO,Domingo
1056,25/05/2023,1,ATLETICO,2,ATHLETICO,1,PRINCIPAL - FUTEBOL MASCULINO,Terça-feira
1056,25/05/2023,2,GOIAS,1,UNIVERSITARIO,0,PRINCIPAL - FUTEBOL MASCULINO,Terça-feira
1056,25/05/2023,3,BOTAFOGO,1,MIRASSOL,0,PRINCIPAL - FUTEBOL MASCULINO,Terça-feira
1056,25/05/2023,4,AMERICA,2,DEFENSA Y JUSTICI,3,PRINCIPAL - FUTEBOL MASCULINO,Terça-feira
1056,25/05/2023,5,ACAD PUERTO CABEL,0,SAO PAULO,2,PRINCIPAL - FUTEBOL MASCULINO,Terça-feira
1056,25/05/2023,6,CERRO PORTENO,0,PALMEIRAS,3,PRINCIPAL - FUTEBOL MASCULINO,Quarta-feira
1056,25/05/2023,7,FORTALEZA,3,SAN LORENZO,2,PRINCIPAL - FUTEBOL MASCULINO,Quarta-feira
1056,25/05/2023,8,JUVENTUDE,3,ATLETICO,0,PRINCIPAL - FUTEBOL MASCULINO,Quarta-feira
1056,25/05/2023,9,LONDRINA,1,CEARA,3,PRINCIPAL - FUTEBOL MASCULINO,Quarta-feira
1056,25/05/2023,10,AUDAX ITALIANO,2,SANTOS,1,PRINCIPAL - FUTEBOL MASCULINO,Quarta-feira
1056,25/05/2023,11,GUARANI,3,CHAPECOENSE,3,PRINCIPAL - FUTEBOL MASCULINO,Quarta-feira
1056,25/05/2023,12,ARGENTINOS JR,0,CORINTHIANS,0,PRINCIPAL - FUTEBOL MASCULINO,Quarta-feira
1056,25/05/2023,13,CLUB DEP NUBLENSE,1,FLAMENGO,1,PRINCIPAL - FUTEBOL MASCULINO,Quarta-feira
1056,25/05/2023,14,SAMP CORREA,0,PONTE PRETA,0,PRINCIPAL - FUTEBOL MASCULINO,Quarta-feira
1057,29/05/2023,1,ATLETICO,1,PALMEIRAS,1,PRINCIPAL - FUTEBOL MASCULINO,Domingo
1057,29/05/2023,2,ATHLETICO,1,GREMIO,2,PRINCIPAL - FUTEBOL MASCULINO,Sábado
1057,29/05/2023,3,FORTALEZA,2,VASCO DA GAMA,0,PRINCIPAL - FUTEBOL MASCULINO,Sábado
1057,29/05/2023,4,AVAI,1,VITORIA,1,PRINCIPAL - FUTEBOL MASCULINO,Sábado
1057,29/05/2023,5,CUIABA,1,CORITIBA,1,PRINCIPAL - FUTEBOL MASCULINO,Sábado
1057,29/05/2023,6,FLAMENGO,1,CRUZEIRO,1,PRINCIPAL - FUTEBOL MASCULINO,Sábado
1057,29/05/2023,7,SAO PAULO,2,GOIAS,1,PRINCIPAL - FUTEBOL MASCULINO,Sábado
1057,29/05/2023,8,PONTE PRETA,1,VILA NOVA,0,PRINCIPAL - FUTEBOL MASCULINO,Domingo
1057,29/05/2023,9,CEARA,0,NOVORIZONTINO,3,PRINCIPAL - FUTEBOL MASCULINO,Domingo
1057,29/05/2023,10,MIRASSOL,1,CRICIUMA,0,PRINCIPAL - FUTEBOL MASCULINO,Domingo
1057,29/05/2023,11,CORINTHIANS,2,FLUMINENSE,0,PRINCIPAL - FUTEBOL MASCULINO,Domingo
1057,29/05/2023,12,INTERNACIONAL,2,BAHIA,0,PRINCIPAL - FUTEBOL MASCULINO,Domingo
1057,29/05/2023,13,BRAGANTINO,2,SANTOS,0,PRINCIPAL - FUTEBOL MASCULINO,Domingo
1057,29/05/2023,14,BOTAFOGO,2,AMERICA,0,PRINCIPAL - FUTEBOL MASCULINO,Domingo
1058,02/06/2023,1,FLAMENGO,2,FLUMINENSE,0,PRINCIPAL - FUTEBOL MASCULINO,Quinta-feira
1058,02/06/2023,2,SPORT/ES,0,NOVA VENÉCIA,4,PRINCIPAL - FUTEBOL MASCULINO,Quarta-feira
1058,02/06/2023,3,SEVILLA,1,ROMA,1,PRINCIPAL - FUTEBOL MASCULINO,Quarta-feira
1058,02/06/2023,4,BAHIA,1,SANTOS,1,PRINCIPAL - FUTEBOL MASCULINO,Quarta-feira
1058,02/06/2023,5,FORTALEZA,1,PALMEIRAS,0,PRINCIPAL - FUTEBOL MASCULINO,Quarta-feira
1058,02/06/2023,6,REAL NOROESTE/ES,1,LINHARES,2,PRINCIPAL - FUTEBOL MASCULINO,Quarta-feira
1058,02/06/2023,7,CRUZEIRO,0,GREMIO,1,PRINCIPAL - FUTEBOL MASCULINO,Quarta-feira
1058,02/06/2023,8,MACAPA,0,TREM,1,PRINCIPAL - FUTEBOL MASCULINO,Quarta-feira
1058,02/06/2023,9,GOIAS,2,PAYSANDU,1,PRINCIPAL - FUTEBOL MASCULINO,Quarta-feira
1058,02/06/2023,10,BOTAFOGO,1,ATHLETICO,0,PRINCIPAL - FUTEBOL MASCULINO,Quarta-feira
1058,02/06/2023,11,CORINTHIANS,2,ATLETICO,0,PRINCIPAL - FUTEBOL MASCULINO,Quarta-feira
1058,02/06/2023,12,INTERNACIONAL,3,AMERICA,1,PRINCIPAL - FUTEBOL MASCULINO,Quarta-feira
1058,02/06/2023,13,SAO PAULO,1,SPORT,3,PRINCIPAL - FUTEBOL MASCULINO,Quinta-feira
1058,02/06/2023,14,INDEPENDENTE,3,ORATÓRIO,1,PRINCIPAL - FUTEBOL MASCULINO,Quinta-feira
1059,05/06/2023,1,CRUZEIRO,0,ATLETICO,1,PRINCIPAL - FUTEBOL MASCULINO,Sábado
1059,05/06/2023,2,FORTALEZA,0,BAHIA,0,PRINCIPAL - FUTEBOL MASCULINO,Sábado
1059,05/06/2023,3,JUVENTUDE,3,AVAI,2,PRINCIPAL - FUTEBOL MASCULINO,Sábado
1059,05/06/2023,4,ABC,0,NOVORIZONTINO,1,PRINCIPAL - FUTEBOL MASCULINO,Sábado
1059,05/06/2023,5,MIRASSOL,1,PONTE PRETA,0,PRINCIPAL - FUTEBOL MASCULINO,Sábado
1059,05/06/2023,6,AMERICA,2,CORINTHIANS,0,PRINCIPAL - FUTEBOL MASCULINO,Sábado
1059,05/06/2023,7,ATHLETICO,1,BOTAFOGO,0,PRINCIPAL - FUTEBOL MASCULINO,Sábado
1059,05/06/2023,8,VILA NOVA,3,SAMP CORREA,0,PRINCIPAL - FUTEBOL MASCULINO,Sábado
1059,05/06/2023,9,SANTOS,1,INTERNACIONAL,1,PRINCIPAL - FUTEBOL MASCULINO,Sábado
1059,05/06/2023,10,FLUMINENSE,2,BRAGANTINO,1,PRINCIPAL - FUTEBOL MASCULINO,Domingo
1059,05/06/2023,11,GREMIO,2,SAO PAULO,1,PRINCIPAL - FUTEBOL MASCULINO,Domingo
1059,05/06/2023,12,LONDRINA,1,SPORT,2,PRINCIPAL - FUTEBOL MASCULINO,Domingo
1059,05/06/2023,13,GOIAS,0,CUIABA,1,PRINCIPAL - FUTEBOL MASCULINO,Domingo
1059,05/06/2023,14,PALMEIRAS,3,CORITIBA,1,PRINCIPAL - FUTEBOL MASCULINO,Domingo
1060,09/06/2023,1,RIVER PLATE,2,FLUMINENSE,0,PRINCIPAL - FUTEBOL MASCULINO,Quarta-feira
1060,09/06/2023,2,CHAPECOENSE,0,VILA NOVA,1,PRINCIPAL - FUTEBOL MASCULINO,Terça-feira
1060,09/06/2023,3,TOMBENSE,1,VITORIA,2,PRINCIPAL - FUTEBOL MASCULINO,Terça-feira
1060,09/06/2023,4,ATHLETICO,1,LIBERTAD,0,PRINCIPAL - FUTEBOL MASCULINO,Terça-feira
1060,09/06/2023,5,ALIANZA LIMA,0,ATLETICO,1,PRINCIPAL - FUTEBOL MASCULINO,Terça-feira
1060,09/06/2023,6,AMERICA,2,MILLONARIOS,0,PRINCIPAL - FUTEBOL MASCULINO,Terça-feira
1060,09/06/2023,7,ATLETICO,0,CEARA,3,PRINCIPAL - FUTEBOL MASCULINO,Terça-feira
1060,09/06/2023,8,LDU,0,BOTAFOGO,0,PRINCIPAL - FUTEBOL MASCULINO,Terça-feira
1060,09/06/2023,9,SAMP CORREA,2,LONDRINA,0,PRINCIPAL - FUTEBOL MASCULINO,Quarta-feira
1060,09/06/2023,10,INDEP. DEL VALLE,3,CORINTHIANS,0,PRINCIPAL - FUTEBOL MASCULINO,Quarta-feira
1060,09/06/2023,11,NACIONAL,1,INTERNACIONAL,1,PRINCIPAL - FUTEBOL MASCULINO,Quarta-feira
1060,09/06/2023,12,ESTUDIANTES,1,BRAGANTINO,1,PRINCIPAL - FUTEBOL MASCULINO,Quarta-feira
1060,09/06/2023,13,CRB,2,MIRASSOL,0,PRINCIPAL - FUTEBOL MASCULINO,Quarta-feira
1060,09/06/2023,14,PALMEIRAS,4,BARCELONA,2,PRINCIPAL - FUTEBOL MASCULINO,Quarta-feira
1061,12/06/2023,1,MANCHESTER CITY,1,INTER DE MILAO,0,PRINCIPAL - FUTEBOL MASCULINO,Sábado
1061,12/06/2023,2,CORITIBA,0,SANTOS,0,PRINCIPAL - FUTEBOL MASCULINO,Sábado
1061,12/06/2023,3,SAO PAULO,0,PALMEIRAS,2,PRINCIPAL - FUTEBOL MASCULINO,Domingo
1061,12/06/2023,4,ITUANO,1,ATLETICO,1,PRINCIPAL - FUTEBOL MASCULINO,Sábado
1061,12/06/2023,5,ATLETICO,1,BRAGANTINO,1,PRINCIPAL - FUTEBOL MASCULINO,Sábado
1061,12/06/2023,6,BOTAFOGO,2,FORTALEZA,0,PRINCIPAL - FUTEBOL MASCULINO,Sábado
1061,12/06/2023,7,CORINTHIANS,1,CUIABA,1,PRINCIPAL - FUTEBOL MASCULINO,Sábado
1061,12/06/2023,8,BAHIA,2,CRUZEIRO,2,PRINCIPAL - FUTEBOL MASCULINO,Sábado
1061,12/06/2023,9,AMERICA,2,ATHLETICO,2,PRINCIPAL - FUTEBOL MASCULINO,Domingo
1061,12/06/2023,10,LONDRINA,1,MIRASSOL,2,PRINCIPAL - FUTEBOL MASCULINO,Domingo
1061,12/06/2023,11,INTERNACIONAL,2,VASCO DA GAMA,1,PRINCIPAL - FUTEBOL MASCULINO,Domingo
1061,12/06/2023,12,VITORIA,0,CRICIUMA,1,PRINCIPAL - FUTEBOL MASCULINO,Domingo
1061,12/06/2023,13,FLAMENGO,3,GREMIO,0,PRINCIPAL - FUTEBOL MASCULINO,Domingo
1061,12/06/2023,14,GOIAS,2,FLUMINENSE,2,PRINCIPAL - FUTEBOL MASCULINO,Domingo
1062,15/06/2023,1,ATHLETIC CLUB,3,RESENDE,0,PRINCIPAL - FUTEBOL MASCULINO,Quarta-feira
1062,15/06/2023,2,AIMORE,0,CONCORDIA,0,PRINCIPAL - FUTEBOL MASCULINO,Quarta-feira
1062,15/06/2023,3,BAHIA DE FEIRA,3,CRUZEIRO,0,PRINCIPAL - FUTEBOL MASCULINO,Quarta-feira
1062,15/06/2023,4,CAMBORIU,2,CAXIAS,1,PRINCIPAL - FUTEBOL MASCULINO,Quarta-feira
1062,15/06/2023,5,REAL NOROESTE,0,SANTO ANDRE,3,PRINCIPAL - FUTEBOL MASCULINO,Quarta-feira
1062,15/06/2023,6,FERROVIARIA,1,FC CASCAVEL,0,PRINCIPAL - FUTEBOL MASCULINO,Quarta-feira
1062,15/06/2023,7,AGUIA,0,TREM,0,PRINCIPAL - FUTEBOL MASCULINO,Quarta-feira
1062,15/06/2023,8,ASA,1,RETRO BRASIL,2,PRINCIPAL - FUTEBOL MASCULINO,Quarta-feira
1062,15/06/2023,9,FERROVIARIO,3,MARANHAO,1,PRINCIPAL - FUTEBOL MASCULINO,Quarta-feira
1062,15/06/2023,10,MARINGA,1,INTER LIMEIRA,0,PRINCIPAL - FUTEBOL MASCULINO,Quarta-feira
1062,15/06/2023,11,OPERARIO,0,CRAC,2,PRINCIPAL - FUTEBOL MASCULINO,Quarta-feira
1062,15/06/2023,12,XV PIRACICABA,1,PATROCINENSE,1,PRINCIPAL - FUTEBOL MASCULINO,Quarta-feira
1062,15/06/2023,13,PORTUGUESA,4,DEMOCRATA GV,1,PRINCIPAL - FUTEBOL MASCULINO,Quarta-feira
1062,15/06/2023,14,SANTA CRUZ,3,GLOBO,0,PRINCIPAL - FUTEBOL MASCULINO,Quarta-feira
1063,19/06/2023,1,SPORT,1,VILA NOVA,0,PRINCIPAL - FUTEBOL MASCULINO,Domingo
1063,19/06/2023,2,SANTO ANDRE,0,ATHLETIC CLUB,1,PRINCIPAL - FUTEBOL MASCULINO,Sábado
1063,19/06/2023,3,ALTOS,2,AMAZONAS,3,PRINCIPAL - FUTEBOL MASCULINO,Sábado
1063,19/06/2023,4,AMERICA,0,CONFIANCA,1,PRINCIPAL - FUTEBOL MASCULINO,Sábado
1063,19/06/2023,5,INTER LIMEIRA,2,OPERARIO,1,PRINCIPAL - FUTEBOL MASCULINO,Sábado
1063,19/06/2023,6,NACIONAL,0,AGUIA,0,PRINCIPAL - FUTEBOL MASCULINO,Sábado
1063,19/06/2023,7,POUSO ALEGRE,0,REMO,2,PRINCIPAL - FUTEBOL MASCULINO,Sábado
1063,19/06/2023,8,BRUSQUE,0,FIGUEIRENSE,1,PRINCIPAL - FUTEBOL MASCULINO,Sábado
1063,19/06/2023,9,PACAJUS,0,SANTA CRUZ,0,PRINCIPAL - FUTEBOL MASCULINO,Sábado
1063,19/06/2023,10,PATROCINENSE,1,FERROVIARIA,0,PRINCIPAL - FUTEBOL MASCULINO,Domingo
1063,19/06/2023,11,MANAUS,1,SAO JOSE,4,PRINCIPAL - FUTEBOL MASCULINO,Domingo
1063,19/06/2023,12,BRASIL DE PELOTAS,1,CAMBORIU,1,PRINCIPAL - FUTEBOL MASCULINO,Domingo
1063,19/06/2023,13,CRUZEIRO,1,JACUIPENSE,0,PRINCIPAL - FUTEBOL MASCULINO,Domingo
1063,19/06/2023,14,YPIRANGA,0,OPERARIO,2,PRINCIPAL - FUTEBOL MASCULINO,Domingo
1064,23/06/2023,1,FLUMINENSE,1,ATLETICO,1,PRINCIPAL - FUTEBOL MASCULINO,Quarta-feira
1064,23/06/2023,2,CRUZEIRO,0,FORTALEZA,1,PRINCIPAL - FUTEBOL MASCULINO,Quarta-feira
1064,23/06/2023,3,SAO PAULO,2,ATHLETICO,1,PRINCIPAL - FUTEBOL MASCULINO,Quarta-feira
1064,23/06/2023,4,CRB,2,ITUANO,2,PRINCIPAL - FUTEBOL MASCULINO,Quarta-feira
1064,23/06/2023,5,SANTOS,0,CORINTHIANS,2,PRINCIPAL - FUTEBOL MASCULINO,Quarta-feira
1064,23/06/2023,6,TREM,6,SANTANA,0,PRINCIPAL - FUTEBOL MASCULINO,Quarta-feira
1064,23/06/2023,7,BAHIA,1,PALMEIRAS,0,PRINCIPAL - FUTEBOL MASCULINO,Quarta-feira
1064,23/06/2023,8,GREMIO,3,AMERICA,1,PRINCIPAL - FUTEBOL MASCULINO,Quinta-feira
1064,23/06/2023,9,CORITIBA,0,INTERNACIONAL,1,PRINCIPAL - FUTEBOL MASCULINO,Quinta-feira
1064,23/06/2023,10,CUIABA,0,BOTAFOGO,1,PRINCIPAL - FUTEBOL MASCULINO,Quinta-feira
1064,23/06/2023,11,VASCO DA GAMA,0,GOIAS,1,PRINCIPAL - FUTEBOL MASCULINO,Quinta-feira
1064,23/06/2023,12,SAO PAULO,0,YPIRANGA,8,PRINCIPAL - FUTEBOL MASCULINO,Quinta-feira
1064,23/06/2023,13,BRAGANTINO,4,FLAMENGO,0,PRINCIPAL - FUTEBOL MASCULINO,Quinta-feira
1064,23/06/2023,14,SPORT,3,JUVENTUDE,0,PRINCIPAL - FUTEBOL MASCULINO,Quinta-feira
1065,26/06/2023,1,PALMEIRAS,0,BOTAFOGO,1,PRINCIPAL - FUTEBOL MASCULINO,Domingo
1065,26/06/2023,2,ATHLETICO,1,CORINTHIANS,0,PRINCIPAL - FUTEBOL MASCULINO,Sábado
1065,26/06/2023,3,CHAPECOENSE,1,CRICIUMA,1,PRINCIPAL - FUTEBOL MASCULINO,Sábado
1065,26/06/2023,4,FLUMINENSE,2,BAHIA,1,PRINCIPAL - FUTEBOL MASCULINO,Sábado
1065,26/06/2023,5,FORTALEZA,2,ATLETICO,1,PRINCIPAL - FUTEBOL MASCULINO,Sábado
1065,26/06/2023,6,CRUZEIRO,1,SAO PAULO,0,PRINCIPAL - FUTEBOL MASCULINO,Sábado
1065,26/06/2023,7,SAMP CORREA,1,CEARA,1,PRINCIPAL - FUTEBOL MASCULINO,Domingo
1065,26/06/2023,8,GREMIO,5,CORITIBA,1,PRINCIPAL - FUTEBOL MASCULINO,Domingo
1065,26/06/2023,9,VOLTA REDONDA,2,YPIRANGA,1,PRINCIPAL - FUTEBOL MASCULINO,Domingo
1065,26/06/2023,10,GUARANI,2,VITORIA,0,PRINCIPAL - FUTEBOL MASCULINO,Domingo
1065,26/06/2023,11,AMERICA,1,INTERNACIONAL,2,PRINCIPAL - FUTEBOL MASCULINO,Domingo
1065,26/06/2023,12,BRAGANTINO,2,GOIAS,0,PRINCIPAL - FUTEBOL MASCULINO,Domingo
1065,26/06/2023,13,SANTOS,2,FLAMENGO,3,PRINCIPAL - FUTEBOL MASCULINO,Domingo
1065,26/06/2023,14,SAO JOSE,2,SAO BERNARDO,2,PRINCIPAL - FUTEBOL MASCULINO,Domingo
1066,29/06/2023,1,FLAMENGO,4,AUCAS,0,PRINCIPAL - FUTEBOL MASCULINO,Quarta-feira
1066,29/06/2023,2,CRICIUMA,2,CRB,1,PRINCIPAL - FUTEBOL MASCULINO,Terça-feira
1066,29/06/2023,3,ATHLETICO,3,ALIANZA LIMA,0,PRINCIPAL - FUTEBOL MASCULINO,Terça-feira
1066,29/06/2023,4,LIBERTAD,1,ATLETICO,1,PRINCIPAL - FUTEBOL MASCULINO,Terça-feira
1066,29/06/2023,5,PALESTINO,1,FORTALEZA,2,PRINCIPAL - FUTEBOL MASCULINO,Terça-feira
1066,29/06/2023,6,FLUMINENSE,1,SPORTING CRISTAL,1,PRINCIPAL - FUTEBOL MASCULINO,Terça-feira
1066,29/06/2023,7,NOVORIZONTINO,0,BOTAFOGO,1,PRINCIPAL - FUTEBOL MASCULINO,Terça-feira
1066,29/06/2023,8,SAO PAULO,2,TIGRE,0,PRINCIPAL - FUTEBOL MASCULINO,Terça-feira
1066,29/06/2023,9,INTERNACIONAL,3,INDEP.MEDELLIN,1,PRINCIPAL - FUTEBOL MASCULINO,Quarta-feira
1066,29/06/2023,10,BRAGANTINO,7,TACUARY FOOTBALL,1,PRINCIPAL - FUTEBOL MASCULINO,Quarta-feira
1066,29/06/2023,11,GUARANI,2,MIRASSOL,1,PRINCIPAL - FUTEBOL MASCULINO,Quarta-feira
1066,29/06/2023,12,ITUANO,0,PONTE PRETA,1,PRINCIPAL - FUTEBOL MASCULINO,Quarta-feira
1066,29/06/2023,13,CORINTHIANS,3,LIVERPOOL FUTBOL,0,PRINCIPAL - FUTEBOL MASCULINO,Quarta-feira
1066,29/06/2023,14,SANTA FE,1,GOIAS,2,PRINCIPAL - FUTEBOL MASCULINO,Quarta-feira
1067,03/07/2023,1,BOTAFOGO,2,VASCO DA GAMA,0,PRINCIPAL - FUTEBOL MASCULINO,Domingo
1067,03/07/2023,2,SAO PAULO,1,FLUMINENSE,0,PRINCIPAL - FUTEBOL MASCULINO,Sábado
1067,03/07/2023,3,ATLETICO,1,VILA NOVA,1,PRINCIPAL - FUTEBOL MASCULINO,Sábado
1067,03/07/2023,4,SAMP CORREA,0,CRICIUMA,2,PRINCIPAL - FUTEBOL MASCULINO,Sábado
1067,03/07/2023,5,BAHIA,1,GREMIO,2,PRINCIPAL - FUTEBOL MASCULINO,Sábado
1067,03/07/2023,6,FLAMENGO,2,FORTALEZA,0,PRINCIPAL - FUTEBOL MASCULINO,Sábado
1067,03/07/2023,7,INTERNACIONAL,0,CRUZEIRO,0,PRINCIPAL - FUTEBOL MASCULINO,Sábado
1067,03/07/2023,8,CORINTHIANS,0,BRAGANTINO,1,PRINCIPAL - FUTEBOL MASCULINO,Domingo
1067,03/07/2023,9,JUVENTUDE,1,VITORIA,0,PRINCIPAL - FUTEBOL MASCULINO,Domingo
1067,03/07/2023,10,ATHLETICO,2,PALMEIRAS,2,PRINCIPAL - FUTEBOL MASCULINO,Domingo
1067,03/07/2023,11,ATLETICO,2,AMERICA,2,PRINCIPAL - FUTEBOL MASCULINO,Domingo
1067,03/07/2023,12,SPORT,2,CEARA,0,PRINCIPAL - FUTEBOL MASCULINO,Domingo
1067,03/07/2023,13,CUIABA,3,SANTOS,0,PRINCIPAL - FUTEBOL MASCULINO,Domingo
1067,03/07/2023,14,PONTE PRETA,1,NOVORIZONTINO,0,PRINCIPAL - FUTEBOL MASCULINO,Domingo
1068,10/07/2023,1,PALMEIRAS,1,FLAMENGO,1,PRINCIPAL - FUTEBOL MASCULINO,Sábado
1068,10/07/2023,2,CUIABA,1,BAHIA,1,PRINCIPAL - FUTEBOL MASCULINO,Sábado
1068,10/07/2023,3,VASCO DA GAMA,0,CRUZEIRO,1,PRINCIPAL - FUTEBOL MASCULINO,Sábado
1068,10/07/2023,4,ITUANO,1,JUVENTUDE,1,PRINCIPAL - FUTEBOL MASCULINO,Sábado
1068,10/07/2023,5,TOMBENSE,0,SAMP CORREA,1,PRINCIPAL - FUTEBOL MASCULINO,Sábado
1068,10/07/2023,6,ATLETICO,0,CORINTHIANS,1,PRINCIPAL - FUTEBOL MASCULINO,Sábado
1068,10/07/2023,7,CORITIBA,3,AMERICA,1,PRINCIPAL - FUTEBOL MASCULINO,Sábado
1068,10/07/2023,8,BOTAFOGO,1,BRUSQUE,2,PRINCIPAL - FUTEBOL MASCULINO,Sábado
1068,10/07/2023,9,SANTOS,4,GOIAS,3,PRINCIPAL - FUTEBOL MASCULINO,Domingo
1068,10/07/2023,10,FLUMINENSE,2,INTERNACIONAL,0,PRINCIPAL - FUTEBOL MASCULINO,Domingo
1068,10/07/2023,11,BRAGANTINO,0,SAO PAULO,0,PRINCIPAL - FUTEBOL MASCULINO,Domingo
1068,10/07/2023,12,FORTALEZA,1,ATHLETICO,0,PRINCIPAL - FUTEBOL MASCULINO,Domingo
1068,10/07/2023,13,GREMIO,0,BOTAFOGO,2,PRINCIPAL - FUTEBOL MASCULINO,Domingo
1068,10/07/2023,14,FIGUEIRENSE,1,CSA,1,PRINCIPAL - FUTEBOL MASCULINO,Domingo
1069,17/07/2023,1,FLUMINENSE,0,FLAMENGO,0,PRINCIPAL - FUTEBOL MASCULINO,Domingo
1069,17/07/2023,2,NAUTICO,2,FIGUEIRENSE,1,PRINCIPAL - FUTEBOL MASCULINO,Sábado
1069,17/07/2023,3,CORINTHIANS,3,AMERICA,2,PRINCIPAL - FUTEBOL MASCULINO,Sábado
1069,17/07/2023,4,LONDRINA,1,VILA NOVA,0,PRINCIPAL - FUTEBOL MASCULINO,Sábado
1069,17/07/2023,5,PONTE PRETA,0,TOMBENSE,1,PRINCIPAL - FUTEBOL MASCULINO,Sábado
1069,17/07/2023,6,BOTAFOGO,2,BRAGANTINO,0,PRINCIPAL - FUTEBOL MASCULINO,Sábado
1069,17/07/2023,7,CRUZEIRO,0,CORITIBA,0,PRINCIPAL - FUTEBOL MASCULINO,Domingo
1069,17/07/2023,8,MIRASSOL,1,CEARA,1,PRINCIPAL - FUTEBOL MASCULINO,Domingo
1069,17/07/2023,9,FORTALEZA,0,CUIABA,1,PRINCIPAL - FUTEBOL MASCULINO,Domingo
1069,17/07/2023,10,SAO PAULO,4,SANTOS,1,PRINCIPAL - FUTEBOL MASCULINO,Domingo
1069,17/07/2023,11,CSA,2,SAO JOSE,0,PRINCIPAL - FUTEBOL MASCULINO,Domingo
1069,17/07/2023,12,VITORIA,2,NOVORIZONTINO,1,PRINCIPAL - FUTEBOL MASCULINO,Domingo
1069,17/07/2023,13,ATHLETICO,2,BAHIA,0,PRINCIPAL - FUTEBOL MASCULINO,Domingo
1069,17/07/2023,14,INTERNACIONAL,0,PALMEIRAS,0,PRINCIPAL - FUTEBOL MASCULINO,Domingo
1070,24/07/2023,1,GREMIO,1,ATLETICO,0,PRINCIPAL - FUTEBOL MASCULINO,Sábado
1070,24/07/2023,2,FLAMENGO,1,AMERICA,1,PRINCIPAL - FUTEBOL MASCULINO,Sábado
1070,24/07/2023,3,PALMEIRAS,3,FORTALEZA,1,PRINCIPAL - FUTEBOL MASCULINO,Sábado
1070,24/07/2023,4,POUSO ALEGRE,0,APARECIDENSE,1,PRINCIPAL - FUTEBOL MASCULINO,Sábado
1070,24/07/2023,5,CRICIUMA,0,NOVORIZONTINO,1,PRINCIPAL - FUTEBOL MASCULINO,Sábado
1070,24/07/2023,6,BAHIA,0,CORINTHIANS,0,PRINCIPAL - FUTEBOL MASCULINO,Sábado
1070,24/07/2023,7,CUIABA,2,SAO PAULO,1,PRINCIPAL - FUTEBOL MASCULINO,Sábado
1070,24/07/2023,8,GUARANI,1,ATLETICO,0,PRINCIPAL - FUTEBOL MASCULINO,Domingo
1070,24/07/2023,9,JUVENTUDE,1,CEARA,0,PRINCIPAL - FUTEBOL MASCULINO,Domingo
1070,24/07/2023,10,CRUZEIRO,0,GOIAS,1,PRINCIPAL - FUTEBOL MASCULINO,Domingo
1070,24/07/2023,11,BRAGANTINO,0,INTERNACIONAL,0,PRINCIPAL - FUTEBOL MASCULINO,Domingo
1070,24/07/2023,12,SANTOS,2,BOTAFOGO,2,PRINCIPAL - FUTEBOL MASCULINO,Domingo
1070,24/07/2023,13,VASCO DA GAMA,0,ATHLETICO,2,PRINCIPAL - FUTEBOL MASCULINO,Domingo
1070,24/07/2023,14,PAYSANDU,1,CSA,0,PRINCIPAL - FUTEBOL MASCULINO,Domingo
1071,31/07/2023,1,ATLETICO,1,FLAMENGO,2,PRINCIPAL - FUTEBOL MASCULINO,Sábado
1071,31/07/2023,2,FRANCA,2,BRASIL,1,(FEM),Sábado
1071,31/07/2023,3,FLUMINENSE,1,SANTOS,0,PRINCIPAL - FUTEBOL MASCULINO,Sábado
1071,31/07/2023,4,INTERNACIONAL,1,CUIABA,2,PRINCIPAL - FUTEBOL MASCULINO,Sábado
1071,31/07/2023,5,AVAI,1,GUARANI,2,PRINCIPAL - FUTEBOL MASCULINO,Sábado
1071,31/07/2023,6,ATHLETICO,3,CRUZEIRO,3,PRINCIPAL - FUTEBOL MASCULINO,Sábado
1071,31/07/2023,7,CORINTHIANS,3,VASCO DA GAMA,1,PRINCIPAL - FUTEBOL MASCULINO,Sábado
1071,31/07/2023,8,FORTALEZA,0,BRAGANTINO,3,PRINCIPAL - FUTEBOL MASCULINO,Sábado
1071,31/07/2023,9,SAO PAULO,0,BAHIA,0,PRINCIPAL - FUTEBOL MASCULINO,Domingo
1071,31/07/2023,10,NOVORIZONTINO,3,VILA NOVA,1,PRINCIPAL - FUTEBOL MASCULINO,Domingo
1071,31/07/2023,11,AMERICA,1,PALMEIRAS,4,PRINCIPAL - FUTEBOL MASCULINO,Domingo
1071,31/07/2023,12,BOTAFOGO,4,CORITIBA,1,PRINCIPAL - FUTEBOL MASCULINO,Domingo
1071,31/07/2023,13,PONTE PRETA,2,VITORIA,2,PRINCIPAL - FUTEBOL MASCULINO,Domingo
1071,31/07/2023,14,GOIAS,1,GREMIO,1,PRINCIPAL - FUTEBOL MASCULINO,Domingo
1072,07/08/2023,1,FLUMINENSE,2,PALMEIRAS,1,PRINCIPAL - FUTEBOL MASCULINO,Sábado
1072,07/08/2023,2,SANTOS,1,ATHLETICO,1,PRINCIPAL - FUTEBOL MASCULINO,Sábado
1072,07/08/2023,3,CRB,0,BOTAFOGO,0,PRINCIPAL - FUTEBOL MASCULINO,Sábado
1072,07/08/2023,4,SPORT,1,NOVORIZONTINO,0,PRINCIPAL - FUTEBOL MASCULINO,Sábado
1072,07/08/2023,5,GOIAS,1,FORTALEZA,0,PRINCIPAL - FUTEBOL MASCULINO,Sábado
1072,07/08/2023,6,INTERNACIONAL,2,CORINTHIANS,2,PRINCIPAL - FUTEBOL MASCULINO,Sábado
1072,07/08/2023,7,PONTE PRETA,1,CHAPECOENSE,0,PRINCIPAL - FUTEBOL MASCULINO,Domingo
1072,07/08/2023,8,SAO PAULO,0,ATLETICO,2,PRINCIPAL - FUTEBOL MASCULINO,Domingo
1072,07/08/2023,9,VASCO DA GAMA,1,GREMIO,0,PRINCIPAL - FUTEBOL MASCULINO,Domingo
1072,07/08/2023,10,NAUTICO,0,CSA,0,PRINCIPAL - FUTEBOL MASCULINO,Domingo
1072,07/08/2023,11,BAHIA,3,AMERICA,1,PRINCIPAL - FUTEBOL MASCULINO,Domingo
1072,07/08/2023,12,CORITIBA,0,BRAGANTINO,1,PRINCIPAL - FUTEBOL MASCULINO,Domingo
1072,07/08/2023,13,CRUZEIRO,0,BOTAFOGO,0,PRINCIPAL - FUTEBOL MASCULINO,Domingo
1072,07/08/2023,14,CUIABA,3,FLAMENGO,0,PRINCIPAL - FUTEBOL MASCULINO,Domingo
1073,14/08/2023,1,FLAMENGO,1,SAO PAULO,1,PRINCIPAL - FUTEBOL MASCULINO,Domingo
1073,14/08/2023,2,BOTAFOGO,0,PONTE PRETA,0,PRINCIPAL - FUTEBOL MASCULINO,Sábado
1073,14/08/2023,3,VOLTA REDONDA,1,OPERARIO,1,PRINCIPAL - FUTEBOL MASCULINO,Sábado
1073,14/08/2023,4,BOTAFOGO,3,INTERNACIONAL,1,PRINCIPAL - FUTEBOL MASCULINO,Sábado
1073,14/08/2023,5,ATLETICO,1,BAHIA,0,PRINCIPAL - FUTEBOL MASCULINO,Domingo
1073,14/08/2023,6,CHAPECOENSE,0,ATLETICO,1,PRINCIPAL - FUTEBOL MASCULINO,Domingo
1073,14/08/2023,7,AMERICA,0,GOIAS,1,PRINCIPAL - FUTEBOL MASCULINO,Domingo
1073,14/08/2023,8,CORINTHIANS,3,CORITIBA,1,PRINCIPAL - FUTEBOL MASCULINO,Domingo
1073,14/08/2023,9,GREMIO,2,FLUMINENSE,1,PRINCIPAL - FUTEBOL MASCULINO,Domingo
1073,14/08/2023,10,CSA,1,BOTAFOGO,1,PRINCIPAL - FUTEBOL MASCULINO,Domingo
1073,14/08/2023,11,PAYSANDU,4,NAUTICO,2,PRINCIPAL - FUTEBOL MASCULINO,Domingo
1073,14/08/2023,12,CHELSEA,1,LIVERPOOL,1,PRINCIPAL - FUTEBOL MASCULINO,Domingo
1073,14/08/2023,13,GUARANI,0,JUVENTUDE,1,PRINCIPAL - FUTEBOL MASCULINO,Domingo
1073,14/08/2023,14,FORTALEZA,4,SANTOS,0,PRINCIPAL - FUTEBOL MASCULINO,Domingo
1074,21/08/2023,1,SAO PAULO,0,BOTAFOGO,0,PRINCIPAL - FUTEBOL MASCULINO,Sábado
1074,21/08/2023,2,INTERNACIONAL,0,FORTALEZA,1,PRINCIPAL - FUTEBOL MASCULINO,Sábado
1074,21/08/2023,3,ITUANO,3,CRICIUMA,0,PRINCIPAL - FUTEBOL MASCULINO,Sábado
1074,21/08/2023,4,CUIABA,0,PALMEIRAS,2,PRINCIPAL - FUTEBOL MASCULINO,Sábado
1074,21/08/2023,5,SAO JOSE,1,AMAZONAS,0,PRINCIPAL - FUTEBOL MASCULINO,Sábado
1074,21/08/2023,6,CRUZEIRO,1,CORINTHIANS,1,PRINCIPAL - FUTEBOL MASCULINO,Sábado
1074,21/08/2023,7,VASCO DA GAMA,1,ATLETICO,0,PRINCIPAL - FUTEBOL MASCULINO,Domingo
1074,21/08/2023,8,BAHIA,4,BRAGANTINO,0,PRINCIPAL - FUTEBOL MASCULINO,Domingo
1074,21/08/2023,9,CORITIBA,2,FLAMENGO,3,PRINCIPAL - FUTEBOL MASCULINO,Domingo
1074,21/08/2023,10,SANTOS,2,GREMIO,1,PRINCIPAL - FUTEBOL MASCULINO,Domingo
1074,21/08/2023,11,CSA,0,REMO,0,PRINCIPAL - FUTEBOL MASCULINO,Domingo
1074,21/08/2023,12,MANAUS,0,FLORESTA,0,PRINCIPAL - FUTEBOL MASCULINO,Domingo
1074,21/08/2023,13,CEARA,1,PONTE PRETA,1,PRINCIPAL - FUTEBOL MASCULINO,Domingo
1074,21/08/2023,14,VOLTA REDONDA,2,FIGUEIRENSE,0,PRINCIPAL - FUTEBOL MASCULINO,Domingo
1075,28/08/2023,1,ATHLETICO,2,FLUMINENSE,2,PRINCIPAL - FUTEBOL MASCULINO,Domingo
1075,28/08/2023,2,CONFIANCA,1,PAYSANDU,0,PRINCIPAL - FUTEBOL MASCULINO,Sábado
1075,28/08/2023,3,FLORESTA,1,AMERICA,0,PRINCIPAL - FUTEBOL MASCULINO,Sábado
1075,28/08/2023,4,NAUTICO,2,SAO BERNARDO,2,PRINCIPAL - FUTEBOL MASCULINO,Sábado
1075,28/08/2023,5,OPERARIO,1,BRUSQUE,0,PRINCIPAL - FUTEBOL MASCULINO,Sábado
1075,28/08/2023,6,SAMP CORREA,1,GUARANI,1,PRINCIPAL - FUTEBOL MASCULINO,Sábado
1075,28/08/2023,7,CRB,1,NOVORIZONTINO,0,PRINCIPAL - FUTEBOL MASCULINO,Sábado
1075,28/08/2023,8,CORINTHIANS,1,GOIAS,1,PRINCIPAL - FUTEBOL MASCULINO,Sábado
1075,28/08/2023,9,BRAGANTINO,2,CUIABA,0,PRINCIPAL - FUTEBOL MASCULINO,Domingo
1075,28/08/2023,10,NEW CASTLE,1,LIVERPOOL,2,PRINCIPAL - FUTEBOL MASCULINO,Domingo
1075,28/08/2023,11,CHAPECOENSE,0,AVAI,0,PRINCIPAL - FUTEBOL MASCULINO,Domingo
1075,28/08/2023,12,ATLETICO,0,VITORIA,0,PRINCIPAL - FUTEBOL MASCULINO,Domingo
1075,28/08/2023,13,ATLETICO,2,SANTOS,0,PRINCIPAL - FUTEBOL MASCULINO,Domingo
1075,28/08/2023,14,PALMEIRAS,1,VASCO DA GAMA,0,PRINCIPAL - FUTEBOL MASCULINO,Domingo
1076,04/09/2023,1,BOTAFOGO,1,FLAMENGO,2,PRINCIPAL - FUTEBOL MASCULINO,Sábado
1076,04/09/2023,2,AVAI,0,ATLETICO,2,PRINCIPAL - FUTEBOL MASCULINO,Sábado
1076,04/09/2023,3,ATHLETICO,1,ATLETICO,1,PRINCIPAL - FUTEBOL MASCULINO,Sábado
1076,04/09/2023,4,GOIAS,0,INTERNACIONAL,0,PRINCIPAL - FUTEBOL MASCULINO,Sábado
1076,04/09/2023,5,GUARANI,1,PONTE PRETA,0,PRINCIPAL - FUTEBOL MASCULINO,Sábado
1076,04/09/2023,6,GREMIO,2,CUIABA,0,PRINCIPAL - FUTEBOL MASCULINO,Domingo
1076,04/09/2023,7,VILA NOVA,0,CRB,1,PRINCIPAL - FUTEBOL MASCULINO,Domingo
1076,04/09/2023,8,CORINTHIANS,0,PALMEIRAS,0,PRINCIPAL - FUTEBOL MASCULINO,Domingo
1076,04/09/2023,9,FLUMINENSE,1,FORTALEZA,0,PRINCIPAL - FUTEBOL MASCULINO,Domingo
1076,04/09/2023,10,BOTAFOGO,1,SPORT,1,PRINCIPAL - FUTEBOL MASCULINO,Domingo
1076,04/09/2023,11,AMERICA,2,SANTOS,0,PRINCIPAL - FUTEBOL MASCULINO,Domingo
1076,04/09/2023,12,BAHIA,1,VASCO DA GAMA,1,PRINCIPAL - FUTEBOL MASCULINO,Domingo
1076,04/09/2023,13,CRUZEIRO,0,BRAGANTINO,0,PRINCIPAL - FUTEBOL MASCULINO,Domingo
1076,04/09/2023,14,SAO PAULO,0,CORITIBA,0,PRINCIPAL - FUTEBOL MASCULINO,Domingo
1077,11/09/2023,1,SPORT,3,CRICIUMA,3,PRINCIPAL - FUTEBOL MASCULINO,Sábado
1077,11/09/2023,2,ROMENIA,1,ISRAEL,1,PRINCIPAL - FUTEBOL MASCULINO,Sábado
1077,11/09/2023,3,LITUANIA,1,SERVIA/SER,3,PRINCIPAL - FUTEBOL MASCULINO,Domingo
1077,11/09/2023,4,PONTE PRETA,0,SAMP CORREA,0,PRINCIPAL - FUTEBOL MASCULINO,Sábado
1077,11/09/2023,5,AMAZONAS,0,PAYSANDU,1,PRINCIPAL - FUTEBOL MASCULINO,Sábado
1077,11/09/2023,6,BRUSQUE,1,SAO BERNARDO,0,PRINCIPAL - FUTEBOL MASCULINO,Sábado
1077,11/09/2023,7,MACEDONIA DO NORT,1,ITALIA,1,PRINCIPAL - FUTEBOL MASCULINO,Sábado
1077,11/09/2023,8,MIRASSOL,1,BOTAFOGO,0,PRINCIPAL - FUTEBOL MASCULINO,Sábado
1077,11/09/2023,9,FINLANDIA,0,DINAMARCA,1,PRINCIPAL - FUTEBOL MASCULINO,Domingo
1077,11/09/2023,10,IRLANDA,1,HOLANDA,2,PRINCIPAL - FUTEBOL MASCULINO,Domingo
1077,11/09/2023,11,ATLETICO,3,JUVENTUDE,0,PRINCIPAL - FUTEBOL MASCULINO,Domingo
1077,11/09/2023,12,OPERARIO,2,SAO JOSE,0,PRINCIPAL - FUTEBOL MASCULINO,Domingo
1077,11/09/2023,13,CRB,6,VITORIA,0,PRINCIPAL - FUTEBOL MASCULINO,Domingo
1077,11/09/2023,14,VOLTA REDONDA,2,BOTAFOGO,1,PRINCIPAL - FUTEBOL MASCULINO,Domingo
1078,18/09/2023,1,FLAMENGO,0,SAO PAULO,1,PRINCIPAL - FUTEBOL MASCULINO,Domingo
1078,18/09/2023,2,CRICIUMA,2,MIRASSOL,1,PRINCIPAL - FUTEBOL MASCULINO,Sábado
1078,18/09/2023,3,VASCO DA GAMA,4,FLUMINENSE,2,PRINCIPAL - FUTEBOL MASCULINO,Sábado
1078,18/09/2023,4,BARCELONA,5,REAL BETIS,0,PRINCIPAL - FUTEBOL MASCULINO,Sábado
1078,18/09/2023,5,SAO BERNARDO,1,SAO JOSE,1,PRINCIPAL - FUTEBOL MASCULINO,Sábado
1078,18/09/2023,6,BOTAFOGO,1,ATLETICO,0,PRINCIPAL - FUTEBOL MASCULINO,Sábado
1078,18/09/2023,7,JUVENTUDE,3,CRB,1,PRINCIPAL - FUTEBOL MASCULINO,Sábado
1078,18/09/2023,8,AMAZONAS,2,VOLTA REDONDA,0,PRINCIPAL - FUTEBOL MASCULINO,Sábado
1078,18/09/2023,9,ATLETICO,1,BOTAFOGO,0,PRINCIPAL - FUTEBOL MASCULINO,Sábado
1078,18/09/2023,10,GUARANI,3,TOMBENSE,0,PRINCIPAL - FUTEBOL MASCULINO,Domingo
1078,18/09/2023,11,REAL MADRID,2,REAL SOCIEDAD,1,PRINCIPAL - FUTEBOL MASCULINO,Domingo
1078,18/09/2023,12,PAYSANDU,1,BOTAFOGO,0,PRINCIPAL - FUTEBOL MASCULINO,Domingo
1078,18/09/2023,13,VITORIA,3,AVAI,0,PRINCIPAL - FUTEBOL MASCULINO,Domingo
1078,18/09/2023,14,BRUSQUE,4,OPERARIO,3,PRINCIPAL - FUTEBOL MASCULINO,Domingo
1079,25/09/2023,1,SAO PAULO,1,FLAMENGO,1,PRINCIPAL - FUTEBOL MASCULINO,Domingo
1079,25/09/2023,2,BOTAFOGO,2,PAYSANDU,3,PRINCIPAL - FUTEBOL MASCULINO,Sábado
1079,25/09/2023,3,SAO JOSE,2,SAO BERNARDO,1,PRINCIPAL - FUTEBOL MASCULINO,Sábado
1079,25/09/2023,4,CHAPECOENSE,1,CEARA,1,PRINCIPAL - FUTEBOL MASCULINO,Sábado
1079,25/09/2023,5,CRB,1,GUARANI,0,PRINCIPAL - FUTEBOL MASCULINO,Sábado
1079,25/09/2023,6,TOMBENSE,0,BOTAFOGO,0,PRINCIPAL - FUTEBOL MASCULINO,Sábado
1079,25/09/2023,7,OPERARIO,1,BRUSQUE,2,PRINCIPAL - FUTEBOL MASCULINO,Sábado
1079,25/09/2023,8,VOLTA REDONDA,0,AMAZONAS,2,PRINCIPAL - FUTEBOL MASCULINO,Sábado
1079,25/09/2023,9,SPORT,4,LONDRINA,0,PRINCIPAL - FUTEBOL MASCULINO,Sábado
1079,25/09/2023,10,ATLETICO,1,CUIABA,0,PRINCIPAL - FUTEBOL MASCULINO,Sábado
1079,25/09/2023,11,ARSENAL,2,TOTTENHAM,2,PRINCIPAL - FUTEBOL MASCULINO,Domingo
1079,25/09/2023,12,LIVERPOOL,3,WEST HAM,1,PRINCIPAL - FUTEBOL MASCULINO,Domingo
1079,25/09/2023,13,PSG,4,OLYMP DE MARSELHA,0,PRINCIPAL - FUTEBOL MASCULINO,Domingo
1079,25/09/2023,14,ATLETICO MADRID,3,REAL MADRID,1,PRINCIPAL - FUTEBOL MASCULINO,Domingo
1080,02/10/2023,1,BRAGANTINO,2,PALMEIRAS,1,PRINCIPAL - FUTEBOL MASCULINO,Domingo
1080,02/10/2023,2,JUVENTUDE,1,CRICIUMA,0,PRINCIPAL - FUTEBOL MASCULINO,Sábado
1080,02/10/2023,3,FLAMENGO,1,BAHIA,0,PRINCIPAL - FUTEBOL MASCULINO,Sábado
1080,02/10/2023,4,FORTALEZA,1,GREMIO,1,PRINCIPAL - FUTEBOL MASCULINO,Sábado
1080,02/10/2023,5,SAO BERNARDO,2,BRUSQUE,0,PRINCIPAL - FUTEBOL MASCULINO,Sábado
1080,02/10/2023,6,GUARANI,2,NOVORIZONTINO,1,PRINCIPAL - FUTEBOL MASCULINO,Sábado
1080,02/10/2023,7,ITUANO,1,BOTAFOGO,1,PRINCIPAL - FUTEBOL MASCULINO,Sábado
1080,02/10/2023,8,SAO PAULO,2,CORINTHIANS,1,PRINCIPAL - FUTEBOL MASCULINO,Sábado
1080,02/10/2023,9,INTERNACIONAL,0,ATLETICO,2,PRINCIPAL - FUTEBOL MASCULINO,Sábado
1080,02/10/2023,10,CRUZEIRO,1,AMERICA,1,PRINCIPAL - FUTEBOL MASCULINO,Domingo
1080,02/10/2023,11,SANTOS,4,VASCO DA GAMA,1,PRINCIPAL - FUTEBOL MASCULINO,Domingo
1080,02/10/2023,12,SAO JOSE,1,OPERARIO,1,PRINCIPAL - FUTEBOL MASCULINO,Domingo
1080,02/10/2023,13,PAYSANDU,1,AMAZONAS,2,PRINCIPAL - FUTEBOL MASCULINO,Domingo
1080,02/10/2023,14,CEARA,0,ATLETICO,1,PRINCIPAL - FUTEBOL MASCULINO,Domingo
1081,09/10/2023,1,CORINTHIANS,1,FLAMENGO,1,PRINCIPAL - FUTEBOL MASCULINO,Sábado
1081,09/10/2023,2,TOMBENSE,1,JUVENTUDE,1,PRINCIPAL - FUTEBOL MASCULINO,Sábado
1081,09/10/2023,3,GOIAS,4,BAHIA,6,PRINCIPAL - FUTEBOL MASCULINO,Sábado
1081,09/10/2023,4,SAMP CORREA,1,NOVORIZONTINO,1,PRINCIPAL - FUTEBOL MASCULINO,Sábado
1081,09/10/2023,5,VOLTA REDONDA,1,PAYSANDU,0,PRINCIPAL - FUTEBOL MASCULINO,Sábado
1081,09/10/2023,6,VASCO DA GAMA,0,SAO PAULO,0,PRINCIPAL - FUTEBOL MASCULINO,Sábado
1081,09/10/2023,7,ARSENAL,1,MANCHESTER CITY,0,PRINCIPAL - FUTEBOL MASCULINO,Domingo
1081,09/10/2023,8,FLUMINENSE,0,BOTAFOGO,2,PRINCIPAL - FUTEBOL MASCULINO,Domingo
1081,09/10/2023,9,INTERNACIONAL,3,GREMIO,2,PRINCIPAL - FUTEBOL MASCULINO,Domingo
1081,09/10/2023,10,PALMEIRAS,1,SANTOS,2,PRINCIPAL - FUTEBOL MASCULINO,Domingo
1081,09/10/2023,11,OPERARIO,1,SAO BERNARDO,0,PRINCIPAL - FUTEBOL MASCULINO,Domingo
1081,09/10/2023,12,CRICIUMA,1,VITORIA,0,PRINCIPAL - FUTEBOL MASCULINO,Domingo
1081,09/10/2023,13,ATHLETICO,1,BRAGANTINO,1,PRINCIPAL - FUTEBOL MASCULINO,Domingo
1081,09/10/2023,14,FORTALEZA,3,AMERICA,2,PRINCIPAL - FUTEBOL MASCULINO,Domingo
1082,16/10/2023,1,VITORIA,2,GUARANI,0,PRINCIPAL - FUTEBOL MASCULINO,Domingo
1082,16/10/2023,2,ESTADOS UNIDOS,1,ALEMANHA,3,PRINCIPAL - FUTEBOL MASCULINO,Sábado
1082,16/10/2023,3,HUNGRIA,2,SERVIA/SER,1,PRINCIPAL - FUTEBOL MASCULINO,Sábado
1082,16/10/2023,4,ITALIA,4,MALTA,0,PRINCIPAL - FUTEBOL MASCULINO,Sábado
1082,16/10/2023,5,ITUANO,0,CRB,0,PRINCIPAL - FUTEBOL MASCULINO,Sábado
1082,16/10/2023,6,NOVORIZONTINO,0,TOMBENSE,0,PRINCIPAL - FUTEBOL MASCULINO,Sábado
1082,16/10/2023,7,CEARA,0,SAMP CORREA,0,PRINCIPAL - FUTEBOL MASCULINO,Sábado
1082,16/10/2023,8,CUIABA,0,CRUZEIRO,0,PRINCIPAL - FUTEBOL MASCULINO,Sábado
1082,16/10/2023,9,PONTE PRETA,0,ATLETICO,2,PRINCIPAL - FUTEBOL MASCULINO,Domingo
1082,16/10/2023,10,NORUEGA,0,ESPANHA,1,PRINCIPAL - FUTEBOL MASCULINO,Domingo
1082,16/10/2023,11,PAIS DE GALES,2,CROACIA,1,PRINCIPAL - FUTEBOL MASCULINO,Domingo
1082,16/10/2023,12,ROMENIA,4,ANDORRA,0,PRINCIPAL - FUTEBOL MASCULINO,Domingo
1082,16/10/2023,13,TURQUIA,4,LETONIA,0,PRINCIPAL - FUTEBOL MASCULINO,Domingo
1082,16/10/2023,14,LONDRINA,1,AVAI,1,PRINCIPAL - FUTEBOL MASCULINO,Domingo
1083,23/10/2023,1,BRUSQUE,1,AMAZONAS,2,PRINCIPAL - FUTEBOL MASCULINO,Domingo
1083,23/10/2023,2,BOTAFOGO,2,NOVORIZONTINO,0,PRINCIPAL - FUTEBOL MASCULINO,Sábado
1083,23/10/2023,3,CRB,0,CRICIUMA,1,PRINCIPAL - FUTEBOL MASCULINO,Sábado
1083,23/10/2023,4,BAHIA,2,FORTALEZA,0,PRINCIPAL - FUTEBOL MASCULINO,Sábado
1083,23/10/2023,5,CUIABA,1,GOIAS,1,PRINCIPAL - FUTEBOL MASCULINO,Sábado
1083,23/10/2023,6,SAO PAULO,3,GREMIO,0,PRINCIPAL - FUTEBOL MASCULINO,Sábado
1083,23/10/2023,7,BOTAFOGO,1,ATHLETICO,1,PRINCIPAL - FUTEBOL MASCULINO,Sábado
1083,23/10/2023,8,MILAN,0,JUVENTUS,1,PRINCIPAL - FUTEBOL MASCULINO,Domingo
1083,23/10/2023,9,ATLETICO,0,CRUZEIRO,1,PRINCIPAL - FUTEBOL MASCULINO,Domingo
1083,23/10/2023,10,FLAMENGO,1,VASCO DA GAMA,0,PRINCIPAL - FUTEBOL MASCULINO,Domingo
1083,23/10/2023,11,INTERNACIONAL,7,SANTOS,1,PRINCIPAL - FUTEBOL MASCULINO,Domingo
1083,23/10/2023,12,AVAI,1,CEARA,0,PRINCIPAL - FUTEBOL MASCULINO,Domingo
1083,23/10/2023,13,CORITIBA,0,PALMEIRAS,2,PRINCIPAL - FUTEBOL MASCULINO,Domingo
1083,23/10/2023,14,BRAGANTINO,1,FLUMINENSE,0,PRINCIPAL - FUTEBOL MASCULINO,Domingo
1084,30/10/2023,1,FORTALEZA,1,LDU,1,PRINCIPAL - FUTEBOL MASCULINO,Sábado
1084,30/10/2023,2,CHAPECOENSE,1,TOMBENSE,0,PRINCIPAL - FUTEBOL MASCULINO,Sábado
1084,30/10/2023,3,ITUANO,0,MIRASSOL,0,PRINCIPAL - FUTEBOL MASCULINO,Sábado
1084,30/10/2023,4,PALMEIRAS,1,BAHIA,0,PRINCIPAL - FUTEBOL MASCULINO,Sábado
1084,30/10/2023,5,VILA NOVA,2,ATLETICO,1,PRINCIPAL - FUTEBOL MASCULINO,Sábado
1084,30/10/2023,6,ATLETICO,2,FLUMINENSE,0,PRINCIPAL - FUTEBOL MASCULINO,Sábado
1084,30/10/2023,7,MANCHESTER UNITED,0,MANCHESTER CITY,3,PRINCIPAL - FUTEBOL MASCULINO,Domingo
1084,30/10/2023,8,ATHLETICO,1,SAO PAULO,1,PRINCIPAL - FUTEBOL MASCULINO,Domingo
1084,30/10/2023,9,GOIAS,1,VASCO DA GAMA,1,PRINCIPAL - FUTEBOL MASCULINO,Domingo
1084,30/10/2023,10,NAPOLI,2,MILAN,2,PRINCIPAL - FUTEBOL MASCULINO,Domingo
1084,30/10/2023,11,AMERICA,3,GREMIO,4,PRINCIPAL - FUTEBOL MASCULINO,Sábado
1084,30/10/2023,12,CORINTHIANS,1,SANTOS,1,PRINCIPAL - FUTEBOL MASCULINO,Domingo
1084,30/10/2023,13,LONDRINA,1,CRB,1,PRINCIPAL - FUTEBOL MASCULINO,Domingo
1084,30/10/2023,14,VITORIA,0,JUVENTUDE,0,PRINCIPAL - FUTEBOL MASCULINO,Domingo
1085,06/11/2023,1,BOCA JUNIORS,1,FLUMINENSE,1,PRINCIPAL - FUTEBOL MASCULINO,Sábado
1085,06/11/2023,2,BOTAFOGO,2,CEARA,2,PRINCIPAL - FUTEBOL MASCULINO,Sábado
1085,06/11/2023,3,PONTE PRETA,0,AVAI,1,PRINCIPAL - FUTEBOL MASCULINO,Sábado
1085,06/11/2023,4,REAL SOCIEDAD,0,BARCELONA,1,PRINCIPAL - FUTEBOL MASCULINO,Sábado
1085,06/11/2023,5,OLYMP DE MARSELHA,0,LILLE,0,PRINCIPAL - FUTEBOL MASCULINO,Sábado
1085,06/11/2023,6,AMERICA,1,ATLETICO,1,PRINCIPAL - FUTEBOL MASCULINO,Sábado
1085,06/11/2023,7,SAMP CORREA,1,TOMBENSE,2,PRINCIPAL - FUTEBOL MASCULINO,Sábado
1085,06/11/2023,8,NANTES,0,REIMS,1,PRINCIPAL - FUTEBOL MASCULINO,Domingo
1085,06/11/2023,9,PALMEIRAS,1,ATHLETICO,0,PRINCIPAL - FUTEBOL MASCULINO,Sábado
1085,06/11/2023,10,BRAGANTINO,1,CORINTHIANS,0,PRINCIPAL - FUTEBOL MASCULINO,Domingo
1085,06/11/2023,11,CRUZEIRO,1,INTERNACIONAL,2,PRINCIPAL - FUTEBOL MASCULINO,Domingo
1085,06/11/2023,12,FIORENTINA,0,JUVENTUS,1,PRINCIPAL - FUTEBOL MASCULINO,Domingo
1085,06/11/2023,13,FORTALEZA,0,FLAMENGO,2,PRINCIPAL - FUTEBOL MASCULINO,Domingo
1085,06/11/2023,14,CORITIBA,0,GOIAS,1,PRINCIPAL - FUTEBOL MASCULINO,Domingo
1086,13/11/2023,1,FLAMENGO,1,FLUMINENSE,1,PRINCIPAL - FUTEBOL MASCULINO,Sábado
1086,13/11/2023,2,ITUANO,2,SAMP CORREA,1,PRINCIPAL - FUTEBOL MASCULINO,Sábado
1086,13/11/2023,3,CORITIBA,1,CRUZEIRO,0,PRINCIPAL - FUTEBOL MASCULINO,Sábado
1086,13/11/2023,4,CHAPECOENSE,2,BOTAFOGO,0,PRINCIPAL - FUTEBOL MASCULINO,Sábado
1086,13/11/2023,5,TOMBENSE,0,PONTE PRETA,1,PRINCIPAL - FUTEBOL MASCULINO,Sábado
1086,13/11/2023,6,PALMEIRAS,3,INTERNACIONAL,0,PRINCIPAL - FUTEBOL MASCULINO,Sábado
1086,13/11/2023,7,BRAGANTINO,2,BOTAFOGO,2,PRINCIPAL - FUTEBOL MASCULINO,Domingo
1086,13/11/2023,8,GREMIO,0,CORINTHIANS,1,PRINCIPAL - FUTEBOL MASCULINO,Domingo
1086,13/11/2023,9,NOVORIZONTINO,1,VITORIA,2,PRINCIPAL - FUTEBOL MASCULINO,Domingo
1086,13/11/2023,10,BAHIA,1,ATHLETICO,1,PRINCIPAL - FUTEBOL MASCULINO,Domingo
1086,13/11/2023,11,ATLETICO,2,GOIAS,1,PRINCIPAL - FUTEBOL MASCULINO,Domingo
1086,13/11/2023,12,SANTOS,0,SAO PAULO,0,PRINCIPAL - FUTEBOL MASCULINO,Domingo
1086,13/11/2023,13,CUIABA,2,FORTALEZA,1,PRINCIPAL - FUTEBOL MASCULINO,Domingo
1086,13/11/2023,14,VASCO DA GAMA,2,AMERICA,1,PRINCIPAL - FUTEBOL MASCULINO,Domingo
1087,20/11/2023,1,VITORIA,1,SPORT,0,PRINCIPAL - FUTEBOL MASCULINO,Sábado
1087,20/11/2023,2,FRANCA,14,GIBRALTAR,0,PRINCIPAL - FUTEBOL MASCULINO,Sábado
1087,20/11/2023,3,HOLANDA,1,IRLANDA,0,PRINCIPAL - FUTEBOL MASCULINO,Sábado
1087,20/11/2023,4,CRICIUMA,3,BOTAFOGO,0,PRINCIPAL - FUTEBOL MASCULINO,Sábado
1087,20/11/2023,5,JUVENTUDE,0,PONTE PRETA,0,PRINCIPAL - FUTEBOL MASCULINO,Sábado
1087,20/11/2023,6,MIRASSOL,4,ATLETICO,1,PRINCIPAL - FUTEBOL MASCULINO,Sábado
1087,20/11/2023,7,FORTALEZA,0,CRUZEIRO,1,PRINCIPAL - FUTEBOL MASCULINO,Sábado
1087,20/11/2023,8,SERVIA/SER,2,BULGARIA,2,PRINCIPAL - FUTEBOL MASCULINO,Domingo
1087,20/11/2023,9,SUECIA,2,ESTONIA,0,PRINCIPAL - FUTEBOL MASCULINO,Domingo
1087,20/11/2023,10,GUARANI,2,ABC,3,PRINCIPAL - FUTEBOL MASCULINO,Domingo
1087,20/11/2023,11,ESCOCIA/SCT,3,NORUEGA,3,PRINCIPAL - FUTEBOL MASCULINO,Domingo
1087,20/11/2023,12,ESPANHA,3,GEORGIA,1,PRINCIPAL - FUTEBOL MASCULINO,Domingo
1087,20/11/2023,13,PORTUGAL,2,ISLANDIA,0,PRINCIPAL - FUTEBOL MASCULINO,Domingo
1087,20/11/2023,14,VILA NOVA,3,CEARA,1,PRINCIPAL - FUTEBOL MASCULINO,Domingo
1088,27/11/2023,1,ATLETICO,3,GREMIO,0,PRINCIPAL - FUTEBOL MASCULINO,Domingo
1088,27/11/2023,2,PONTE PRETA,3,CRB,0,PRINCIPAL - FUTEBOL MASCULINO,Sábado
1088,27/11/2023,3,NOVORIZONTINO,2,CRICIUMA,0,PRINCIPAL - FUTEBOL MASCULINO,Sábado
1088,27/11/2023,4,CEARA,1,JUVENTUDE,3,PRINCIPAL - FUTEBOL MASCULINO,Sábado
1088,27/11/2023,5,CHAPECOENSE,3,VITORIA,1,PRINCIPAL - FUTEBOL MASCULINO,Sábado
1088,27/11/2023,6,TOMBENSE,0,MIRASSOL,1,PRINCIPAL - FUTEBOL MASCULINO,Sábado
1088,27/11/2023,7,ATHLETICO,0,VASCO DA GAMA,0,PRINCIPAL - FUTEBOL MASCULINO,Sábado
1088,27/11/2023,8,FLUMINENSE,2,CORITIBA,1,PRINCIPAL - FUTEBOL MASCULINO,Sábado
1088,27/11/2023,9,BOTAFOGO,1,SANTOS,1,PRINCIPAL - FUTEBOL MASCULINO,Domingo
1088,27/11/2023,10,JUVENTUS,1,INTER DE MILAO,1,PRINCIPAL - FUTEBOL MASCULINO,Domingo
1088,27/11/2023,11,INTERNACIONAL,1,BRAGANTINO,0,PRINCIPAL - FUTEBOL MASCULINO,Domingo
1088,27/11/2023,12,FORTALEZA,2,PALMEIRAS,2,PRINCIPAL - FUTEBOL MASCULINO,Domingo
1088,27/11/2023,13,AMERICA,0,FLAMENGO,3,PRINCIPAL - FUTEBOL MASCULINO,Domingo
1088,27/11/2023,14,SAO PAULO,0,CUIABA,0,PRINCIPAL - FUTEBOL MASCULINO,Domingo
1089,04/12/2023,1,PALMEIRAS,1,FLUMINENSE,0,PRINCIPAL - FUTEBOL MASCULINO,Domingo
1089,04/12/2023,2,NEW CASTLE,1,MANCHESTER UNITED,0,PRINCIPAL - FUTEBOL MASCULINO,Sábado
1089,04/12/2023,3,CORINTHIANS,1,INTERNACIONAL,2,PRINCIPAL - FUTEBOL MASCULINO,Sábado
1089,04/12/2023,4,ATLETICO,2,SAO PAULO,1,PRINCIPAL - FUTEBOL MASCULINO,Sábado
1089,04/12/2023,5,MANCHESTER CITY,3,TOTTENHAM,3,PRINCIPAL - FUTEBOL MASCULINO,Domingo
1089,04/12/2023,6,FLAMENGO,2,CUIABA,1,PRINCIPAL - FUTEBOL MASCULINO,Domingo
1089,04/12/2023,7,AMERICA,3,BAHIA,2,PRINCIPAL - FUTEBOL MASCULINO,Domingo
1089,04/12/2023,8,NAPOLI,0,INTER DE MILAO,3,PRINCIPAL - FUTEBOL MASCULINO,Domingo
1089,04/12/2023,9,BARCELONA,1,ATLETICO MADRID,0,PRINCIPAL - FUTEBOL MASCULINO,Domingo
1089,04/12/2023,10,ATHLETICO,3,SANTOS,0,PRINCIPAL - FUTEBOL MASCULINO,Domingo
1089,04/12/2023,11,FORTALEZA,1,GOIAS,0,PRINCIPAL - FUTEBOL MASCULINO,Domingo
1089,04/12/2023,12,GREMIO,1,VASCO DA GAMA,0,PRINCIPAL - FUTEBOL MASCULINO,Domingo
1089,04/12/2023,13,BRAGANTINO,1,CORITIBA,0,PRINCIPAL - FUTEBOL MASCULINO,Domingo
1089,04/12/2023,14,BOTAFOGO,0,CRUZEIRO,0,PRINCIPAL - FUTEBOL MASCULINO,Domingo
1090,11/12/2023,1,TOTTENHAM,4,NEW CASTLE,1,PRINCIPAL - FUTEBOL MASCULINO,Domingo
1090,11/12/2023,2,INTER DE MILAO,4,UDINESE,0,PRINCIPAL - FUTEBOL MASCULINO,Sábado
1090,11/12/2023,3,MALLORCA,1,SEVILLA,0,PRINCIPAL - FUTEBOL MASCULINO,Sábado
1090,11/12/2023,4,PSG,2,NANTES,1,PRINCIPAL - FUTEBOL MASCULINO,Sábado
1090,11/12/2023,5,NICE,2,REIMS,1,PRINCIPAL - FUTEBOL MASCULINO,Domingo
1090,11/12/2023,6,ATLETICO MADRID,2,ALMERIA,1,PRINCIPAL - FUTEBOL MASCULINO,Domingo
1090,11/12/2023,7,EVERTON,2,CHELSEA,0,PRINCIPAL - FUTEBOL MASCULINO,Domingo
1090,11/12/2023,8,FULHAM,5,WEST HAM,0,PRINCIPAL - FUTEBOL MASCULINO,Domingo
1090,11/12/2023,9,CLERMONT,0,LILLE,0,PRINCIPAL - FUTEBOL MASCULINO,Domingo
1090,11/12/2023,10,STUTTGART,1,BAYER LEVERKUSEN,1,PRINCIPAL - FUTEBOL MASCULINO,Domingo
1090,11/12/2023,11,LYON,3,TOULOUSE,0,PRINCIPAL - FUTEBOL MASCULINO,Domingo
1090,11/12/2023,12,CADIZ,1,OSASUNA,1,PRINCIPAL - FUTEBOL MASCULINO,Domingo
1090,11/12/2023,13,ROMA,1,FIORENTINA,1,PRINCIPAL - FUTEBOL MASCULINO,Domingo
1090,11/12/2023,14,BARCELONA,2,GIRONA,4,PRINCIPAL - FUTEBOL MASCULINO,Domingo
1091,18/12/2023,1,LIVERPOOL,0,MANCHESTER UNITED,0,PRINCIPAL - FUTEBOL MASCULINO,Domingo
1091,18/12/2023,2,VALENCIA CLUB,1,BARCELONA,1,PRINCIPAL - FUTEBOL MASCULINO,Sábado
1091,18/12/2023,3,LENS,2,REIMS,0,PRINCIPAL - FUTEBOL MASCULINO,Sábado
1091,18/12/2023,4,MILAN,3,MONZA,0,PRINCIPAL - FUTEBOL MASCULINO,Domingo
1091,18/12/2023,5,ARSENAL,2,BRIGHTON,0,PRINCIPAL - FUTEBOL MASCULINO,Domingo
1091,18/12/2023,6,BRENTFORD,1,ASTON VILLA,2,PRINCIPAL - FUTEBOL MASCULINO,Domingo
1091,18/12/2023,7,WEST HAM,3,WOLVES,0,PRINCIPAL - FUTEBOL MASCULINO,Domingo
1091,18/12/2023,8,FIORENTINA,1,VERONA,0,PRINCIPAL - FUTEBOL MASCULINO,Domingo
1091,18/12/2023,9,REAL SOCIEDAD,0,REAL BETIS,0,PRINCIPAL - FUTEBOL MASCULINO,Domingo
1091,18/12/2023,10,BOLOGNA,2,ROMA,0,PRINCIPAL - FUTEBOL MASCULINO,Domingo
1091,18/12/2023,11,BAYERN DE MUNIQUE,3,STUTTGART,0,PRINCIPAL - FUTEBOL MASCULINO,Domingo
1091,18/12/2023,12,LILLE,1,PSG,1,PRINCIPAL - FUTEBOL MASCULINO,Domingo
1091,18/12/2023,13,LAZIO,0,INTER DE MILAO,2,PRINCIPAL - FUTEBOL MASCULINO,Domingo
1091,18/12/2023,14,REAL MADRID,4,VILLARREAL,1,PRINCIPAL - FUTEBOL MASCULINO,Domingo
1092,08/01/2024,1,ARSENAL,0,LIVERPOOL,2,PRINCIPAL - FUTEBOL MASCULINO,Domingo
1092,08/01/2024,2,CONFIANCA,1,RETRO BRASIL,1,PRINCIPAL - FUTEBOL MASCULINO,Sábado
1092,08/01/2024,3,FERROVIARIO,1,ASA,1,PRINCIPAL - FUTEBOL MASCULINO,Sábado
1092,08/01/2024,4,ABC,1,SOUSA,0,PRINCIPAL - FUTEBOL MASCULINO,Sábado
1092,08/01/2024,5,CSA,1,IGUATU,1,PRINCIPAL - FUTEBOL MASCULINO,Sábado
1092,08/01/2024,6,EMPOLI,0,MILAN,3,PRINCIPAL - FUTEBOL MASCULINO,Domingo
1092,08/01/2024,7,LENS,2,MONACO,2,PRINCIPAL - FUTEBOL MASCULINO,Domingo
1092,08/01/2024,8,TORINO,3,NAPOLI,0,PRINCIPAL - FUTEBOL MASCULINO,Domingo
1092,08/01/2024,9,UDINESE,1,LAZIO,2,PRINCIPAL - FUTEBOL MASCULINO,Domingo
1092,08/01/2024,10,WEST HAM,1,BRISTOL,1,PRINCIPAL - FUTEBOL MASCULINO,Domingo
1092,08/01/2024,11,SALERNITANA,1,JUVENTUS,2,PRINCIPAL - FUTEBOL MASCULINO,Domingo
1092,08/01/2024,12,JUAZEIRENSE,1,MOTO CLUB,1,PRINCIPAL - FUTEBOL MASCULINO,Domingo
1092,08/01/2024,13,ROMA,1,ATALANTA BERGAMAS,1,PRINCIPAL - FUTEBOL MASCULINO,Domingo
1092,08/01/2024,14,ALTOS,2,SANTA CRUZ,2,PRINCIPAL - FUTEBOL MASCULINO,Domingo
1093,15/01/2024,1,MANCHESTER UNITED,2,TOTTENHAM,2,PRINCIPAL - FUTEBOL MASCULINO,Domingo
1093,15/01/2024,2,MONZA,1,INTER DE MILAO,5,PRINCIPAL - FUTEBOL MASCULINO,Sábado
1093,15/01/2024,3,RENNES,2,NICE,0,PRINCIPAL - FUTEBOL MASCULINO,Sábado
1093,15/01/2024,4,REAL BETIS,1,GRANADA,0,PRINCIPAL - FUTEBOL MASCULINO,Sábado
1093,15/01/2024,5,EVERTON,0,ASTON VILLA,0,PRINCIPAL - FUTEBOL MASCULINO,Domingo
1093,15/01/2024,6,LAZIO,1,LECCE,0,PRINCIPAL - FUTEBOL MASCULINO,Domingo
1093,15/01/2024,7,ALMERIA,0,GIRONA,0,PRINCIPAL - FUTEBOL MASCULINO,Domingo
1093,15/01/2024,8,BRESTOIS,2,MONTPELLIER,0,PRINCIPAL - FUTEBOL MASCULINO,Domingo
1093,15/01/2024,9,CAGLIARI CALCIO,2,BOLOGNA,1,PRINCIPAL - FUTEBOL MASCULINO,Domingo
1093,15/01/2024,10,CADIZ,1,VALENCIA CLUB,4,PRINCIPAL - FUTEBOL MASCULINO,Domingo
1093,15/01/2024,11,MILAN,3,ROMA,1,PRINCIPAL - FUTEBOL MASCULINO,Domingo
1093,15/01/2024,12,LILLE,3,LORIENT,0,PRINCIPAL - FUTEBOL MASCULINO,Domingo
1093,15/01/2024,13,LENS,0,PSG,2,PRINCIPAL - FUTEBOL MASCULINO,Domingo
1093,15/01/2024,14,FIORENTINA,2,UDINESE,2,PRINCIPAL - FUTEBOL MASCULINO,Domingo
1094,22/01/2024,1,CORINTHIANS,1,GUARANI,0,PRINCIPAL - FUTEBOL MASCULINO,Domingo
1094,22/01/2024,2,BOTAFOGO,2,BANGU,0,PRINCIPAL - FUTEBOL MASCULINO,Sábado
1094,22/01/2024,3,CAXIAS,2,GREMIO,1,PRINCIPAL - FUTEBOL MASCULINO,Sábado
1094,22/01/2024,4,CRICIUMA,4,FIGUEIRENSE,1,PRINCIPAL - FUTEBOL MASCULINO,Sábado
1094,22/01/2024,5,SPORT,2,SANTA CRUZ,1,PRINCIPAL - FUTEBOL MASCULINO,Sábado
1094,22/01/2024,6,BRAGANTINO,0,AGUA SANTA,1,PRINCIPAL - FUTEBOL MASCULINO,Sábado
1094,22/01/2024,7,BOTAFOGO,0,SANTOS,1,PRINCIPAL - FUTEBOL MASCULINO,Sábado
1094,22/01/2024,8,SAO PAULO,3,SANTO ANDRE,1,PRINCIPAL - FUTEBOL MASCULINO,Sábado
1094,22/01/2024,9,PONTE PRETA,1,MIRASSOL,1,PRINCIPAL - FUTEBOL MASCULINO,Sábado
1094,22/01/2024,10,FLUMINENSE,2,PORTUGUESA,1,PRINCIPAL - FUTEBOL MASCULINO,Domingo
1094,22/01/2024,11,NOVORIZONTINO,1,PALMEIRAS,1,PRINCIPAL - FUTEBOL MASCULINO,Domingo
1094,22/01/2024,12,ATLETICO,0,GOIAS,0,PRINCIPAL - FUTEBOL MASCULINO,Domingo
1094,22/01/2024,13,NOVA IGUACU,1,FLAMENGO,1,PRINCIPAL - FUTEBOL MASCULINO,Domingo
1094,22/01/2024,14,SAMPAIO CORREA,3,VASCO DA GAMA,3,PRINCIPAL - FUTEBOL MASCULINO,Domingo
1095,29/01/2024,1,PALMEIRAS,2,SANTOS,1,PRINCIPAL - FUTEBOL MASCULINO,Domingo
1095,29/01/2024,2,SANTA CRUZ,1,NAUTICO,2,PRINCIPAL - FUTEBOL MASCULINO,Sábado
1095,29/01/2024,3,INTERNACIONAL,3,YPIRANGA,0,PRINCIPAL - FUTEBOL MASCULINO,Sábado
1095,29/01/2024,4,CRUZEIRO,1,ATHLETIC CLUB,1,PRINCIPAL - FUTEBOL MASCULINO,Sábado
1095,29/01/2024,5,SAO PAULO,1,PORT DESPORT,0,PRINCIPAL - FUTEBOL MASCULINO,Sábado
1095,29/01/2024,6,PORTUGUESA,0,FLAMENGO,0,PRINCIPAL - FUTEBOL MASCULINO,Sábado
1095,29/01/2024,7,SAO BERNARDO,1,CORINTHIANS,0,PRINCIPAL - FUTEBOL MASCULINO,Sábado
1095,29/01/2024,8,BANGU,2,VASCO DA GAMA,2,PRINCIPAL - FUTEBOL MASCULINO,Domingo
1095,29/01/2024,9,CSA,1,CRB,3,PRINCIPAL - FUTEBOL MASCULINO,Domingo
1095,29/01/2024,10,VILA NOVA,2,ATLETICO,1,PRINCIPAL - FUTEBOL MASCULINO,Domingo
1095,29/01/2024,11,AVAI,3,CHAPECOENSE,2,PRINCIPAL - FUTEBOL MASCULINO,Domingo
1095,29/01/2024,12,FLUMINENSE,3,NOVA IGUACU,0,PRINCIPAL - FUTEBOL MASCULINO,Domingo
1095,29/01/2024,13,CORITIBA,4,OPERARIO,0,PRINCIPAL - FUTEBOL MASCULINO,Domingo
1095,29/01/2024,14,SANTO ANDRE,0,AGUA SANTA,0,PRINCIPAL - FUTEBOL MASCULINO,Domingo
1096,05/02/2024,1,PALMEIRAS,0,SAO PAULO,0,PRINCIPAL - FUTEBOL MASCULINO,Domingo
1096,05/02/2024,2,ATLETICO,0,CRUZEIRO,2,PRINCIPAL - FUTEBOL MASCULINO,Sábado
1096,05/02/2024,3,SANTO ANDRE,1,BRAGANTINO,2,PRINCIPAL - FUTEBOL MASCULINO,Domingo
1096,05/02/2024,4,CORINTHIANS,1,NOVORIZONTINO,3,PRINCIPAL - FUTEBOL MASCULINO,Domingo
1096,05/02/2024,5,REAL MADRID,1,ATLETICO MADRID,1,PRINCIPAL - FUTEBOL MASCULINO,Domingo
1096,05/02/2024,6,ARSENAL,3,LIVERPOOL,1,PRINCIPAL - FUTEBOL MASCULINO,Domingo
1096,05/02/2024,7,BOAVISTA,2,FLUMINENSE,2,PRINCIPAL - FUTEBOL MASCULINO,Domingo
1096,05/02/2024,8,BAHIA,2,SPORT,1,PRINCIPAL - FUTEBOL MASCULINO,Domingo
1096,05/02/2024,9,GOIAS,0,VILA NOVA,0,PRINCIPAL - FUTEBOL MASCULINO,Domingo
1096,05/02/2024,10,INTER DE MILAO,1,JUVENTUS,0,PRINCIPAL - FUTEBOL MASCULINO,Domingo
1096,05/02/2024,11,PAYSANDU,0,REMO,0,PRINCIPAL - FUTEBOL MASCULINO,Domingo
1096,05/02/2024,12,SANTOS,2,GUARANI,0,PRINCIPAL - FUTEBOL MASCULINO,Domingo
1096,05/02/2024,13,VASCO DA GAMA,0,FLAMENGO,0,PRINCIPAL - FUTEBOL MASCULINO,Domingo
1096,05/02/2024,14,PONTE PRETA,3,SAO BERNARDO,3,PRINCIPAL - FUTEBOL MASCULINO,Domingo
1097,14/02/2024,1,CORINTHIANS,2,PORT DESPORT,0,PRINCIPAL - FUTEBOL MASCULINO,Domingo
1097,14/02/2024,2,FLAMENGO,3,VOLTA REDONDA,0,PRINCIPAL - FUTEBOL MASCULINO,Sábado
1097,14/02/2024,3,CHAPECOENSE,2,JOINVILLE,3,PRINCIPAL - FUTEBOL MASCULINO,Sábado
1097,14/02/2024,4,PONTE PRETA,2,SAO PAULO,0,PRINCIPAL - FUTEBOL MASCULINO,Sábado
1097,14/02/2024,5,VITORIA,3,ABC,1,PRINCIPAL - FUTEBOL MASCULINO,Sábado
1097,14/02/2024,6,BRAGANTINO,1,SAO BERNARDO,1,PRINCIPAL - FUTEBOL MASCULINO,Sábado
1097,14/02/2024,7,NOVO HAMBURGO,1,JUVENTUDE,1,PRINCIPAL - FUTEBOL MASCULINO,Sábado
1097,14/02/2024,8,WEST HAM,0,ARSENAL,6,PRINCIPAL - FUTEBOL MASCULINO,Domingo
1097,14/02/2024,9,AVAI,2,CRICIUMA,3,PRINCIPAL - FUTEBOL MASCULINO,Domingo
1097,14/02/2024,10,GOIANIA,1,ATLETICO,3,PRINCIPAL - FUTEBOL MASCULINO,Domingo
1097,14/02/2024,11,INTER LIMEIRA,2,BOTAFOGO,0,PRINCIPAL - FUTEBOL MASCULINO,Domingo
1097,14/02/2024,12,CRB,1,FORTALEZA,0,PRINCIPAL - FUTEBOL MASCULINO,Domingo
1097,14/02/2024,13,AGUA SANTA,2,ITUANO,0,PRINCIPAL - FUTEBOL MASCULINO,Domingo
1097,14/02/2024,14,MIRASSOL,2,SANTOS,2,PRINCIPAL - FUTEBOL MASCULINO,Domingo
1098,19/02/2024,1,PALMEIRAS,2,CORINTHIANS,2,PRINCIPAL - FUTEBOL MASCULINO,Domingo
1098,19/02/2024,2,MADUREIRA,0,FLUMINENSE,1,PRINCIPAL - FUTEBOL MASCULINO,Sábado
1098,19/02/2024,3,FIGUEIRENSE,1,AVAI,2,PRINCIPAL - FUTEBOL MASCULINO,Sábado
1098,19/02/2024,4,FORTALEZA,3,CEARA,3,PRINCIPAL - FUTEBOL MASCULINO,Sábado
1098,19/02/2024,5,MIRASSOL,2,BOTAFOGO,1,PRINCIPAL - FUTEBOL MASCULINO,Sábado
1098,19/02/2024,6,SAO PAULO,2,BRAGANTINO,2,PRINCIPAL - FUTEBOL MASCULINO,Sábado
1098,19/02/2024,7,BOTAFOGO,2,VASCO DA GAMA,4,PRINCIPAL - FUTEBOL MASCULINO,Domingo
1098,19/02/2024,8,SANTOS,1,NOVORIZONTINO,2,PRINCIPAL - FUTEBOL MASCULINO,Domingo
1098,19/02/2024,9,VITORIA,3,BAHIA,2,PRINCIPAL - FUTEBOL MASCULINO,Domingo
1098,19/02/2024,10,AMERICA,0,VILLA NOVA,0,PRINCIPAL - FUTEBOL MASCULINO,Domingo
1098,19/02/2024,11,RETRO BRASIL,1,NAUTICO,0,PRINCIPAL - FUTEBOL MASCULINO,Domingo
1098,19/02/2024,12,CORITIBA,1,ATHLETICO,1,PRINCIPAL - FUTEBOL MASCULINO,Domingo
1098,19/02/2024,13,NOVO HAMBURGO,1,INTERNACIONAL,3,PRINCIPAL - FUTEBOL MASCULINO,Domingo
1098,19/02/2024,14,AGUA SANTA,2,INTER LIMEIRA,1,PRINCIPAL - FUTEBOL MASCULINO,Domingo
1099,26/02/2024,1,FLAMENGO,2,FLUMINENSE,0,PRINCIPAL - FUTEBOL MASCULINO,Domingo
1099,26/02/2024,2,ITUANO,0,BRAGANTINO,1,PRINCIPAL - FUTEBOL MASCULINO,Sábado
1099,26/02/2024,3,NOVORIZONTINO,1,AGUA SANTA,0,PRINCIPAL - FUTEBOL MASCULINO,Sábado
1099,26/02/2024,4,AMERICA,1,ATLETICO,1,PRINCIPAL - FUTEBOL MASCULINO,Sábado
1099,26/02/2024,5,NAUTICO,1,SPORT,0,PRINCIPAL - FUTEBOL MASCULINO,Sábado
1099,26/02/2024,6,VASCO DA GAMA,2,VOLTA REDONDA,1,PRINCIPAL - FUTEBOL MASCULINO,Sábado
1099,26/02/2024,7,PALMEIRAS,3,MIRASSOL,1,PRINCIPAL - FUTEBOL MASCULINO,Sábado
1099,26/02/2024,8,CHAPECOENSE,0,FIGUEIRENSE,1,PRINCIPAL - FUTEBOL MASCULINO,Sábado
1099,26/02/2024,9,PORTUGUESA,1,NOVA IGUACU,2,PRINCIPAL - FUTEBOL MASCULINO,Sábado
1099,26/02/2024,10,CHELSEA,0,LIVERPOOL,0,PRINCIPAL - FUTEBOL MASCULINO,Domingo
1099,26/02/2024,11,SANTOS,2,SAO BERNARDO,1,PRINCIPAL - FUTEBOL MASCULINO,Domingo
1099,26/02/2024,12,INTERNACIONAL,3,GREMIO,2,PRINCIPAL - FUTEBOL MASCULINO,Domingo
1099,26/02/2024,13,GUARANI,1,SAO PAULO,1,PRINCIPAL - FUTEBOL MASCULINO,Domingo
1099,26/02/2024,14,CORINTHIANS,0,PONTE PRETA,1,PRINCIPAL - FUTEBOL MASCULINO,Domingo
1100,04/03/2024,1,SAO PAULO,1,PALMEIRAS,1,PRINCIPAL - FUTEBOL MASCULINO,Domingo
1100,04/03/2024,2,JUVENTUDE,1,INTERNACIONAL,2,PRINCIPAL - FUTEBOL MASCULINO,Sábado
1100,04/03/2024,3,NOVO HAMBURGO,0,CAXIAS,1,PRINCIPAL - FUTEBOL MASCULINO,Sábado
1100,04/03/2024,4,TOMBENSE,0,AMERICA,1,PRINCIPAL - FUTEBOL MASCULINO,Sábado
1100,04/03/2024,5,BRUSQUE,4,MARCILIO DIAS,1,PRINCIPAL - FUTEBOL MASCULINO,Sábado
1100,04/03/2024,6,CRICIUMA,2,CHAPECOENSE,0,PRINCIPAL - FUTEBOL MASCULINO,Sábado
1100,04/03/2024,7,PORT DESPORT,1,MIRASSOL,0,PRINCIPAL - FUTEBOL MASCULINO,Sábado
1100,04/03/2024,8,FLUMINENSE,2,BOTAFOGO,4,PRINCIPAL - FUTEBOL MASCULINO,Domingo
1100,04/03/2024,9,SAO BERNARDO,2,AGUA SANTA,0,PRINCIPAL - FUTEBOL MASCULINO,Domingo
1100,04/03/2024,10,PONTE PRETA,1,NOVORIZONTINO,1,PRINCIPAL - FUTEBOL MASCULINO,Domingo
1100,04/03/2024,11,ATHLETIC BILBAO,0,BARCELONA,0,PRINCIPAL - FUTEBOL MASCULINO,Domingo
1100,04/03/2024,12,BRAGANTINO,1,SANTOS,0,PRINCIPAL - FUTEBOL MASCULINO,Domingo
1100,04/03/2024,13,VASCO DA GAMA,4,PORTUGUESA,0,PRINCIPAL - FUTEBOL MASCULINO,Domingo
1100,04/03/2024,14,VOLTA REDONDA,1,NOVA IGUACU,2,PRINCIPAL - FUTEBOL MASCULINO,Domingo
1101,11/03/2024,1,FLUMINENSE,0,FLAMENGO,2,PRINCIPAL - FUTEBOL MASCULINO,Sábado
1101,11/03/2024,2,SANTA CRUZ,1,SPORT,1,PRINCIPAL - FUTEBOL MASCULINO,Sábado
1101,11/03/2024,3,JOINVILLE,1,AVAI,1,PRINCIPAL - FUTEBOL MASCULINO,Sábado
1101,11/03/2024,4,FERROVIARIO,2,CEARA,3,PRINCIPAL - FUTEBOL MASCULINO,Sábado
1101,11/03/2024,5,LIVERPOOL,1,MANCHESTER CITY,1,PRINCIPAL - FUTEBOL MASCULINO,Domingo
1101,11/03/2024,6,AGUA SANTA,0,CORINTHIANS,0,PRINCIPAL - FUTEBOL MASCULINO,Domingo
1101,11/03/2024,7,GUARANI,1,BRAGANTINO,0,PRINCIPAL - FUTEBOL MASCULINO,Domingo
1101,11/03/2024,8,ITUANO,2,SAO PAULO,3,PRINCIPAL - FUTEBOL MASCULINO,Domingo
1101,11/03/2024,9,MIRASSOL,0,SAO BERNARDO,2,PRINCIPAL - FUTEBOL MASCULINO,Domingo
1101,11/03/2024,10,PALMEIRAS,1,BOTAFOGO,0,PRINCIPAL - FUTEBOL MASCULINO,Sábado
1101,11/03/2024,11,SANTOS,3,INTER LIMEIRA,2,PRINCIPAL - FUTEBOL MASCULINO,Sábado
1101,11/03/2024,12,SAMPAIO CORREA,1,BOTAFOGO,2,PRINCIPAL - FUTEBOL MASCULINO,Domingo
1101,11/03/2024,13,VASCO DA GAMA,1,NOVA IGUACU,1,PRINCIPAL - FUTEBOL MASCULINO,Domingo
1101,11/03/2024,14,ATHLETICO,6,LONDRINA,0,PRINCIPAL - FUTEBOL MASCULINO,Domingo
1102,18/03/2024,1,FLAMENGO,0,FLUMINENSE,0,PRINCIPAL - FUTEBOL MASCULINO,Sábado
1102,18/03/2024,2,CRUZEIRO,3,TOMBENSE,1,PRINCIPAL - FUTEBOL MASCULINO,Sábado
1102,18/03/2024,3,SPORT,0,SANTA CRUZ,0,PRINCIPAL - FUTEBOL MASCULINO,Sábado
1102,18/03/2024,4,SAMP CORREA,2,MARANHAO,2,PRINCIPAL - FUTEBOL MASCULINO,Sábado
1102,18/03/2024,5,MANCHESTER UNITED,2,LIVERPOOL,2,PRINCIPAL - FUTEBOL MASCULINO,Domingo
1102,18/03/2024,6,NOVA IGUACU,1,VASCO DA GAMA,0,PRINCIPAL - FUTEBOL MASCULINO,Domingo
1102,18/03/2024,7,RETRO BRASIL,1,NAUTICO,0,PRINCIPAL - FUTEBOL MASCULINO,Domingo
1102,18/03/2024,8,ATLETICO MADRID,0,BARCELONA,3,PRINCIPAL - FUTEBOL MASCULINO,Domingo
1102,18/03/2024,9,PALMEIRAS,5,PONTE PRETA,1,PRINCIPAL - FUTEBOL MASCULINO,Sábado
1102,18/03/2024,10,BRAGANTINO,3,INTER LIMEIRA,0,PRINCIPAL - FUTEBOL MASCULINO,Domingo
1102,18/03/2024,11,SANTOS,0,PORT DESPORT,0,PRINCIPAL - FUTEBOL MASCULINO,Domingo
1102,18/03/2024,12,SAO PAULO,1,NOVORIZONTINO,1,PRINCIPAL - FUTEBOL MASCULINO,Domingo
1102,18/03/2024,13,BOTAFOGO,2,SAMPAIO CORREA,1,PRINCIPAL - FUTEBOL MASCULINO,Domingo
1102,18/03/2024,14,AMERICA,2,ATLETICO,1,PRINCIPAL - FUTEBOL MASCULINO,Domingo
1103,25/03/2024,1,INGLATERRA,0,BRASIL,1,PRINCIPAL - FUTEBOL MASCULINO,Sábado
1103,25/03/2024,2,MOTO CLUB,0,SAMP CORREA,0,PRINCIPAL - FUTEBOL MASCULINO,Sábado
1103,25/03/2024,3,DINAMARCA,0,SUICA,0,PRINCIPAL - FUTEBOL MASCULINO,Sábado
1103,25/03/2024,4,FRANCA,0,ALEMANHA,2,PRINCIPAL - FUTEBOL MASCULINO,Sábado
1103,25/03/2024,5,AMAZONAS,2,REMO,2,PRINCIPAL - FUTEBOL MASCULINO,Sábado
1103,25/03/2024,6,ABC,0,SPORT,2,PRINCIPAL - FUTEBOL MASCULINO,Sábado
1103,25/03/2024,7,FORTALEZA,0,VITORIA,1,PRINCIPAL - FUTEBOL MASCULINO,Sábado
1103,25/03/2024,8,BAHIA,1,MARANHAO,0,PRINCIPAL - FUTEBOL MASCULINO,Domingo
1103,25/03/2024,9,TREZE,0,CEARA,1,PRINCIPAL - FUTEBOL MASCULINO,Domingo
1103,25/03/2024,10,EQUADOR,0,ITALIA,2,PRINCIPAL - FUTEBOL MASCULINO,Domingo
1103,25/03/2024,11,GOIAS,1,VILA NOVA,1,PRINCIPAL - FUTEBOL MASCULINO,Domingo
1103,25/03/2024,12,PAYSANDU,4,MANAUS,1,PRINCIPAL - FUTEBOL MASCULINO,Domingo
1103,25/03/2024,13,GUATEMALA,0,VENEZUELA,0,PRINCIPAL - FUTEBOL MASCULINO,Domingo
1103,25/03/2024,14,NAUTICO,1,CRB,1,PRINCIPAL - FUTEBOL MASCULINO,Domingo
1104,01/04/2024,1,ATLETICO,2,CRUZEIRO,2,PRINCIPAL - FUTEBOL MASCULINO,Sábado
1104,01/04/2024,2,ASA,0,CRB,1,PRINCIPAL - FUTEBOL MASCULINO,Sábado
1104,01/04/2024,3,NAUTICO,0,SPORT,2,PRINCIPAL - FUTEBOL MASCULINO,Sábado
1104,01/04/2024,4,BRUSQUE,1,CRICIUMA,2,PRINCIPAL - FUTEBOL MASCULINO,Sábado
1104,01/04/2024,5,FORTALEZA,0,CEARA,0,PRINCIPAL - FUTEBOL MASCULINO,Sábado
1104,01/04/2024,6,NOVA IGUACU,0,FLAMENGO,3,PRINCIPAL - FUTEBOL MASCULINO,Sábado
1104,01/04/2024,7,PAYSANDU,4,AGUIA,0,PRINCIPAL - FUTEBOL MASCULINO,Sábado
1104,01/04/2024,8,BOTAFOGO,0,SERRA BRANCA,0,PRINCIPAL - FUTEBOL MASCULINO,Sábado
1104,01/04/2024,9,MANCHESTER CITY,0,ARSENAL,0,PRINCIPAL - FUTEBOL MASCULINO,Domingo
1104,01/04/2024,10,REAL MADRID,2,ATHLETIC BILBAO,0,PRINCIPAL - FUTEBOL MASCULINO,Domingo
1104,01/04/2024,11,VITORIA,3,BAHIA,2,PRINCIPAL - FUTEBOL MASCULINO,Domingo
1104,01/04/2024,12,SOUSA,2,TREZE,1,PRINCIPAL - FUTEBOL MASCULINO,Domingo
1104,01/04/2024,13,REMO,2,TUNA LUSO,0,PRINCIPAL - FUTEBOL MASCULINO,Domingo
1104,01/04/2024,14,BOTAFOGO,2,BOAVISTA,0,PRINCIPAL - FUTEBOL MASCULINO,Domingo
1105,04/04/2024,1,MILLONARIOS,1,FLAMENGO,1,PRINCIPAL - FUTEBOL MASCULINO,Terça-feira
1105,04/04/2024,2,BELGRANO,0,INTERNACIONAL,0,PRINCIPAL - FUTEBOL MASCULINO,Terça-feira
1105,04/04/2024,3,THE STRONGEST,2,GREMIO,0,PRINCIPAL - FUTEBOL MASCULINO,Terça-feira
1105,04/04/2024,4,RACING/URU,1,CORINTHIANS,1,PRINCIPAL - FUTEBOL MASCULINO,Terça-feira
1105,04/04/2024,5,AMELIANO,1,ATHLETICO,4,PRINCIPAL - FUTEBOL MASCULINO,Terça-feira
1105,04/04/2024,6,FIORENTINA,1,ATALANTA BERGAMAS,0,PRINCIPAL - FUTEBOL MASCULINO,Quarta-feira
1105,04/04/2024,7,MANCHESTER CITY,4,ASTON VILLA,1,PRINCIPAL - FUTEBOL MASCULINO,Quarta-feira
1105,04/04/2024,8,PAYSANDU,0,REMO,0,PRINCIPAL - FUTEBOL MASCULINO,Quarta-feira
1105,04/04/2024,9,BOTAFOGO,1,JR BARRANQUILLA,3,PRINCIPAL - FUTEBOL MASCULINO,Quarta-feira
1105,04/04/2024,10,CUIABA,1,LANUS,1,PRINCIPAL - FUTEBOL MASCULINO,Quarta-feira
1105,04/04/2024,11,BRAGANTINO,1,COQUIMBO UNIDO,0,PRINCIPAL - FUTEBOL MASCULINO,Quarta-feira
1105,04/04/2024,12,SPOR TRINIDENSE,0,FORTALEZA,2,PRINCIPAL - FUTEBOL MASCULINO,Quarta-feira
1105,04/04/2024,13,SAN LORENZO,1,PALMEIRAS,1,PRINCIPAL - FUTEBOL MASCULINO,Quarta-feira
1105,04/04/2024,14,ALIANZA LIMA,1,FLUMINENSE,1,PRINCIPAL - FUTEBOL MASCULINO,Quarta-feira
1106,08/04/2024,1,PALMEIRAS,2,SANTOS,0,PRINCIPAL - FUTEBOL MASCULINO,Domingo
1106,08/04/2024,2,GREMIO,3,JUVENTUDE,1,PRINCIPAL - FUTEBOL MASCULINO,Sábado
1106,08/04/2024,3,CRICIUMA,1,BRUSQUE,1,PRINCIPAL - FUTEBOL MASCULINO,Sábado
1106,08/04/2024,4,SPORT,0,NAUTICO,0,PRINCIPAL - FUTEBOL MASCULINO,Sábado
1106,08/04/2024,5,CEARA,1,FORTALEZA,1,PRINCIPAL - FUTEBOL MASCULINO,Sábado
1106,08/04/2024,6,CRB,3,ASA,1,PRINCIPAL - FUTEBOL MASCULINO,Sábado
1106,08/04/2024,7,ATHLETICO,3,MARINGA,0,PRINCIPAL - FUTEBOL MASCULINO,Sábado
1106,08/04/2024,8,ATHLETIC BILBAO,1,MALLORCA,1,PRINCIPAL - FUTEBOL MASCULINO,Sábado
1106,08/04/2024,9,MANCHESTER UNITED,2,LIVERPOOL,2,PRINCIPAL - FUTEBOL MASCULINO,Domingo
1106,08/04/2024,10,CRUZEIRO,1,ATLETICO,3,PRINCIPAL - FUTEBOL MASCULINO,Domingo
1106,08/04/2024,11,BAHIA,1,VITORIA,1,PRINCIPAL - FUTEBOL MASCULINO,Domingo
1106,08/04/2024,12,ATLETICO,3,VILA NOVA,1,PRINCIPAL - FUTEBOL MASCULINO,Domingo
1106,08/04/2024,13,FLAMENGO,1,NOVA IGUACU,0,PRINCIPAL - FUTEBOL MASCULINO,Domingo
1106,08/04/2024,14,REMO,0,PAYSANDU,2,PRINCIPAL - FUTEBOL MASCULINO,Domingo
1107,11/04/2024,1,PSG,2,BARCELONA,3,PRINCIPAL - FUTEBOL MASCULINO,Quarta-feira
1107,11/04/2024,2,GREMIO,0,HUACHIPATO,2,PRINCIPAL - FUTEBOL MASCULINO,Terça-feira
1107,11/04/2024,3,CORINTHIANS,4,CLUB NACIONAL,0,PRINCIPAL - FUTEBOL MASCULINO,Terça-feira
1107,11/04/2024,4,CRB,0,BOTAFOGO,0,PRINCIPAL - FUTEBOL MASCULINO,Terça-feira
1107,11/04/2024,5,FLUMINENSE,2,COLO COLO,1,PRINCIPAL - FUTEBOL MASCULINO,Terça-feira
1107,11/04/2024,6,ATLETICO MADRID,2,DORTMUND,1,PRINCIPAL - FUTEBOL MASCULINO,Quarta-feira
1107,11/04/2024,7,ATLETICO,2,ROSARIO CENTRAL,1,PRINCIPAL - FUTEBOL MASCULINO,Quarta-feira
1107,11/04/2024,8,FORTALEZA,5,NACIONAL POTOSI,0,PRINCIPAL - FUTEBOL MASCULINO,Quarta-feira
1107,11/04/2024,9,REMO,1,PAYSANDU,1,PRINCIPAL - FUTEBOL MASCULINO,Quarta-feira
1107,11/04/2024,10,FLAMENGO,2,PALESTINO,0,PRINCIPAL - FUTEBOL MASCULINO,Quarta-feira
1107,11/04/2024,11,SAO PAULO,2,COBRESAL,0,PRINCIPAL - FUTEBOL MASCULINO,Quarta-feira
1107,11/04/2024,12,RACING/ARG,3,BRAGANTINO,0,PRINCIPAL - FUTEBOL MASCULINO,Quarta-feira
1107,11/04/2024,13,SPORT,2,CEARA,1,PRINCIPAL - FUTEBOL MASCULINO,Quarta-feira
1107,11/04/2024,14,BAHIA,3,NAUTICO,0,PRINCIPAL - FUTEBOL MASCULINO,Quarta-feira
1108,15/04/2024,1,CORINTHIANS,0,ATLETICO,0,PRINCIPAL - FUTEBOL MASCULINO,Domingo
1108,15/04/2024,2,CRICIUMA,1,JUVENTUDE,1,PRINCIPAL - FUTEBOL MASCULINO,Sábado
1108,15/04/2024,3,INTERNACIONAL,2,BAHIA,1,PRINCIPAL - FUTEBOL MASCULINO,Sábado
1108,15/04/2024,4,SAO PAULO,1,FORTALEZA,2,PRINCIPAL - FUTEBOL MASCULINO,Sábado
1108,15/04/2024,5,FLUMINENSE,2,BRAGANTINO,2,PRINCIPAL - FUTEBOL MASCULINO,Sábado
1108,15/04/2024,6,ARSENAL,0,ASTON VILLA,2,PRINCIPAL - FUTEBOL MASCULINO,Domingo
1108,15/04/2024,7,UDINESE,1,ROMA,1,PRINCIPAL - FUTEBOL MASCULINO,Domingo
1108,15/04/2024,8,ATHLETIC BILBAO,1,VILLARREAL,1,PRINCIPAL - FUTEBOL MASCULINO,Domingo
1108,15/04/2024,9,LYON,4,BRESTOIS,3,PRINCIPAL - FUTEBOL MASCULINO,Domingo
1108,15/04/2024,10,VASCO DA GAMA,2,GREMIO,1,PRINCIPAL - FUTEBOL MASCULINO,Domingo
1108,15/04/2024,11,ATHLETICO,4,CUIABA,0,PRINCIPAL - FUTEBOL MASCULINO,Domingo
1108,15/04/2024,12,ATLETICO,1,FLAMENGO,2,PRINCIPAL - FUTEBOL MASCULINO,Domingo
1108,15/04/2024,13,CRUZEIRO,3,BOTAFOGO,2,PRINCIPAL - FUTEBOL MASCULINO,Domingo
1108,15/04/2024,14,VITORIA,0,PALMEIRAS,1,PRINCIPAL - FUTEBOL MASCULINO,Domingo
1109,18/04/2024,1,FLAMENGO,2,SAO PAULO,1,PRINCIPAL - FUTEBOL MASCULINO,Quarta-feira
1109,18/04/2024,2,BELGRANO,0,RACING/ARG,4,PRINCIPAL - FUTEBOL MASCULINO,Terça-feira
1109,18/04/2024,3,BOCA JUNIORS,1,GODOY CRUZ,0,PRINCIPAL - FUTEBOL MASCULINO,Terça-feira
1109,18/04/2024,4,LANUS,1,ESTUDIANTES,2,PRINCIPAL - FUTEBOL MASCULINO,Terça-feira
1109,18/04/2024,5,BAHIA,2,FLUMINENSE,1,PRINCIPAL - FUTEBOL MASCULINO,Terça-feira
1109,18/04/2024,6,BAYERN DE MUNIQUE,1,ARSENAL,0,PRINCIPAL - FUTEBOL MASCULINO,Quarta-feira
1109,18/04/2024,7,MANCHESTER CITY,1,REAL MADRID,1,PRINCIPAL - FUTEBOL MASCULINO,Quarta-feira
1109,18/04/2024,8,BRAGANTINO,2,VASCO DA GAMA,1,PRINCIPAL - FUTEBOL MASCULINO,Quarta-feira
1109,18/04/2024,9,GREMIO,2,ATHLETICO,0,PRINCIPAL - FUTEBOL MASCULINO,Quarta-feira
1109,18/04/2024,10,JUVENTUDE,2,CORINTHIANS,0,PRINCIPAL - FUTEBOL MASCULINO,Quarta-feira
1109,18/04/2024,11,FORTALEZA,1,CRUZEIRO,1,PRINCIPAL - FUTEBOL MASCULINO,Quarta-feira
1109,18/04/2024,12,ATLETICO,1,CRICIUMA,1,PRINCIPAL - FUTEBOL MASCULINO,Quarta-feira
1109,18/04/2024,13,PALMEIRAS,0,INTERNACIONAL,1,PRINCIPAL - FUTEBOL MASCULINO,Quarta-feira
1109,18/04/2024,14,VILA NOVA,2,CUIABA,0,PRINCIPAL - FUTEBOL MASCULINO,Quarta-feira
1110,22/04/2024,1,PALMEIRAS,0,FLAMENGO,0,PRINCIPAL - FUTEBOL MASCULINO,Domingo
1110,22/04/2024,2,CHAPECOENSE,3,ITUANO,1,PRINCIPAL - FUTEBOL MASCULINO,Sábado
1110,22/04/2024,3,FLUMINENSE,2,VASCO DA GAMA,1,PRINCIPAL - FUTEBOL MASCULINO,Sábado
1110,22/04/2024,4,SANTOS,2,PAYSANDU,0,PRINCIPAL - FUTEBOL MASCULINO,Sábado
1110,22/04/2024,5,AMAZONAS,2,SPORT,3,PRINCIPAL - FUTEBOL MASCULINO,Sábado
1110,22/04/2024,6,CEARA,1,GOIAS,1,PRINCIPAL - FUTEBOL MASCULINO,Sábado
1110,22/04/2024,7,GREMIO,1,CUIABA,0,PRINCIPAL - FUTEBOL MASCULINO,Sábado
1110,22/04/2024,8,BRAGANTINO,1,CORINTHIANS,0,PRINCIPAL - FUTEBOL MASCULINO,Sábado
1110,22/04/2024,9,ATLETICO,3,CRUZEIRO,0,PRINCIPAL - FUTEBOL MASCULINO,Sábado
1110,22/04/2024,10,ATHLETICO,1,INTERNACIONAL,0,PRINCIPAL - FUTEBOL MASCULINO,Domingo
1110,22/04/2024,11,VITORIA,2,BAHIA,2,PRINCIPAL - FUTEBOL MASCULINO,Domingo
1110,22/04/2024,12,PONTE PRETA,1,CORITIBA,1,PRINCIPAL - FUTEBOL MASCULINO,Domingo
1110,22/04/2024,13,ATLETICO,0,SAO PAULO,3,PRINCIPAL - FUTEBOL MASCULINO,Domingo
1110,22/04/2024,14,BOTAFOGO,5,JUVENTUDE,1,PRINCIPAL - FUTEBOL MASCULINO,Domingo
1111,25/04/2024,1,BOLIVAR,2,FLAMENGO,1,PRINCIPAL - FUTEBOL MASCULINO,Quarta-feira
1111,25/04/2024,2,ESTUDIANTES,0,GREMIO,1,PRINCIPAL - FUTEBOL MASCULINO,Terça-feira
1111,25/04/2024,3,U LA CALERA,0,CRUZEIRO,0,PRINCIPAL - FUTEBOL MASCULINO,Terça-feira
1111,25/04/2024,4,ATLETICO,3,PENAROL,2,PRINCIPAL - FUTEBOL MASCULINO,Terça-feira
1111,25/04/2024,5,DEP GARCILASO,1,CUIABA,1,PRINCIPAL - FUTEBOL MASCULINO,Terça-feira
1111,25/04/2024,6,BRUSQUE,3,MIRASSOL,1,PRINCIPAL - FUTEBOL MASCULINO,Terça-feira
1111,25/04/2024,7,ARGENTINOS JR,1,CORINTHIANS,0,PRINCIPAL - FUTEBOL MASCULINO,Terça-feira
1111,25/04/2024,8,ATALANTA BERGAMAS,4,FIORENTINA,1,PRINCIPAL - FUTEBOL MASCULINO,Quarta-feira
1111,25/04/2024,9,BOTAFOGO,3,UNIVERSITARIO,1,PRINCIPAL - FUTEBOL MASCULINO,Quarta-feira
1111,25/04/2024,10,DANUBIO,0,ATHLETICO,1,PRINCIPAL - FUTEBOL MASCULINO,Quarta-feira
1111,25/04/2024,11,APARECIDENSE,2,SAMP CORREA,0,PRINCIPAL - FUTEBOL MASCULINO,Quarta-feira
1111,25/04/2024,12,BRAGANTINO,2,SPORTIVO LUQUEÑO,1,PRINCIPAL - FUTEBOL MASCULINO,Quarta-feira
1111,25/04/2024,13,LIBERTAD,1,RIVER PLATE,2,PRINCIPAL - FUTEBOL MASCULINO,Quarta-feira
1111,25/04/2024,14,INDEP. DEL VALLE,2,PALMEIRAS,3,PRINCIPAL - FUTEBOL MASCULINO,Quarta-feira
1112,29/04/2024,1,FLAMENGO,0,BOTAFOGO,2,PRINCIPAL - FUTEBOL MASCULINO,Domingo
1112,29/04/2024,2,VASCO DA GAMA,0,CRICIUMA,4,PRINCIPAL - FUTEBOL MASCULINO,Sábado
1112,29/04/2024,3,CRB,0,AMAZONAS,0,PRINCIPAL - FUTEBOL MASCULINO,Sábado
1112,29/04/2024,4,ABC,0,NAUTICO,3,PRINCIPAL - FUTEBOL MASCULINO,Sábado
1112,29/04/2024,5,PAYSANDU,1,BOTAFOGO,1,PRINCIPAL - FUTEBOL MASCULINO,Sábado
1112,29/04/2024,6,AMERICA,2,NOVORIZONTINO,0,PRINCIPAL - FUTEBOL MASCULINO,Sábado
1112,29/04/2024,7,CUIABA,0,ATLETICO,3,PRINCIPAL - FUTEBOL MASCULINO,Sábado
1112,29/04/2024,8,BAHIA,1,GREMIO,0,PRINCIPAL - FUTEBOL MASCULINO,Sábado
1112,29/04/2024,9,CRUZEIRO,3,VITORIA,1,PRINCIPAL - FUTEBOL MASCULINO,Domingo
1112,29/04/2024,10,CORINTHIANS,3,FLUMINENSE,0,PRINCIPAL - FUTEBOL MASCULINO,Domingo
1112,29/04/2024,11,GOIAS,3,PONTE PRETA,0,PRINCIPAL - FUTEBOL MASCULINO,Domingo
1112,29/04/2024,12,FORTALEZA,1,BRAGANTINO,1,PRINCIPAL - FUTEBOL MASCULINO,Domingo
1112,29/04/2024,13,JUVENTUDE,1,ATHLETICO,1,PRINCIPAL - FUTEBOL MASCULINO,Domingo
1112,29/04/2024,14,INTERNACIONAL,1,ATLETICO,1,PRINCIPAL - FUTEBOL MASCULINO,Domingo
1113,02/05/2024,1,FORTALEZA,0,VASCO DA GAMA,0,PRINCIPAL - FUTEBOL MASCULINO,Quarta-feira
1113,02/05/2024,2,BAHIA,1,CRICIUMA,0,PRINCIPAL - FUTEBOL MASCULINO,Terça-feira
1113,02/05/2024,3,OPERARIO,0,GREMIO,0,PRINCIPAL - FUTEBOL MASCULINO,Terça-feira
1113,02/05/2024,4,ESTUDIANTES,1,BOCA JUNIORS,1,PRINCIPAL - FUTEBOL MASCULINO,Terça-feira
1113,02/05/2024,5,ATLETICO,2,SPORT,0,PRINCIPAL - FUTEBOL MASCULINO,Terça-feira
1113,02/05/2024,6,SAMP CORREA,0,FLUMINENSE,2,PRINCIPAL - FUTEBOL MASCULINO,Quarta-feira
1113,02/05/2024,7,BRUSQUE,0,ATLETICO,1,PRINCIPAL - FUTEBOL MASCULINO,Quarta-feira
1113,02/05/2024,8,DORTMUND,1,PSG,0,PRINCIPAL - FUTEBOL MASCULINO,Quarta-feira
1113,02/05/2024,9,HUMAITA,0,PORTO VELHO,1,PRINCIPAL - FUTEBOL MASCULINO,Quarta-feira
1113,02/05/2024,10,SOUSA,1,BRAGANTINO,1,PRINCIPAL - FUTEBOL MASCULINO,Quarta-feira
1113,02/05/2024,11,YPIRANGA,2,ATHLETICO,1,PRINCIPAL - FUTEBOL MASCULINO,Quarta-feira
1113,02/05/2024,12,AMERICA,1,CORINTHIANS,2,PRINCIPAL - FUTEBOL MASCULINO,Quarta-feira
1113,02/05/2024,13,INTERNACIONAL,0,JUVENTUDE,1,PRINCIPAL - FUTEBOL MASCULINO,Quarta-feira
1113,02/05/2024,14,FLAMENGO,1,AMAZONAS,0,PRINCIPAL - FUTEBOL MASCULINO,Quarta-feira
1114,06/05/2024,1,FLUMINENSE,2,ATLETICO,2,PRINCIPAL - FUTEBOL MASCULINO,Sábado
1114,06/05/2024,2,CORINTHIANS,0,FORTALEZA,0,PRINCIPAL - FUTEBOL MASCULINO,Sábado
1114,06/05/2024,3,CHAPECOENSE,2,AMERICA,2,PRINCIPAL - FUTEBOL MASCULINO,Sábado
1114,06/05/2024,4,VILA NOVA,1,OPERARIO,0,PRINCIPAL - FUTEBOL MASCULINO,Sábado
1114,06/05/2024,5,BRAGANTINO,1,FLAMENGO,1,PRINCIPAL - FUTEBOL MASCULINO,Sábado
1114,06/05/2024,6,CRUZEIRO,0,INTERNACIONAL,1,PRINCIPAL - FUTEBOL MASCULINO,Sábado
1114,06/05/2024,7,ITUANO,1,NOVORIZONTINO,3,PRINCIPAL - FUTEBOL MASCULINO,Sábado
1114,06/05/2024,8,ROMA,1,JUVENTUS,1,PRINCIPAL - FUTEBOL MASCULINO,Domingo
1114,06/05/2024,9,GREMIO,0,CRICIUMA,0,PRINCIPAL - FUTEBOL MASCULINO,Domingo
1114,06/05/2024,10,VITORIA,1,SAO PAULO,3,PRINCIPAL - FUTEBOL MASCULINO,Domingo
1114,06/05/2024,11,ATHLETICO,1,VASCO DA GAMA,0,PRINCIPAL - FUTEBOL MASCULINO,Domingo
1114,06/05/2024,12,BRUSQUE,0,GOIAS,2,PRINCIPAL - FUTEBOL MASCULINO,Domingo
1114,06/05/2024,13,BOTAFOGO,1,BAHIA,2,PRINCIPAL - FUTEBOL MASCULINO,Domingo
1114,06/05/2024,14,CUIABA,0,PALMEIRAS,2,PRINCIPAL - FUTEBOL MASCULINO,Domingo
1115,09/05/2024,1,REAL MADRID,2,BAYERN DE MUNIQUE,1,PRINCIPAL - FUTEBOL MASCULINO,Quarta-feira
1115,09/05/2024,2,ROSARIO CENTRAL,0,ATLETICO,1,PRINCIPAL - FUTEBOL MASCULINO,Terça-feira
1115,09/05/2024,3,NACIONAL/PAR,0,CORINTHIANS,2,PRINCIPAL - FUTEBOL MASCULINO,Terça-feira
1115,09/05/2024,4,RACING/URU,2,ARGENTINOS JR,1,PRINCIPAL - FUTEBOL MASCULINO,Terça-feira
1115,09/05/2024,5,NACIONAL,2,RIVER PLATE,2,PRINCIPAL - FUTEBOL MASCULINO,Terça-feira
1115,09/05/2024,6,PALESTINO,1,FLAMENGO,0,PRINCIPAL - FUTEBOL MASCULINO,Terça-feira
1115,09/05/2024,7,BOTAFOGO,0,MIRASSOL,0,PRINCIPAL - FUTEBOL MASCULINO,Terça-feira
1115,09/05/2024,8,ALIANZA/COL,0,CRUZEIRO,3,PRINCIPAL - FUTEBOL MASCULINO,Terça-feira
1115,09/05/2024,9,ALIANZA LIMA,1,CERRO PORTENO,1,PRINCIPAL - FUTEBOL MASCULINO,Quarta-feira
1115,09/05/2024,10,NACIONAL POTOSI,4,FORTALEZA,1,PRINCIPAL - FUTEBOL MASCULINO,Quarta-feira
1115,09/05/2024,11,AMERICA,3,VILA NOVA,1,PRINCIPAL - FUTEBOL MASCULINO,Quarta-feira
1115,09/05/2024,12,BOTAFOGO,2,LDU,1,PRINCIPAL - FUTEBOL MASCULINO,Quarta-feira
1115,09/05/2024,13,COBRESAL,1,SAO PAULO,3,PRINCIPAL - FUTEBOL MASCULINO,Quarta-feira
1115,09/05/2024,14,SPOR TRINIDENSE,1,BOCA JUNIORS,2,PRINCIPAL - FUTEBOL MASCULINO,Quarta-feira
1116,13/05/2024,1,FLAMENGO,2,CORINTHIANS,0,PRINCIPAL - FUTEBOL MASCULINO,Sábado
1116,13/05/2024,2,AMAZONAS,1,SANTOS,0,PRINCIPAL - FUTEBOL MASCULINO,Sábado
1116,13/05/2024,3,GUARANI,2,BOTAFOGO,0,PRINCIPAL - FUTEBOL MASCULINO,Sábado
1116,13/05/2024,4,TOMBENSE,1,SAMP CORREA,0,PRINCIPAL - FUTEBOL MASCULINO,Sábado
1116,13/05/2024,5,VASCO DA GAMA,2,VITORIA,1,PRINCIPAL - FUTEBOL MASCULINO,Domingo
1116,13/05/2024,6,MANCHESTER UNITED,0,ARSENAL,1,PRINCIPAL - FUTEBOL MASCULINO,Domingo
1116,13/05/2024,7,ATALANTA BERGAMAS,2,ROMA,1,PRINCIPAL - FUTEBOL MASCULINO,Domingo
1116,13/05/2024,8,ATLETICO,0,CRUZEIRO,1,PRINCIPAL - FUTEBOL MASCULINO,Domingo
1116,13/05/2024,9,FORTALEZA,1,BOTAFOGO,1,PRINCIPAL - FUTEBOL MASCULINO,Domingo
1116,13/05/2024,10,MIRASSOL,2,PAYSANDU,1,PRINCIPAL - FUTEBOL MASCULINO,Domingo
1116,13/05/2024,11,CSA,0,ATHLETIC CLUB,5,PRINCIPAL - FUTEBOL MASCULINO,Domingo
1116,13/05/2024,12,FERROVIARIA,2,NAUTICO,1,PRINCIPAL - FUTEBOL MASCULINO,Domingo
1116,13/05/2024,13,BAHIA,1,BRAGANTINO,0,PRINCIPAL - FUTEBOL MASCULINO,Domingo
1116,13/05/2024,14,VOLTA REDONDA,1,BOTAFOGO,3,PRINCIPAL - FUTEBOL MASCULINO,Domingo
1117,16/05/2024,1,FLAMENGO,4,BOLIVAR,0,PRINCIPAL - FUTEBOL MASCULINO,Quarta-feira
1117,16/05/2024,2,PENAROL,2,ATLETICO,0,PRINCIPAL - FUTEBOL MASCULINO,Terça-feira
1117,16/05/2024,3,VILA NOVA,2,NOVORIZONTINO,1,PRINCIPAL - FUTEBOL MASCULINO,Terça-feira
1117,16/05/2024,4,AVAI,2,CRB,1,PRINCIPAL - FUTEBOL MASCULINO,Terça-feira
1117,16/05/2024,5,CORINTHIANS,4,ARGENTINOS JR,0,PRINCIPAL - FUTEBOL MASCULINO,Terça-feira
1117,16/05/2024,6,ATALANTA BERGAMAS,0,JUVENTUS,1,PRINCIPAL - FUTEBOL MASCULINO,Quarta-feira
1117,16/05/2024,7,AMERICA,0,MIRASSOL,0,PRINCIPAL - FUTEBOL MASCULINO,Quarta-feira
1117,16/05/2024,8,ITUANO,1,SPORT,0,PRINCIPAL - FUTEBOL MASCULINO,Quarta-feira
1117,16/05/2024,9,BOCA JUNIORS,1,FORTALEZA,1,PRINCIPAL - FUTEBOL MASCULINO,Quarta-feira
1117,16/05/2024,10,CUIABA,1,DEP GARCILASO,1,PRINCIPAL - FUTEBOL MASCULINO,Quarta-feira
1117,16/05/2024,11,CEARA,2,AMAZONAS,1,PRINCIPAL - FUTEBOL MASCULINO,Quarta-feira
1117,16/05/2024,12,PAYSANDU,1,GOIAS,1,PRINCIPAL - FUTEBOL MASCULINO,Quarta-feira
1117,16/05/2024,13,PONTE PRETA,1,SANTOS,2,PRINCIPAL - FUTEBOL MASCULINO,Quarta-feira
1117,16/05/2024,14,PALMEIRAS,2,INDEP. DEL VALLE,1,PRINCIPAL - FUTEBOL MASCULINO,Quarta-feira
1118,20/05/2024,1,RIVER PLATE,3,BELGRANO,0,PRINCIPAL - FUTEBOL MASCULINO,Sábado
1118,20/05/2024,2,SPORT,1,AVAI,2,PRINCIPAL - FUTEBOL MASCULINO,Sábado
1118,20/05/2024,3,REAL BETIS,0,REAL SOCIEDAD,2,PRINCIPAL - FUTEBOL MASCULINO,Domingo
1118,20/05/2024,4,VOLTA REDONDA,2,NAUTICO,1,PRINCIPAL - FUTEBOL MASCULINO,Sábado
1118,20/05/2024,5,AMAZONAS,1,PAYSANDU,1,PRINCIPAL - FUTEBOL MASCULINO,Sábado
1118,20/05/2024,6,GOIAS,4,BOTAFOGO,0,PRINCIPAL - FUTEBOL MASCULINO,Sábado
1118,20/05/2024,7,VALENCIA CLUB,1,GIRONA,3,PRINCIPAL - FUTEBOL MASCULINO,Domingo
1118,20/05/2024,8,VILLARREAL,4,REAL MADRID,4,PRINCIPAL - FUTEBOL MASCULINO,Domingo
1118,20/05/2024,9,SANTOS,4,BRUSQUE,0,PRINCIPAL - FUTEBOL MASCULINO,Domingo
1118,20/05/2024,10,LONDRINA,2,SAO BERNARDO,0,PRINCIPAL - FUTEBOL MASCULINO,Domingo
1118,20/05/2024,11,REMO,0,TOMBENSE,0,PRINCIPAL - FUTEBOL MASCULINO,Domingo
1118,20/05/2024,12,CHAPECOENSE,0,PONTE PRETA,1,PRINCIPAL - FUTEBOL MASCULINO,Domingo
1118,20/05/2024,13,MIRASSOL,2,ITUANO,0,PRINCIPAL - FUTEBOL MASCULINO,Domingo
1118,20/05/2024,14,OPERARIO,0,CEARA,0,PRINCIPAL - FUTEBOL MASCULINO,Domingo
1119,23/05/2024,1,VASCO DA GAMA,3,FORTALEZA,3,PRINCIPAL - FUTEBOL MASCULINO,Terça-feira
1119,23/05/2024,2,CASCAVEL,0,HERCÍLIO LUZ,0,PRINCIPAL - FUTEBOL MASCULINO,Terça-feira
1119,23/05/2024,3,BRAGANTINO,3,SOUSA,0,PRINCIPAL - FUTEBOL MASCULINO,Terça-feira
1119,23/05/2024,4,SERRA,1,DEMOCRATA SL,0,PRINCIPAL - FUTEBOL MASCULINO,Terça-feira
1119,23/05/2024,5,TEMPERLEY/ARG,1,RIVER PLATE,1,PRINCIPAL - FUTEBOL MASCULINO,Terça-feira
1119,23/05/2024,6,SPORT/ES,0,REAL NOROESTE,4,PRINCIPAL - FUTEBOL MASCULINO,Quarta-feira
1119,23/05/2024,7,ATALANTA BERGAMAS,3,BAYER LEVERKUSEN,0,PRINCIPAL - FUTEBOL MASCULINO,Quarta-feira
1119,23/05/2024,8,ATLETICO,4,BRUSQUE,2,PRINCIPAL - FUTEBOL MASCULINO,Quarta-feira
1119,23/05/2024,9,FLUMINENSE,2,SAMP CORREA,0,PRINCIPAL - FUTEBOL MASCULINO,Quarta-feira
1119,23/05/2024,10,SPORT,1,ATLETICO,0,PRINCIPAL - FUTEBOL MASCULINO,Quarta-feira
1119,23/05/2024,11,VITORIA,1,BOTAFOGO,2,PRINCIPAL - FUTEBOL MASCULINO,Quarta-feira
1119,23/05/2024,12,CORINTHIANS,2,AMERICA,1,PRINCIPAL - FUTEBOL MASCULINO,Quarta-feira
1119,23/05/2024,13,RIO BRANCO,3,VILAVELHENSE,3,PRINCIPAL - FUTEBOL MASCULINO,Quarta-feira
1119,23/05/2024,14,AMAZONAS,0,FLAMENGO,1,PRINCIPAL - FUTEBOL MASCULINO,Quarta-feira
1120,27/05/2024,1,LYON,1,PSG,2,PRINCIPAL - FUTEBOL MASCULINO,Sábado
1120,27/05/2024,2,ARGENTINOS JR,1,RIVER PLATE,0,PRINCIPAL - FUTEBOL MASCULINO,Sábado
1120,27/05/2024,3,REAL MADRID,0,REAL BETIS,0,PRINCIPAL - FUTEBOL MASCULINO,Sábado
1120,27/05/2024,4,SEVILLA,1,BARCELONA,2,PRINCIPAL - FUTEBOL MASCULINO,Domingo
1120,27/05/2024,5,NAUTICO,4,REMO,1,PRINCIPAL - FUTEBOL MASCULINO,Sábado
1120,27/05/2024,6,SAMP CORREA,0,BOTAFOGO,1,PRINCIPAL - FUTEBOL MASCULINO,Sábado
1120,27/05/2024,7,BOCA JUNIORS,0,TALLERES,0,PRINCIPAL - FUTEBOL MASCULINO,Sábado
1120,27/05/2024,8,GUARANI,0,PAYSANDU,0,PRINCIPAL - FUTEBOL MASCULINO,Sábado
1120,27/05/2024,9,ITUANO,2,PONTE PRETA,0,PRINCIPAL - FUTEBOL MASCULINO,Domingo
1120,27/05/2024,10,VILA NOVA,2,BRUSQUE,2,PRINCIPAL - FUTEBOL MASCULINO,Domingo
1120,27/05/2024,11,BAHIA,0,CRB,0,PRINCIPAL - FUTEBOL MASCULINO,Domingo
1120,27/05/2024,12,SPORT,1,FORTALEZA,4,PRINCIPAL - FUTEBOL MASCULINO,Domingo
1120,27/05/2024,13,CEARA,2,CHAPECOENSE,1,PRINCIPAL - FUTEBOL MASCULINO,Domingo
1120,27/05/2024,14,INDEPENDIENTE,1,VELEZ SARSFIELD,1,PRINCIPAL - FUTEBOL MASCULINO,Domingo
1121,31/05/2024,1,SAO PAULO,2,TALLERES,0,PRINCIPAL - FUTEBOL MASCULINO,Quarta-feira
1121,31/05/2024,2,ATLETICO,4,CARACAS,0,PRINCIPAL - FUTEBOL MASCULINO,Terça-feira
1121,31/05/2024,3,JR BARRANQUILLA,0,BOTAFOGO,0,PRINCIPAL - FUTEBOL MASCULINO,Terça-feira
1121,31/05/2024,4,CORINTHIANS,3,RACING/URU,0,PRINCIPAL - FUTEBOL MASCULINO,Terça-feira
1121,31/05/2024,5,AMAZONAS,1,MIRASSOL,0,PRINCIPAL - FUTEBOL MASCULINO,Terça-feira
1121,31/05/2024,6,FLAMENGO,3,MILLONARIOS,0,PRINCIPAL - FUTEBOL MASCULINO,Terça-feira
1121,31/05/2024,7,COQUIMBO UNIDO,1,BRAGANTINO,1,PRINCIPAL - FUTEBOL MASCULINO,Terça-feira
1121,31/05/2024,8,VILA NOVA,0,PAYSANDU,4,PRINCIPAL - FUTEBOL MASCULINO,Quarta-feira
1121,31/05/2024,9,BOCA JUNIORS,4,NACIONAL POTOSI,0,PRINCIPAL - FUTEBOL MASCULINO,Quarta-feira
1121,31/05/2024,10,FORTALEZA,2,SPOR TRINIDENSE,1,PRINCIPAL - FUTEBOL MASCULINO,Quarta-feira
1121,31/05/2024,11,FLUMINENSE,3,ALIANZA LIMA,2,PRINCIPAL - FUTEBOL MASCULINO,Quarta-feira
1121,31/05/2024,12,PALMEIRAS,0,SAN LORENZO,0,PRINCIPAL - FUTEBOL MASCULINO,Quinta-feira
1121,31/05/2024,13,ATHLETICO,0,AMELIANO,1,PRINCIPAL - FUTEBOL MASCULINO,Quinta-feira
1121,31/05/2024,14,CRUZEIRO,1,UN CAT EQUADOR,0,PRINCIPAL - FUTEBOL MASCULINO,Quinta-feira
1122,03/06/2024,1,DORTMUND,0,REAL MADRID,2,PRINCIPAL - FUTEBOL MASCULINO,Sábado
1122,03/06/2024,2,GREMIO,0,BRAGANTINO,2,PRINCIPAL - FUTEBOL MASCULINO,Sábado
1122,03/06/2024,3,VITORIA,0,ATLETICO,2,PRINCIPAL - FUTEBOL MASCULINO,Sábado
1122,03/06/2024,4,BRUSQUE,0,NOVORIZONTINO,0,PRINCIPAL - FUTEBOL MASCULINO,Sábado
1122,03/06/2024,5,CUIABA,0,INTERNACIONAL,1,PRINCIPAL - FUTEBOL MASCULINO,Sábado
1122,03/06/2024,6,FLUMINENSE,1,JUVENTUDE,1,PRINCIPAL - FUTEBOL MASCULINO,Sábado
1122,03/06/2024,7,CORINTHIANS,0,BOTAFOGO,1,PRINCIPAL - FUTEBOL MASCULINO,Sábado
1122,03/06/2024,8,ATLETICO,1,BAHIA,1,PRINCIPAL - FUTEBOL MASCULINO,Domingo
1122,03/06/2024,9,CRICIUMA,1,PALMEIRAS,2,PRINCIPAL - FUTEBOL MASCULINO,Domingo
1122,03/06/2024,10,VASCO DA GAMA,1,FLAMENGO,6,PRINCIPAL - FUTEBOL MASCULINO,Domingo
1122,03/06/2024,11,CHAPECOENSE,1,VILA NOVA,1,PRINCIPAL - FUTEBOL MASCULINO,Domingo
1122,03/06/2024,12,FORTALEZA,1,ATHLETICO,0,PRINCIPAL - FUTEBOL MASCULINO,Domingo
1122,03/06/2024,13,SAO PAULO,2,CRUZEIRO,0,PRINCIPAL - FUTEBOL MASCULINO,Domingo
1122,03/06/2024,14,ITUANO,0,AVAI,1,PRINCIPAL - FUTEBOL MASCULINO,Domingo
1123,06/06/2024,1,FORTALEZA,2,CRB,0,PRINCIPAL - FUTEBOL MASCULINO,Quarta-feira
1123,06/06/2024,2,PORTUGAL,4,FINLANDIA,2,PRINCIPAL - FUTEBOL MASCULINO,Terça-feira
1123,06/06/2024,3,ITALIA,0,TURQUIA,0,PRINCIPAL - FUTEBOL MASCULINO,Terça-feira
1123,06/06/2024,4,MIRASSOL,3,GUARANI,0,PRINCIPAL - FUTEBOL MASCULINO,Terça-feira
1123,06/06/2024,5,HUACHIPATO,0,GREMIO,1,PRINCIPAL - FUTEBOL MASCULINO,Terça-feira
1123,06/06/2024,6,TOMAYAPO,0,INTERNACIONAL,2,PRINCIPAL - FUTEBOL MASCULINO,Terça-feira
1123,06/06/2024,7,PAYSANDU,2,AMERICA,0,PRINCIPAL - FUTEBOL MASCULINO,Terça-feira
1123,06/06/2024,8,DINAMARCA,2,SUECIA,1,PRINCIPAL - FUTEBOL MASCULINO,Quarta-feira
1123,06/06/2024,9,BELGICA,2,MONTENEGRO,0,PRINCIPAL - FUTEBOL MASCULINO,Quarta-feira
1123,06/06/2024,10,FRANCA,3,LUXEMBURGO,0,PRINCIPAL - FUTEBOL MASCULINO,Quarta-feira
1123,06/06/2024,11,ESPANHA,5,ANDORRA,0,PRINCIPAL - FUTEBOL MASCULINO,Quarta-feira
1123,06/06/2024,12,JUVENTUDE,1,ATLETICO,0,PRINCIPAL - FUTEBOL MASCULINO,Quarta-feira
1123,06/06/2024,13,CUIABA,0,VITORIA,0,PRINCIPAL - FUTEBOL MASCULINO,Quarta-feira
1123,06/06/2024,14,MEXICO,0,URUGUAI,4,PRINCIPAL - FUTEBOL MASCULINO,Quarta-feira
1124,10/06/2024,1,MEXICO,2,BRASIL,3,PRINCIPAL - FUTEBOL MASCULINO,Sábado
1124,10/06/2024,2,BELGICA,3,LUXEMBURGO,0,PRINCIPAL - FUTEBOL MASCULINO,Sábado
1124,10/06/2024,3,AMAZONAS,2,BRUSQUE,1,PRINCIPAL - FUTEBOL MASCULINO,Sábado
1124,10/06/2024,4,GUARANI,0,OPERARIO,1,PRINCIPAL - FUTEBOL MASCULINO,Sábado
1124,10/06/2024,5,ESTADOS UNIDOS,1,COLOMBIA,5,PRINCIPAL - FUTEBOL MASCULINO,Sábado
1124,10/06/2024,6,GREMIO,1,ESTUDIANTES,1,PRINCIPAL - FUTEBOL MASCULINO,Sábado
1124,10/06/2024,7,INTERNACIONAL,1,DELFIN,0,PRINCIPAL - FUTEBOL MASCULINO,Sábado
1124,10/06/2024,8,CRICIUMA,2,CUIABA,5,PRINCIPAL - FUTEBOL MASCULINO,Domingo
1124,10/06/2024,9,AVAI,0,CHAPECOENSE,0,PRINCIPAL - FUTEBOL MASCULINO,Domingo
1124,10/06/2024,10,FRANCA,0,CANADA,0,PRINCIPAL - FUTEBOL MASCULINO,Domingo
1124,10/06/2024,11,CRB,2,FORTALEZA,0,PRINCIPAL - FUTEBOL MASCULINO,Domingo
1124,10/06/2024,12,ATHLETIC CLUB,3,VOLTA REDONDA,2,PRINCIPAL - FUTEBOL MASCULINO,Domingo
1124,10/06/2024,13,AMERICA,2,PONTE PRETA,0,PRINCIPAL - FUTEBOL MASCULINO,Domingo
1124,10/06/2024,14,ARGENTINA,1,EQUADOR,0,PRINCIPAL - FUTEBOL MASCULINO,Domingo
1125,14/06/2024,1,ESTADOS UNIDOS,1,BRASIL,1,PRINCIPAL - FUTEBOL MASCULINO,Quarta-feira
1125,14/06/2024,2,ATLETICO,2,CORINTHIANS,2,PRINCIPAL - FUTEBOL MASCULINO,Terça-feira
1125,14/06/2024,3,JUVENTUDE,1,VITORIA,1,PRINCIPAL - FUTEBOL MASCULINO,Terça-feira
1125,14/06/2024,4,MIRASSOL,1,GOIAS,0,PRINCIPAL - FUTEBOL MASCULINO,Terça-feira
1125,14/06/2024,5,BOTAFOGO,1,FLUMINENSE,0,PRINCIPAL - FUTEBOL MASCULINO,Terça-feira
1125,14/06/2024,6,CHILE,3,PARAGUAI,0,PRINCIPAL - FUTEBOL MASCULINO,Terça-feira
1125,14/06/2024,7,BRAGANTINO,1,ATLETICO,2,PRINCIPAL - FUTEBOL MASCULINO,Terça-feira
1125,14/06/2024,8,EQUADOR,3,BOLIVIA,1,PRINCIPAL - FUTEBOL MASCULINO,Quarta-feira
1125,14/06/2024,9,CRUZEIRO,2,CUIABA,1,PRINCIPAL - FUTEBOL MASCULINO,Quinta-feira
1125,14/06/2024,10,ATHLETICO,3,CRICIUMA,1,PRINCIPAL - FUTEBOL MASCULINO,Quinta-feira
1125,14/06/2024,11,FLAMENGO,2,GREMIO,1,PRINCIPAL - FUTEBOL MASCULINO,Quinta-feira
1125,14/06/2024,12,INTERNACIONAL,0,SAO PAULO,0,PRINCIPAL - FUTEBOL MASCULINO,Quinta-feira
1125,14/06/2024,13,AMAZONAS,0,CHAPECOENSE,1,PRINCIPAL - FUTEBOL MASCULINO,Quinta-feira
1125,14/06/2024,14,BAHIA,1,FORTALEZA,0,PRINCIPAL - FUTEBOL MASCULINO,Quinta-feira
1126,17/06/2024,1,CORINTHIANS,2,SAO PAULO,2,PRINCIPAL - FUTEBOL MASCULINO,Domingo
1126,17/06/2024,2,AMERICA,2,CRB,1,PRINCIPAL - FUTEBOL MASCULINO,Sábado
1126,17/06/2024,3,ITUANO,3,PAYSANDU,5,PRINCIPAL - FUTEBOL MASCULINO,Sábado
1126,17/06/2024,4,BRAGANTINO,2,JUVENTUDE,1,PRINCIPAL - FUTEBOL MASCULINO,Sábado
1126,17/06/2024,5,FLUMINENSE,1,ATLETICO,2,PRINCIPAL - FUTEBOL MASCULINO,Sábado
1126,17/06/2024,6,BOTAFOGO,1,VILA NOVA,0,PRINCIPAL - FUTEBOL MASCULINO,Domingo
1126,17/06/2024,7,ATHLETICO,1,FLAMENGO,1,PRINCIPAL - FUTEBOL MASCULINO,Domingo
1126,17/06/2024,8,VITORIA,2,INTERNACIONAL,1,PRINCIPAL - FUTEBOL MASCULINO,Domingo
1126,17/06/2024,9,CRICIUMA,2,BAHIA,2,PRINCIPAL - FUTEBOL MASCULINO,Domingo
1126,17/06/2024,10,CUIABA,5,FORTALEZA,0,PRINCIPAL - FUTEBOL MASCULINO,Domingo
1126,17/06/2024,11,GREMIO,1,BOTAFOGO,2,PRINCIPAL - FUTEBOL MASCULINO,Domingo
1126,17/06/2024,12,VASCO DA GAMA,0,CRUZEIRO,0,PRINCIPAL - FUTEBOL MASCULINO,Domingo
1126,17/06/2024,13,GOIAS,1,CORITIBA,1,PRINCIPAL - FUTEBOL MASCULINO,Domingo
1126,17/06/2024,14,SPORT,1,MIRASSOL,0,PRINCIPAL - FUTEBOL MASCULINO,Domingo
1127,20/06/2024,1,BOTAFOGO,1,ATHLETICO,1,PRINCIPAL - FUTEBOL MASCULINO,Quarta-feira
1127,20/06/2024,2,GUARANI,3,ITUANO,3,PRINCIPAL - FUTEBOL MASCULINO,Terça-feira
1127,20/06/2024,3,NOVORIZONTINO,1,AMAZONAS,1,PRINCIPAL - FUTEBOL MASCULINO,Terça-feira
1127,20/06/2024,4,PAYSANDU,1,CRB,1,PRINCIPAL - FUTEBOL MASCULINO,Terça-feira
1127,20/06/2024,5,ATLETICO,1,CRICIUMA,2,PRINCIPAL - FUTEBOL MASCULINO,Quarta-feira
1127,20/06/2024,6,SANTOS,2,GOIAS,0,PRINCIPAL - FUTEBOL MASCULINO,Quarta-feira
1127,20/06/2024,7,FORTALEZA,1,GREMIO,0,PRINCIPAL - FUTEBOL MASCULINO,Quarta-feira
1127,20/06/2024,8,JUVENTUDE,2,VASCO DA GAMA,0,PRINCIPAL - FUTEBOL MASCULINO,Quarta-feira
1127,20/06/2024,9,SAO PAULO,0,CUIABA,1,PRINCIPAL - FUTEBOL MASCULINO,Quarta-feira
1127,20/06/2024,10,BOTAFOGO,2,PONTE PRETA,0,PRINCIPAL - FUTEBOL MASCULINO,Quarta-feira
1127,20/06/2024,11,CRUZEIRO,2,FLUMINENSE,0,PRINCIPAL - FUTEBOL MASCULINO,Quarta-feira
1127,20/06/2024,12,INTERNACIONAL,1,CORINTHIANS,0,PRINCIPAL - FUTEBOL MASCULINO,Quarta-feira
1127,20/06/2024,13,BRUSQUE,0,AVAI,0,PRINCIPAL - FUTEBOL MASCULINO,Quarta-feira
1127,20/06/2024,14,CORITIBA,1,AMERICA,0,PRINCIPAL - FUTEBOL MASCULINO,Quarta-feira
1128,24/06/2024,1,GREMIO,0,INTERNACIONAL,1,PRINCIPAL - FUTEBOL MASCULINO,Sábado
1128,24/06/2024,2,CRICIUMA,2,BOTAFOGO,1,PRINCIPAL - FUTEBOL MASCULINO,Sábado
1128,24/06/2024,3,CRB,1,GUARANI,0,PRINCIPAL - FUTEBOL MASCULINO,Sábado
1128,24/06/2024,4,CUIABA,0,ATLETICO,0,PRINCIPAL - FUTEBOL MASCULINO,Sábado
1128,24/06/2024,5,ITUANO,1,BRUSQUE,1,PRINCIPAL - FUTEBOL MASCULINO,Sábado
1128,24/06/2024,6,VASCO DA GAMA,4,SAO PAULO,1,PRINCIPAL - FUTEBOL MASCULINO,Sábado
1128,24/06/2024,7,ATHLETICO,1,CORINTHIANS,1,PRINCIPAL - FUTEBOL MASCULINO,Domingo
1128,24/06/2024,8,BAHIA,4,CRUZEIRO,1,PRINCIPAL - FUTEBOL MASCULINO,Domingo
1128,24/06/2024,9,FLUMINENSE,0,FLAMENGO,1,PRINCIPAL - FUTEBOL MASCULINO,Domingo
1128,24/06/2024,10,CHAPECOENSE,1,PAYSANDU,2,PRINCIPAL - FUTEBOL MASCULINO,Domingo
1128,24/06/2024,11,ATLETICO,1,FORTALEZA,1,PRINCIPAL - FUTEBOL MASCULINO,Domingo
1128,24/06/2024,12,PALMEIRAS,3,JUVENTUDE,1,PRINCIPAL - FUTEBOL MASCULINO,Domingo
1128,24/06/2024,13,BRAGANTINO,2,VITORIA,1,PRINCIPAL - FUTEBOL MASCULINO,Domingo
1128,24/06/2024,14,VILA NOVA,1,GOIAS,0,PRINCIPAL - FUTEBOL MASCULINO,Domingo
1129,27/06/2024,1,CRUZEIRO,2,ATHLETICO,0,PRINCIPAL - FUTEBOL MASCULINO,Quarta-feira
1129,27/06/2024,2,PERU,0,CANADA,1,PRINCIPAL - FUTEBOL MASCULINO,Terça-feira
1129,27/06/2024,3,AMERICA,1,AVAI,1,PRINCIPAL - FUTEBOL MASCULINO,Terça-feira
1129,27/06/2024,4,MIRASSOL,0,SANTOS,0,PRINCIPAL - FUTEBOL MASCULINO,Terça-feira
1129,27/06/2024,5,PONTE PRETA,3,CEARA,1,PRINCIPAL - FUTEBOL MASCULINO,Terça-feira
1129,27/06/2024,6,AMAZONAS,1,CORITIBA,0,PRINCIPAL - FUTEBOL MASCULINO,Terça-feira
1129,27/06/2024,7,CHILE,0,ARGENTINA,1,PRINCIPAL - FUTEBOL MASCULINO,Terça-feira
1129,27/06/2024,8,BOTAFOGO,2,BRAGANTINO,1,PRINCIPAL - FUTEBOL MASCULINO,Quarta-feira
1129,27/06/2024,9,ATLETICO,1,GREMIO,1,PRINCIPAL - FUTEBOL MASCULINO,Quarta-feira
1129,27/06/2024,10,CORINTHIANS,1,CUIABA,1,PRINCIPAL - FUTEBOL MASCULINO,Quarta-feira
1129,27/06/2024,11,JUVENTUDE,2,FLAMENGO,1,PRINCIPAL - FUTEBOL MASCULINO,Quarta-feira
1129,27/06/2024,12,BAHIA,2,VASCO DA GAMA,1,PRINCIPAL - FUTEBOL MASCULINO,Quarta-feira
1129,27/06/2024,13,FORTALEZA,3,PALMEIRAS,0,PRINCIPAL - FUTEBOL MASCULINO,Quarta-feira
1129,27/06/2024,14,INTERNACIONAL,1,ATLETICO,2,PRINCIPAL - FUTEBOL MASCULINO,Quarta-feira
1130,01/07/2024,1,VASCO DA GAMA,1,BOTAFOGO,1,PRINCIPAL - FUTEBOL MASCULINO,Sábado
1130,01/07/2024,2,CORITIBA,1,VILA NOVA,1,PRINCIPAL - FUTEBOL MASCULINO,Sábado
1130,01/07/2024,3,BOTAFOGO,1,SPORT,1,PRINCIPAL - FUTEBOL MASCULINO,Sábado
1130,01/07/2024,4,CUIABA,1,BRAGANTINO,1,PRINCIPAL - FUTEBOL MASCULINO,Sábado
1130,01/07/2024,5,CEARA,4,ITUANO,2,PRINCIPAL - FUTEBOL MASCULINO,Sábado
1130,01/07/2024,6,ATLETICO,1,ATLETICO,1,PRINCIPAL - FUTEBOL MASCULINO,Domingo
1130,01/07/2024,7,FORTALEZA,2,JUVENTUDE,1,PRINCIPAL - FUTEBOL MASCULINO,Domingo
1130,01/07/2024,8,SAO PAULO,3,BAHIA,1,PRINCIPAL - FUTEBOL MASCULINO,Domingo
1130,01/07/2024,9,PAYSANDU,1,OPERARIO,1,PRINCIPAL - FUTEBOL MASCULINO,Domingo
1130,01/07/2024,10,GREMIO,1,FLUMINENSE,0,PRINCIPAL - FUTEBOL MASCULINO,Domingo
1130,01/07/2024,11,FLAMENGO,2,CRUZEIRO,1,PRINCIPAL - FUTEBOL MASCULINO,Domingo
1130,01/07/2024,12,VITORIA,0,ATHLETICO,1,PRINCIPAL - FUTEBOL MASCULINO,Domingo
1130,01/07/2024,13,GUARANI,1,PONTE PRETA,1,PRINCIPAL - FUTEBOL MASCULINO,Domingo
1130,01/07/2024,14,CRICIUMA,1,INTERNACIONAL,1,PRINCIPAL - FUTEBOL MASCULINO,Domingo
1131,05/07/2024,1,BRASIL,1,COLOMBIA,1,PRINCIPAL - FUTEBOL MASCULINO,Terça-feira
1131,05/07/2024,2,CSA,3,FIGUEIRENSE,1,PRINCIPAL - FUTEBOL MASCULINO,Quarta-feira
1131,05/07/2024,3,NOVORIZONTINO,1,MIRASSOL,1,PRINCIPAL - FUTEBOL MASCULINO,Terça-feira
1131,05/07/2024,4,COSTA RICA,2,PARAGUAI,1,PRINCIPAL - FUTEBOL MASCULINO,Terça-feira
1131,05/07/2024,5,CUIABA,1,BOTAFOGO,2,PRINCIPAL - FUTEBOL MASCULINO,Quarta-feira
1131,05/07/2024,6,CRICIUMA,1,CRUZEIRO,0,PRINCIPAL - FUTEBOL MASCULINO,Quarta-feira
1131,05/07/2024,7,VASCO DA GAMA,2,FORTALEZA,0,PRINCIPAL - FUTEBOL MASCULINO,Quarta-feira
1131,05/07/2024,8,BRAGANTINO,3,ATLETICO,1,PRINCIPAL - FUTEBOL MASCULINO,Quarta-feira
1131,05/07/2024,9,ATHLETICO,1,SAO PAULO,2,PRINCIPAL - FUTEBOL MASCULINO,Quarta-feira
1131,05/07/2024,10,ATLETICO,2,FLAMENGO,4,PRINCIPAL - FUTEBOL MASCULINO,Quarta-feira
1131,05/07/2024,11,BAHIA,2,JUVENTUDE,0,PRINCIPAL - FUTEBOL MASCULINO,Quinta-feira
1131,05/07/2024,12,GREMIO,2,PALMEIRAS,2,PRINCIPAL - FUTEBOL MASCULINO,Quinta-feira
1131,05/07/2024,13,CORINTHIANS,3,VITORIA,2,PRINCIPAL - FUTEBOL MASCULINO,Quinta-feira
1131,05/07/2024,14,FLUMINENSE,1,INTERNACIONAL,1,PRINCIPAL - FUTEBOL MASCULINO,Quinta-feira
1132,08/07/2024,1,PALMEIRAS,2,BAHIA,0,PRINCIPAL - FUTEBOL MASCULINO,Domingo
1132,08/07/2024,2,GOIAS,1,CHAPECOENSE,2,PRINCIPAL - FUTEBOL MASCULINO,Sábado
1132,08/07/2024,3,FLAMENGO,1,CUIABA,1,PRINCIPAL - FUTEBOL MASCULINO,Sábado
1132,08/07/2024,4,SAO PAULO,2,BRAGANTINO,0,PRINCIPAL - FUTEBOL MASCULINO,Sábado
1132,08/07/2024,5,CORITIBA,1,PAYSANDU,1,PRINCIPAL - FUTEBOL MASCULINO,Domingo
1132,08/07/2024,6,CRUZEIRO,3,CORINTHIANS,0,PRINCIPAL - FUTEBOL MASCULINO,Domingo
1132,08/07/2024,7,FORTALEZA,1,FLUMINENSE,0,PRINCIPAL - FUTEBOL MASCULINO,Domingo
1132,08/07/2024,8,JUVENTUDE,3,GREMIO,0,PRINCIPAL - FUTEBOL MASCULINO,Domingo
1132,08/07/2024,9,ITUANO,3,BOTAFOGO,2,PRINCIPAL - FUTEBOL MASCULINO,Domingo
1132,08/07/2024,10,INTERNACIONAL,1,VASCO DA GAMA,2,PRINCIPAL - FUTEBOL MASCULINO,Domingo
1132,08/07/2024,11,ATLETICO,1,ATHLETICO,2,PRINCIPAL - FUTEBOL MASCULINO,Domingo
1132,08/07/2024,12,VITORIA,2,CRICIUMA,1,PRINCIPAL - FUTEBOL MASCULINO,Domingo
1132,08/07/2024,13,GUARANI,0,SPORT,1,PRINCIPAL - FUTEBOL MASCULINO,Domingo
1132,08/07/2024,14,BOTAFOGO,3,ATLETICO,0,PRINCIPAL - FUTEBOL MASCULINO,Domingo
1133,12/07/2024,1,VASCO DA GAMA,2,CORINTHIANS,0,PRINCIPAL - FUTEBOL MASCULINO,Quarta-feira
1133,12/07/2024,2,CAMETA,1,AGUIA DE MARABÁ,1,PRINCIPAL - FUTEBOL MASCULINO,Terça-feira
1133,12/07/2024,3,MIRASSOL,1,CRB,0,PRINCIPAL - FUTEBOL MASCULINO,Terça-feira
1133,12/07/2024,4,GREMIO,0,CRUZEIRO,2,PRINCIPAL - FUTEBOL MASCULINO,Quarta-feira
1133,12/07/2024,5,ATHLETICO,1,BAHIA,3,PRINCIPAL - FUTEBOL MASCULINO,Quarta-feira
1133,12/07/2024,6,INTERNACIONAL,1,JUVENTUDE,2,PRINCIPAL - FUTEBOL MASCULINO,Quarta-feira
1133,12/07/2024,7,BRASIL DE PELOTAS,4,AVENIDA,0,PRINCIPAL - FUTEBOL MASCULINO,Quarta-feira
1133,12/07/2024,8,CIANORTE,1,NOVO HAMBURGO,2,PRINCIPAL - FUTEBOL MASCULINO,Quarta-feira
1133,12/07/2024,9,PALMEIRAS,3,ATLETICO,1,PRINCIPAL - FUTEBOL MASCULINO,Quinta-feira
1133,12/07/2024,10,CRICIUMA,1,FLUMINENSE,1,PRINCIPAL - FUTEBOL MASCULINO,Quinta-feira
1133,12/07/2024,11,FLAMENGO,1,FORTALEZA,2,PRINCIPAL - FUTEBOL MASCULINO,Quinta-feira
1133,12/07/2024,12,TREM,1,SANTOS,0,PRINCIPAL - FUTEBOL MASCULINO,Quinta-feira
1133,12/07/2024,13,ATLETICO,2,SAO PAULO,1,PRINCIPAL - FUTEBOL MASCULINO,Quinta-feira
1133,12/07/2024,14,VITORIA,0,BOTAFOGO,1,PRINCIPAL - FUTEBOL MASCULINO,Quinta-feira
1134,15/07/2024,1,JUVENTUDE,1,INTERNACIONAL,1,PRINCIPAL - FUTEBOL MASCULINO,Sábado
1134,15/07/2024,2,BAHIA,1,CUIABA,2,PRINCIPAL - FUTEBOL MASCULINO,Sábado
1134,15/07/2024,3,CRUZEIRO,2,BRAGANTINO,1,PRINCIPAL - FUTEBOL MASCULINO,Sábado
1134,15/07/2024,4,SPORT,1,AMERICA,1,PRINCIPAL - FUTEBOL MASCULINO,Sábado
1134,15/07/2024,5,ATHLETIC CLUB,2,LONDRINA,1,PRINCIPAL - FUTEBOL MASCULINO,Sábado
1134,15/07/2024,6,CRB,2,CORITIBA,1,PRINCIPAL - FUTEBOL MASCULINO,Sábado
1134,15/07/2024,7,ATHLETICO,3,YPIRANGA,0,PRINCIPAL - FUTEBOL MASCULINO,Sábado
1134,15/07/2024,8,SAMP CORREA,2,SAO JOSE,0,PRINCIPAL - FUTEBOL MASCULINO,Sábado
1134,15/07/2024,9,GREMIO,3,OPERARIO,1,PRINCIPAL - FUTEBOL MASCULINO,Domingo
1134,15/07/2024,10,VILA NOVA,2,AVAI,1,PRINCIPAL - FUTEBOL MASCULINO,Domingo
1134,15/07/2024,11,VOLTA REDONDA,1,SAO BERNARDO,3,PRINCIPAL - FUTEBOL MASCULINO,Domingo
1134,15/07/2024,12,CHAPECOENSE,1,BRUSQUE,1,PRINCIPAL - FUTEBOL MASCULINO,Domingo
1134,15/07/2024,13,CSA,1,FLORESTA,2,PRINCIPAL - FUTEBOL MASCULINO,Domingo
1134,15/07/2024,14,NAUTICO,4,FIGUEIRENSE,0,PRINCIPAL - FUTEBOL MASCULINO,Domingo
1135,19/07/2024,1,BOTAFOGO,1,PALMEIRAS,0,PRINCIPAL - FUTEBOL MASCULINO,Quarta-feira
1135,19/07/2024,2,JUVENTUDE,1,ATLETICO,1,PRINCIPAL - FUTEBOL MASCULINO,Terça-feira
1135,19/07/2024,3,CORINTHIANS,2,CRICIUMA,1,PRINCIPAL - FUTEBOL MASCULINO,Terça-feira
1135,19/07/2024,4,ROSARIO CENTRAL,1,INTERNACIONAL,0,PRINCIPAL - FUTEBOL MASCULINO,Terça-feira
1135,19/07/2024,5,ATLETICO,0,VASCO DA GAMA,1,PRINCIPAL - FUTEBOL MASCULINO,Quarta-feira
1135,19/07/2024,6,SAO PAULO,1,GREMIO,0,PRINCIPAL - FUTEBOL MASCULINO,Quarta-feira
1135,19/07/2024,7,CRB,4,BOTAFOGO,1,PRINCIPAL - FUTEBOL MASCULINO,Quarta-feira
1135,19/07/2024,8,OPERARIO,2,GOIAS,0,PRINCIPAL - FUTEBOL MASCULINO,Quarta-feira
1135,19/07/2024,9,BARCELONA,1,BRAGANTINO,1,PRINCIPAL - FUTEBOL MASCULINO,Quarta-feira
1135,19/07/2024,10,FORTALEZA,3,VITORIA,1,PRINCIPAL - FUTEBOL MASCULINO,Quarta-feira
1135,19/07/2024,11,PALESTINO,1,CUIABA,1,PRINCIPAL - FUTEBOL MASCULINO,Quinta-feira
1135,19/07/2024,12,VILA NOVA,1,SANTOS,1,PRINCIPAL - FUTEBOL MASCULINO,Quinta-feira
1135,19/07/2024,13,NOVORIZONTINO,1,CHAPECOENSE,0,PRINCIPAL - FUTEBOL MASCULINO,Quinta-feira
1135,19/07/2024,14,CERRO PORTENO,1,ATHLETICO,1,PRINCIPAL - FUTEBOL MASCULINO,Quinta-feira
1136,22/07/2024,1,PALMEIRAS,2,CRUZEIRO,0,PRINCIPAL - FUTEBOL MASCULINO,Sábado
1136,22/07/2024,2,FLAMENGO,2,CRICIUMA,1,PRINCIPAL - FUTEBOL MASCULINO,Sábado
1136,22/07/2024,3,CRB,1,ITUANO,0,PRINCIPAL - FUTEBOL MASCULINO,Sábado
1136,22/07/2024,4,PAYSANDU,1,PONTE PRETA,0,PRINCIPAL - FUTEBOL MASCULINO,Sábado
1136,22/07/2024,5,BOTAFOGO,1,INTERNACIONAL,0,PRINCIPAL - FUTEBOL MASCULINO,Sábado
1136,22/07/2024,6,GREMIO,2,VITORIA,0,PRINCIPAL - FUTEBOL MASCULINO,Domingo
1136,22/07/2024,7,ATLETICO,2,VASCO DA GAMA,0,PRINCIPAL - FUTEBOL MASCULINO,Domingo
1136,22/07/2024,8,BAHIA,0,CORINTHIANS,1,PRINCIPAL - FUTEBOL MASCULINO,Domingo
1136,22/07/2024,9,GUARANI,2,GOIAS,3,PRINCIPAL - FUTEBOL MASCULINO,Domingo
1136,22/07/2024,10,FORTALEZA,3,ATLETICO,1,PRINCIPAL - FUTEBOL MASCULINO,Domingo
1136,22/07/2024,11,JUVENTUDE,0,SAO PAULO,0,PRINCIPAL - FUTEBOL MASCULINO,Domingo
1136,22/07/2024,12,BRAGANTINO,1,ATHLETICO,0,PRINCIPAL - FUTEBOL MASCULINO,Domingo
1136,22/07/2024,13,BOTAFOGO,2,BRUSQUE,2,PRINCIPAL - FUTEBOL MASCULINO,Domingo
1136,22/07/2024,14,CUIABA,0,FLUMINENSE,1,PRINCIPAL - FUTEBOL MASCULINO,Domingo
1137,26/07/2024,1,FLUMINENSE,1,PALMEIRAS,0,PRINCIPAL - FUTEBOL MASCULINO,Quarta-feira
1137,26/07/2024,2,OPERARIO,0,NOVORIZONTINO,0,PRINCIPAL - FUTEBOL MASCULINO,Terça-feira
1137,26/07/2024,3,MIRASSOL,0,AVAI,0,PRINCIPAL - FUTEBOL MASCULINO,Terça-feira
1137,26/07/2024,4,INTERNACIONAL,1,ROSARIO CENTRAL,1,PRINCIPAL - FUTEBOL MASCULINO,Terça-feira
1137,26/07/2024,5,PONTE PRETA,2,VILA NOVA,0,PRINCIPAL - FUTEBOL MASCULINO,Terça-feira
1137,26/07/2024,6,CRICIUMA,1,FORTALEZA,1,PRINCIPAL - FUTEBOL MASCULINO,Quarta-feira
1137,26/07/2024,7,CRUZEIRO,2,JUVENTUDE,0,PRINCIPAL - FUTEBOL MASCULINO,Quarta-feira
1137,26/07/2024,8,SAO PAULO,2,BOTAFOGO,2,PRINCIPAL - FUTEBOL MASCULINO,Quarta-feira
1137,26/07/2024,9,VITORIA,1,FLAMENGO,2,PRINCIPAL - FUTEBOL MASCULINO,Quarta-feira
1137,26/07/2024,10,BRAGANTINO,3,BARCELONA,2,PRINCIPAL - FUTEBOL MASCULINO,Quarta-feira
1137,26/07/2024,11,ATLETICO,1,BAHIA,1,PRINCIPAL - FUTEBOL MASCULINO,Quarta-feira
1137,26/07/2024,12,CUIABA,1,PALESTINO,2,PRINCIPAL - FUTEBOL MASCULINO,Quinta-feira
1137,26/07/2024,13,CORINTHIANS,2,GREMIO,2,PRINCIPAL - FUTEBOL MASCULINO,Quinta-feira
1137,26/07/2024,14,ATHLETICO,2,CERRO PORTENO,1,PRINCIPAL - FUTEBOL MASCULINO,Quinta-feira
1138,29/07/2024,1,BOTAFOGO,0,CRUZEIRO,3,PRINCIPAL - FUTEBOL MASCULINO,Sábado
1138,29/07/2024,2,CORITIBA,1,CHAPECOENSE,0,PRINCIPAL - FUTEBOL MASCULINO,Sábado
1138,29/07/2024,3,MIRASSOL,1,OPERARIO,0,PRINCIPAL - FUTEBOL MASCULINO,Sábado
1138,29/07/2024,4,SPORT,3,PONTE PRETA,1,PRINCIPAL - FUTEBOL MASCULINO,Sábado
1138,29/07/2024,5,PALMEIRAS,0,VITORIA,2,PRINCIPAL - FUTEBOL MASCULINO,Sábado
1138,29/07/2024,6,JUVENTUDE,1,CRICIUMA,2,PRINCIPAL - FUTEBOL MASCULINO,Sábado
1138,29/07/2024,7,FORTALEZA,1,SAO PAULO,0,PRINCIPAL - FUTEBOL MASCULINO,Sábado
1138,29/07/2024,8,BRAGANTINO,0,FLUMINENSE,1,PRINCIPAL - FUTEBOL MASCULINO,Domingo
1138,29/07/2024,9,FLAMENGO,2,ATLETICO,0,PRINCIPAL - FUTEBOL MASCULINO,Domingo
1138,29/07/2024,10,GUARANI,1,BRUSQUE,0,PRINCIPAL - FUTEBOL MASCULINO,Domingo
1138,29/07/2024,11,AMERICA,2,CEARA,2,PRINCIPAL - FUTEBOL MASCULINO,Domingo
1138,29/07/2024,12,CRB,1,SANTOS,1,PRINCIPAL - FUTEBOL MASCULINO,Domingo
1138,29/07/2024,13,ATLETICO,2,CORINTHIANS,1,PRINCIPAL - FUTEBOL MASCULINO,Domingo
1138,29/07/2024,14,CUIABA,1,ATHLETICO,2,PRINCIPAL - FUTEBOL MASCULINO,Domingo
1139,02/08/2024,1,FLAMENGO,2,PALMEIRAS,0,PRINCIPAL - FUTEBOL MASCULINO,Quarta-feira
1139,02/08/2024,2,SAO PAULO,2,GOIAS,0,PRINCIPAL - FUTEBOL MASCULINO,Terça-feira
1139,02/08/2024,3,DESPORTIVA,1,RIO BRANCO,0,PRINCIPAL - FUTEBOL MASCULINO,Terça-feira
1139,02/08/2024,4,AVAI,1,BOTAFOGO,1,PRINCIPAL - FUTEBOL MASCULINO,Terça-feira
1139,02/08/2024,5,BOTAFOGO,1,BAHIA,1,PRINCIPAL - FUTEBOL MASCULINO,Terça-feira
1139,02/08/2024,6,ATHLETICO,2,BRAGANTINO,0,PRINCIPAL - FUTEBOL MASCULINO,Quarta-feira
1139,02/08/2024,7,CRB,2,ATLETICO,2,PRINCIPAL - FUTEBOL MASCULINO,Quarta-feira
1139,02/08/2024,8,CAXIAS,1,CONFIANCA,0,PRINCIPAL - FUTEBOL MASCULINO,Quarta-feira
1139,02/08/2024,9,NAUTICO,1,YPIRANGA,2,PRINCIPAL - FUTEBOL MASCULINO,Quarta-feira
1139,02/08/2024,10,REAL NOROESTE,1,LINHARES,0,PRINCIPAL - FUTEBOL MASCULINO,Quarta-feira
1139,02/08/2024,11,BOCA JUNIORS,3,BANFIELD,0,PRINCIPAL - FUTEBOL MASCULINO,Quarta-feira
1139,02/08/2024,12,ATLETICO,1,VASCO DA GAMA,1,PRINCIPAL - FUTEBOL MASCULINO,Quarta-feira
1139,02/08/2024,13,CORINTHIANS,0,GREMIO,0,PRINCIPAL - FUTEBOL MASCULINO,Quarta-feira
1139,02/08/2024,14,JUVENTUDE,3,FLUMINENSE,2,PRINCIPAL - FUTEBOL MASCULINO,Quinta-feira
1140,05/08/2024,1,SAO PAULO,1,FLAMENGO,0,PRINCIPAL - FUTEBOL MASCULINO,Sábado
1140,05/08/2024,2,VITORIA,1,CUIABA,0,PRINCIPAL - FUTEBOL MASCULINO,Sábado
1140,05/08/2024,3,BOTAFOGO,2,CORITIBA,0,PRINCIPAL - FUTEBOL MASCULINO,Sábado
1140,05/08/2024,4,VASCO DA GAMA,2,BRAGANTINO,2,PRINCIPAL - FUTEBOL MASCULINO,Sábado
1140,05/08/2024,5,ATLETICO,1,BOTAFOGO,4,PRINCIPAL - FUTEBOL MASCULINO,Sábado
1140,05/08/2024,6,CRICIUMA,2,ATLETICO,1,PRINCIPAL - FUTEBOL MASCULINO,Sábado
1140,05/08/2024,7,AMAZONAS,1,ITUANO,0,PRINCIPAL - FUTEBOL MASCULINO,Sábado
1140,05/08/2024,8,ATHLETICO,0,GREMIO,2,PRINCIPAL - FUTEBOL MASCULINO,Domingo
1140,05/08/2024,9,CORINTHIANS,1,JUVENTUDE,1,PRINCIPAL - FUTEBOL MASCULINO,Domingo
1140,05/08/2024,10,FLUMINENSE,1,BAHIA,0,PRINCIPAL - FUTEBOL MASCULINO,Domingo
1140,05/08/2024,11,PONTE PRETA,1,AVAI,0,PRINCIPAL - FUTEBOL MASCULINO,Domingo
1140,05/08/2024,12,INTERNACIONAL,1,PALMEIRAS,1,PRINCIPAL - FUTEBOL MASCULINO,Domingo
1140,05/08/2024,13,NOVORIZONTINO,2,GOIAS,1,PRINCIPAL - FUTEBOL MASCULINO,Domingo
1140,05/08/2024,14,OPERARIO,2,CRB,0,PRINCIPAL - FUTEBOL MASCULINO,Domingo
1141,09/08/2024,1,GREMIO,0,CORINTHIANS,0,PRINCIPAL - FUTEBOL MASCULINO,Quarta-feira
1141,09/08/2024,2,CEARA,3,GUARANI,1,PRINCIPAL - FUTEBOL MASCULINO,Terça-feira
1141,09/08/2024,3,VASCO DA GAMA,1,ATLETICO,0,PRINCIPAL - FUTEBOL MASCULINO,Terça-feira
1141,09/08/2024,4,DEPORTIVO ALAVES,1,HUESCA,1,PRINCIPAL - FUTEBOL MASCULINO,Quarta-feira
1141,09/08/2024,5,ARSENAL,4,BAYER LEVERKUSEN,1,PRINCIPAL - FUTEBOL MASCULINO,Quarta-feira
1141,09/08/2024,6,ASTON VILLA,3,ATHLETIC BILBAO,2,PRINCIPAL - FUTEBOL MASCULINO,Quarta-feira
1141,09/08/2024,7,SOUTHAMPTON,1,LAZIO,1,PRINCIPAL - FUTEBOL MASCULINO,Quarta-feira
1141,09/08/2024,8,ATLETICO,3,CRB,0,PRINCIPAL - FUTEBOL MASCULINO,Quarta-feira
1141,09/08/2024,9,BAHIA,1,BOTAFOGO,0,PRINCIPAL - FUTEBOL MASCULINO,Quarta-feira
1141,09/08/2024,10,BRAGANTINO,2,ATHLETICO,3,PRINCIPAL - FUTEBOL MASCULINO,Quarta-feira
1141,09/08/2024,11,YPIRANGA,1,CAXIAS,0,PRINCIPAL - FUTEBOL MASCULINO,Quarta-feira
1141,09/08/2024,12,PALMEIRAS,1,FLAMENGO,0,PRINCIPAL - FUTEBOL MASCULINO,Quarta-feira
1141,09/08/2024,13,FLUMINENSE,2,JUVENTUDE,2,PRINCIPAL - FUTEBOL MASCULINO,Quarta-feira
1141,09/08/2024,14,GOIAS,0,SAO PAULO,0,PRINCIPAL - FUTEBOL MASCULINO,Quinta-feira
1142,12/08/2024,1,VASCO DA GAMA,2,FLUMINENSE,0,PRINCIPAL - FUTEBOL MASCULINO,Sábado
1142,12/08/2024,2,FORTALEZA,1,CRICIUMA,0,PRINCIPAL - FUTEBOL MASCULINO,Sábado
1142,12/08/2024,3,ITUANO,2,CHAPECOENSE,1,PRINCIPAL - FUTEBOL MASCULINO,Sábado
1142,12/08/2024,4,CUIABA,1,GREMIO,3,PRINCIPAL - FUTEBOL MASCULINO,Sábado
1142,12/08/2024,5,CORINTHIANS,1,BRAGANTINO,1,PRINCIPAL - FUTEBOL MASCULINO,Sábado
1142,12/08/2024,6,CRUZEIRO,0,ATLETICO,0,PRINCIPAL - FUTEBOL MASCULINO,Sábado
1142,12/08/2024,7,LIVERPOOL,4,SEVILLA,1,PRINCIPAL - FUTEBOL MASCULINO,Domingo
1142,12/08/2024,8,CHELSEA,1,INTER DE MILAO,1,PRINCIPAL - FUTEBOL MASCULINO,Domingo
1142,12/08/2024,9,JUVENTUDE,3,BOTAFOGO,2,PRINCIPAL - FUTEBOL MASCULINO,Domingo
1142,12/08/2024,10,BAHIA,2,VITORIA,0,PRINCIPAL - FUTEBOL MASCULINO,Domingo
1142,12/08/2024,11,FLAMENGO,1,PALMEIRAS,1,PRINCIPAL - FUTEBOL MASCULINO,Domingo
1142,12/08/2024,12,SAO PAULO,1,ATLETICO,0,PRINCIPAL - FUTEBOL MASCULINO,Domingo
1142,12/08/2024,13,CORITIBA,1,PONTE PRETA,1,PRINCIPAL - FUTEBOL MASCULINO,Domingo
1142,12/08/2024,14,INTERNACIONAL,2,ATHLETICO,2,PRINCIPAL - FUTEBOL MASCULINO,Domingo
1143,16/08/2024,1,BOTAFOGO,2,PALMEIRAS,1,PRINCIPAL - FUTEBOL MASCULINO,Quarta-feira
1143,16/08/2024,2,GREMIO,2,FLUMINENSE,1,PRINCIPAL - FUTEBOL MASCULINO,Terça-feira
1143,16/08/2024,3,COLO COLO,1,JR BARRANQUILLA,0,PRINCIPAL - FUTEBOL MASCULINO,Terça-feira
1143,16/08/2024,4,SAN LORENZO,1,ATLETICO,1,PRINCIPAL - FUTEBOL MASCULINO,Terça-feira
1143,16/08/2024,5,BRAGANTINO,1,CORINTHIANS,2,PRINCIPAL - FUTEBOL MASCULINO,Terça-feira
1143,16/08/2024,6,REAL MADRID,2,ATALANTA BERGAMAS,0,PRINCIPAL - FUTEBOL MASCULINO,Quarta-feira
1143,16/08/2024,7,ROSARIO CENTRAL,1,FORTALEZA,1,PRINCIPAL - FUTEBOL MASCULINO,Quarta-feira
1143,16/08/2024,8,INTERNACIONAL,2,JUVENTUDE,1,PRINCIPAL - FUTEBOL MASCULINO,Quarta-feira
1143,16/08/2024,9,TALLERES,0,RIVER PLATE,1,PRINCIPAL - FUTEBOL MASCULINO,Quarta-feira
1143,16/08/2024,10,NACIONAL,0,SAO PAULO,0,PRINCIPAL - FUTEBOL MASCULINO,Quinta-feira
1143,16/08/2024,11,ATHLETICO,2,BELGRANO,1,PRINCIPAL - FUTEBOL MASCULINO,Quinta-feira
1143,16/08/2024,12,OPERARIO,1,ITUANO,2,PRINCIPAL - FUTEBOL MASCULINO,Quinta-feira
1143,16/08/2024,13,FLAMENGO,2,BOLIVAR,0,PRINCIPAL - FUTEBOL MASCULINO,Quinta-feira
1143,16/08/2024,14,BOCA JUNIORS,1,CRUZEIRO,0,PRINCIPAL - FUTEBOL MASCULINO,Quinta-feira
1144,19/08/2024,1,BOTAFOGO,4,FLAMENGO,1,PRINCIPAL - FUTEBOL MASCULINO,Domingo
1144,19/08/2024,2,ATLETICO,1,CUIABA,1,PRINCIPAL - FUTEBOL MASCULINO,Sábado
1144,19/08/2024,3,SANTOS,0,AVAI,1,PRINCIPAL - FUTEBOL MASCULINO,Sábado
1144,19/08/2024,4,CEARA,1,MIRASSOL,2,PRINCIPAL - FUTEBOL MASCULINO,Sábado
1144,19/08/2024,5,GREMIO,0,BAHIA,2,PRINCIPAL - FUTEBOL MASCULINO,Sábado
1144,19/08/2024,6,BRAGANTINO,1,FORTALEZA,2,PRINCIPAL - FUTEBOL MASCULINO,Sábado
1144,19/08/2024,7,FLUMINENSE,0,CORINTHIANS,0,PRINCIPAL - FUTEBOL MASCULINO,Sábado
1144,19/08/2024,8,CHELSEA,0,MANCHESTER CITY,2,PRINCIPAL - FUTEBOL MASCULINO,Domingo
1144,19/08/2024,9,ATHLETICO,1,JUVENTUDE,2,PRINCIPAL - FUTEBOL MASCULINO,Domingo
1144,19/08/2024,10,ATLETICO,1,INTERNACIONAL,0,PRINCIPAL - FUTEBOL MASCULINO,Domingo
1144,19/08/2024,11,CRICIUMA,2,VASCO DA GAMA,2,PRINCIPAL - FUTEBOL MASCULINO,Domingo
1144,19/08/2024,12,PALMEIRAS,2,SAO PAULO,1,PRINCIPAL - FUTEBOL MASCULINO,Domingo
1144,19/08/2024,13,BRUSQUE,0,CORITIBA,1,PRINCIPAL - FUTEBOL MASCULINO,Domingo
1144,19/08/2024,14,BOTAFOGO,1,PAYSANDU,1,PRINCIPAL - FUTEBOL MASCULINO,Domingo
1145,23/08/2024,1,PALMEIRAS,2,BOTAFOGO,2,PRINCIPAL - FUTEBOL MASCULINO,Quarta-feira
1145,23/08/2024,2,FLUMINENSE,2,GREMIO,1,PRINCIPAL - FUTEBOL MASCULINO,Terça-feira
1145,23/08/2024,3,AMAZONAS,2,PONTE PRETA,1,PRINCIPAL - FUTEBOL MASCULINO,Terça-feira
1145,23/08/2024,4,ATLETICO,1,SAN LORENZO,0,PRINCIPAL - FUTEBOL MASCULINO,Terça-feira
1145,23/08/2024,5,CORINTHIANS,1,BRAGANTINO,2,PRINCIPAL - FUTEBOL MASCULINO,Terça-feira
1145,23/08/2024,6,OPERARIO,2,VILA NOVA,3,PRINCIPAL - FUTEBOL MASCULINO,Terça-feira
1145,23/08/2024,7,GUARANI,1,SANTOS,1,PRINCIPAL - FUTEBOL MASCULINO,Quarta-feira
1145,23/08/2024,8,FORTALEZA,3,ROSARIO CENTRAL,1,PRINCIPAL - FUTEBOL MASCULINO,Quarta-feira
1145,23/08/2024,9,CRB,0,CEARA,2,PRINCIPAL - FUTEBOL MASCULINO,Quarta-feira
1145,23/08/2024,10,RIVER PLATE,2,TALLERES,1,PRINCIPAL - FUTEBOL MASCULINO,Quarta-feira
1145,23/08/2024,11,SAO PAULO,2,NACIONAL,0,PRINCIPAL - FUTEBOL MASCULINO,Quinta-feira
1145,23/08/2024,12,BELGRANO,0,ATHLETICO,2,PRINCIPAL - FUTEBOL MASCULINO,Quinta-feira
1145,23/08/2024,13,BOLIVAR,1,FLAMENGO,0,PRINCIPAL - FUTEBOL MASCULINO,Quinta-feira
1145,23/08/2024,14,CRUZEIRO,2,BOCA JUNIORS,1,PRINCIPAL - FUTEBOL MASCULINO,Quinta-feira
1146,26/08/2024,1,FORTALEZA,1,CORINTHIANS,0,PRINCIPAL - FUTEBOL MASCULINO,Domingo
1146,26/08/2024,2,ATLETICO,2,JUVENTUDE,1,PRINCIPAL - FUTEBOL MASCULINO,Sábado
1146,26/08/2024,3,SANTOS,0,AMAZONAS,0,PRINCIPAL - FUTEBOL MASCULINO,Sábado
1146,26/08/2024,4,ITUANO,1,GOIAS,0,PRINCIPAL - FUTEBOL MASCULINO,Sábado
1146,26/08/2024,5,PALMEIRAS,5,CUIABA,0,PRINCIPAL - FUTEBOL MASCULINO,Sábado
1146,26/08/2024,6,ATLETICO,0,FLUMINENSE,2,PRINCIPAL - FUTEBOL MASCULINO,Sábado
1146,26/08/2024,7,BAHIA,0,BOTAFOGO,0,PRINCIPAL - FUTEBOL MASCULINO,Domingo
1146,26/08/2024,8,CRICIUMA,0,GREMIO,1,PRINCIPAL - FUTEBOL MASCULINO,Domingo
1146,26/08/2024,9,BOTAFOGO,1,GUARANI,0,PRINCIPAL - FUTEBOL MASCULINO,Domingo
1146,26/08/2024,10,SAO PAULO,2,VITORIA,1,PRINCIPAL - FUTEBOL MASCULINO,Domingo
1146,26/08/2024,11,CHAPECOENSE,0,CRB,0,PRINCIPAL - FUTEBOL MASCULINO,Domingo
1146,26/08/2024,12,VILA NOVA,1,AMERICA,0,PRINCIPAL - FUTEBOL MASCULINO,Domingo
1146,26/08/2024,13,INTERNACIONAL,1,CRUZEIRO,0,PRINCIPAL - FUTEBOL MASCULINO,Domingo
1146,26/08/2024,14,FLAMENGO,2,BRAGANTINO,1,PRINCIPAL - FUTEBOL MASCULINO,Domingo
1147,30/08/2024,1,SAO PAULO,0,ATLETICO,1,PRINCIPAL - FUTEBOL MASCULINO,Quarta-feira
1147,30/08/2024,2,BRUSQUE,1,SPORT,0,PRINCIPAL - FUTEBOL MASCULINO,Terça-feira
1147,30/08/2024,3,CORITIBA,1,AVAI,0,PRINCIPAL - FUTEBOL MASCULINO,Terça-feira
1147,30/08/2024,4,ATHLETIC BILBAO,1,VALENCIA CLUB,0,PRINCIPAL - FUTEBOL MASCULINO,Quarta-feira
1147,30/08/2024,5,NOTTINGHAM FOREST,1,NEW CASTLE,1,PRINCIPAL - FUTEBOL MASCULINO,Quarta-feira
1147,30/08/2024,6,ATLETICO MADRID,0,ESPANYOL,0,PRINCIPAL - FUTEBOL MASCULINO,Quarta-feira
1147,30/08/2024,7,REAL SOCIEDAD,1,DEPORTIVO ALAVES,2,PRINCIPAL - FUTEBOL MASCULINO,Quarta-feira
1147,30/08/2024,8,CRICIUMA,1,BRAGANTINO,0,PRINCIPAL - FUTEBOL MASCULINO,Quarta-feira
1147,30/08/2024,9,CRUZEIRO,0,INTERNACIONAL,0,PRINCIPAL - FUTEBOL MASCULINO,Quarta-feira
1147,30/08/2024,10,BAHIA,0,FLAMENGO,1,PRINCIPAL - FUTEBOL MASCULINO,Quarta-feira
1147,30/08/2024,11,GIRONA,4,OSASUNA,0,PRINCIPAL - FUTEBOL MASCULINO,Quinta-feira
1147,30/08/2024,12,LAS PALMAS,1,REAL MADRID,1,PRINCIPAL - FUTEBOL MASCULINO,Quinta-feira
1147,30/08/2024,13,JUVENTUDE,2,CORINTHIANS,1,PRINCIPAL - FUTEBOL MASCULINO,Quinta-feira
1147,30/08/2024,14,VASCO DA GAMA,2,ATHLETICO,1,PRINCIPAL - FUTEBOL MASCULINO,Quinta-feira
1148,02/09/2024,1,CORINTHIANS,2,FLAMENGO,1,PRINCIPAL - FUTEBOL MASCULINO,Domingo
1148,02/09/2024,2,CRB,1,AVAI,2,PRINCIPAL - FUTEBOL MASCULINO,Sábado
1148,02/09/2024,3,CUIABA,2,CRICIUMA,1,PRINCIPAL - FUTEBOL MASCULINO,Sábado
1148,02/09/2024,4,BOTAFOGO,2,FORTALEZA,0,PRINCIPAL - FUTEBOL MASCULINO,Sábado
1148,02/09/2024,5,CRUZEIRO,3,ATLETICO,1,PRINCIPAL - FUTEBOL MASCULINO,Domingo
1148,02/09/2024,6,MANCHESTER UNITED,0,LIVERPOOL,3,PRINCIPAL - FUTEBOL MASCULINO,Domingo
1148,02/09/2024,7,JUVENTUS,0,ROMA,0,PRINCIPAL - FUTEBOL MASCULINO,Domingo
1148,02/09/2024,8,ATHLETICO,0,PALMEIRAS,2,PRINCIPAL - FUTEBOL MASCULINO,Domingo
1148,02/09/2024,9,GREMIO,2,ATLETICO,3,PRINCIPAL - FUTEBOL MASCULINO,Domingo
1148,02/09/2024,10,AMAZONAS,1,CEARA,1,PRINCIPAL - FUTEBOL MASCULINO,Domingo
1148,02/09/2024,11,FLUMINENSE,2,SAO PAULO,0,PRINCIPAL - FUTEBOL MASCULINO,Domingo
1148,02/09/2024,12,JUVENTUDE,1,INTERNACIONAL,3,PRINCIPAL - FUTEBOL MASCULINO,Domingo
1148,02/09/2024,13,BRAGANTINO,2,BAHIA,1,PRINCIPAL - FUTEBOL MASCULINO,Domingo
1148,02/09/2024,14,VITORIA,0,VASCO DA GAMA,1,PRINCIPAL - FUTEBOL MASCULINO,Domingo
1149,09/09/2024,1,BRUSQUE,0,SANTOS,1,PRINCIPAL - FUTEBOL MASCULINO,Sábado
1149,09/09/2024,2,ITUANO,3,MIRASSOL,2,PRINCIPAL - FUTEBOL MASCULINO,Sábado
1149,09/09/2024,3,ATHLETIC CLUB,0,YPIRANGA,0,PRINCIPAL - FUTEBOL MASCULINO,Sábado
1149,09/09/2024,4,AVAI,0,SPORT,2,PRINCIPAL - FUTEBOL MASCULINO,Sábado
1149,09/09/2024,5,FERROVIARIA,3,LONDRINA,2,PRINCIPAL - FUTEBOL MASCULINO,Sábado
1149,09/09/2024,6,BOCA JUNIORS,1,TALLERES,1,PRINCIPAL - FUTEBOL MASCULINO,Sábado
1149,09/09/2024,7,DINAMARCA,2,SERVIA/SER,0,PRINCIPAL - FUTEBOL MASCULINO,Domingo
1149,09/09/2024,8,PORTUGAL,2,ESCOCIA/SCT,1,PRINCIPAL - FUTEBOL MASCULINO,Domingo
1149,09/09/2024,9,SUICA,1,ESPANHA,4,PRINCIPAL - FUTEBOL MASCULINO,Domingo
1149,09/09/2024,10,CROACIA,1,POLONIA,0,PRINCIPAL - FUTEBOL MASCULINO,Domingo
1149,09/09/2024,11,CEARA,2,OPERARIO,1,PRINCIPAL - FUTEBOL MASCULINO,Domingo
1149,09/09/2024,12,AMERICA,3,GUARANI,0,PRINCIPAL - FUTEBOL MASCULINO,Domingo
1149,09/09/2024,13,CORITIBA,2,NOVORIZONTINO,2,PRINCIPAL - FUTEBOL MASCULINO,Domingo
1149,09/09/2024,14,BOTAFOGO,0,VOLTA REDONDA,0,PRINCIPAL - FUTEBOL MASCULINO,Domingo
1150,16/09/2024,1,FLAMENGO,1,VASCO DA GAMA,1,PRINCIPAL - FUTEBOL MASCULINO,Domingo
1150,16/09/2024,2,ATLETICO,0,VITORIA,2,PRINCIPAL - FUTEBOL MASCULINO,Sábado
1150,16/09/2024,3,PAYSANDU,2,GUARANI,1,PRINCIPAL - FUTEBOL MASCULINO,Sábado
1150,16/09/2024,4,MIRASSOL,0,AMAZONAS,0,PRINCIPAL - FUTEBOL MASCULINO,Sábado
1150,16/09/2024,5,ATHLETICO,1,FORTALEZA,1,PRINCIPAL - FUTEBOL MASCULINO,Sábado
1150,16/09/2024,6,BOTAFOGO,2,CORINTHIANS,1,PRINCIPAL - FUTEBOL MASCULINO,Sábado
1150,16/09/2024,7,PALMEIRAS,5,CRICIUMA,0,PRINCIPAL - FUTEBOL MASCULINO,Domingo
1150,16/09/2024,8,BRAGANTINO,2,GREMIO,2,PRINCIPAL - FUTEBOL MASCULINO,Domingo
1150,16/09/2024,9,JUVENTUDE,2,FLUMINENSE,1,PRINCIPAL - FUTEBOL MASCULINO,Domingo
1150,16/09/2024,10,OPERARIO,2,CORITIBA,1,PRINCIPAL - FUTEBOL MASCULINO,Domingo
1150,16/09/2024,11,CRUZEIRO,0,SAO PAULO,1,PRINCIPAL - FUTEBOL MASCULINO,Domingo
1150,16/09/2024,12,BAHIA,3,ATLETICO,0,PRINCIPAL - FUTEBOL MASCULINO,Domingo
1150,16/09/2024,13,SANTOS,2,AMERICA,1,PRINCIPAL - FUTEBOL MASCULINO,Domingo
1150,16/09/2024,14,CHAPECOENSE,2,CEARA,1,PRINCIPAL - FUTEBOL MASCULINO,Domingo
1151,23/09/2024,1,FLUMINENSE,0,BOTAFOGO,1,PRINCIPAL - FUTEBOL MASCULINO,Sábado
1151,23/09/2024,2,VITORIA,1,JUVENTUDE,0,PRINCIPAL - FUTEBOL MASCULINO,Sábado
1151,23/09/2024,3,CORINTHIANS,3,ATLETICO,0,PRINCIPAL - FUTEBOL MASCULINO,Sábado
1151,23/09/2024,4,GOIAS,0,MIRASSOL,1,PRINCIPAL - FUTEBOL MASCULINO,Sábado
1151,23/09/2024,5,ITUANO,0,CORITIBA,1,PRINCIPAL - FUTEBOL MASCULINO,Sábado
1151,23/09/2024,6,FORTALEZA,4,BAHIA,1,PRINCIPAL - FUTEBOL MASCULINO,Sábado
1151,23/09/2024,7,ATLETICO,3,BRAGANTINO,0,PRINCIPAL - FUTEBOL MASCULINO,Domingo
1151,23/09/2024,8,VASCO DA GAMA,0,PALMEIRAS,1,PRINCIPAL - FUTEBOL MASCULINO,Domingo
1151,23/09/2024,9,CHAPECOENSE,1,AVAI,0,PRINCIPAL - FUTEBOL MASCULINO,Domingo
1151,23/09/2024,10,GREMIO,3,FLAMENGO,2,PRINCIPAL - FUTEBOL MASCULINO,Domingo
1151,23/09/2024,11,SAO PAULO,1,INTERNACIONAL,3,PRINCIPAL - FUTEBOL MASCULINO,Domingo
1151,23/09/2024,12,CUIABA,0,CRUZEIRO,0,PRINCIPAL - FUTEBOL MASCULINO,Domingo
1151,23/09/2024,13,CRICIUMA,0,ATHLETICO,0,PRINCIPAL - FUTEBOL MASCULINO,Domingo
1151,23/09/2024,14,CEARA,4,VILA NOVA,0,PRINCIPAL - FUTEBOL MASCULINO,Domingo
1152,30/09/2024,1,SAO PAULO,3,CORINTHIANS,1,PRINCIPAL - FUTEBOL MASCULINO,Domingo
1152,30/09/2024,2,SANTOS,1,OPERARIO,0,PRINCIPAL - FUTEBOL MASCULINO,Sábado
1152,30/09/2024,3,PALMEIRAS,2,ATLETICO,1,PRINCIPAL - FUTEBOL MASCULINO,Sábado
1152,30/09/2024,4,BOTAFOGO,0,GREMIO,0,PRINCIPAL - FUTEBOL MASCULINO,Sábado
1152,30/09/2024,5,JUVENTUDE,1,BRAGANTINO,1,PRINCIPAL - FUTEBOL MASCULINO,Domingo
1152,30/09/2024,6,ATLETICO MADRID,1,REAL MADRID,1,PRINCIPAL - FUTEBOL MASCULINO,Domingo
1152,30/09/2024,7,FORTALEZA,1,CUIABA,0,PRINCIPAL - FUTEBOL MASCULINO,Domingo
1152,30/09/2024,8,ATLETICO,1,FLUMINENSE,0,PRINCIPAL - FUTEBOL MASCULINO,Domingo
1152,30/09/2024,9,CRB,2,AMERICA,1,PRINCIPAL - FUTEBOL MASCULINO,Domingo
1152,30/09/2024,10,INTERNACIONAL,3,VITORIA,1,PRINCIPAL - FUTEBOL MASCULINO,Domingo
1152,30/09/2024,11,CRUZEIRO,1,VASCO DA GAMA,1,PRINCIPAL - FUTEBOL MASCULINO,Domingo
1152,30/09/2024,12,BAHIA,1,CRICIUMA,0,PRINCIPAL - FUTEBOL MASCULINO,Domingo
1152,30/09/2024,13,MIRASSOL,0,SPORT,0,PRINCIPAL - FUTEBOL MASCULINO,Domingo
1152,30/09/2024,14,FLAMENGO,1,ATHLETICO,0,PRINCIPAL - FUTEBOL MASCULINO,Domingo
1153,07/10/2024,1,BAHIA,0,FLAMENGO,2,PRINCIPAL - FUTEBOL MASCULINO,Sábado
1153,07/10/2024,2,ATLETICO,2,VITORIA,2,PRINCIPAL - FUTEBOL MASCULINO,Sábado
1153,07/10/2024,3,ATHLETICO,0,BOTAFOGO,1,PRINCIPAL - FUTEBOL MASCULINO,Sábado
1153,07/10/2024,4,BRAGANTINO,0,PALMEIRAS,0,PRINCIPAL - FUTEBOL MASCULINO,Sábado
1153,07/10/2024,5,ITUANO,1,GUARANI,0,PRINCIPAL - FUTEBOL MASCULINO,Sábado
1153,07/10/2024,6,PONTE PRETA,1,BOTAFOGO,0,PRINCIPAL - FUTEBOL MASCULINO,Sábado
1153,07/10/2024,7,BOTAFOGO,3,REMO,0,PRINCIPAL - FUTEBOL MASCULINO,Sábado
1153,07/10/2024,8,ATHLETIC CLUB,2,LONDRINA,1,PRINCIPAL - FUTEBOL MASCULINO,Sábado
1153,07/10/2024,9,FERROVIARIA,4,YPIRANGA,2,PRINCIPAL - FUTEBOL MASCULINO,Sábado
1153,07/10/2024,10,SAO BERNARDO,1,VOLTA REDONDA,2,PRINCIPAL - FUTEBOL MASCULINO,Sábado
1153,07/10/2024,11,MIRASSOL,1,VILA NOVA,0,PRINCIPAL - FUTEBOL MASCULINO,Sábado
1153,07/10/2024,12,CORINTHIANS,2,INTERNACIONAL,2,PRINCIPAL - FUTEBOL MASCULINO,Sábado
1153,07/10/2024,13,CUIABA,2,SAO PAULO,0,PRINCIPAL - FUTEBOL MASCULINO,Sábado
1153,07/10/2024,14,VASCO DA GAMA,1,JUVENTUDE,1,PRINCIPAL - FUTEBOL MASCULINO,Sábado
1154,14/10/2024,1,SANTOS,3,MIRASSOL,2,PRINCIPAL - FUTEBOL MASCULINO,Sábado
1154,14/10/2024,2,CHIPRE,0,ROMENIA,3,PRINCIPAL - FUTEBOL MASCULINO,Sábado
1154,14/10/2024,3,POLONIA,1,PORTUGAL,3,PRINCIPAL - FUTEBOL MASCULINO,Sábado
1154,14/10/2024,4,ESPANHA,1,DINAMARCA,0,PRINCIPAL - FUTEBOL MASCULINO,Sábado
1154,14/10/2024,5,BIELORRUSSIA,0,IRLANDA DO NORTE,0,PRINCIPAL - FUTEBOL MASCULINO,Sábado
1154,14/10/2024,6,SERVIA/SER,2,SUICA,0,PRINCIPAL - FUTEBOL MASCULINO,Sábado
1154,14/10/2024,7,CEARA,1,PONTE PRETA,0,PRINCIPAL - FUTEBOL MASCULINO,Sábado
1154,14/10/2024,8,VOLTA REDONDA,1,ATHLETIC CLUB,0,PRINCIPAL - FUTEBOL MASCULINO,Sábado
1154,14/10/2024,9,BOTAFOGO,0,OPERARIO,0,PRINCIPAL - FUTEBOL MASCULINO,Sábado
1154,14/10/2024,10,CORITIBA,3,AMAZONAS,1,PRINCIPAL - FUTEBOL MASCULINO,Domingo
1154,14/10/2024,11,GOIAS,0,VILA NOVA,1,PRINCIPAL - FUTEBOL MASCULINO,Domingo
1154,14/10/2024,12,FINLANDIA,1,INGLATERRA,3,PRINCIPAL - FUTEBOL MASCULINO,Domingo
1154,14/10/2024,13,AUSTRIA,5,NORUEGA,1,PRINCIPAL - FUTEBOL MASCULINO,Domingo
1154,14/10/2024,14,GRECIA,2,IRLANDA,0,PRINCIPAL - FUTEBOL MASCULINO,Domingo
1155,21/10/2024,1,CORINTHIANS,0,FLAMENGO,0,PRINCIPAL - FUTEBOL MASCULINO,Domingo
1155,21/10/2024,2,VITORIA,1,BRAGANTINO,0,PRINCIPAL - FUTEBOL MASCULINO,Sábado
1155,21/10/2024,3,VILA NOVA,0,CORITIBA,3,PRINCIPAL - FUTEBOL MASCULINO,Sábado
1155,21/10/2024,4,INTERNACIONAL,1,GREMIO,0,PRINCIPAL - FUTEBOL MASCULINO,Sábado
1155,21/10/2024,5,ITUANO,1,CEARA,2,PRINCIPAL - FUTEBOL MASCULINO,Sábado
1155,21/10/2024,6,MIRASSOL,1,NOVORIZONTINO,0,PRINCIPAL - FUTEBOL MASCULINO,Sábado
1155,21/10/2024,7,ATHLETIC CLUB,0,VOLTA REDONDA,2,PRINCIPAL - FUTEBOL MASCULINO,Sábado
1155,21/10/2024,8,VASCO DA GAMA,1,ATLETICO,1,PRINCIPAL - FUTEBOL MASCULINO,Sábado
1155,21/10/2024,9,OPERARIO,1,PAYSANDU,1,PRINCIPAL - FUTEBOL MASCULINO,Domingo
1155,21/10/2024,10,LIVERPOOL,2,CHELSEA,1,PRINCIPAL - FUTEBOL MASCULINO,Domingo
1155,21/10/2024,11,PONTE PRETA,0,GUARANI,1,PRINCIPAL - FUTEBOL MASCULINO,Domingo
1155,21/10/2024,12,SPORT,3,BOTAFOGO,1,PRINCIPAL - FUTEBOL MASCULINO,Domingo
1155,21/10/2024,13,JUVENTUDE,3,PALMEIRAS,5,PRINCIPAL - FUTEBOL MASCULINO,Domingo
1155,21/10/2024,14,ROMA,0,INTER DE MILAO,1,PRINCIPAL - FUTEBOL MASCULINO,Domingo
1156,28/10/2024,1,PALMEIRAS,2,FORTALEZA,2,PRINCIPAL - FUTEBOL MASCULINO,Sábado
1156,28/10/2024,2,VITORIA,2,FLUMINENSE,1,PRINCIPAL - FUTEBOL MASCULINO,Sábado
1156,28/10/2024,3,GREMIO,3,ATLETICO,1,PRINCIPAL - FUTEBOL MASCULINO,Sábado
1156,28/10/2024,4,MIRASSOL,3,PONTE PRETA,0,PRINCIPAL - FUTEBOL MASCULINO,Sábado
1156,28/10/2024,5,CEARA,2,PAYSANDU,1,PRINCIPAL - FUTEBOL MASCULINO,Sábado
1156,28/10/2024,6,ATHLETICO,3,CRUZEIRO,0,PRINCIPAL - FUTEBOL MASCULINO,Sábado
1156,28/10/2024,7,FLAMENGO,4,JUVENTUDE,2,PRINCIPAL - FUTEBOL MASCULINO,Sábado
1156,28/10/2024,8,BRAGANTINO,0,BOTAFOGO,1,PRINCIPAL - FUTEBOL MASCULINO,Sábado
1156,28/10/2024,9,ATLETICO,1,INTERNACIONAL,3,PRINCIPAL - FUTEBOL MASCULINO,Sábado
1156,28/10/2024,10,CRICIUMA,1,SAO PAULO,1,PRINCIPAL - FUTEBOL MASCULINO,Sábado
1156,28/10/2024,11,REAL MADRID,0,BARCELONA,4,PRINCIPAL - FUTEBOL MASCULINO,Sábado
1156,28/10/2024,12,ARSENAL,2,LIVERPOOL,2,PRINCIPAL - FUTEBOL MASCULINO,Domingo
1156,28/10/2024,13,INTER DE MILAO,4,JUVENTUS,4,PRINCIPAL - FUTEBOL MASCULINO,Domingo
1156,28/10/2024,14,FIORENTINA,5,ROMA,1,PRINCIPAL - FUTEBOL MASCULINO,Domingo
1157,04/11/2024,1,FLAMENGO,3,ATLETICO,1,PRINCIPAL - FUTEBOL MASCULINO,Domingo
1157,04/11/2024,2,BRAGANTINO,0,CUIABA,0,PRINCIPAL - FUTEBOL MASCULINO,Sábado
1157,04/11/2024,3,SANTOS,3,VILA NOVA,0,PRINCIPAL - FUTEBOL MASCULINO,Sábado
1157,04/11/2024,4,CHAPECOENSE,0,NOVORIZONTINO,2,PRINCIPAL - FUTEBOL MASCULINO,Sábado
1157,04/11/2024,5,GOIAS,1,GUARANI,0,PRINCIPAL - FUTEBOL MASCULINO,Sábado
1157,04/11/2024,6,JUVENTUDE,0,FORTALEZA,3,PRINCIPAL - FUTEBOL MASCULINO,Sábado
1157,04/11/2024,7,ATHLETICO,1,VITORIA,2,PRINCIPAL - FUTEBOL MASCULINO,Sábado
1157,04/11/2024,8,VALENCIA CLUB,0,REAL MADRID,0,PRINCIPAL - FUTEBOL MASCULINO,Sábado
1157,04/11/2024,9,NAPOLI,0,ATALANTA BERGAMAS,3,PRINCIPAL - FUTEBOL MASCULINO,Domingo
1157,04/11/2024,10,TOTTENHAM,4,ASTON VILLA,1,PRINCIPAL - FUTEBOL MASCULINO,Domingo
1157,04/11/2024,11,BARCELONA,3,ESPANYOL,1,PRINCIPAL - FUTEBOL MASCULINO,Domingo
1157,04/11/2024,12,MANCHESTER UNITED,1,CHELSEA,1,PRINCIPAL - FUTEBOL MASCULINO,Domingo
1157,04/11/2024,13,CEARA,2,AVAI,0,PRINCIPAL - FUTEBOL MASCULINO,Domingo
1157,04/11/2024,14,SEVILLA,0,REAL SOCIEDAD,2,PRINCIPAL - FUTEBOL MASCULINO,Domingo
1158,11/11/2024,1,ATLETICO,0,FLAMENGO,1,PRINCIPAL - FUTEBOL MASCULINO,Domingo
1158,11/11/2024,2,VITORIA,1,CORINTHIANS,2,PRINCIPAL - FUTEBOL MASCULINO,Sábado
1158,11/11/2024,3,BOTAFOGO,0,CUIABA,0,PRINCIPAL - FUTEBOL MASCULINO,Sábado
1158,11/11/2024,4,AVAI,0,MIRASSOL,0,PRINCIPAL - FUTEBOL MASCULINO,Sábado
1158,11/11/2024,5,NOVORIZONTINO,0,OPERARIO,1,PRINCIPAL - FUTEBOL MASCULINO,Sábado
1158,11/11/2024,6,CRB,0,GOIAS,1,PRINCIPAL - FUTEBOL MASCULINO,Sábado
1158,11/11/2024,7,JUVENTUDE,2,BAHIA,1,PRINCIPAL - FUTEBOL MASCULINO,Sábado
1158,11/11/2024,8,CRUZEIRO,2,CRICIUMA,1,PRINCIPAL - FUTEBOL MASCULINO,Sábado
1158,11/11/2024,9,FORTALEZA,3,VASCO DA GAMA,0,PRINCIPAL - FUTEBOL MASCULINO,Sábado
1158,11/11/2024,10,ATLETICO,0,BRAGANTINO,0,PRINCIPAL - FUTEBOL MASCULINO,Sábado
1158,11/11/2024,11,SAO PAULO,2,ATHLETICO,1,PRINCIPAL - FUTEBOL MASCULINO,Sábado
1158,11/11/2024,12,CHELSEA,1,ARSENAL,1,PRINCIPAL - FUTEBOL MASCULINO,Domingo
1158,11/11/2024,13,SPORT,1,CHAPECOENSE,1,PRINCIPAL - FUTEBOL MASCULINO,Domingo
1158,11/11/2024,14,INTER DE MILAO,1,NAPOLI,1,PRINCIPAL - FUTEBOL MASCULINO,Domingo
1159,18/11/2024,1,ITALIA,1,FRANCA,3,PRINCIPAL - FUTEBOL MASCULINO,Domingo
1159,18/11/2024,2,NOVORIZONTINO,1,PAYSANDU,1,PRINCIPAL - FUTEBOL MASCULINO,Sábado
1159,18/11/2024,3,ATHLETICO,1,ATLETICO,0,PRINCIPAL - FUTEBOL MASCULINO,Sábado
1159,18/11/2024,4,AMAZONAS,0,GOIAS,4,PRINCIPAL - FUTEBOL MASCULINO,Sábado
1159,18/11/2024,5,ALBANIA,0,REPUBLICA TCHECA,0,PRINCIPAL - FUTEBOL MASCULINO,Sábado
1159,18/11/2024,6,HOLANDA,4,HUNGRIA,0,PRINCIPAL - FUTEBOL MASCULINO,Sábado
1159,18/11/2024,7,VILA NOVA,3,ITUANO,4,PRINCIPAL - FUTEBOL MASCULINO,Sábado
1159,18/11/2024,8,PONTE PRETA,0,SPORT,4,PRINCIPAL - FUTEBOL MASCULINO,Sábado
1159,18/11/2024,9,BRUSQUE,2,GUARANI,1,PRINCIPAL - FUTEBOL MASCULINO,Domingo
1159,18/11/2024,10,SANTOS,0,CRB,2,PRINCIPAL - FUTEBOL MASCULINO,Domingo
1159,18/11/2024,11,CHAPECOENSE,2,CORITIBA,1,PRINCIPAL - FUTEBOL MASCULINO,Domingo
1159,18/11/2024,12,INGLATERRA,5,IRLANDA,0,PRINCIPAL - FUTEBOL MASCULINO,Domingo
1159,18/11/2024,13,AUSTRIA,1,ESLOVENIA,1,PRINCIPAL - FUTEBOL MASCULINO,Domingo
1159,18/11/2024,14,FINLANDIA,0,GRECIA,2,PRINCIPAL - FUTEBOL MASCULINO,Domingo
1160,25/11/2024,1,ATLETICO,0,PALMEIRAS,1,PRINCIPAL - FUTEBOL MASCULINO,Sábado
1160,25/11/2024,2,BOTAFOGO,1,VITORIA,1,PRINCIPAL - FUTEBOL MASCULINO,Sábado
1160,25/11/2024,3,JUVENTUDE,1,CUIABA,1,PRINCIPAL - FUTEBOL MASCULINO,Sábado
1160,25/11/2024,4,SAO PAULO,2,ATLETICO,2,PRINCIPAL - FUTEBOL MASCULINO,Sábado
1160,25/11/2024,5,INTERNACIONAL,4,BRAGANTINO,1,PRINCIPAL - FUTEBOL MASCULINO,Domingo
1160,25/11/2024,6,BAHIA,1,ATHLETICO,1,PRINCIPAL - FUTEBOL MASCULINO,Domingo
1160,25/11/2024,7,CORINTHIANS,3,VASCO DA GAMA,1,PRINCIPAL - FUTEBOL MASCULINO,Domingo
1160,25/11/2024,8,GOIAS,1,NOVORIZONTINO,0,PRINCIPAL - FUTEBOL MASCULINO,Domingo
1160,25/11/2024,9,MIRASSOL,1,CHAPECOENSE,0,PRINCIPAL - FUTEBOL MASCULINO,Domingo
1160,25/11/2024,10,AMERICA,3,BRUSQUE,0,PRINCIPAL - FUTEBOL MASCULINO,Domingo
1160,25/11/2024,11,SPORT,2,SANTOS,1,PRINCIPAL - FUTEBOL MASCULINO,Domingo
1160,25/11/2024,12,GUARANI,0,CEARA,0,PRINCIPAL - FUTEBOL MASCULINO,Domingo
1160,25/11/2024,13,CRB,1,OPERARIO,1,PRINCIPAL - FUTEBOL MASCULINO,Domingo
1160,25/11/2024,14,PAYSANDU,2,VILA NOVA,1,PRINCIPAL - FUTEBOL MASCULINO,Domingo
1161,02/12/2024,1,ATLETICO,1,BOTAFOGO,3,PRINCIPAL - FUTEBOL MASCULINO,Sábado
1161,02/12/2024,2,CUIABA,1,BAHIA,2,PRINCIPAL - FUTEBOL MASCULINO,Sábado
1161,02/12/2024,3,CRICIUMA,2,CORINTHIANS,4,PRINCIPAL - FUTEBOL MASCULINO,Sábado
1161,02/12/2024,4,PSG,1,NANTES,1,PRINCIPAL - FUTEBOL MASCULINO,Sábado
1161,02/12/2024,5,VASCO DA GAMA,2,ATLETICO,2,PRINCIPAL - FUTEBOL MASCULINO,Sábado
1161,02/12/2024,6,CHELSEA,3,ASTON VILLA,0,PRINCIPAL - FUTEBOL MASCULINO,Domingo
1161,02/12/2024,7,TORINO,0,NAPOLI,1,PRINCIPAL - FUTEBOL MASCULINO,Domingo
1161,02/12/2024,8,LIVERPOOL,2,MANCHESTER CITY,0,PRINCIPAL - FUTEBOL MASCULINO,Domingo
1161,02/12/2024,9,FLAMENGO,3,INTERNACIONAL,2,PRINCIPAL - FUTEBOL MASCULINO,Domingo
1161,02/12/2024,10,GREMIO,2,SAO PAULO,1,PRINCIPAL - FUTEBOL MASCULINO,Domingo
1161,02/12/2024,11,FIORENTINA,0,INTER DE MILAO,0,PRINCIPAL - FUTEBOL MASCULINO,Domingo
1161,02/12/2024,12,ATHLETICO,1,FLUMINENSE,1,PRINCIPAL - FUTEBOL MASCULINO,Domingo
1161,02/12/2024,13,VITORIA,2,FORTALEZA,0,PRINCIPAL - FUTEBOL MASCULINO,Domingo
1161,02/12/2024,14,BRAGANTINO,1,CRUZEIRO,1,PRINCIPAL - FUTEBOL MASCULINO,Domingo
1162,09/12/2024,1,FLAMENGO,2,VITORIA,2,PRINCIPAL - FUTEBOL MASCULINO,Domingo
1162,09/12/2024,2,GIRONA,0,REAL MADRID,3,PRINCIPAL - FUTEBOL MASCULINO,Sábado
1162,09/12/2024,3,FIORENTINA,1,CAGLIARI CALCIO,0,PRINCIPAL - FUTEBOL MASCULINO,Domingo
1162,09/12/2024,4,TOTTENHAM,3,CHELSEA,4,PRINCIPAL - FUTEBOL MASCULINO,Domingo
1162,09/12/2024,5,BRAGANTINO,5,CRICIUMA,1,PRINCIPAL - FUTEBOL MASCULINO,Domingo
1162,09/12/2024,6,CUIABA,1,VASCO DA GAMA,2,PRINCIPAL - FUTEBOL MASCULINO,Domingo
1162,09/12/2024,7,BAHIA,2,ATLETICO,0,PRINCIPAL - FUTEBOL MASCULINO,Domingo
1162,09/12/2024,8,GREMIO,0,CORINTHIANS,3,PRINCIPAL - FUTEBOL MASCULINO,Domingo
1162,09/12/2024,9,FORTALEZA,3,INTERNACIONAL,0,PRINCIPAL - FUTEBOL MASCULINO,Domingo
1162,09/12/2024,10,JUVENTUDE,0,CRUZEIRO,1,PRINCIPAL - FUTEBOL MASCULINO,Domingo
1162,09/12/2024,11,PALMEIRAS,0,FLUMINENSE,1,PRINCIPAL - FUTEBOL MASCULINO,Domingo
1162,09/12/2024,12,ATLETICO,1,ATHLETICO,0,PRINCIPAL - FUTEBOL MASCULINO,Domingo
1162,09/12/2024,13,BOTAFOGO,2,SAO PAULO,1,PRINCIPAL - FUTEBOL MASCULINO,Domingo
1162,09/12/2024,14,ATLETICO MADRID,4,SEVILLA,3,PRINCIPAL - FUTEBOL MASCULINO,Domingo
1163,16/12/2024,1,MANCHESTER CITY,1,MANCHESTER UNITED,2,PRINCIPAL - FUTEBOL MASCULINO,Domingo
1163,16/12/2024,2,RAYO VALLECANO,3,REAL MADRID,3,PRINCIPAL - FUTEBOL MASCULINO,Sábado
1163,16/12/2024,3,LECCE,2,MONZA,1,PRINCIPAL - FUTEBOL MASCULINO,Domingo
1163,16/12/2024,4,PARMA,2,VERONA,3,PRINCIPAL - FUTEBOL MASCULINO,Domingo
1163,16/12/2024,5,PSG,3,LYON,1,PRINCIPAL - FUTEBOL MASCULINO,Domingo
1163,16/12/2024,6,ATLETICO MADRID,1,GETAFE,0,PRINCIPAL - FUTEBOL MASCULINO,Domingo
1163,16/12/2024,7,BRIGHTON,1,CRYSTAL PALACE,3,PRINCIPAL - FUTEBOL MASCULINO,Domingo
1163,16/12/2024,8,BOLOGNA,1,FIORENTINA,0,PRINCIPAL - FUTEBOL MASCULINO,Domingo
1163,16/12/2024,9,MILAN,0,GENOA,0,PRINCIPAL - FUTEBOL MASCULINO,Domingo
1163,16/12/2024,10,DEPORTIVO ALAVES,1,ATHLETIC BILBAO,1,PRINCIPAL - FUTEBOL MASCULINO,Domingo
1163,16/12/2024,11,VILLARREAL,1,REAL BETIS,2,PRINCIPAL - FUTEBOL MASCULINO,Domingo
1163,16/12/2024,12,SOUTHAMPTON,0,TOTTENHAM,5,PRINCIPAL - FUTEBOL MASCULINO,Domingo
1163,16/12/2024,13,CHELSEA,2,BRENTFORD,1,PRINCIPAL - FUTEBOL MASCULINO,Domingo
1163,16/12/2024,14,RB LEIPZIG,2,FRANKFURT,1,PRINCIPAL - FUTEBOL MASCULINO,Domingo
1164,13/01/2025,1,BOTAFOGO,1,MARICA,2,PRINCIPAL - FUTEBOL MASCULINO,Sábado
1164,13/01/2025,2,VITORIA,0,BARCELONA,0,PRINCIPAL - FUTEBOL MASCULINO,Sábado
1164,13/01/2025,3,ATHLETICO,2,PARANA,1,PRINCIPAL - FUTEBOL MASCULINO,Sábado
1164,13/01/2025,4,IMPERATRIZ,0,SAMP CORREA,0,PRINCIPAL - FUTEBOL MASCULINO,Sábado
1164,13/01/2025,5,JOINVILLE,0,FIGUEIRENSE,0,PRINCIPAL - FUTEBOL MASCULINO,Sábado
1164,13/01/2025,6,NAUTICO,1,PETROLINA,1,PRINCIPAL - FUTEBOL MASCULINO,Sábado
1164,13/01/2025,7,NOVA IGUACU,1,VASCO DA GAMA,1,PRINCIPAL - FUTEBOL MASCULINO,Sábado
1164,13/01/2025,8,MADUREIRA,2,VOLTA REDONDA,0,PRINCIPAL - FUTEBOL MASCULINO,Domingo
1164,13/01/2025,9,CIANORTE,2,CASCAVEL,1,PRINCIPAL - FUTEBOL MASCULINO,Domingo
1164,13/01/2025,10,MOTO CLUB,1,MARANHAO,1,PRINCIPAL - FUTEBOL MASCULINO,Domingo
1164,13/01/2025,11,JACUIPENSE,0,BAHIA,0,PRINCIPAL - FUTEBOL MASCULINO,Domingo
1164,13/01/2025,12,ALTOS,1,FLUMINENSE,0,PRINCIPAL - FUTEBOL MASCULINO,Domingo
1164,13/01/2025,13,FLAMENGO,1,BOAVISTA,2,PRINCIPAL - FUTEBOL MASCULINO,Domingo
1164,13/01/2025,14,FLUMINENSE,0,SAMPAIO CORREA,0,PRINCIPAL - FUTEBOL MASCULINO,Domingo
1165,20/01/2025,1,CORINTHIANS,2,VELO CLUBE,1,PRINCIPAL - FUTEBOL MASCULINO,Domingo
1165,20/01/2025,2,LONDRINA,2,MARINGA,3,PRINCIPAL - FUTEBOL MASCULINO,Sábado
1165,20/01/2025,3,CSA,2,MURICI,0,PRINCIPAL - FUTEBOL MASCULINO,Sábado
1165,20/01/2025,4,RIVER,0,ALTOS,3,PRINCIPAL - FUTEBOL MASCULINO,Sábado
1165,20/01/2025,5,CHAPECOENSE,1,MARCILIO DIAS,0,PRINCIPAL - FUTEBOL MASCULINO,Sábado
1165,20/01/2025,6,SAMPAIO CORREA,2,BOTAFOGO,1,PRINCIPAL - FUTEBOL MASCULINO,Sábado
1165,20/01/2025,7,ANAPOLIS,0,VILA NOVA,0,PRINCIPAL - FUTEBOL MASCULINO,Domingo
1165,20/01/2025,8,VITORIA,1,JACUIPENSE,1,PRINCIPAL - FUTEBOL MASCULINO,Domingo
1165,20/01/2025,9,GOIANIA,0,ATLETICO,2,PRINCIPAL - FUTEBOL MASCULINO,Domingo
1165,20/01/2025,10,CASCAVEL,1,CORITIBA,0,PRINCIPAL - FUTEBOL MASCULINO,Domingo
1165,20/01/2025,11,SAO BERNARDO,3,BRAGANTINO,2,PRINCIPAL - FUTEBOL MASCULINO,Domingo
1165,20/01/2025,12,OPERARIO,2,RIO BRANCO,0,PRINCIPAL - FUTEBOL MASCULINO,Domingo
1165,20/01/2025,13,JACOBINA,1,BAHIA,1,PRINCIPAL - FUTEBOL MASCULINO,Domingo
1165,20/01/2025,14,FERROVIARIO,1,HORIZONTE,2,PRINCIPAL - FUTEBOL MASCULINO,Domingo
1166,27/01/2025,1,SAO PAULO,3,CORINTHIANS,1,PRINCIPAL - FUTEBOL MASCULINO,Domingo
1166,27/01/2025,2,CORITIBA,0,ATHLETICO,0,PRINCIPAL - FUTEBOL MASCULINO,Sábado
1166,27/01/2025,3,NAUTICO,2,SANTA CRUZ,1,PRINCIPAL - FUTEBOL MASCULINO,Sábado
1166,27/01/2025,4,VOLTA REDONDA,0,FLAMENGO,2,PRINCIPAL - FUTEBOL MASCULINO,Sábado
1166,27/01/2025,5,INTERNACIONAL,2,JUVENTUDE,0,PRINCIPAL - FUTEBOL MASCULINO,Sábado
1166,27/01/2025,6,PALMEIRAS,1,NOVORIZONTINO,2,PRINCIPAL - FUTEBOL MASCULINO,Sábado
1166,27/01/2025,7,CENTRAL,0,SPORT,1,PRINCIPAL - FUTEBOL MASCULINO,Domingo
1166,27/01/2025,8,MIRASSOL,2,PORT DESPORT,1,PRINCIPAL - FUTEBOL MASCULINO,Domingo
1166,27/01/2025,9,ATLETICO,1,VILA NOVA,3,PRINCIPAL - FUTEBOL MASCULINO,Domingo
1166,27/01/2025,10,BOTAFOGO,0,SAO BERNARDO,1,PRINCIPAL - FUTEBOL MASCULINO,Domingo
1166,27/01/2025,11,POUSO ALEGRE,0,ATLETICO,0,PRINCIPAL - FUTEBOL MASCULINO,Domingo
1166,27/01/2025,12,GUARANI,2,NOROESTE,0,PRINCIPAL - FUTEBOL MASCULINO,Domingo
1166,27/01/2025,13,GREMIO,4,CAXIAS,0,PRINCIPAL - FUTEBOL MASCULINO,Domingo
1166,27/01/2025,14,VASCO DA GAMA,4,PORTUGUESA,1,PRINCIPAL - FUTEBOL MASCULINO,Domingo
1167,03/02/2025,1,BOTAFOGO,1,FLAMENGO,3,PRINCIPAL - FUTEBOL MASCULINO,Domingo
1167,03/02/2025,2,BAHIA,0,VITORIA,0,PRINCIPAL - FUTEBOL MASCULINO,Sábado
1167,03/02/2025,3,CHAPECOENSE,0,CRICIUMA,0,PRINCIPAL - FUTEBOL MASCULINO,Sábado
1167,03/02/2025,4,SANTA CRUZ,1,SPORT,0,PRINCIPAL - FUTEBOL MASCULINO,Sábado
1167,03/02/2025,5,FLORESTA,0,FORTALEZA,1,PRINCIPAL - FUTEBOL MASCULINO,Sábado
1167,03/02/2025,6,VASCO DA GAMA,2,VOLTA REDONDA,2,PRINCIPAL - FUTEBOL MASCULINO,Sábado
1167,03/02/2025,7,VILLA NOVA,0,ATLETICO,1,PRINCIPAL - FUTEBOL MASCULINO,Sábado
1167,03/02/2025,8,GREMIO,5,SAO LUIZ,0,PRINCIPAL - FUTEBOL MASCULINO,Sábado
1167,03/02/2025,9,CORINTHIANS,2,NOROESTE,1,PRINCIPAL - FUTEBOL MASCULINO,Sábado
1167,03/02/2025,10,SANTOS,3,SAO PAULO,1,PRINCIPAL - FUTEBOL MASCULINO,Sábado
1167,03/02/2025,11,GUARANI,1,PALMEIRAS,4,PRINCIPAL - FUTEBOL MASCULINO,Domingo
1167,03/02/2025,12,CRUZEIRO,3,UBERLANDIA,1,PRINCIPAL - FUTEBOL MASCULINO,Domingo
1167,03/02/2025,13,INTERNACIONAL,1,AVENIDA,0,PRINCIPAL - FUTEBOL MASCULINO,Domingo
1167,03/02/2025,14,FLUMINENSE,1,BOAVISTA,1,PRINCIPAL - FUTEBOL MASCULINO,Domingo
1168,10/02/2025,1,FLUMINENSE,0,FLAMENGO,0,PRINCIPAL - FUTEBOL MASCULINO,Sábado
1168,10/02/2025,2,FORTALEZA,1,CEARA,2,PRINCIPAL - FUTEBOL MASCULINO,Sábado
1168,10/02/2025,3,BRAGANTINO,1,SAO PAULO,0,PRINCIPAL - FUTEBOL MASCULINO,Sábado
1168,10/02/2025,4,BRUSQUE,1,CRICIUMA,1,PRINCIPAL - FUTEBOL MASCULINO,Sábado
1168,10/02/2025,5,GREMIO,1,INTERNACIONAL,1,PRINCIPAL - FUTEBOL MASCULINO,Sábado
1168,10/02/2025,6,BOTAFOGO,0,MADUREIRA,2,PRINCIPAL - FUTEBOL MASCULINO,Domingo
1168,10/02/2025,7,GOIAS,1,ATLETICO,2,PRINCIPAL - FUTEBOL MASCULINO,Domingo
1168,10/02/2025,8,PONTE PRETA,2,GUARANI,0,PRINCIPAL - FUTEBOL MASCULINO,Domingo
1168,10/02/2025,9,CRUZEIRO,0,ATLETICO,2,PRINCIPAL - FUTEBOL MASCULINO,Domingo
1168,10/02/2025,10,NAUTICO,4,AFOGADOS,0,PRINCIPAL - FUTEBOL MASCULINO,Domingo
1168,10/02/2025,11,NOVORIZONTINO,0,SANTOS,0,PRINCIPAL - FUTEBOL MASCULINO,Domingo
1168,10/02/2025,12,AGUA SANTA,1,PALMEIRAS,1,PRINCIPAL - FUTEBOL MASCULINO,Domingo
1168,10/02/2025,13,JUVENTUDE,3,SAO JOSE,1,PRINCIPAL - FUTEBOL MASCULINO,Domingo
1168,10/02/2025,14,CORINTHIANS,2,SAO BERNARDO,0,PRINCIPAL - FUTEBOL MASCULINO,Domingo
1169,17/02/2025,1,PALMEIRAS,0,SAO PAULO,0,PRINCIPAL - FUTEBOL MASCULINO,Domingo
1169,17/02/2025,2,PARANA,0,CORITIBA,2,PRINCIPAL - FUTEBOL MASCULINO,Sábado
1169,17/02/2025,3,ATLETICO,1,ANAPOLIS,0,PRINCIPAL - FUTEBOL MASCULINO,Domingo
1169,17/02/2025,4,LONDRINA,0,ATHLETICO,1,PRINCIPAL - FUTEBOL MASCULINO,Sábado
1169,17/02/2025,5,PONTE PRETA,0,BOTAFOGO,0,PRINCIPAL - FUTEBOL MASCULINO,Sábado
1169,17/02/2025,6,YPIRANGA,0,GREMIO,1,PRINCIPAL - FUTEBOL MASCULINO,Sábado
1169,17/02/2025,7,SPORT,1,NAUTICO,2,PRINCIPAL - FUTEBOL MASCULINO,Sábado
1169,17/02/2025,8,FLAMENGO,2,VASCO DA GAMA,0,PRINCIPAL - FUTEBOL MASCULINO,Sábado
1169,17/02/2025,9,CAXIAS,1,SAO JOSE,1,PRINCIPAL - FUTEBOL MASCULINO,Sábado
1169,17/02/2025,10,PORT DESPORT,2,CORINTHIANS,2,PRINCIPAL - FUTEBOL MASCULINO,Sábado
1169,17/02/2025,11,BOAVISTA,1,BOTAFOGO,1,PRINCIPAL - FUTEBOL MASCULINO,Sábado
1169,17/02/2025,12,BARCELONA,0,BAHIA,1,PRINCIPAL - FUTEBOL MASCULINO,Sábado
1169,17/02/2025,13,FLUMINENSE,2,NOVA IGUACU,0,PRINCIPAL - FUTEBOL MASCULINO,Domingo
1169,17/02/2025,14,SANTOS,3,AGUA SANTA,1,PRINCIPAL - FUTEBOL MASCULINO,Domingo
1170,24/02/2025,1,AMERICA,1,CRUZEIRO,1,PRINCIPAL - FUTEBOL MASCULINO,Sábado
1170,24/02/2025,2,TOMBENSE,0,ATLETICO,2,PRINCIPAL - FUTEBOL MASCULINO,Sábado
1170,24/02/2025,3,FLAMENGO,5,MARICA,0,PRINCIPAL - FUTEBOL MASCULINO,Sábado
1170,24/02/2025,4,CAXIAS,0,INTERNACIONAL,2,PRINCIPAL - FUTEBOL MASCULINO,Sábado
1170,24/02/2025,5,AVAI,0,CRICIUMA,3,PRINCIPAL - FUTEBOL MASCULINO,Sábado
1170,24/02/2025,6,BAHIA,2,JUAZEIRENSE,0,PRINCIPAL - FUTEBOL MASCULINO,Sábado
1170,24/02/2025,7,GREMIO,2,JUVENTUDE,1,PRINCIPAL - FUTEBOL MASCULINO,Sábado
1170,24/02/2025,8,VASCO DA GAMA,1,BOTAFOGO,0,PRINCIPAL - FUTEBOL MASCULINO,Domingo
1170,24/02/2025,9,SAO BERNARDO,1,SAO PAULO,3,PRINCIPAL - FUTEBOL MASCULINO,Domingo
1170,24/02/2025,10,CORINTHIANS,2,GUARANI,2,PRINCIPAL - FUTEBOL MASCULINO,Domingo
1170,24/02/2025,11,MIRASSOL,2,PALMEIRAS,3,PRINCIPAL - FUTEBOL MASCULINO,Domingo
1170,24/02/2025,12,FLUMINENSE,3,BANGU,2,PRINCIPAL - FUTEBOL MASCULINO,Domingo
1170,24/02/2025,13,INTER LIMEIRA,0,SANTOS,3,PRINCIPAL - FUTEBOL MASCULINO,Domingo
1170,24/02/2025,14,PONTE PRETA,0,BRAGANTINO,2,PRINCIPAL - FUTEBOL MASCULINO,Domingo
1171,05/03/2025,1,JUVENTUDE,2,GREMIO,1,PRINCIPAL - FUTEBOL MASCULINO,Sábado
1171,05/03/2025,2,LONDRINA,2,CIANORTE,0,PRINCIPAL - FUTEBOL MASCULINO,Sábado
1171,05/03/2025,3,MURICI,1,CSA,1,PRINCIPAL - FUTEBOL MASCULINO,Sábado
1171,05/03/2025,4,CORURIPE,0,CSE,1,PRINCIPAL - FUTEBOL MASCULINO,Sábado
1171,05/03/2025,5,BAHIA,1,JACUIPENSE,2,PRINCIPAL - FUTEBOL MASCULINO,Sábado
1171,05/03/2025,6,SERGIPE,0,AMERICA,1,PRINCIPAL - FUTEBOL MASCULINO,Sábado
1171,05/03/2025,7,ATLETICO MADRID,1,ATHLETIC BILBAO,0,PRINCIPAL - FUTEBOL MASCULINO,Sábado
1171,05/03/2025,8,PSG,4,LILLE,1,PRINCIPAL - FUTEBOL MASCULINO,Sábado
1171,05/03/2025,9,INTERNACIONAL,3,CAXIAS,1,PRINCIPAL - FUTEBOL MASCULINO,Sábado
1171,05/03/2025,10,ALTOS,4,04 DE JULHO,0,PRINCIPAL - FUTEBOL MASCULINO,Domingo
1171,05/03/2025,11,AVENIDA,3,SAO JOSE,2,PRINCIPAL - FUTEBOL MASCULINO,Domingo
1171,05/03/2025,12,BARCELONA,4,REAL SOCIEDAD,0,PRINCIPAL - FUTEBOL MASCULINO,Domingo
1171,05/03/2025,13,SAO BERNARDO,0,PALMEIRAS,3,PRINCIPAL - FUTEBOL MASCULINO,Sábado
1171,05/03/2025,14,MILAN,1,LAZIO,2,PRINCIPAL - FUTEBOL MASCULINO,Domingo
1172,10/03/2025,1,ATLETICO,4,AMERICA,0,PRINCIPAL - FUTEBOL MASCULINO,Sábado
1172,10/03/2025,2,ASA,2,CRB,2,PRINCIPAL - FUTEBOL MASCULINO,Sábado
1172,10/03/2025,3,INTER DE MILAO,3,MONZA,2,PRINCIPAL - FUTEBOL MASCULINO,Sábado
1172,10/03/2025,4,BARCELONA,0,OSASUNA,0,PRINCIPAL - FUTEBOL MASCULINO,Sábado
1172,10/03/2025,5,VERONA,1,BOLOGNA,2,PRINCIPAL - FUTEBOL MASCULINO,Domingo
1172,10/03/2025,6,CHELSEA,1,LEICESTER,0,PRINCIPAL - FUTEBOL MASCULINO,Domingo
1172,10/03/2025,7,NAPOLI,2,FIORENTINA,1,PRINCIPAL - FUTEBOL MASCULINO,Domingo
1172,10/03/2025,8,REAL MADRID,2,RAYO VALLECANO,1,PRINCIPAL - FUTEBOL MASCULINO,Domingo
1172,10/03/2025,9,MANCHESTER UNITED,1,ARSENAL,1,PRINCIPAL - FUTEBOL MASCULINO,Domingo
1172,10/03/2025,10,VOLTA REDONDA,0,FLUMINENSE,0,PRINCIPAL - FUTEBOL MASCULINO,Domingo
1172,10/03/2025,11,REAL BETIS,1,LAS PALMAS,0,PRINCIPAL - FUTEBOL MASCULINO,Domingo
1172,10/03/2025,12,ATHLETIC BILBAO,1,MALLORCA,1,PRINCIPAL - FUTEBOL MASCULINO,Domingo
1172,10/03/2025,13,JUVENTUS,0,ATALANTA BERGAMAS,4,PRINCIPAL - FUTEBOL MASCULINO,Domingo
1172,10/03/2025,14,REAL SOCIEDAD,0,SEVILLA,1,PRINCIPAL - FUTEBOL MASCULINO,Domingo
1173,17/03/2025,1,FLAMENGO,0,FLUMINENSE,0,PRINCIPAL - FUTEBOL MASCULINO,Domingo
1173,17/03/2025,2,CRB,2,ASA,1,PRINCIPAL - FUTEBOL MASCULINO,Sábado
1173,17/03/2025,3,AMERICA,1,ATLETICO,0,PRINCIPAL - FUTEBOL MASCULINO,Sábado
1173,17/03/2025,4,SANTA CRUZ,0,SPORT,1,PRINCIPAL - FUTEBOL MASCULINO,Sábado
1173,17/03/2025,5,GAMA,3,BRASILIENSE,0,PRINCIPAL - FUTEBOL MASCULINO,Sábado
1173,17/03/2025,6,FORTALEZA,0,CEARA,1,PRINCIPAL - FUTEBOL MASCULINO,Sábado
1173,17/03/2025,7,FULHAM,2,TOTTENHAM,0,PRINCIPAL - FUTEBOL MASCULINO,Domingo
1173,17/03/2025,8,ARSENAL,1,CHELSEA,0,PRINCIPAL - FUTEBOL MASCULINO,Domingo
1173,17/03/2025,9,INTERNACIONAL,1,GREMIO,1,PRINCIPAL - FUTEBOL MASCULINO,Domingo
1173,17/03/2025,10,VILA NOVA,0,GOIAS,0,PRINCIPAL - FUTEBOL MASCULINO,Domingo
1173,17/03/2025,11,BAHIA,2,VITORIA,0,PRINCIPAL - FUTEBOL MASCULINO,Domingo
1173,17/03/2025,12,FIORENTINA,3,JUVENTUS,0,PRINCIPAL - FUTEBOL MASCULINO,Domingo
1173,17/03/2025,13,LEICESTER,0,MANCHESTER UNITED,3,PRINCIPAL - FUTEBOL MASCULINO,Domingo
1173,17/03/2025,14,ATLETICO MADRID,2,BARCELONA,4,PRINCIPAL - FUTEBOL MASCULINO,Domingo
1174,24/03/2025,1,CEARA,1,FORTALEZA,1,PRINCIPAL - FUTEBOL MASCULINO,Sábado
1174,24/03/2025,2,CAPITAL,2,CEILANDIA,1,PRINCIPAL - FUTEBOL MASCULINO,Sábado
1174,24/03/2025,3,PORTUGUESA AP,1,SANTOS,2,PRINCIPAL - FUTEBOL MASCULINO,Sábado
1174,24/03/2025,4,ITABAIANA,1,CONFIANCA,2,PRINCIPAL - FUTEBOL MASCULINO,Sábado
1174,24/03/2025,5,AVAI,1,CHAPECOENSE,1,PRINCIPAL - FUTEBOL MASCULINO,Sábado
1174,24/03/2025,6,FERROVIARIA VRD,0,RIO BRANCO,1,PRINCIPAL - FUTEBOL MASCULINO,Sábado
1174,24/03/2025,7,FC PANTANAL,1,OPERARIO,2,PRINCIPAL - FUTEBOL MASCULINO,Sábado
1174,24/03/2025,8,IMPERATRIZ,1,IAPE MA,0,PRINCIPAL - FUTEBOL MASCULINO,Sábado
1174,24/03/2025,9,ESPANHA,2,HOLANDA,2,PRINCIPAL - FUTEBOL MASCULINO,Domingo
1174,24/03/2025,10,VITORIA,1,BAHIA,1,PRINCIPAL - FUTEBOL MASCULINO,Domingo
1174,24/03/2025,11,FRANCA,2,CROACIA,0,PRINCIPAL - FUTEBOL MASCULINO,Domingo
1174,24/03/2025,12,IRLANDA,2,BULGARIA,1,PRINCIPAL - FUTEBOL MASCULINO,Domingo
1174,24/03/2025,13,ALEMANHA,3,ITALIA,3,PRINCIPAL - FUTEBOL MASCULINO,Domingo
1174,24/03/2025,14,PORTUGAL,3,DINAMARCA,2,PRINCIPAL - FUTEBOL MASCULINO,Domingo
1175,31/03/2025,1,GREMIO,2,ATLETICO,1,PRINCIPAL - FUTEBOL MASCULINO,Sábado
1175,31/03/2025,2,OPERARIO,1,MARINGA,1,PRINCIPAL - FUTEBOL MASCULINO,Sábado
1175,31/03/2025,3,ABC,0,AMERICA,1,PRINCIPAL - FUTEBOL MASCULINO,Sábado
1175,31/03/2025,4,MARANHAO,1,MOTO CLUB,1,PRINCIPAL - FUTEBOL MASCULINO,Sábado
1175,31/03/2025,5,CONFIANCA,1,ITABAIANA,1,PRINCIPAL - FUTEBOL MASCULINO,Sábado
1175,31/03/2025,6,FORTALEZA,2,FLUMINENSE,0,PRINCIPAL - FUTEBOL MASCULINO,Sábado
1175,31/03/2025,7,JUVENTUDE,2,VITORIA,0,PRINCIPAL - FUTEBOL MASCULINO,Sábado
1175,31/03/2025,8,CRUZEIRO,2,MIRASSOL,1,PRINCIPAL - FUTEBOL MASCULINO,Sábado
1175,31/03/2025,9,SAO PAULO,0,SPORT,0,PRINCIPAL - FUTEBOL MASCULINO,Sábado
1175,31/03/2025,10,FLAMENGO,1,INTERNACIONAL,1,PRINCIPAL - FUTEBOL MASCULINO,Sábado
1175,31/03/2025,11,PALMEIRAS,0,BOTAFOGO,0,PRINCIPAL - FUTEBOL MASCULINO,Domingo
1175,31/03/2025,12,VILA NOVA,3,ANAPOLIS,0,PRINCIPAL - FUTEBOL MASCULINO,Domingo
1175,31/03/2025,13,VASCO DA GAMA,2,SANTOS,1,PRINCIPAL - FUTEBOL MASCULINO,Domingo
1175,31/03/2025,14,BAHIA,1,CORINTHIANS,1,PRINCIPAL - FUTEBOL MASCULINO,Domingo
1176,03/04/2025,1,TALLERES,0,SAO PAULO,1,PRINCIPAL - FUTEBOL MASCULINO,Quarta-feira
1176,03/04/2025,2,CARABOBO,0,ESTUDIANTES,2,PRINCIPAL - FUTEBOL MASCULINO,Terça-feira
1176,03/04/2025,3,CLUB UNION S.FE,1,CRUZEIRO,0,PRINCIPAL - FUTEBOL MASCULINO,Terça-feira
1176,03/04/2025,4,CERRO PORTENO,4,BOLIVAR,2,PRINCIPAL - FUTEBOL MASCULINO,Terça-feira
1176,03/04/2025,5,ONCE CALDAS,0,FLUMINENSE,1,PRINCIPAL - FUTEBOL MASCULINO,Terça-feira
1176,03/04/2025,6,CIENCIANO,0,ATLETICO,0,PRINCIPAL - FUTEBOL MASCULINO,Terça-feira
1176,03/04/2025,7,FORTALEZA,0,RACING/ARG,3,PRINCIPAL - FUTEBOL MASCULINO,Terça-feira
1176,03/04/2025,8,MELGAR,3,VASCO DA GAMA,3,PRINCIPAL - FUTEBOL MASCULINO,Terça-feira
1176,03/04/2025,9,CORINTHIANS,1,HURACAN,2,PRINCIPAL - FUTEBOL MASCULINO,Quarta-feira
1176,03/04/2025,10,VITORIA,1,UN CAT EQUADOR,1,PRINCIPAL - FUTEBOL MASCULINO,Quarta-feira
1176,03/04/2025,11,UNIVERSITARIO,0,RIVER PLATE,1,PRINCIPAL - FUTEBOL MASCULINO,Quarta-feira
1176,03/04/2025,12,SPORTIVO LUQUEÑO,1,GREMIO,2,PRINCIPAL - FUTEBOL MASCULINO,Quarta-feira
1176,03/04/2025,13,UNIVERSIDAD CHILE,1,BOTAFOGO,0,PRINCIPAL - FUTEBOL MASCULINO,Quarta-feira
1176,03/04/2025,14,SPORT,1,RETRO BRASIL,2,PRINCIPAL - FUTEBOL MASCULINO,Quarta-feira
1177,07/04/2025,1,CORINTHIANS,3,VASCO DA GAMA,0,PRINCIPAL - FUTEBOL MASCULINO,Sábado
1177,07/04/2025,2,CEARA,2,GREMIO,0,PRINCIPAL - FUTEBOL MASCULINO,Sábado
1177,07/04/2025,3,MILAN,2,FIORENTINA,2,PRINCIPAL - FUTEBOL MASCULINO,Sábado
1177,07/04/2025,4,BARCELONA,1,REAL BETIS,1,PRINCIPAL - FUTEBOL MASCULINO,Sábado
1177,07/04/2025,5,BOTAFOGO,2,JUVENTUDE,0,PRINCIPAL - FUTEBOL MASCULINO,Sábado
1177,07/04/2025,6,ATLETICO,0,SAO PAULO,0,PRINCIPAL - FUTEBOL MASCULINO,Domingo
1177,07/04/2025,7,FLUMINENSE,2,BRAGANTINO,1,PRINCIPAL - FUTEBOL MASCULINO,Domingo
1177,07/04/2025,8,MANCHESTER UNITED,0,MANCHESTER CITY,0,PRINCIPAL - FUTEBOL MASCULINO,Domingo
1177,07/04/2025,9,SPORT,1,PALMEIRAS,2,PRINCIPAL - FUTEBOL MASCULINO,Domingo
1177,07/04/2025,10,INTERNACIONAL,3,CRUZEIRO,0,PRINCIPAL - FUTEBOL MASCULINO,Domingo
1177,07/04/2025,11,VITORIA,1,FLAMENGO,2,PRINCIPAL - FUTEBOL MASCULINO,Domingo
1177,07/04/2025,12,MIRASSOL,1,FORTALEZA,1,PRINCIPAL - FUTEBOL MASCULINO,Domingo
1177,07/04/2025,13,SANTOS,2,BAHIA,2,PRINCIPAL - FUTEBOL MASCULINO,Domingo
1177,07/04/2025,14,ROMA,1,JUVENTUS,1,PRINCIPAL - FUTEBOL MASCULINO,Domingo
1178,10/04/2025,1,FLAMENGO,1,CENTRAL CÓRDOBA,2,PRINCIPAL - FUTEBOL MASCULINO,Quarta-feira
1178,10/04/2025,2,CARACAS,2,CIENCIANO,2,PRINCIPAL - FUTEBOL MASCULINO,Terça-feira
1178,10/04/2025,3,LIBERTAD,2,TALLERES,0,PRINCIPAL - FUTEBOL MASCULINO,Terça-feira
1178,10/04/2025,4,BOTAFOGO,2,CARABOBO,0,PRINCIPAL - FUTEBOL MASCULINO,Terça-feira
1178,10/04/2025,5,GREMIO,2,GRAU,0,PRINCIPAL - FUTEBOL MASCULINO,Terça-feira
1178,10/04/2025,6,AMERICA DE CALI,1,CORINTHIANS,1,PRINCIPAL - FUTEBOL MASCULINO,Terça-feira
1178,10/04/2025,7,RIVER PLATE,0,BARCELONA,0,PRINCIPAL - FUTEBOL MASCULINO,Terça-feira
1178,10/04/2025,8,ESTUDIANTES,1,UNIVERSIDAD CHILE,2,PRINCIPAL - FUTEBOL MASCULINO,Terça-feira
1178,10/04/2025,9,VASCO DA GAMA,1,ACAD PUERTO CABEL,0,PRINCIPAL - FUTEBOL MASCULINO,Terça-feira
1178,10/04/2025,10,INDEP. DEL VALLE,1,UNIVERSITARIO,0,PRINCIPAL - FUTEBOL MASCULINO,Terça-feira
1178,10/04/2025,11,NACIONAL,0,BAHIA,1,PRINCIPAL - FUTEBOL MASCULINO,Quarta-feira
1178,10/04/2025,12,PAYSANDU,0,GOIAS,0,PRINCIPAL - FUTEBOL MASCULINO,Quarta-feira
1178,10/04/2025,13,PALMEIRAS,1,CERRO PORTENO,0,PRINCIPAL - FUTEBOL MASCULINO,Quarta-feira
1178,10/04/2025,14,CRUZEIRO,1,MUSHUC RUNA,2,PRINCIPAL - FUTEBOL MASCULINO,Quarta-feira
1179,14/04/2025,1,PALMEIRAS,2,CORINTHIANS,0,PRINCIPAL - FUTEBOL MASCULINO,Sábado
1179,14/04/2025,2,BRAGANTINO,1,BOTAFOGO,0,PRINCIPAL - FUTEBOL MASCULINO,Sábado
1179,14/04/2025,3,JUVENTUDE,2,CEARA,1,PRINCIPAL - FUTEBOL MASCULINO,Sábado
1179,14/04/2025,4,CHAPECOENSE,1,CORITIBA,2,PRINCIPAL - FUTEBOL MASCULINO,Sábado
1179,14/04/2025,5,AMAZONAS,0,FERROVIARIA,0,PRINCIPAL - FUTEBOL MASCULINO,Sábado
1179,14/04/2025,6,VASCO DA GAMA,3,SPORT,1,PRINCIPAL - FUTEBOL MASCULINO,Sábado
1179,14/04/2025,7,NEW CASTLE,4,MANCHESTER UNITED,1,PRINCIPAL - FUTEBOL MASCULINO,Domingo
1179,14/04/2025,8,BAHIA,1,MIRASSOL,1,PRINCIPAL - FUTEBOL MASCULINO,Domingo
1179,14/04/2025,9,GREMIO,0,FLAMENGO,2,PRINCIPAL - FUTEBOL MASCULINO,Domingo
1179,14/04/2025,10,SAO PAULO,1,CRUZEIRO,1,PRINCIPAL - FUTEBOL MASCULINO,Domingo
1179,14/04/2025,11,BOTAFOGO,1,ATLETICO,1,PRINCIPAL - FUTEBOL MASCULINO,Domingo
1179,14/04/2025,12,FLUMINENSE,1,SANTOS,0,PRINCIPAL - FUTEBOL MASCULINO,Domingo
1179,14/04/2025,13,FORTALEZA,0,INTERNACIONAL,0,PRINCIPAL - FUTEBOL MASCULINO,Domingo
1179,14/04/2025,14,ATLETICO,2,VITORIA,2,PRINCIPAL - FUTEBOL MASCULINO,Domingo
1180,17/04/2025,1,BOTAFOGO,2,SAO PAULO,2,PRINCIPAL - FUTEBOL MASCULINO,Quarta-feira
1180,17/04/2025,2,CUIABA,2,ATHLETICO,1,PRINCIPAL - FUTEBOL MASCULINO,Terça-feira
1180,17/04/2025,3,CEARA,2,VASCO DA GAMA,1,PRINCIPAL - FUTEBOL MASCULINO,Terça-feira
1180,17/04/2025,4,SPORT,0,BRAGANTINO,1,PRINCIPAL - FUTEBOL MASCULINO,Quarta-feira
1180,17/04/2025,5,SAMP CORREA,1,TUNTUM,1,PRINCIPAL - FUTEBOL MASCULINO,Terça-feira
1180,17/04/2025,6,MIRASSOL,4,GREMIO,1,PRINCIPAL - FUTEBOL MASCULINO,Quarta-feira
1180,17/04/2025,7,INTERNACIONAL,0,PALMEIRAS,1,PRINCIPAL - FUTEBOL MASCULINO,Quarta-feira
1180,17/04/2025,8,CORINTHIANS,0,FLUMINENSE,2,PRINCIPAL - FUTEBOL MASCULINO,Quarta-feira
1180,17/04/2025,9,PAYSANDU,0,CHAPECOENSE,2,PRINCIPAL - FUTEBOL MASCULINO,Quarta-feira
1180,17/04/2025,10,AVAI,1,OPERARIO,0,PRINCIPAL - FUTEBOL MASCULINO,Quarta-feira
1180,17/04/2025,11,CORITIBA,0,NOVORIZONTINO,0,PRINCIPAL - FUTEBOL MASCULINO,Quarta-feira
1180,17/04/2025,12,SANTOS,2,ATLETICO,0,PRINCIPAL - FUTEBOL MASCULINO,Quarta-feira
1180,17/04/2025,13,VITORIA,2,FORTALEZA,1,PRINCIPAL - FUTEBOL MASCULINO,Quarta-feira
1180,17/04/2025,14,FLAMENGO,6,JUVENTUDE,0,PRINCIPAL - FUTEBOL MASCULINO,Quarta-feira
1181,22/04/2025,1,VASCO DA GAMA,0,FLAMENGO,0,PRINCIPAL - FUTEBOL MASCULINO,Sábado
1181,22/04/2025,2,CORINTHIANS,2,SPORT,1,PRINCIPAL - FUTEBOL MASCULINO,Sábado
1181,22/04/2025,3,VILA NOVA,2,BOTAFOGO,0,PRINCIPAL - FUTEBOL MASCULINO,Domingo
1181,22/04/2025,4,ATLETICO,1,BOTAFOGO,0,PRINCIPAL - FUTEBOL MASCULINO,Domingo
1181,22/04/2025,5,SAO PAULO,2,SANTOS,1,PRINCIPAL - FUTEBOL MASCULINO,Domingo
1181,22/04/2025,6,FLUMINENSE,1,VITORIA,1,PRINCIPAL - FUTEBOL MASCULINO,Domingo
1181,22/04/2025,7,FORTALEZA,1,PALMEIRAS,2,PRINCIPAL - FUTEBOL MASCULINO,Domingo
1181,22/04/2025,8,ATHLETICO,2,CRB,0,PRINCIPAL - FUTEBOL MASCULINO,Domingo
1181,22/04/2025,9,AMERICA,1,GOIAS,0,PRINCIPAL - FUTEBOL MASCULINO,Domingo
1181,22/04/2025,10,BRAGANTINO,1,CRUZEIRO,0,PRINCIPAL - FUTEBOL MASCULINO,Domingo
1181,22/04/2025,11,NOVORIZONTINO,1,CRICIUMA,1,PRINCIPAL - FUTEBOL MASCULINO,Segunda-feira
1181,22/04/2025,12,BAHIA,1,CEARA,0,PRINCIPAL - FUTEBOL MASCULINO,Segunda-feira
1181,22/04/2025,13,GREMIO,1,INTERNACIONAL,1,PRINCIPAL - FUTEBOL MASCULINO,Segunda-feira
1181,22/04/2025,14,REMO,1,CORITIBA,0,PRINCIPAL - FUTEBOL MASCULINO,Segunda-feira
1182,24/04/2025,1,LDU,0,FLAMENGO,0,PRINCIPAL - FUTEBOL MASCULINO,Terça-feira
1182,24/04/2025,2,CARABOBO,1,UNIVERSIDAD CHILE,1,PRINCIPAL - FUTEBOL MASCULINO,Terça-feira
1182,24/04/2025,3,ATLETICO,1,CUIABA,1,PRINCIPAL - FUTEBOL MASCULINO,Terça-feira
1182,24/04/2025,4,INTERNACIONAL,3,NACIONAL,3,PRINCIPAL - FUTEBOL MASCULINO,Terça-feira
1182,24/04/2025,5,VASCO DA GAMA,0,LANUS,0,PRINCIPAL - FUTEBOL MASCULINO,Terça-feira
1182,24/04/2025,6,COLO COLO,0,RACING/URU,1,PRINCIPAL - FUTEBOL MASCULINO,Terça-feira
1182,24/04/2025,7,BARCELONA,0,UNIVERSITARIO,1,PRINCIPAL - FUTEBOL MASCULINO,Terça-feira
1182,24/04/2025,8,UNIÓN ESPAÑOLA,1,FLUMINENSE,1,PRINCIPAL - FUTEBOL MASCULINO,Quarta-feira
1182,24/04/2025,9,OLIMPIA,0,PENAROL,0,PRINCIPAL - FUTEBOL MASCULINO,Quarta-feira
1182,24/04/2025,10,HURACAN,0,AMERICA DE CALI,0,PRINCIPAL - FUTEBOL MASCULINO,Quarta-feira
1182,24/04/2025,11,GOIAS,1,PAYSANDU,1,PRINCIPAL - FUTEBOL MASCULINO,Quarta-feira
1182,24/04/2025,12,LIBERTAD,0,SAO PAULO,2,PRINCIPAL - FUTEBOL MASCULINO,Quarta-feira
1182,24/04/2025,13,CARACAS,1,ATLETICO,1,PRINCIPAL - FUTEBOL MASCULINO,Quarta-feira
1182,24/04/2025,14,ESTUDIANTES,1,BOTAFOGO,0,PRINCIPAL - FUTEBOL MASCULINO,Quarta-feira
1183,28/04/2025,1,FLAMENGO,4,CORINTHIANS,0,PRINCIPAL - FUTEBOL MASCULINO,Domingo
1183,28/04/2025,2,INTERNACIONAL,3,JUVENTUDE,1,PRINCIPAL - FUTEBOL MASCULINO,Sábado
1183,28/04/2025,3,CORITIBA,2,OPERARIO,0,PRINCIPAL - FUTEBOL MASCULINO,Sábado
1183,28/04/2025,4,CEARA,1,SAO PAULO,1,PRINCIPAL - FUTEBOL MASCULINO,Sábado
1183,28/04/2025,5,MIRASSOL,2,ATLETICO,2,PRINCIPAL - FUTEBOL MASCULINO,Sábado
1183,28/04/2025,6,AVAI,3,AMERICA,0,PRINCIPAL - FUTEBOL MASCULINO,Sábado
1183,28/04/2025,7,SPORT,0,FORTALEZA,0,PRINCIPAL - FUTEBOL MASCULINO,Sábado
1183,28/04/2025,8,BOTAFOGO,2,FLUMINENSE,0,PRINCIPAL - FUTEBOL MASCULINO,Sábado
1183,28/04/2025,9,CRUZEIRO,1,VASCO DA GAMA,0,PRINCIPAL - FUTEBOL MASCULINO,Domingo
1183,28/04/2025,10,VITORIA,1,GREMIO,1,PRINCIPAL - FUTEBOL MASCULINO,Domingo
1183,28/04/2025,11,PALMEIRAS,0,BAHIA,1,PRINCIPAL - FUTEBOL MASCULINO,Domingo
1183,28/04/2025,12,CUIABA,1,FERROVIARIA,0,PRINCIPAL - FUTEBOL MASCULINO,Domingo
1183,28/04/2025,13,SANTOS,1,BRAGANTINO,2,PRINCIPAL - FUTEBOL MASCULINO,Domingo
1183,28/04/2025,14,NAPOLI,2,TORINO,0,PRINCIPAL - FUTEBOL MASCULINO,Domingo
1184,02/05/2025,1,SAO PAULO,2,NAUTICO,1,PRINCIPAL - FUTEBOL MASCULINO,Terça-feira
1184,02/05/2025,2,RETRO BRASIL,1,FORTALEZA,1,PRINCIPAL - FUTEBOL MASCULINO,Terça-feira
1184,02/05/2025,3,MARINGA,2,ATLETICO,2,PRINCIPAL - FUTEBOL MASCULINO,Terça-feira
1184,02/05/2025,4,FLUMINENSE,1,APARECIDENSE,0,PRINCIPAL - FUTEBOL MASCULINO,Terça-feira
1184,02/05/2025,5,BOTAFOGO,4,CAPITAL,0,PRINCIPAL - FUTEBOL MASCULINO,Quarta-feira
1184,02/05/2025,6,CEARA,0,PALMEIRAS,1,PRINCIPAL - FUTEBOL MASCULINO,Quarta-feira
1184,02/05/2025,7,PAYSANDU,0,BAHIA,1,PRINCIPAL - FUTEBOL MASCULINO,Quarta-feira
1184,02/05/2025,8,CSA,3,GREMIO,2,PRINCIPAL - FUTEBOL MASCULINO,Quarta-feira
1184,02/05/2025,9,NOVORIZONTINO,0,CORINTHIANS,1,PRINCIPAL - FUTEBOL MASCULINO,Quarta-feira
1184,02/05/2025,10,OPERARIO,1,VASCO DA GAMA,1,PRINCIPAL - FUTEBOL MASCULINO,Quinta-feira
1184,02/05/2025,11,BRUSQUE,0,ATHLETICO,0,PRINCIPAL - FUTEBOL MASCULINO,Quinta-feira
1184,02/05/2025,12,BOTAFOGO,0,FLAMENGO,1,PRINCIPAL - FUTEBOL MASCULINO,Quinta-feira
1184,02/05/2025,13,CRICIUMA,1,BRAGANTINO,0,PRINCIPAL - FUTEBOL MASCULINO,Quinta-feira
1184,02/05/2025,14,CRUZEIRO,2,VILA NOVA,0,PRINCIPAL - FUTEBOL MASCULINO,Quinta-feira
1185,05/05/2025,1,CRUZEIRO,2,FLAMENGO,1,PRINCIPAL - FUTEBOL MASCULINO,Domingo
1185,05/05/2025,2,CORINTHIANS,4,INTERNACIONAL,2,PRINCIPAL - FUTEBOL MASCULINO,Sábado
1185,05/05/2025,3,FLUMINENSE,2,SPORT,1,PRINCIPAL - FUTEBOL MASCULINO,Sábado
1185,05/05/2025,4,CEARA,1,VITORIA,0,PRINCIPAL - FUTEBOL MASCULINO,Sábado
1185,05/05/2025,5,BAHIA,1,BOTAFOGO,0,PRINCIPAL - FUTEBOL MASCULINO,Sábado
1185,05/05/2025,6,WEST HAM,1,TOTTENHAM,1,PRINCIPAL - FUTEBOL MASCULINO,Domingo
1185,05/05/2025,7,REAL MADRID,3,CELTA DE VIGO,2,PRINCIPAL - FUTEBOL MASCULINO,Domingo
1185,05/05/2025,8,BRIGHTON,1,NEW CASTLE,1,PRINCIPAL - FUTEBOL MASCULINO,Domingo
1185,05/05/2025,9,VASCO DA GAMA,0,PALMEIRAS,1,PRINCIPAL - FUTEBOL MASCULINO,Domingo
1185,05/05/2025,10,GREMIO,1,SANTOS,0,PRINCIPAL - FUTEBOL MASCULINO,Domingo
1185,05/05/2025,11,CHELSEA,3,LIVERPOOL,1,PRINCIPAL - FUTEBOL MASCULINO,Domingo
1185,05/05/2025,12,ROMA,1,FIORENTINA,0,PRINCIPAL - FUTEBOL MASCULINO,Domingo
1185,05/05/2025,13,CHAPECOENSE,2,CRICIUMA,1,PRINCIPAL - FUTEBOL MASCULINO,Domingo
1185,05/05/2025,14,REAL SOCIEDAD,0,ATHLETIC BILBAO,0,PRINCIPAL - FUTEBOL MASCULINO,Domingo
1186,08/05/2025,1,ALIANZA LIMA,0,SAO PAULO,2,PRINCIPAL - FUTEBOL MASCULINO,Terça-feira
1186,08/05/2025,2,VITORIA,1,DEFENSA Y JUSTICI,1,PRINCIPAL - FUTEBOL MASCULINO,Terça-feira
1186,08/05/2025,3,CARABOBO,1,BOTAFOGO,2,PRINCIPAL - FUTEBOL MASCULINO,Terça-feira
1186,08/05/2025,4,CRB,1,CUIABA,1,PRINCIPAL - FUTEBOL MASCULINO,Terça-feira
1186,08/05/2025,5,CORINTHIANS,1,AMERICA DE CALI,1,PRINCIPAL - FUTEBOL MASCULINO,Terça-feira
1186,08/05/2025,6,FORTALEZA,4,COLO COLO,0,PRINCIPAL - FUTEBOL MASCULINO,Terça-feira
1186,08/05/2025,7,ATHLETIC CLUB,0,VILA NOVA,1,PRINCIPAL - FUTEBOL MASCULINO,Terça-feira
1186,08/05/2025,8,BOSTON RIVER,1,INDEPENDIENTE,5,PRINCIPAL - FUTEBOL MASCULINO,Terça-feira
1186,08/05/2025,9,ACAD PUERTO CABEL,4,VASCO DA GAMA,1,PRINCIPAL - FUTEBOL MASCULINO,Quarta-feira
1186,08/05/2025,10,BAHIA,1,NACIONAL,3,PRINCIPAL - FUTEBOL MASCULINO,Quarta-feira
1186,08/05/2025,11,SAMP CORREA,0,IMPERATRIZ,2,PRINCIPAL - FUTEBOL MASCULINO,Quarta-feira
1186,08/05/2025,12,UNIVERSIDAD CHILE,0,ESTUDIANTES,3,PRINCIPAL - FUTEBOL MASCULINO,Quarta-feira
1186,08/05/2025,13,CERRO PORTENO,0,PALMEIRAS,2,PRINCIPAL - FUTEBOL MASCULINO,Quarta-feira
1186,08/05/2025,14,CENTRAL CÓRDOBA,1,FLAMENGO,1,PRINCIPAL - FUTEBOL MASCULINO,Quarta-feira
1187,12/05/2025,1,BARCELONA,4,REAL MADRID,3,PRINCIPAL - FUTEBOL MASCULINO,Domingo
1187,12/05/2025,2,AVAI,0,ATLETICO,0,PRINCIPAL - FUTEBOL MASCULINO,Sábado
1187,12/05/2025,3,FORTALEZA,5,JUVENTUDE,0,PRINCIPAL - FUTEBOL MASCULINO,Sábado
1187,12/05/2025,4,GOIAS,1,CORITIBA,0,PRINCIPAL - FUTEBOL MASCULINO,Sábado
1187,12/05/2025,5,GREMIO,1,BRAGANTINO,1,PRINCIPAL - FUTEBOL MASCULINO,Sábado
1187,12/05/2025,6,VITORIA,2,VASCO DA GAMA,1,PRINCIPAL - FUTEBOL MASCULINO,Sábado
1187,12/05/2025,7,MIRASSOL,2,CORINTHIANS,1,PRINCIPAL - FUTEBOL MASCULINO,Sábado
1187,12/05/2025,8,ATLETICO MADRID,4,REAL SOCIEDAD,0,PRINCIPAL - FUTEBOL MASCULINO,Sábado
1187,12/05/2025,9,FLAMENGO,1,BAHIA,0,PRINCIPAL - FUTEBOL MASCULINO,Sábado
1187,12/05/2025,10,NEW CASTLE,2,CHELSEA,0,PRINCIPAL - FUTEBOL MASCULINO,Domingo
1187,12/05/2025,11,MANCHESTER UNITED,0,WEST HAM,2,PRINCIPAL - FUTEBOL MASCULINO,Domingo
1187,12/05/2025,12,ATLETICO,3,FLUMINENSE,2,PRINCIPAL - FUTEBOL MASCULINO,Domingo
1187,12/05/2025,13,PALMEIRAS,1,SAO PAULO,0,PRINCIPAL - FUTEBOL MASCULINO,Domingo
1187,12/05/2025,14,BOTAFOGO,4,INTERNACIONAL,0,PRINCIPAL - FUTEBOL MASCULINO,Domingo
1188,15/05/2025,1,SAO PAULO,1,LIBERTAD,1,PRINCIPAL - FUTEBOL MASCULINO,Quarta-feira
1188,15/05/2025,2,GREMIO,1,GODOY CRUZ,1,PRINCIPAL - FUTEBOL MASCULINO,Terça-feira
1188,15/05/2025,3,CLUB UNION S.FE,0,MUSHUC RUNA,1,PRINCIPAL - FUTEBOL MASCULINO,Terça-feira
1188,15/05/2025,4,LANUS,1,VASCO DA GAMA,0,PRINCIPAL - FUTEBOL MASCULINO,Terça-feira
1188,15/05/2025,5,REMO,2,VILA NOVA,0,PRINCIPAL - FUTEBOL MASCULINO,Quarta-feira
1188,15/05/2025,6,FLUMINENSE,2,UNIÓN ESPAÑOLA,0,PRINCIPAL - FUTEBOL MASCULINO,Quarta-feira
1188,15/05/2025,7,VELEZ SARSFIELD,3,SA BULO BULO,0,PRINCIPAL - FUTEBOL MASCULINO,Quarta-feira
1188,15/05/2025,8,ATLETICO NACIONAL,1,BAHIA,0,PRINCIPAL - FUTEBOL MASCULINO,Quarta-feira
1188,15/05/2025,9,AMERICA,2,PAYSANDU,2,PRINCIPAL - FUTEBOL MASCULINO,Quarta-feira
1188,15/05/2025,10,CRUZEIRO,2,PALESTINO,1,PRINCIPAL - FUTEBOL MASCULINO,Quarta-feira
1188,15/05/2025,11,RACING/ARG,4,COLO COLO,0,PRINCIPAL - FUTEBOL MASCULINO,Quarta-feira
1188,15/05/2025,12,UNIVERSITARIO,1,BARCELONA,0,PRINCIPAL - FUTEBOL MASCULINO,Quarta-feira
1188,15/05/2025,13,BOTAFOGO,3,ESTUDIANTES,2,PRINCIPAL - FUTEBOL MASCULINO,Quarta-feira
1188,15/05/2025,14,AMERICA DE CALI,0,HURACAN,0,PRINCIPAL - FUTEBOL MASCULINO,Quarta-feira
1189,19/05/2025,1,SAO PAULO,2,GREMIO,1,PRINCIPAL - FUTEBOL MASCULINO,Sábado
1189,19/05/2025,2,CEARA,2,SPORT,0,PRINCIPAL - FUTEBOL MASCULINO,Sábado
1189,19/05/2025,3,OPERARIO,3,BOTAFOGO,0,PRINCIPAL - FUTEBOL MASCULINO,Sábado
1189,19/05/2025,4,VILA NOVA,2,ATHLETICO,1,PRINCIPAL - FUTEBOL MASCULINO,Sábado
1189,19/05/2025,5,VASCO DA GAMA,3,FORTALEZA,0,PRINCIPAL - FUTEBOL MASCULINO,Sábado
1189,19/05/2025,6,ATHLETIC CLUB,0,NOVORIZONTINO,2,PRINCIPAL - FUTEBOL MASCULINO,Sábado
1189,19/05/2025,7,ATLETICO,1,REMO,1,PRINCIPAL - FUTEBOL MASCULINO,Domingo
1189,19/05/2025,8,BAHIA,2,VITORIA,1,PRINCIPAL - FUTEBOL MASCULINO,Domingo
1189,19/05/2025,9,CORINTHIANS,1,SANTOS,0,PRINCIPAL - FUTEBOL MASCULINO,Domingo
1189,19/05/2025,10,JUVENTUDE,1,FLUMINENSE,1,PRINCIPAL - FUTEBOL MASCULINO,Domingo
1189,19/05/2025,11,FLAMENGO,0,BOTAFOGO,0,PRINCIPAL - FUTEBOL MASCULINO,Domingo
1189,19/05/2025,12,CRUZEIRO,0,ATLETICO,0,PRINCIPAL - FUTEBOL MASCULINO,Domingo
1189,19/05/2025,13,PAYSANDU,0,GOIAS,0,PRINCIPAL - FUTEBOL MASCULINO,Domingo
1189,19/05/2025,14,BRAGANTINO,1,PALMEIRAS,2,PRINCIPAL - FUTEBOL MASCULINO,Domingo
1190,22/05/2025,1,FLAMENGO,4,BOTAFOGO,2,PRINCIPAL - FUTEBOL MASCULINO,Quarta-feira
1190,22/05/2025,2,VASCO DA GAMA,1,OPERARIO,1,PRINCIPAL - FUTEBOL MASCULINO,Terça-feira
1190,22/05/2025,3,ATHLETICO,1,BRUSQUE,0,PRINCIPAL - FUTEBOL MASCULINO,Terça-feira
1190,22/05/2025,4,NAUTICO,1,SAO PAULO,2,PRINCIPAL - FUTEBOL MASCULINO,Terça-feira
1190,22/05/2025,5,GREMIO,0,CSA,0,PRINCIPAL - FUTEBOL MASCULINO,Terça-feira
1190,22/05/2025,6,TOTTENHAM,1,MANCHESTER UNITED,0,PRINCIPAL - FUTEBOL MASCULINO,Quarta-feira
1190,22/05/2025,7,SAMP CORREA,1,MARANHAO,1,PRINCIPAL - FUTEBOL MASCULINO,Quarta-feira
1190,22/05/2025,8,FORTALEZA,1,RETRO BRASIL,1,PRINCIPAL - FUTEBOL MASCULINO,Quarta-feira
1190,22/05/2025,9,APARECIDENSE,1,FLUMINENSE,4,PRINCIPAL - FUTEBOL MASCULINO,Quarta-feira
1190,22/05/2025,10,BAHIA,4,PAYSANDU,0,PRINCIPAL - FUTEBOL MASCULINO,Quarta-feira
1190,22/05/2025,11,TREM,1,INDENPENDENCIA/AC,2,PRINCIPAL - FUTEBOL MASCULINO,Quarta-feira
1190,22/05/2025,12,RIO BRANCO,2,VITORIA,2,PRINCIPAL - FUTEBOL MASCULINO,Quarta-feira
1190,22/05/2025,13,ATLETICO,4,MARINGA,0,PRINCIPAL - FUTEBOL MASCULINO,Quarta-feira
1190,22/05/2025,14,CORINTHIANS,1,NOVORIZONTINO,0,PRINCIPAL - FUTEBOL MASCULINO,Quarta-feira
1191,26/05/2025,1,PALMEIRAS,0,FLAMENGO,2,PRINCIPAL - FUTEBOL MASCULINO,Domingo
1191,26/05/2025,2,SAO PAULO,0,MIRASSOL,2,PRINCIPAL - FUTEBOL MASCULINO,Sábado
1191,26/05/2025,3,FLUMINENSE,2,VASCO DA GAMA,1,PRINCIPAL - FUTEBOL MASCULINO,Sábado
1191,26/05/2025,4,ATLETICO,0,CORINTHIANS,0,PRINCIPAL - FUTEBOL MASCULINO,Sábado
1191,26/05/2025,5,GREMIO,1,BAHIA,0,PRINCIPAL - FUTEBOL MASCULINO,Domingo
1191,26/05/2025,6,SPORT,1,INTERNACIONAL,1,PRINCIPAL - FUTEBOL MASCULINO,Domingo
1191,26/05/2025,7,LIVERPOOL,1,CRYSTAL PALACE,1,PRINCIPAL - FUTEBOL MASCULINO,Domingo
1191,26/05/2025,8,NOTTINGHAM FOREST,0,CHELSEA,1,PRINCIPAL - FUTEBOL MASCULINO,Domingo
1191,26/05/2025,9,FULHAM,0,MANCHESTER CITY,2,PRINCIPAL - FUTEBOL MASCULINO,Domingo
1191,26/05/2025,10,MANCHESTER UNITED,2,ASTON VILLA,0,PRINCIPAL - FUTEBOL MASCULINO,Domingo
1191,26/05/2025,11,AVAI,2,CHAPECOENSE,1,PRINCIPAL - FUTEBOL MASCULINO,Sábado
1191,26/05/2025,12,ATHLETIC BILBAO,0,BARCELONA,3,PRINCIPAL - FUTEBOL MASCULINO,Domingo
1191,26/05/2025,13,FORTALEZA,0,CRUZEIRO,2,PRINCIPAL - FUTEBOL MASCULINO,Domingo
1191,26/05/2025,14,VITORIA,0,SANTOS,1,PRINCIPAL - FUTEBOL MASCULINO,Domingo
1192,29/05/2025,1,HURACAN,1,CORINTHIANS,0,PRINCIPAL - FUTEBOL MASCULINO,Terça-feira
1192,29/05/2025,2,LIBERTAD,2,ALIANZA LIMA,2,PRINCIPAL - FUTEBOL MASCULINO,Terça-feira
1192,29/05/2025,3,SAO PAULO,2,TALLERES,1,PRINCIPAL - FUTEBOL MASCULINO,Terça-feira
1192,29/05/2025,4,AMERICA,2,ATLETICO,1,PRINCIPAL - FUTEBOL MASCULINO,Terça-feira
1192,29/05/2025,5,ESTUDIANTES,2,CARABOBO,0,PRINCIPAL - FUTEBOL MASCULINO,Terça-feira
1192,29/05/2025,6,RIVER PLATE,1,UNIVERSITARIO,1,PRINCIPAL - FUTEBOL MASCULINO,Terça-feira
1192,29/05/2025,7,BOTAFOGO,1,UNIVERSIDAD CHILE,0,PRINCIPAL - FUTEBOL MASCULINO,Terça-feira
1192,29/05/2025,8,INDEP. DEL VALLE,2,BARCELONA,1,PRINCIPAL - FUTEBOL MASCULINO,Terça-feira
1192,29/05/2025,9,NACIONAL,1,ATLETICO NACIONAL,0,PRINCIPAL - FUTEBOL MASCULINO,Quarta-feira
1192,29/05/2025,10,INTERNACIONAL,2,BAHIA,1,PRINCIPAL - FUTEBOL MASCULINO,Quarta-feira
1192,29/05/2025,11,UNIV CAT EQUADOR,1,VITORIA,0,PRINCIPAL - FUTEBOL MASCULINO,Quarta-feira
1192,29/05/2025,12,FLAMENGO,1,DEPORTIVO TACHIRA,0,PRINCIPAL - FUTEBOL MASCULINO,Quarta-feira
1192,29/05/2025,13,PALMEIRAS,6,SPORTING CRISTAL,0,PRINCIPAL - FUTEBOL MASCULINO,Quarta-feira
1192,29/05/2025,14,CRUZEIRO,0,CLUB UNION S.FE,0,PRINCIPAL - FUTEBOL MASCULINO,Quarta-feira
1193,02/06/2025,1,BAHIA,2,SAO PAULO,1,PRINCIPAL - FUTEBOL MASCULINO,Sábado
1193,02/06/2025,2,CORITIBA,2,AVAI,1,PRINCIPAL - FUTEBOL MASCULINO,Sábado
1193,02/06/2025,3,ABC,0,NAUTICO,0,PRINCIPAL - FUTEBOL MASCULINO,Sábado
1193,02/06/2025,4,ATLETICO,1,GOIAS,2,PRINCIPAL - FUTEBOL MASCULINO,Sábado
1193,02/06/2025,5,ATHLETIC CLUB,0,CUIABA,2,PRINCIPAL - FUTEBOL MASCULINO,Sábado
1193,02/06/2025,6,VASCO DA GAMA,0,BRAGANTINO,2,PRINCIPAL - FUTEBOL MASCULINO,Sábado
1193,02/06/2025,7,PSG,5,INTER DE MILAO,0,PRINCIPAL - FUTEBOL MASCULINO,Sábado
1193,02/06/2025,8,MIRASSOL,1,SPORT,0,PRINCIPAL - FUTEBOL MASCULINO,Domingo
1193,02/06/2025,9,SANTOS,0,BOTAFOGO,1,PRINCIPAL - FUTEBOL MASCULINO,Domingo
1193,02/06/2025,10,JUVENTUDE,0,GREMIO,2,PRINCIPAL - FUTEBOL MASCULINO,Domingo
1193,02/06/2025,11,CRB,2,REMO,0,PRINCIPAL - FUTEBOL MASCULINO,Domingo
1193,02/06/2025,12,CORINTHIANS,0,VITORIA,0,PRINCIPAL - FUTEBOL MASCULINO,Domingo
1193,02/06/2025,13,CEARA,0,ATLETICO,1,PRINCIPAL - FUTEBOL MASCULINO,Domingo
1193,02/06/2025,14,MARING,1,ITUANO,1,PRINCIPAL - FUTEBOL MASCULINO,Domingo
1194,09/06/2025,1,ATHLETICO,0,ATLETICO,1,PRINCIPAL - FUTEBOL MASCULINO,Domingo
1194,09/06/2025,2,AMERICA,1,FERROVIARIA,2,PRINCIPAL - FUTEBOL MASCULINO,Sábado
1194,09/06/2025,3,PORT DESPORT,1,NOVA IGUACU,0,PRINCIPAL - FUTEBOL MASCULINO,Sábado
1194,09/06/2025,4,AZURIZ,1,SAO JOSE,3,PRINCIPAL - FUTEBOL MASCULINO,Domingo
1194,09/06/2025,5,AMERICA,0,CSA,1,PRINCIPAL - FUTEBOL MASCULINO,Sábado
1194,09/06/2025,6,JUAZEIRENSE,0,CONFIANCA,0,PRINCIPAL - FUTEBOL MASCULINO,Sábado
1194,09/06/2025,7,BAHIA,3,NAUTICO,1,PRINCIPAL - FUTEBOL MASCULINO,Sábado
1194,09/06/2025,8,SAMP CORREA,1,CEARA,2,PRINCIPAL - FUTEBOL MASCULINO,Sábado
1194,09/06/2025,9,CENTRAL,1,TREZE,0,PRINCIPAL - FUTEBOL MASCULINO,Domingo
1194,09/06/2025,10,AVAI,1,CRB,0,PRINCIPAL - FUTEBOL MASCULINO,Sábado
1194,09/06/2025,11,GOIAS,2,VOLTA REDONDA,0,PRINCIPAL - FUTEBOL MASCULINO,Domingo
1194,09/06/2025,12,MARACANA,2,IMPERATRIZ,3,PRINCIPAL - FUTEBOL MASCULINO,Domingo
1194,09/06/2025,13,JEQUIE BA,0,PENEDENSE AL,0,PRINCIPAL - FUTEBOL MASCULINO,Domingo
1194,09/06/2025,14,REMO,2,OPERARIO,1,PRINCIPAL - FUTEBOL MASCULINO,Domingo
1195,12/06/2025,1,BRASIL,1,PARAGUAI,0,PRINCIPAL - FUTEBOL MASCULINO,Terça-feira
1195,12/06/2025,2,FINLANDIA,2,POLONIA,1,PRINCIPAL - FUTEBOL MASCULINO,Terça-feira
1195,12/06/2025,3,SERVIA/SER,3,ANDORRA,0,PRINCIPAL - FUTEBOL MASCULINO,Terça-feira
1195,12/06/2025,4,HOLANDA,8,MALTA,0,PRINCIPAL - FUTEBOL MASCULINO,Terça-feira
1195,12/06/2025,5,BOLIVIA,2,CHILE,0,PRINCIPAL - FUTEBOL MASCULINO,Terça-feira
1195,12/06/2025,6,URUGUAI,2,VENEZUELA,0,PRINCIPAL - FUTEBOL MASCULINO,Terça-feira
1195,12/06/2025,7,JAMAICA,3,GUATEMALA,0,PRINCIPAL - FUTEBOL MASCULINO,Terça-feira
1195,12/06/2025,8,ARGENTINA,1,COLOMBIA,1,PRINCIPAL - FUTEBOL MASCULINO,Terça-feira
1195,12/06/2025,9,PANAMA,3,NICARAGUA,0,PRINCIPAL - FUTEBOL MASCULINO,Terça-feira
1195,12/06/2025,10,PERU,0,EQUADOR,0,PRINCIPAL - FUTEBOL MASCULINO,Terça-feira
1195,12/06/2025,11,VILAVELHENSE,0,RIO BRANCO,0,PRINCIPAL - FUTEBOL MASCULINO,Quarta-feira
1195,12/06/2025,12,JUAZEIRENSE,2,LAGARTO FC,1,PRINCIPAL - FUTEBOL MASCULINO,Quarta-feira
1195,12/06/2025,13,ALTOS,1,SAMP CORREA,1,PRINCIPAL - FUTEBOL MASCULINO,Quarta-feira
1195,12/06/2025,14,SOUSA,1,AMERICA,0,PRINCIPAL - FUTEBOL MASCULINO,Quarta-feira
1196,16/06/2025,1,PALMEIRAS,0,FC PORTO,0,PRINCIPAL - FUTEBOL MASCULINO,Domingo
1196,16/06/2025,2,CRB,2,GOIAS,0,PRINCIPAL - FUTEBOL MASCULINO,Sábado
1196,16/06/2025,3,ITUANO,1,SAO BERNARDO,1,PRINCIPAL - FUTEBOL MASCULINO,Sábado
1196,16/06/2025,4,PONTE PRETA,0,ABC,0,PRINCIPAL - FUTEBOL MASCULINO,Sábado
1196,16/06/2025,5,ATHLETICO,2,REMO,1,PRINCIPAL - FUTEBOL MASCULINO,Sábado
1196,16/06/2025,6,ANAPOLIS,0,RETRO BRASIL,0,PRINCIPAL - FUTEBOL MASCULINO,Sábado
1196,16/06/2025,7,ATHLETIC CLUB,2,OPERARIO,1,PRINCIPAL - FUTEBOL MASCULINO,Sábado
1196,16/06/2025,8,BAYERN DE MUNIQUE,10,AUCKLAND CITY/NZ,0,PRINCIPAL - FUTEBOL MASCULINO,Domingo
1196,16/06/2025,9,NOVORIZONTINO,3,CUIABA,0,PRINCIPAL - FUTEBOL MASCULINO,Domingo
1196,16/06/2025,10,PSG,4,ATLETICO MADRID,0,PRINCIPAL - FUTEBOL MASCULINO,Domingo
1196,16/06/2025,11,ATLETICO,0,CORITIBA,0,PRINCIPAL - FUTEBOL MASCULINO,Domingo
1196,16/06/2025,12,YPIRANGA,1,CONFIANCA,0,PRINCIPAL - FUTEBOL MASCULINO,Domingo
1196,16/06/2025,13,CRICIUMA,3,AMAZONAS,2,PRINCIPAL - FUTEBOL MASCULINO,Domingo
1196,16/06/2025,14,BOTAFOGO,2,SEATTLE SOUNDERS,1,PRINCIPAL - FUTEBOL MASCULINO,Domingo
1197,20/06/2025,1,REAL MADRID,1,AL-HILAL,1,PRINCIPAL - FUTEBOL MASCULINO,Quarta-feira
1197,20/06/2025,2,VOLTA REDONDA,1,AVAI,1,PRINCIPAL - FUTEBOL MASCULINO,Terça-feira
1197,20/06/2025,3,MONTERREY,1,INTER DE MILAO,1,PRINCIPAL - FUTEBOL MASCULINO,Terça-feira
1197,20/06/2025,4,MANCHESTER CITY,2,WYDAD ATHLETIC CL,0,PRINCIPAL - FUTEBOL MASCULINO,Quarta-feira
1197,20/06/2025,5,INTER LIMEIRA,3,BOTAFOGO,0,PRINCIPAL - FUTEBOL MASCULINO,Quarta-feira
1197,20/06/2025,6,RIO BRANCO,2,REAL NOROESTE,3,PRINCIPAL - FUTEBOL MASCULINO,Quarta-feira
1197,20/06/2025,7,PACHUCA,1,RED BULL SALZBURG,2,PRINCIPAL - FUTEBOL MASCULINO,Quarta-feira
1197,20/06/2025,8,LINHARES,1,CAPIXABA,3,PRINCIPAL - FUTEBOL MASCULINO,Quarta-feira
1197,20/06/2025,9,AL-AIN FC,0,JUVENTUS,5,PRINCIPAL - FUTEBOL MASCULINO,Quarta-feira
1197,20/06/2025,10,PALMEIRAS,2,AL-AHLY SPORTING,0,PRINCIPAL - FUTEBOL MASCULINO,Quinta-feira
1197,20/06/2025,11,TREZE,1,SANTA CRUZ,2,PRINCIPAL - FUTEBOL MASCULINO,Quinta-feira
1197,20/06/2025,12,INTER MIAMI,2,FC PORTO,1,PRINCIPAL - FUTEBOL MASCULINO,Quinta-feira
1197,20/06/2025,13,SEATTLE SOUNDERS,1,ATLETICO MADRID,3,PRINCIPAL - FUTEBOL MASCULINO,Quinta-feira
1197,20/06/2025,14,PSG,0,BOTAFOGO,1,PRINCIPAL - FUTEBOL MASCULINO,Quinta-feira
1198,23/06/2025,1,FLUMINENSE,4,ULSAN HD FOOTBALL,2,PRINCIPAL - FUTEBOL MASCULINO,Sábado
1198,23/06/2025,2,CAPIXABA,0,RIO BRANCO,0,PRINCIPAL - FUTEBOL MASCULINO,Sábado
1198,23/06/2025,3,AVAI,1,ATHLETICO,2,PRINCIPAL - FUTEBOL MASCULINO,Sábado
1198,23/06/2025,4,FRANCANA,0,INTER LIMEIRA,0,PRINCIPAL - FUTEBOL MASCULINO,Sábado
1198,23/06/2025,5,PORTO VITORIA/ES,2,VITORIA,1,PRINCIPAL - FUTEBOL MASCULINO,Sábado
1198,23/06/2025,6,REMO,0,PAYSANDU,1,PRINCIPAL - FUTEBOL MASCULINO,Sábado
1198,23/06/2025,7,FERROVIARIA,1,CRB,0,PRINCIPAL - FUTEBOL MASCULINO,Sábado
1198,23/06/2025,8,RIVER PLATE,0,MONTERREY,0,PRINCIPAL - FUTEBOL MASCULINO,Sábado
1198,23/06/2025,9,PORTUGUESA SANTIS,2,OESTE,0,PRINCIPAL - FUTEBOL MASCULINO,Domingo
1198,23/06/2025,10,CORITIBA,2,CUIABA,0,PRINCIPAL - FUTEBOL MASCULINO,Domingo
1198,23/06/2025,11,REAL MADRID,3,PACHUCA,1,PRINCIPAL - FUTEBOL MASCULINO,Domingo
1198,23/06/2025,12,ATLETICO,2,VOLTA REDONDA,0,PRINCIPAL - FUTEBOL MASCULINO,Domingo
1198,23/06/2025,13,AMAZONAS,2,VILA NOVA,1,PRINCIPAL - FUTEBOL MASCULINO,Domingo
1198,23/06/2025,14,MANCHESTER CITY,6,AL-AIN FC,0,PRINCIPAL - FUTEBOL MASCULINO,Domingo
1199,26/06/2025,1,LOS ANGELES,1,FLAMENGO,1,PRINCIPAL - FUTEBOL MASCULINO,Terça-feira
1199,26/06/2025,2,PANAMA,4,JAMAICA,1,PRINCIPAL - FUTEBOL MASCULINO,Terça-feira
1199,26/06/2025,3,GUADALUPE,2,GUATEMALA,3,PRINCIPAL - FUTEBOL MASCULINO,Terça-feira
1199,26/06/2025,4,ESPERANCE TUNIS,0,CHELSEA,3,PRINCIPAL - FUTEBOL MASCULINO,Terça-feira
1199,26/06/2025,5,HONDURAS,2,CURAÇAO,1,PRINCIPAL - FUTEBOL MASCULINO,Terça-feira
1199,26/06/2025,6,CANADA,2,EL SALVADOR,0,PRINCIPAL - FUTEBOL MASCULINO,Terça-feira
1199,26/06/2025,7,BOTAFOGO,1,UNIAO S JOAO,1,PRINCIPAL - FUTEBOL MASCULINO,Quarta-feira
1199,26/06/2025,8,LINHARES,0,RIO BRANCO,4,PRINCIPAL - FUTEBOL MASCULINO,Quarta-feira
1199,26/06/2025,9,DORTMUND,1,ULSAN HD FOOTBALL,0,PRINCIPAL - FUTEBOL MASCULINO,Quarta-feira
1199,26/06/2025,10,MAMELODI,0,FLUMINENSE,0,PRINCIPAL - FUTEBOL MASCULINO,Quarta-feira
1199,26/06/2025,11,LINENSE,0,MONTE AZUL,0,PRINCIPAL - FUTEBOL MASCULINO,Quarta-feira
1199,26/06/2025,12,REAL NOROESTE,3,SERRA,4,PRINCIPAL - FUTEBOL MASCULINO,Quarta-feira
1199,26/06/2025,13,GUABIRA,3,ORIENTE PETROLERO,3,PRINCIPAL - FUTEBOL MASCULINO,Quarta-feira
1199,26/06/2025,14,INTER DE MILAO,2,RIVER PLATE,0,PRINCIPAL - FUTEBOL MASCULINO,Quarta-feira
1200,30/06/2025,1,ATHLETICO,0,CORITIBA,1,PRINCIPAL - FUTEBOL MASCULINO,Sábado
1200,30/06/2025,2,VILA NOVA,1,ATLETICO,0,PRINCIPAL - FUTEBOL MASCULINO,Sábado
1200,30/06/2025,3,RETRO BRASIL,0,LONDRINA,4,PRINCIPAL - FUTEBOL MASCULINO,Sábado
1200,30/06/2025,4,GUARANI,1,CSA,0,PRINCIPAL - FUTEBOL MASCULINO,Sábado
1200,30/06/2025,5,MARINGA,0,PONTE PRETA,1,PRINCIPAL - FUTEBOL MASCULINO,Sábado
1200,30/06/2025,6,SAO BERNARDO,3,ANAPOLIS,0,PRINCIPAL - FUTEBOL MASCULINO,Sábado
1200,30/06/2025,7,ATHLETIC CLUB,1,REMO,2,PRINCIPAL - FUTEBOL MASCULINO,Domingo
1200,30/06/2025,8,VOLTA REDONDA,1,OPERARIO,0,PRINCIPAL - FUTEBOL MASCULINO,Domingo
1200,30/06/2025,9,FIGUEIRENSE,1,CONFIANCA,1,PRINCIPAL - FUTEBOL MASCULINO,Domingo
1200,30/06/2025,10,ABC,0,YPIRANGA,3,PRINCIPAL - FUTEBOL MASCULINO,Domingo
1200,30/06/2025,11,CAXIAS,2,ITUANO,1,PRINCIPAL - FUTEBOL MASCULINO,Domingo
1200,30/06/2025,12,CHAPECOENSE,1,GOIAS,2,PRINCIPAL - FUTEBOL MASCULINO,Domingo
1200,30/06/2025,13,TOMBENSE,0,NAUTICO,2,PRINCIPAL - FUTEBOL MASCULINO,Domingo
1200,30/06/2025,14,NOVORIZONTINO,1,AMAZONAS,1,PRINCIPAL - FUTEBOL MASCULINO,Domingo
1201,07/07/2025,1,BOTAFOGO,0,NOVORIZONTINO,0,PRINCIPAL - FUTEBOL MASCULINO,Domingo
1201,07/07/2025,2,REMO,0,CUIABA,0,PRINCIPAL - FUTEBOL MASCULINO,Sábado
1201,07/07/2025,3,ITUANO,2,RETRO BRASIL,0,PRINCIPAL - FUTEBOL MASCULINO,Sábado
1201,07/07/2025,4,NAUTICO,0,FLORESTA,0,PRINCIPAL - FUTEBOL MASCULINO,Sábado
1201,07/07/2025,5,FERROVIARIO,0,SOUSA,0,PRINCIPAL - FUTEBOL MASCULINO,Sábado
1201,07/07/2025,6,AVAI,0,PAYSANDU,0,PRINCIPAL - FUTEBOL MASCULINO,Sábado
1201,07/07/2025,7,CONFIANCA,1,ABC,1,PRINCIPAL - FUTEBOL MASCULINO,Sábado
1201,07/07/2025,8,CSA,2,CAXIAS,3,PRINCIPAL - FUTEBOL MASCULINO,Sábado
1201,07/07/2025,9,AMAZONAS,0,ATHLETICO,1,PRINCIPAL - FUTEBOL MASCULINO,Sábado
1201,07/07/2025,10,FERROVIARIA,1,VILA NOVA,3,PRINCIPAL - FUTEBOL MASCULINO,Domingo
1201,07/07/2025,11,ANAPOLIS,1,ITABAIANA,0,PRINCIPAL - FUTEBOL MASCULINO,Domingo
1201,07/07/2025,12,LONDRINA,1,GUARANI,1,PRINCIPAL - FUTEBOL MASCULINO,Domingo
1201,07/07/2025,13,YPIRANGA,0,MARINGA,0,PRINCIPAL - FUTEBOL MASCULINO,Domingo
1201,07/07/2025,14,BRUSQUE,0,FIGUEIRENSE,2,PRINCIPAL - FUTEBOL MASCULINO,Domingo
1202,14/07/2025,1,FLAMENGO,2,SAO PAULO,0,PRINCIPAL - FUTEBOL MASCULINO,Sábado
1202,14/07/2025,2,NOVORIZONTINO,3,AMERICA,1,PRINCIPAL - FUTEBOL MASCULINO,Sábado
1202,14/07/2025,3,INTERNACIONAL,1,VITORIA,0,PRINCIPAL - FUTEBOL MASCULINO,Sábado
1202,14/07/2025,4,SAO BERNARDO,2,PONTE PRETA,0,PRINCIPAL - FUTEBOL MASCULINO,Sábado
1202,14/07/2025,5,PAYSANDU,2,ATLETICO,2,PRINCIPAL - FUTEBOL MASCULINO,Sábado
1202,14/07/2025,6,VASCO DA GAMA,0,BOTAFOGO,2,PRINCIPAL - FUTEBOL MASCULINO,Sábado
1202,14/07/2025,7,ATHLETICO,0,GOIAS,1,PRINCIPAL - FUTEBOL MASCULINO,Sábado
1202,14/07/2025,8,BAHIA,2,ATLETICO,1,PRINCIPAL - FUTEBOL MASCULINO,Sábado
1202,14/07/2025,9,CHAPECOENSE,1,REMO,1,PRINCIPAL - FUTEBOL MASCULINO,Domingo
1202,14/07/2025,10,FIGUEIRENSE,0,NAUTICO,0,PRINCIPAL - FUTEBOL MASCULINO,Domingo
1202,14/07/2025,11,CORINTHIANS,1,BRAGANTINO,2,PRINCIPAL - FUTEBOL MASCULINO,Domingo
1202,14/07/2025,12,CRICIUMA,2,FERROVIARIA,1,PRINCIPAL - FUTEBOL MASCULINO,Domingo
1202,14/07/2025,13,CRUZEIRO,4,GREMIO,1,PRINCIPAL - FUTEBOL MASCULINO,Domingo
1202,14/07/2025,14,FORTALEZA,0,CEARA,1,PRINCIPAL - FUTEBOL MASCULINO,Domingo
1203,21/07/2025,1,FLAMENGO,1,FLUMINENSE,0,PRINCIPAL - FUTEBOL MASCULINO,Domingo
1203,21/07/2025,2,FORTALEZA,1,BAHIA,1,PRINCIPAL - FUTEBOL MASCULINO,Sábado
1203,21/07/2025,3,GOIAS,3,CUIABA,1,PRINCIPAL - FUTEBOL MASCULINO,Sábado
1203,21/07/2025,4,VASCO DA GAMA,1,GREMIO,1,PRINCIPAL - FUTEBOL MASCULINO,Sábado
1203,21/07/2025,5,MIRASSOL,3,SANTOS,0,PRINCIPAL - FUTEBOL MASCULINO,Sábado
1203,21/07/2025,6,CORITIBA,2,PAYSANDU,5,PRINCIPAL - FUTEBOL MASCULINO,Sábado
1203,21/07/2025,7,AVAI,1,VILA NOVA,1,PRINCIPAL - FUTEBOL MASCULINO,Sábado
1203,21/07/2025,8,SAO PAULO,2,CORINTHIANS,0,PRINCIPAL - FUTEBOL MASCULINO,Sábado
1203,21/07/2025,9,INTERNACIONAL,1,CEARA,0,PRINCIPAL - FUTEBOL MASCULINO,Domingo
1203,21/07/2025,10,VITORIA,1,BRAGANTINO,0,PRINCIPAL - FUTEBOL MASCULINO,Domingo
1203,21/07/2025,11,CRUZEIRO,4,JUVENTUDE,0,PRINCIPAL - FUTEBOL MASCULINO,Domingo
1203,21/07/2025,12,SPORT,0,BOTAFOGO,1,PRINCIPAL - FUTEBOL MASCULINO,Domingo
1203,21/07/2025,13,PALMEIRAS,3,ATLETICO,2,PRINCIPAL - FUTEBOL MASCULINO,Domingo
1203,21/07/2025,14,AMERICA,0,CHAPECOENSE,1,PRINCIPAL - FUTEBOL MASCULINO,Domingo
1204,28/07/2025,1,FLAMENGO,1,ATLETICO,0,PRINCIPAL - FUTEBOL MASCULINO,Domingo
1204,28/07/2025,2,FORTALEZA,3,BRAGANTINO,1,PRINCIPAL - FUTEBOL MASCULINO,Sábado
1204,28/07/2025,3,SPORT,2,SANTOS,2,PRINCIPAL - FUTEBOL MASCULINO,Sábado
1204,28/07/2025,4,BOTAFOGO,1,CORINTHIANS,1,PRINCIPAL - FUTEBOL MASCULINO,Sábado
1204,28/07/2025,5,MIRASSOL,1,VITORIA,1,PRINCIPAL - FUTEBOL MASCULINO,Sábado
1204,28/07/2025,6,CRB,4,NOVORIZONTINO,0,PRINCIPAL - FUTEBOL MASCULINO,Sábado
1204,28/07/2025,7,PALMEIRAS,1,GREMIO,0,PRINCIPAL - FUTEBOL MASCULINO,Sábado
1204,28/07/2025,8,CORITIBA,1,AMAZONAS,1,PRINCIPAL - FUTEBOL MASCULINO,Domingo
1204,28/07/2025,9,CRUZEIRO,1,CEARA,2,PRINCIPAL - FUTEBOL MASCULINO,Domingo
1204,28/07/2025,10,SAO PAULO,3,FLUMINENSE,1,PRINCIPAL - FUTEBOL MASCULINO,Domingo
1204,28/07/2025,11,BAHIA,3,JUVENTUDE,0,PRINCIPAL - FUTEBOL MASCULINO,Domingo
1204,28/07/2025,12,INTERNACIONAL,1,VASCO DA GAMA,1,PRINCIPAL - FUTEBOL MASCULINO,Domingo
1204,28/07/2025,13,AMERICA,2,ATHLETICO,2,PRINCIPAL - FUTEBOL MASCULINO,Domingo
1204,28/07/2025,14,ATLETICO,0,CHAPECOENSE,0,PRINCIPAL - FUTEBOL MASCULINO,Domingo
1205,04/08/2025,1,CEARA,1,FLAMENGO,1,PRINCIPAL - FUTEBOL MASCULINO,Domingo
1205,04/08/2025,2,SPORT,0,BAHIA,0,PRINCIPAL - FUTEBOL MASCULINO,Sábado
1205,04/08/2025,3,NOVORIZONTINO,1,AVAI,1,PRINCIPAL - FUTEBOL MASCULINO,Sábado
1205,04/08/2025,4,BOTAFOGO,2,AMERICA,1,PRINCIPAL - FUTEBOL MASCULINO,Sábado
1205,04/08/2025,5,MIRASSOL,3,VASCO DA GAMA,2,PRINCIPAL - FUTEBOL MASCULINO,Sábado
1205,04/08/2025,6,AMAZONAS,2,GOIAS,2,PRINCIPAL - FUTEBOL MASCULINO,Sábado
1205,04/08/2025,7,FLUMINENSE,1,GREMIO,0,PRINCIPAL - FUTEBOL MASCULINO,Sábado
1205,04/08/2025,8,CORINTHIANS,1,FORTALEZA,1,PRINCIPAL - FUTEBOL MASCULINO,Domingo
1205,04/08/2025,9,CHAPECOENSE,3,CRB,2,PRINCIPAL - FUTEBOL MASCULINO,Domingo
1205,04/08/2025,10,BOTAFOGO,0,CRUZEIRO,2,PRINCIPAL - FUTEBOL MASCULINO,Domingo
1205,04/08/2025,11,ATHLETICO,1,PAYSANDU,1,PRINCIPAL - FUTEBOL MASCULINO,Domingo
1205,04/08/2025,12,ATLETICO,2,BRAGANTINO,1,PRINCIPAL - FUTEBOL MASCULINO,Domingo
1205,04/08/2025,13,VITORIA,2,PALMEIRAS,2,PRINCIPAL - FUTEBOL MASCULINO,Domingo
1205,04/08/2025,14,INTERNACIONAL,1,SAO PAULO,2,PRINCIPAL - FUTEBOL MASCULINO,Domingo
1206,11/08/2025,1,FLAMENGO,2,MIRASSOL,1,PRINCIPAL - FUTEBOL MASCULINO,Sábado
1206,11/08/2025,2,AMERICA,0,REMO,1,PRINCIPAL - FUTEBOL MASCULINO,Sábado
1206,11/08/2025,3,SAO PAULO,2,VITORIA,0,PRINCIPAL - FUTEBOL MASCULINO,Sábado
1206,11/08/2025,4,GOIAS,2,OPERARIO,1,PRINCIPAL - FUTEBOL MASCULINO,Sábado
1206,11/08/2025,5,BRAGANTINO,1,INTERNACIONAL,3,PRINCIPAL - FUTEBOL MASCULINO,Sábado
1206,11/08/2025,6,VOLTA REDONDA,0,NOVORIZONTINO,0,PRINCIPAL - FUTEBOL MASCULINO,Sábado
1206,11/08/2025,7,FORTALEZA,0,BOTAFOGO,5,PRINCIPAL - FUTEBOL MASCULINO,Sábado
1206,11/08/2025,8,BAHIA,3,FLUMINENSE,3,PRINCIPAL - FUTEBOL MASCULINO,Sábado
1206,11/08/2025,9,PALMEIRAS,2,CEARA,1,PRINCIPAL - FUTEBOL MASCULINO,Domingo
1206,11/08/2025,10,AVAI,2,CUIABA,0,PRINCIPAL - FUTEBOL MASCULINO,Domingo
1206,11/08/2025,11,VASCO DA GAMA,1,ATLETICO,1,PRINCIPAL - FUTEBOL MASCULINO,Domingo
1206,11/08/2025,12,ATLETICO,2,BOTAFOGO,0,PRINCIPAL - FUTEBOL MASCULINO,Domingo
1206,11/08/2025,13,CRUZEIRO,1,SANTOS,2,PRINCIPAL - FUTEBOL MASCULINO,Domingo
1206,11/08/2025,14,GREMIO,0,SPORT,1,PRINCIPAL - FUTEBOL MASCULINO,Domingo
1207,18/08/2025,1,BOTAFOGO,0,PALMEIRAS,1,PRINCIPAL - FUTEBOL MASCULINO,Domingo
1207,18/08/2025,2,REMO,1,BOTAFOGO,1,PRINCIPAL - FUTEBOL MASCULINO,Sábado
1207,18/08/2025,3,CEARA,1,BRAGANTINO,0,PRINCIPAL - FUTEBOL MASCULINO,Sábado
1207,18/08/2025,4,FLUMINENSE,2,FORTALEZA,1,PRINCIPAL - FUTEBOL MASCULINO,Sábado
1207,18/08/2025,5,VITORIA,2,JUVENTUDE,2,PRINCIPAL - FUTEBOL MASCULINO,Sábado
1207,18/08/2025,6,VILA NOVA,2,GOIAS,0,PRINCIPAL - FUTEBOL MASCULINO,Sábado
1207,18/08/2025,7,SPORT,2,SAO PAULO,2,PRINCIPAL - FUTEBOL MASCULINO,Sábado
1207,18/08/2025,8,ATHLETICO,1,CUIABA,1,PRINCIPAL - FUTEBOL MASCULINO,Sábado
1207,18/08/2025,9,CORINTHIANS,1,BAHIA,2,PRINCIPAL - FUTEBOL MASCULINO,Sábado
1207,18/08/2025,10,SANTOS,0,VASCO DA GAMA,6,PRINCIPAL - FUTEBOL MASCULINO,Domingo
1207,18/08/2025,11,CHAPECOENSE,2,PAYSANDU,0,PRINCIPAL - FUTEBOL MASCULINO,Domingo
1207,18/08/2025,12,ATLETICO,1,GREMIO,3,PRINCIPAL - FUTEBOL MASCULINO,Domingo
1207,18/08/2025,13,ATLETICO,1,FERROVIARIA,3,PRINCIPAL - FUTEBOL MASCULINO,Domingo
1207,18/08/2025,14,INTERNACIONAL,1,FLAMENGO,3,PRINCIPAL - FUTEBOL MASCULINO,Domingo
1208,25/08/2025,1,BRAGANTINO,4,FLUMINENSE,2,PRINCIPAL - FUTEBOL MASCULINO,Sábado
1208,25/08/2025,2,CORITIBA,0,REMO,0,PRINCIPAL - FUTEBOL MASCULINO,Sábado
1208,25/08/2025,3,GOIAS,1,AMERICA,0,PRINCIPAL - FUTEBOL MASCULINO,Sábado
1208,25/08/2025,4,CRUZEIRO,2,INTERNACIONAL,1,PRINCIPAL - FUTEBOL MASCULINO,Sábado
1208,25/08/2025,5,CRB,0,ATHLETICO,1,PRINCIPAL - FUTEBOL MASCULINO,Sábado
1208,25/08/2025,6,GREMIO,0,CEARA,0,PRINCIPAL - FUTEBOL MASCULINO,Sábado
1208,25/08/2025,7,VASCO DA GAMA,2,CORINTHIANS,3,PRINCIPAL - FUTEBOL MASCULINO,Domingo
1208,25/08/2025,8,PAYSANDU,1,OPERARIO,2,PRINCIPAL - FUTEBOL MASCULINO,Domingo
1208,25/08/2025,9,BAHIA,2,SANTOS,0,PRINCIPAL - FUTEBOL MASCULINO,Domingo
1208,25/08/2025,10,FULHAM,1,MANCHESTER UNITED,1,PRINCIPAL - FUTEBOL MASCULINO,Domingo
1208,25/08/2025,11,OSASUNA,1,VALENCIA CLUB,0,PRINCIPAL - FUTEBOL MASCULINO,Domingo
1208,25/08/2025,12,JUVENTUDE,1,BOTAFOGO,3,PRINCIPAL - FUTEBOL MASCULINO,Domingo
1208,25/08/2025,13,FORTALEZA,0,MIRASSOL,1,PRINCIPAL - FUTEBOL MASCULINO,Domingo
1208,25/08/2025,14,SAO PAULO,2,ATLETICO,0,PRINCIPAL - FUTEBOL MASCULINO,Domingo
1209,01/09/2025,1,CORINTHIANS,1,PALMEIRAS,1,PRINCIPAL - FUTEBOL MASCULINO,Domingo
1209,01/09/2025,2,CEARA,0,JUVENTUDE,1,PRINCIPAL - FUTEBOL MASCULINO,Sábado
1209,01/09/2025,3,CRB,2,PAYSANDU,0,PRINCIPAL - FUTEBOL MASCULINO,Sábado
1209,01/09/2025,4,BOTAFOGO,4,BRAGANTINO,1,PRINCIPAL - FUTEBOL MASCULINO,Sábado
1209,01/09/2025,5,ATHLETICO,2,NOVORIZONTINO,1,PRINCIPAL - FUTEBOL MASCULINO,Sábado
1209,01/09/2025,6,CRUZEIRO,1,SAO PAULO,0,PRINCIPAL - FUTEBOL MASCULINO,Sábado
1209,01/09/2025,7,FLAMENGO,1,GREMIO,1,PRINCIPAL - FUTEBOL MASCULINO,Domingo
1209,01/09/2025,8,ATLETICO,2,AMAZONAS,0,PRINCIPAL - FUTEBOL MASCULINO,Domingo
1209,01/09/2025,9,LIVERPOOL,1,ARSENAL,0,PRINCIPAL - FUTEBOL MASCULINO,Domingo
1209,01/09/2025,10,VOLTA REDONDA,0,ATHLETIC CLUB,2,PRINCIPAL - FUTEBOL MASCULINO,Domingo
1209,01/09/2025,11,MIRASSOL,5,BAHIA,1,PRINCIPAL - FUTEBOL MASCULINO,Domingo
1209,01/09/2025,12,VITORIA,1,ATLETICO,0,PRINCIPAL - FUTEBOL MASCULINO,Domingo
1209,01/09/2025,13,ASTON VILLA,0,CRYSTAL PALACE,3,PRINCIPAL - FUTEBOL MASCULINO,Domingo
1209,01/09/2025,14,SPORT,2,VASCO DA GAMA,3,PRINCIPAL - FUTEBOL MASCULINO,Domingo
1210,08/09/2025,1,TURQUIA,0,ESPANHA,6,PRINCIPAL - FUTEBOL MASCULINO,Domingo
1210,08/09/2025,2,BOTAFOGO,1,ATHLETICO,3,PRINCIPAL - FUTEBOL MASCULINO,Sábado
1210,08/09/2025,3,BAHIA,5,CONFIANCA,0,PRINCIPAL - FUTEBOL MASCULINO,Sábado
1210,08/09/2025,4,GUARANI,0,PONTE PRETA,1,PRINCIPAL - FUTEBOL MASCULINO,Sábado
1210,08/09/2025,5,GEORGIA,3,BULGARIA,0,PRINCIPAL - FUTEBOL MASCULINO,Domingo
1210,08/09/2025,6,CRICIUMA,2,CHAPECOENSE,0,PRINCIPAL - FUTEBOL MASCULINO,Domingo
1210,08/09/2025,7,LITUANIA,2,HOLANDA,3,PRINCIPAL - FUTEBOL MASCULINO,Domingo
1210,08/09/2025,8,AMERICA,1,OPERARIO,1,PRINCIPAL - FUTEBOL MASCULINO,Domingo
1210,08/09/2025,9,AMERICA,1,SANTA CRUZ,1,PRINCIPAL - FUTEBOL MASCULINO,Domingo
1210,08/09/2025,10,AVAI,2,GOIAS,1,PRINCIPAL - FUTEBOL MASCULINO,Domingo
1210,08/09/2025,11,ALEMANHA,3,IRLANDA DO NORTE,1,PRINCIPAL - FUTEBOL MASCULINO,Domingo
1210,08/09/2025,12,LUXEMBURGO,0,ESLOVAQUIA,1,PRINCIPAL - FUTEBOL MASCULINO,Domingo
1210,08/09/2025,13,BELGICA,6,CAZAQUISTAO,0,PRINCIPAL - FUTEBOL MASCULINO,Domingo
1210,08/09/2025,14,POLONIA,3,FINLANDIA,1,PRINCIPAL - FUTEBOL MASCULINO,Domingo
1211,15/09/2025,1,SAO PAULO,1,BOTAFOGO,0,PRINCIPAL - FUTEBOL MASCULINO,Domingo
1211,15/09/2025,2,FORTALEZA,2,VITORIA,0,PRINCIPAL - FUTEBOL MASCULINO,Sábado
1211,15/09/2025,3,GREMIO,0,MIRASSOL,1,PRINCIPAL - FUTEBOL MASCULINO,Sábado
1211,15/09/2025,4,PALMEIRAS,4,INTERNACIONAL,1,PRINCIPAL - FUTEBOL MASCULINO,Sábado
1211,15/09/2025,5,ATLETICO MADRID,2,VILLARREAL,0,PRINCIPAL - FUTEBOL MASCULINO,Sábado
1211,15/09/2025,6,FLUMINENSE,0,CORINTHIANS,1,PRINCIPAL - FUTEBOL MASCULINO,Sábado
1211,15/09/2025,7,BRAGANTINO,1,SPORT,1,PRINCIPAL - FUTEBOL MASCULINO,Domingo
1211,15/09/2025,8,ATLETICO,1,SANTOS,1,PRINCIPAL - FUTEBOL MASCULINO,Domingo
1211,15/09/2025,9,OPERARIO,1,CUIABA,1,PRINCIPAL - FUTEBOL MASCULINO,Domingo
1211,15/09/2025,10,JUVENTUDE,0,FLAMENGO,2,PRINCIPAL - FUTEBOL MASCULINO,Domingo
1211,15/09/2025,11,MANCHESTER CITY,3,MANCHESTER UNITED,0,PRINCIPAL - FUTEBOL MASCULINO,Domingo
1211,15/09/2025,12,VASCO DA GAMA,2,CEARA,2,PRINCIPAL - FUTEBOL MASCULINO,Domingo
1211,15/09/2025,13,MILAN,1,BOLOGNA,0,PRINCIPAL - FUTEBOL MASCULINO,Domingo
1211,15/09/2025,14,BARCELONA,6,VALENCIA CLUB,0,PRINCIPAL - FUTEBOL MASCULINO,Domingo
1212,22/09/2025,1,FLAMENGO,1,VASCO DA GAMA,1,PRINCIPAL - FUTEBOL MASCULINO,Domingo
1212,22/09/2025,2,VITORIA,0,FLUMINENSE,1,PRINCIPAL - FUTEBOL MASCULINO,Sábado
1212,22/09/2025,3,CEARA,1,BAHIA,1,PRINCIPAL - FUTEBOL MASCULINO,Sábado
1212,22/09/2025,4,AVAI,2,FERROVIARIA,2,PRINCIPAL - FUTEBOL MASCULINO,Sábado
1212,22/09/2025,5,BOTAFOGO,1,ATLETICO,0,PRINCIPAL - FUTEBOL MASCULINO,Sábado
1212,22/09/2025,6,REMO,0,ATLETICO,1,PRINCIPAL - FUTEBOL MASCULINO,Sábado
1212,22/09/2025,7,PALMEIRAS,4,FORTALEZA,1,PRINCIPAL - FUTEBOL MASCULINO,Sábado
1212,22/09/2025,8,CRICIUMA,1,CRB,0,PRINCIPAL - FUTEBOL MASCULINO,Domingo
1212,22/09/2025,9,MIRASSOL,2,JUVENTUDE,0,PRINCIPAL - FUTEBOL MASCULINO,Domingo
1212,22/09/2025,10,INTERNACIONAL,2,GREMIO,3,PRINCIPAL - FUTEBOL MASCULINO,Domingo
1212,22/09/2025,11,SPORT,1,CORINTHIANS,0,PRINCIPAL - FUTEBOL MASCULINO,Domingo
1212,22/09/2025,12,ATHLETICO,2,VILA NOVA,0,PRINCIPAL - FUTEBOL MASCULINO,Domingo
1212,22/09/2025,13,SANTOS,1,SAO PAULO,0,PRINCIPAL - FUTEBOL MASCULINO,Domingo
1212,22/09/2025,14,CRUZEIRO,2,BRAGANTINO,1,PRINCIPAL - FUTEBOL MASCULINO,Domingo
1213,29/09/2025,1,CORINTHIANS,1,FLAMENGO,2,PRINCIPAL - FUTEBOL MASCULINO,Domingo
1213,29/09/2025,2,FORTALEZA,1,SPORT,0,PRINCIPAL - FUTEBOL MASCULINO,Sábado
1213,29/09/2025,3,JUVENTUDE,1,INTERNACIONAL,1,PRINCIPAL - FUTEBOL MASCULINO,Sábado
1213,29/09/2025,4,VASCO DA GAMA,2,CRUZEIRO,0,PRINCIPAL - FUTEBOL MASCULINO,Sábado
1213,29/09/2025,5,ATHLETICO,1,OPERARIO,0,PRINCIPAL - FUTEBOL MASCULINO,Sábado
1213,29/09/2025,6,ATLETICO,1,MIRASSOL,0,PRINCIPAL - FUTEBOL MASCULINO,Sábado
1213,29/09/2025,7,GREMIO,3,VITORIA,1,PRINCIPAL - FUTEBOL MASCULINO,Domingo
1213,29/09/2025,8,ASTON VILLA,3,FULHAM,1,PRINCIPAL - FUTEBOL MASCULINO,Domingo
1213,29/09/2025,9,BAHIA,1,PALMEIRAS,0,PRINCIPAL - FUTEBOL MASCULINO,Domingo
1213,29/09/2025,10,FLUMINENSE,2,BOTAFOGO,0,PRINCIPAL - FUTEBOL MASCULINO,Domingo
1213,29/09/2025,11,CRICIUMA,2,PAYSANDU,4,PRINCIPAL - FUTEBOL MASCULINO,Domingo
1213,29/09/2025,12,NEW CASTLE,1,ARSENAL,2,PRINCIPAL - FUTEBOL MASCULINO,Domingo
1213,29/09/2025,13,BRAGANTINO,2,SANTOS,2,PRINCIPAL - FUTEBOL MASCULINO,Domingo
1213,29/09/2025,14,BARCELONA,2,REAL SOCIEDAD,1,PRINCIPAL - FUTEBOL MASCULINO,Domingo
1214,06/10/2025,1,SAO PAULO,2,PALMEIRAS,3,PRINCIPAL - FUTEBOL MASCULINO,Domingo
1214,06/10/2025,2,CHAPECOENSE,1,NOVORIZONTINO,0,PRINCIPAL - FUTEBOL MASCULINO,Sábado
1214,06/10/2025,3,BRAGANTINO,1,GREMIO,0,PRINCIPAL - FUTEBOL MASCULINO,Sábado
1214,06/10/2025,4,VOLTA REDONDA,0,GOIAS,0,PRINCIPAL - FUTEBOL MASCULINO,Sábado
1214,06/10/2025,5,FLUMINENSE,3,ATLETICO,0,PRINCIPAL - FUTEBOL MASCULINO,Sábado
1214,06/10/2025,6,INTERNACIONAL,2,BOTAFOGO,0,PRINCIPAL - FUTEBOL MASCULINO,Sábado
1214,06/10/2025,7,FERROVIARIA,1,AMERICA,3,PRINCIPAL - FUTEBOL MASCULINO,Sábado
1214,06/10/2025,8,CORINTHIANS,3,MIRASSOL,0,PRINCIPAL - FUTEBOL MASCULINO,Sábado
1214,06/10/2025,9,VASCO DA GAMA,4,VITORIA,3,PRINCIPAL - FUTEBOL MASCULINO,Domingo
1214,06/10/2025,10,JUVENTUDE,1,FORTALEZA,2,PRINCIPAL - FUTEBOL MASCULINO,Domingo
1214,06/10/2025,11,BAHIA,1,FLAMENGO,0,PRINCIPAL - FUTEBOL MASCULINO,Domingo
1214,06/10/2025,12,CRUZEIRO,1,SPORT,1,PRINCIPAL - FUTEBOL MASCULINO,Domingo
1214,06/10/2025,13,ATLETICO,3,ATHLETICO,0,PRINCIPAL - FUTEBOL MASCULINO,Domingo
1214,06/10/2025,14,CEARA,3,SANTOS,0,PRINCIPAL - FUTEBOL MASCULINO,Domingo
1215,13/10/2025,1,PONTE PRETA,2,GUARANI,0,PRINCIPAL - FUTEBOL MASCULINO,Sábado
1215,13/10/2025,2,PALMEIRAS,4,JUVENTUDE,1,PRINCIPAL - FUTEBOL MASCULINO,Sábado
1215,13/10/2025,3,ESTONIA,1,ITALIA,3,PRINCIPAL - FUTEBOL MASCULINO,Sábado
1215,13/10/2025,4,BULGARIA,1,TURQUIA,6,PRINCIPAL - FUTEBOL MASCULINO,Sábado
1215,13/10/2025,5,ESPANHA,2,GEORGIA,0,PRINCIPAL - FUTEBOL MASCULINO,Sábado
1215,13/10/2025,6,SERVIA/SER,0,ALBANIA,1,PRINCIPAL - FUTEBOL MASCULINO,Sábado
1215,13/10/2025,7,PORTUGAL,1,IRLANDA,0,PRINCIPAL - FUTEBOL MASCULINO,Sábado
1215,13/10/2025,8,NOVORIZONTINO,3,OPERARIO,0,PRINCIPAL - FUTEBOL MASCULINO,Domingo
1215,13/10/2025,9,HOLANDA,4,FINLANDIA,0,PRINCIPAL - FUTEBOL MASCULINO,Domingo
1215,13/10/2025,10,CRICIUMA,2,AMERICA,1,PRINCIPAL - FUTEBOL MASCULINO,Domingo
1215,13/10/2025,11,CUIABA,1,CORITIBA,0,PRINCIPAL - FUTEBOL MASCULINO,Domingo
1215,13/10/2025,12,ROMENIA,1,AUSTRIA,0,PRINCIPAL - FUTEBOL MASCULINO,Domingo
1215,13/10/2025,13,DINAMARCA,3,GRECIA,1,PRINCIPAL - FUTEBOL MASCULINO,Domingo
1215,13/10/2025,14,LITUANIA,0,POLONIA,2,PRINCIPAL - FUTEBOL MASCULINO,Domingo
1216,20/10/2025,1,FLAMENGO,3,PALMEIRAS,2,PRINCIPAL - FUTEBOL MASCULINO,Domingo
1216,20/10/2025,2,INTERNACIONAL,2,SPORT,0,PRINCIPAL - FUTEBOL MASCULINO,Domingo
1216,20/10/2025,3,CORINTHIANS,1,ATLETICO,0,PRINCIPAL - FUTEBOL MASCULINO,Sábado
1216,20/10/2025,4,ROMA,0,INTER DE MILAO,1,PRINCIPAL - FUTEBOL MASCULINO,Sábado
1216,20/10/2025,5,ATLETICO MADRID,1,OSASUNA,0,PRINCIPAL - FUTEBOL MASCULINO,Sábado
1216,20/10/2025,6,CRUZEIRO,1,FORTALEZA,0,PRINCIPAL - FUTEBOL MASCULINO,Sábado
1216,20/10/2025,7,TOTTENHAM,1,ASTON VILLA,2,PRINCIPAL - FUTEBOL MASCULINO,Domingo
1216,20/10/2025,8,MIRASSOL,3,SAO PAULO,0,PRINCIPAL - FUTEBOL MASCULINO,Domingo
1216,20/10/2025,9,CEARA,0,BOTAFOGO,2,PRINCIPAL - FUTEBOL MASCULINO,Domingo
1216,20/10/2025,10,LIVERPOOL,1,MANCHESTER UNITED,2,PRINCIPAL - FUTEBOL MASCULINO,Domingo
1216,20/10/2025,11,ATALANTA BERGAMAS,0,LAZIO,0,PRINCIPAL - FUTEBOL MASCULINO,Domingo
1216,20/10/2025,12,BAHIA,4,GREMIO,0,PRINCIPAL - FUTEBOL MASCULINO,Domingo
1216,20/10/2025,13,MILAN,2,FIORENTINA,1,PRINCIPAL - FUTEBOL MASCULINO,Domingo
1216,20/10/2025,14,GETAFE,0,REAL MADRID,1,PRINCIPAL - FUTEBOL MASCULINO,Domingo
1217,27/10/2025,1,PALMEIRAS,0,CRUZEIRO,0,PRINCIPAL - FUTEBOL MASCULINO,Domingo
1217,27/10/2025,2,ATLETICO,1,CEARA,0,PRINCIPAL - FUTEBOL MASCULINO,Sábado
1217,27/10/2025,3,VITORIA,0,CORINTHIANS,1,PRINCIPAL - FUTEBOL MASCULINO,Sábado
1217,27/10/2025,4,ATHLETIC CLUB,0,AMERICA,2,PRINCIPAL - FUTEBOL MASCULINO,Sábado
1217,27/10/2025,5,FLUMINENSE,1,INTERNACIONAL,0,PRINCIPAL - FUTEBOL MASCULINO,Sábado
1217,27/10/2025,6,SPORT,1,MIRASSOL,2,PRINCIPAL - FUTEBOL MASCULINO,Sábado
1217,27/10/2025,7,FORTALEZA,1,FLAMENGO,0,PRINCIPAL - FUTEBOL MASCULINO,Sábado
1217,27/10/2025,8,SAO PAULO,2,BAHIA,0,PRINCIPAL - FUTEBOL MASCULINO,Sábado
1217,27/10/2025,9,ASTON VILLA,1,MANCHESTER CITY,0,PRINCIPAL - FUTEBOL MASCULINO,Domingo
1217,27/10/2025,10,BOTAFOGO,2,SANTOS,2,PRINCIPAL - FUTEBOL MASCULINO,Domingo
1217,27/10/2025,11,GREMIO,3,JUVENTUDE,1,PRINCIPAL - FUTEBOL MASCULINO,Domingo
1217,27/10/2025,12,CRB,2,ATLETICO,1,PRINCIPAL - FUTEBOL MASCULINO,Domingo
1217,27/10/2025,13,BRAGANTINO,0,VASCO DA GAMA,3,PRINCIPAL - FUTEBOL MASCULINO,Domingo
1217,27/10/2025,14,VILA NOVA,2,FERROVIARIA,2,PRINCIPAL - FUTEBOL MASCULINO,Domingo
1218,03/11/2025,1,CORINTHIANS,2,GREMIO,0,PRINCIPAL - FUTEBOL MASCULINO,Domingo
1218,03/11/2025,2,SANTOS,1,FORTALEZA,1,PRINCIPAL - FUTEBOL MASCULINO,Sábado
1218,03/11/2025,3,CRUZEIRO,3,VITORIA,1,PRINCIPAL - FUTEBOL MASCULINO,Sábado
1218,03/11/2025,4,GOIAS,0,ATHLETICO,1,PRINCIPAL - FUTEBOL MASCULINO,Sábado
1218,03/11/2025,5,MIRASSOL,0,BOTAFOGO,0,PRINCIPAL - FUTEBOL MASCULINO,Sábado
1218,03/11/2025,6,AVAI,2,ATHLETIC CLUB,1,PRINCIPAL - FUTEBOL MASCULINO,Sábado
1218,03/11/2025,7,FLAMENGO,3,SPORT,0,PRINCIPAL - FUTEBOL MASCULINO,Sábado
1218,03/11/2025,8,BAHIA,2,BRAGANTINO,1,PRINCIPAL - FUTEBOL MASCULINO,Domingo
1218,03/11/2025,9,CEARA,2,FLUMINENSE,0,PRINCIPAL - FUTEBOL MASCULINO,Domingo
1218,03/11/2025,10,JUVENTUDE,0,PALMEIRAS,2,PRINCIPAL - FUTEBOL MASCULINO,Domingo
1218,03/11/2025,11,INTERNACIONAL,0,ATLETICO,0,PRINCIPAL - FUTEBOL MASCULINO,Domingo
1218,03/11/2025,12,REMO,1,CHAPECOENSE,1,PRINCIPAL - FUTEBOL MASCULINO,Domingo
1218,03/11/2025,13,VASCO DA GAMA,0,SAO PAULO,2,PRINCIPAL - FUTEBOL MASCULINO,Domingo
1218,03/11/2025,14,OPERARIO,2,VILA NOVA,2,PRINCIPAL - FUTEBOL MASCULINO,Domingo
1219,10/11/2025,1,MIRASSOL,2,PALMEIRAS,1,PRINCIPAL - FUTEBOL MASCULINO,Domingo
1219,10/11/2025,2,SPORT,2,ATLETICO,4,PRINCIPAL - FUTEBOL MASCULINO,Sábado
1219,10/11/2025,3,VASCO DA GAMA,1,JUVENTUDE,3,PRINCIPAL - FUTEBOL MASCULINO,Sábado
1219,10/11/2025,4,INTERNACIONAL,2,BAHIA,2,PRINCIPAL - FUTEBOL MASCULINO,Sábado
1219,10/11/2025,5,SAO PAULO,0,BRAGANTINO,1,PRINCIPAL - FUTEBOL MASCULINO,Sábado
1219,10/11/2025,6,CHELSEA,3,WOLVES,0,PRINCIPAL - FUTEBOL MASCULINO,Sábado
1219,10/11/2025,7,PARMA,2,MILAN,2,PRINCIPAL - FUTEBOL MASCULINO,Sábado
1219,10/11/2025,8,CORINTHIANS,0,CEARA,1,PRINCIPAL - FUTEBOL MASCULINO,Domingo
1219,10/11/2025,9,VITORIA,0,BOTAFOGO,0,PRINCIPAL - FUTEBOL MASCULINO,Domingo
1219,10/11/2025,10,CRUZEIRO,0,FLUMINENSE,0,PRINCIPAL - FUTEBOL MASCULINO,Domingo
1219,10/11/2025,11,MANCHESTER CITY,3,LIVERPOOL,0,PRINCIPAL - FUTEBOL MASCULINO,Domingo
1219,10/11/2025,12,FLAMENGO,3,SANTOS,2,PRINCIPAL - FUTEBOL MASCULINO,Domingo
1219,10/11/2025,13,VALENCIA CLUB,1,REAL BETIS,1,PRINCIPAL - FUTEBOL MASCULINO,Domingo
1219,10/11/2025,14,FORTALEZA,2,GREMIO,2,PRINCIPAL - FUTEBOL MASCULINO,Domingo
1220,17/11/2025,1,SANTOS,1,PALMEIRAS,0,PRINCIPAL - FUTEBOL MASCULINO,Sábado
1220,17/11/2025,2,VOLTA REDONDA,1,CHAPECOENSE,1,PRINCIPAL - FUTEBOL MASCULINO,Sábado
1220,17/11/2025,3,SPORT,1,FLAMENGO,5,PRINCIPAL - FUTEBOL MASCULINO,Sábado
1220,17/11/2025,4,BOSNIA HERZEGOVIN,3,ROMENIA,1,PRINCIPAL - FUTEBOL MASCULINO,Sábado
1220,17/11/2025,5,SUICA,4,SUECIA,1,PRINCIPAL - FUTEBOL MASCULINO,Sábado
1220,17/11/2025,6,GRECIA,3,ESCOCIA/SCT,2,PRINCIPAL - FUTEBOL MASCULINO,Sábado
1220,17/11/2025,7,HUNGRIA,2,IRLANDA,3,PRINCIPAL - FUTEBOL MASCULINO,Domingo
1220,17/11/2025,8,FERROVIARIA,1,ATHLETICO,2,PRINCIPAL - FUTEBOL MASCULINO,Domingo
1220,17/11/2025,9,GOIAS,1,NOVORIZONTINO,0,PRINCIPAL - FUTEBOL MASCULINO,Domingo
1220,17/11/2025,10,ALBANIA,0,INGLATERRA,2,PRINCIPAL - FUTEBOL MASCULINO,Domingo
1220,17/11/2025,11,SERVIA/SER,2,LETONIA,1,PRINCIPAL - FUTEBOL MASCULINO,Domingo
1220,17/11/2025,12,ITALIA,1,NORUEGA,4,PRINCIPAL - FUTEBOL MASCULINO,Domingo
1220,17/11/2025,13,BRAGANTINO,2,ATLETICO,0,PRINCIPAL - FUTEBOL MASCULINO,Domingo
1220,17/11/2025,14,UCRANIA,2,ISLANDIA,0,PRINCIPAL - FUTEBOL MASCULINO,Domingo
1221,24/11/2025,1,FLAMENGO,3,BRAGANTINO,0,PRINCIPAL - FUTEBOL MASCULINO,Sábado
1221,24/11/2025,2,PALMEIRAS,0,FLUMINENSE,0,PRINCIPAL - FUTEBOL MASCULINO,Sábado
1221,24/11/2025,3,SAO PAULO,2,JUVENTUDE,1,PRINCIPAL - FUTEBOL MASCULINO,Domingo
1221,24/11/2025,4,AMAZONAS,1,CORITIBA,2,PRINCIPAL - FUTEBOL MASCULINO,Domingo
1221,24/11/2025,5,ATHLETIC CLUB,2,PAYSANDU,1,PRINCIPAL - FUTEBOL MASCULINO,Domingo
1221,24/11/2025,6,ATHLETICO,1,AMERICA,0,PRINCIPAL - FUTEBOL MASCULINO,Domingo
1221,24/11/2025,7,BOTAFOGO,0,AVAI,0,PRINCIPAL - FUTEBOL MASCULINO,Domingo
1221,24/11/2025,8,CHAPECOENSE,1,ATLETICO,0,PRINCIPAL - FUTEBOL MASCULINO,Domingo
1221,24/11/2025,9,CUIABA,1,CRICIUMA,0,PRINCIPAL - FUTEBOL MASCULINO,Domingo
1221,24/11/2025,10,NOVORIZONTINO,3,CRB,0,PRINCIPAL - FUTEBOL MASCULINO,Domingo
1221,24/11/2025,11,OPERARIO,2,FERROVIARIA,1,PRINCIPAL - FUTEBOL MASCULINO,Domingo
1221,24/11/2025,12,REMO,3,GOIAS,1,PRINCIPAL - FUTEBOL MASCULINO,Domingo
1221,24/11/2025,13,SPORT,1,VITORIA,3,PRINCIPAL - FUTEBOL MASCULINO,Domingo
1221,24/11/2025,14,CRUZEIRO,3,CORINTHIANS,0,PRINCIPAL - FUTEBOL MASCULINO,Domingo
1222,01/12/2025,1,PALMEIRAS,0,FLAMENGO,1,PRINCIPAL - FUTEBOL MASCULINO,Sábado
1222,01/12/2025,2,VITORIA,2,MIRASSOL,0,PRINCIPAL - FUTEBOL MASCULINO,Sábado
1222,01/12/2025,3,TOTTENHAM,1,FULHAM,2,PRINCIPAL - FUTEBOL MASCULINO,Sábado
1222,01/12/2025,4,CEARA,1,CRUZEIRO,1,PRINCIPAL - FUTEBOL MASCULINO,Sábado
1222,01/12/2025,5,CRYSTAL PALACE,1,MANCHESTER UNITED,2,PRINCIPAL - FUTEBOL MASCULINO,Domingo
1222,01/12/2025,6,REAL SOCIEDAD,2,VILLARREAL,3,PRINCIPAL - FUTEBOL MASCULINO,Domingo
1222,01/12/2025,7,ASTON VILLA,1,WOLVES,0,PRINCIPAL - FUTEBOL MASCULINO,Domingo
1222,01/12/2025,8,NOTTINGHAM FOREST,0,BRIGHTON,2,PRINCIPAL - FUTEBOL MASCULINO,Domingo
1222,01/12/2025,9,WEST HAM,0,LIVERPOOL,2,PRINCIPAL - FUTEBOL MASCULINO,Domingo
1222,01/12/2025,10,CORINTHIANS,2,BOTAFOGO,2,PRINCIPAL - FUTEBOL MASCULINO,Domingo
1222,01/12/2025,11,SEVILLA,0,REAL BETIS,2,PRINCIPAL - FUTEBOL MASCULINO,Domingo
1222,01/12/2025,12,CHELSEA,1,ARSENAL,1,PRINCIPAL - FUTEBOL MASCULINO,Domingo
1222,01/12/2025,13,FORTALEZA,1,ATLETICO,0,PRINCIPAL - FUTEBOL MASCULINO,Domingo
1222,01/12/2025,14,GIRONA,1,REAL MADRID,1,PRINCIPAL - FUTEBOL MASCULINO,Domingo
1223,08/12/2025,1,MIRASSOL,3,FLAMENGO,3,PRINCIPAL - FUTEBOL MASCULINO,Domingo
1223,08/12/2025,2,BRIGHTON,1,WEST HAM,1,PRINCIPAL - FUTEBOL MASCULINO,Domingo
1223,08/12/2025,3,ATLETICO,5,VASCO DA GAMA,0,PRINCIPAL - FUTEBOL MASCULINO,Domingo
1223,08/12/2025,4,BOTAFOGO,4,FORTALEZA,2,PRINCIPAL - FUTEBOL MASCULINO,Domingo
1223,08/12/2025,5,CEARA,1,PALMEIRAS,3,PRINCIPAL - FUTEBOL MASCULINO,Domingo
1223,08/12/2025,6,CORINTHIANS,1,JUVENTUDE,1,PRINCIPAL - FUTEBOL MASCULINO,Domingo
1223,08/12/2025,7,FLUMINENSE,2,BAHIA,0,PRINCIPAL - FUTEBOL MASCULINO,Domingo
1223,08/12/2025,8,INTERNACIONAL,3,BRAGANTINO,1,PRINCIPAL - FUTEBOL MASCULINO,Domingo
1223,08/12/2025,9,VALENCIA CLUB,1,SEVILLA,1,PRINCIPAL - FUTEBOL MASCULINO,Domingo
1223,08/12/2025,10,SANTOS,3,CRUZEIRO,0,PRINCIPAL - FUTEBOL MASCULINO,Domingo
1223,08/12/2025,11,SPORT,0,GREMIO,4,PRINCIPAL - FUTEBOL MASCULINO,Domingo
1223,08/12/2025,12,VITORIA,1,SAO PAULO,0,PRINCIPAL - FUTEBOL MASCULINO,Domingo
1223,08/12/2025,13,FULHAM,1,CRYSTAL PALACE,2,PRINCIPAL - FUTEBOL MASCULINO,Domingo
1223,08/12/2025,14,ESPANYOL,1,RAYO VALLECANO,0,PRINCIPAL - FUTEBOL MASCULINO,Domingo
1224,15/12/2025,1,CORINTHIANS,1,CRUZEIRO,2,PRINCIPAL - FUTEBOL MASCULINO,Domingo
1224,15/12/2025,2,ARSENAL,2,WOLVES,1,PRINCIPAL - FUTEBOL MASCULINO,Sábado
1224,15/12/2025,3,ATALANTA BERGAMAS,2,CAGLIARI CALCIO,1,PRINCIPAL - FUTEBOL MASCULINO,Sábado
1224,15/12/2025,4,GETAFE,0,ESPANYOL,1,PRINCIPAL - FUTEBOL MASCULINO,Sábado
1224,15/12/2025,5,CRYSTAL PALACE,0,MANCHESTER CITY,3,PRINCIPAL - FUTEBOL MASCULINO,Domingo
1224,15/12/2025,6,NOTTINGHAM FOREST,3,TOTTENHAM,0,PRINCIPAL - FUTEBOL MASCULINO,Domingo
1224,15/12/2025,7,WEST HAM,2,ASTON VILLA,3,PRINCIPAL - FUTEBOL MASCULINO,Domingo
1224,15/12/2025,8,FIORENTINA,1,VERONA,2,PRINCIPAL - FUTEBOL MASCULINO,Domingo
1224,15/12/2025,9,UDINESE,1,NAPOLI,0,PRINCIPAL - FUTEBOL MASCULINO,Domingo
1224,15/12/2025,10,CELTA DE VIGO,2,ATHLETIC BILBAO,0,PRINCIPAL - FUTEBOL MASCULINO,Domingo
1224,15/12/2025,11,GENOA,1,INTER DE MILAO,2,PRINCIPAL - FUTEBOL MASCULINO,Domingo
1224,15/12/2025,12,FLUMINENSE,1,VASCO DA GAMA,0,PRINCIPAL - FUTEBOL MASCULINO,Domingo
1224,15/12/2025,13,BOLOGNA,0,JUVENTUS,1,PRINCIPAL - FUTEBOL MASCULINO,Domingo
1224,15/12/2025,14,DEPORTIVO ALAVES,1,REAL MADRID,2,PRINCIPAL - FUTEBOL MASCULINO,Domingo
1225,22/12/2025,1,VASCO DA GAMA,1,CORINTHIANS,2,PRINCIPAL - FUTEBOL MASCULINO,Domingo
1225,22/12/2025,2,EVERTON,0,ARSENAL,1,PRINCIPAL - FUTEBOL MASCULINO,Sábado
1225,22/12/2025,3,JUVENTUS,2,ROMA,1,PRINCIPAL - FUTEBOL MASCULINO,Sábado
1225,22/12/2025,4,REAL MADRID,2,SEVILLA,0,PRINCIPAL - FUTEBOL MASCULINO,Sábado
1225,22/12/2025,5,GIRONA,0,ATLETICO MADRID,3,PRINCIPAL - FUTEBOL MASCULINO,Domingo
1225,22/12/2025,6,AUXERRE,1,MONACO,2,PRINCIPAL - FUTEBOL MASCULINO,Domingo
1225,22/12/2025,7,SASSUOLO,0,TORINO,1,PRINCIPAL - FUTEBOL MASCULINO,Domingo
1225,22/12/2025,8,VILLARREAL,0,BARCELONA,2,PRINCIPAL - FUTEBOL MASCULINO,Domingo
1225,22/12/2025,9,ASTON VILLA,2,MANCHESTER UNITED,1,PRINCIPAL - FUTEBOL MASCULINO,Domingo
1225,22/12/2025,10,FIORENTINA,5,UDINESE,1,PRINCIPAL - FUTEBOL MASCULINO,Domingo
1225,22/12/2025,11,ELCHE FC,4,RAYO VALLECANO,0,PRINCIPAL - FUTEBOL MASCULINO,Domingo
1225,22/12/2025,12,GENOA,0,ATALANTA BERGAMAS,1,PRINCIPAL - FUTEBOL MASCULINO,Domingo
1225,22/12/2025,13,REAL BETIS,4,GETAFE,0,PRINCIPAL - FUTEBOL MASCULINO,Domingo
1225,22/12/2025,14,LYON,3,SAINT C COLLONGES,0,PRINCIPAL - FUTEBOL MASCULINO,Domingo
1226,29/12/2025,1,CRYSTAL PALACE,0,TOTTENHAM,1,PRINCIPAL - FUTEBOL MASCULINO,Domingo
1226,29/12/2025,2,ARSENAL,2,BRIGHTON,1,PRINCIPAL - FUTEBOL MASCULINO,Sábado
1226,29/12/2025,3,BRENTFORD,4,BOURNEMOUTH,1,PRINCIPAL - FUTEBOL MASCULINO,Sábado
1226,29/12/2025,4,BURNLEY,0,EVERTON,0,PRINCIPAL - FUTEBOL MASCULINO,Sábado
1226,29/12/2025,5,LIVERPOOL,2,WOLVES,1,PRINCIPAL - FUTEBOL MASCULINO,Sábado
1226,29/12/2025,6,WEST HAM,0,FULHAM,1,PRINCIPAL - FUTEBOL MASCULINO,Sábado
1226,29/12/2025,7,TORINO,1,CAGLIARI CALCIO,2,PRINCIPAL - FUTEBOL MASCULINO,Sábado
1226,29/12/2025,8,CHELSEA,1,ASTON VILLA,2,PRINCIPAL - FUTEBOL MASCULINO,Sábado
1226,29/12/2025,9,UDINESE,1,LAZIO,1,PRINCIPAL - FUTEBOL MASCULINO,Sábado
1226,29/12/2025,10,PISA SC,0,JUVENTUS,2,PRINCIPAL - FUTEBOL MASCULINO,Sábado
1226,29/12/2025,11,NIGERIA,3,TUNISIA,2,PRINCIPAL - FUTEBOL MASCULINO,Sábado
1226,29/12/2025,12,MILAN,3,VERONA,0,PRINCIPAL - FUTEBOL MASCULINO,Domingo
1226,29/12/2025,13,SUNDERLAND,1,LEEDS UNITED,1,PRINCIPAL - FUTEBOL MASCULINO,Domingo
1226,29/12/2025,14,COSTA DO MARFIM,1,CAMAROES,1,PRINCIPAL - FUTEBOL MASCULINO,Domingo
1227,05/01/2026,1,MANCHESTER CITY,1,CHELSEA,1,PRINCIPAL - FUTEBOL MASCULINO,Domingo
1227,05/01/2026,2,ESPANYOL,0,BARCELONA,2,PRINCIPAL - FUTEBOL MASCULINO,Sábado
1227,05/01/2026,3,ATALANTA BERGAMAS,1,ROMA,0,PRINCIPAL - FUTEBOL MASCULINO,Sábado
1227,05/01/2026,4,LEEDS UNITED,1,MANCHESTER UNITED,1,PRINCIPAL - FUTEBOL MASCULINO,Domingo
1227,05/01/2026,5,LAZIO,0,NAPOLI,2,PRINCIPAL - FUTEBOL MASCULINO,Domingo
1227,05/01/2026,6,EVERTON,2,BRENTFORD,4,PRINCIPAL - FUTEBOL MASCULINO,Domingo
1227,05/01/2026,7,FULHAM,2,LIVERPOOL,2,PRINCIPAL - FUTEBOL MASCULINO,Domingo
1227,05/01/2026,8,NEW CASTLE,2,CRYSTAL PALACE,0,PRINCIPAL - FUTEBOL MASCULINO,Domingo
1227,05/01/2026,9,TOTTENHAM,1,SUNDERLAND,1,PRINCIPAL - FUTEBOL MASCULINO,Domingo
1227,05/01/2026,10,FIORENTINA,1,CREMONESE,0,PRINCIPAL - FUTEBOL MASCULINO,Domingo
1227,05/01/2026,11,REAL MADRID,5,REAL BETIS,1,PRINCIPAL - FUTEBOL MASCULINO,Domingo
1227,05/01/2026,12,VERONA,0,TORINO,3,PRINCIPAL - FUTEBOL MASCULINO,Domingo
1227,05/01/2026,13,INTER DE MILAO,3,BOLOGNA,1,PRINCIPAL - FUTEBOL MASCULINO,Domingo
1227,05/01/2026,14,REAL SOCIEDAD,1,ATLETICO MADRID,1,PRINCIPAL - FUTEBOL MASCULINO,Domingo
1228,12/01/2026,1,CORINTHIANS,3,PONTE PRETA,0,PRINCIPAL - FUTEBOL MASCULINO,Domingo
1228,12/01/2026,2,JUVENTUDE,1,YPIRANGA,1,PRINCIPAL - FUTEBOL MASCULINO,Sábado
1228,12/01/2026,3,SANTOS,2,NOVORIZONTINO,1,PRINCIPAL - FUTEBOL MASCULINO,Sábado
1228,12/01/2026,4,CRUZEIRO,1,POUSO ALEGRE,2,PRINCIPAL - FUTEBOL MASCULINO,Sábado
1228,12/01/2026,5,PORT DESPORT,0,PALMEIRAS,1,PRINCIPAL - FUTEBOL MASCULINO,Sábado
1228,12/01/2026,6,AVENIDA,0,GREMIO,4,PRINCIPAL - FUTEBOL MASCULINO,Sábado
1228,12/01/2026,7,SAO LUIZ,1,CAXIAS,1,PRINCIPAL - FUTEBOL MASCULINO,Domingo
1228,12/01/2026,8,BAHIA,4,JEQUIE BA,2,PRINCIPAL - FUTEBOL MASCULINO,Domingo
1228,12/01/2026,9,INTERNACIONAL,2,NOVO HAMBURGO,1,PRINCIPAL - FUTEBOL MASCULINO,Domingo
1228,12/01/2026,10,ATLETICO,1,BETIM,1,PRINCIPAL - FUTEBOL MASCULINO,Domingo
1228,12/01/2026,11,FERROVIARIO,0,FORTALEZA,0,PRINCIPAL - FUTEBOL MASCULINO,Domingo
1228,12/01/2026,12,NOROESTE,0,BRAGANTINO,1,PRINCIPAL - FUTEBOL MASCULINO,Domingo
1228,12/01/2026,13,FLAMENGO,1,PORTUGUESA,1,PRINCIPAL - FUTEBOL MASCULINO,Domingo
1228,12/01/2026,14,MIRASSOL,3,SAO PAULO,0,PRINCIPAL - FUTEBOL MASCULINO,Domingo
1229,19/01/2026,1,CORINTHIANS,1,SAO PAULO,1,PRINCIPAL - FUTEBOL MASCULINO,Domingo
1229,19/01/2026,2,CRUZEIRO,5,UBERLANDIA,0,PRINCIPAL - FUTEBOL MASCULINO,Sábado
1229,19/01/2026,3,PALMEIRAS,1,MIRASSOL,0,PRINCIPAL - FUTEBOL MASCULINO,Sábado
1229,19/01/2026,4,VOLTA REDONDA,3,FLAMENGO,0,PRINCIPAL - FUTEBOL MASCULINO,Sábado
1229,19/01/2026,5,ATLETICO,1,GOIAS,1,PRINCIPAL - FUTEBOL MASCULINO,Domingo
1229,19/01/2026,6,VASCO DA GAMA,0,NOVA IGUACU,0,PRINCIPAL - FUTEBOL MASCULINO,Domingo
1229,19/01/2026,7,YPIRANGA,2,INTERNACIONAL,1,PRINCIPAL - FUTEBOL MASCULINO,Domingo
1229,19/01/2026,8,ATLETICO,0,TOMBENSE,0,PRINCIPAL - FUTEBOL MASCULINO,Domingo
1229,19/01/2026,9,FIGUEIRENSE,0,AVAI,2,PRINCIPAL - FUTEBOL MASCULINO,Domingo
1229,19/01/2026,10,FORTALEZA,1,MARACANA,0,PRINCIPAL - FUTEBOL MASCULINO,Domingo
1229,19/01/2026,11,NAUTICO,4,SPORT,0,PRINCIPAL - FUTEBOL MASCULINO,Domingo
1229,19/01/2026,12,BRAGANTINO,5,BOTAFOGO,0,PRINCIPAL - FUTEBOL MASCULINO,Domingo
1229,19/01/2026,13,SAMPAIO CORREA,2,BOTAFOGO,1,PRINCIPAL - FUTEBOL MASCULINO,Domingo
1229,19/01/2026,14,GUARANI,1,SANTOS,1,PRINCIPAL - FUTEBOL MASCULINO,Domingo
1230,26/01/2026,1,FLUMINENSE,2,FLAMENGO,1,PRINCIPAL - FUTEBOL MASCULINO,Domingo
1230,26/01/2026,2,PALMEIRAS,3,SAO PAULO,1,PRINCIPAL - FUTEBOL MASCULINO,Sábado
1230,26/01/2026,3,VITORIA,0,FERROVIARIA VRD,2,PRINCIPAL - FUTEBOL MASCULINO,Sábado
1230,26/01/2026,4,IMPERATRIZ,0,MARANHAO,1,PRINCIPAL - FUTEBOL MASCULINO,Sábado
1230,26/01/2026,5,SANTOS,0,BRAGANTINO,0,PRINCIPAL - FUTEBOL MASCULINO,Domingo
1230,26/01/2026,6,VITORIA,0,BAHIA,1,PRINCIPAL - FUTEBOL MASCULINO,Domingo
1230,26/01/2026,7,BRASILIENSE,1,GAMA,2,PRINCIPAL - FUTEBOL MASCULINO,Domingo
1230,26/01/2026,8,VILA NOVA,1,ATLETICO,2,PRINCIPAL - FUTEBOL MASCULINO,Domingo
1230,26/01/2026,9,ATLETICO,2,CRUZEIRO,1,PRINCIPAL - FUTEBOL MASCULINO,Domingo
1230,26/01/2026,10,CRICIUMA,3,BRUSQUE,3,PRINCIPAL - FUTEBOL MASCULINO,Domingo
1230,26/01/2026,11,NOVORIZONTINO,2,BOTAFOGO,0,PRINCIPAL - FUTEBOL MASCULINO,Domingo
1230,26/01/2026,12,INTERNACIONAL,4,GREMIO,2,PRINCIPAL - FUTEBOL MASCULINO,Domingo
1230,26/01/2026,13,BOAVISTA,0,VASCO DA GAMA,3,PRINCIPAL - FUTEBOL MASCULINO,Domingo
1230,26/01/2026,14,VELO CLUBE,0,CORINTHIANS,1,PRINCIPAL - FUTEBOL MASCULINO,Domingo
1231,02/02/2026,1,FLAMENGO,0,CORINTHIANS,2,PRINCIPAL - FUTEBOL MASCULINO,Domingo
1231,02/02/2026,2,ATLETICO,0,CRAC,0,PRINCIPAL - FUTEBOL MASCULINO,Sábado
1231,02/02/2026,3,CAXIAS,0,INTERNACIONAL,1,PRINCIPAL - FUTEBOL MASCULINO,Sábado
1231,02/02/2026,4,GREMIO,1,JUVENTUDE,1,PRINCIPAL - FUTEBOL MASCULINO,Sábado
1231,02/02/2026,5,YPIRANGA,1,SAO JOSE,1,PRINCIPAL - FUTEBOL MASCULINO,Sábado
1231,02/02/2026,6,POUSO ALEGRE,1,ATLETICO,3,PRINCIPAL - FUTEBOL MASCULINO,Sábado
1231,02/02/2026,7,FORTALEZA,1,IGUATU,1,PRINCIPAL - FUTEBOL MASCULINO,Sábado
1231,02/02/2026,8,SPORT,2,SANTA CRUZ,1,PRINCIPAL - FUTEBOL MASCULINO,Sábado
1231,02/02/2026,9,BRAGANTINO,1,SAO BERNARDO,1,PRINCIPAL - FUTEBOL MASCULINO,Domingo
1231,02/02/2026,10,CEARA,4,HORIZONTE,0,PRINCIPAL - FUTEBOL MASCULINO,Domingo
1231,02/02/2026,11,MIRASSOL,0,NOVORIZONTINO,1,PRINCIPAL - FUTEBOL MASCULINO,Domingo
1231,02/02/2026,12,GOIAS,1,VILA NOVA,0,PRINCIPAL - FUTEBOL MASCULINO,Domingo
1231,02/02/2026,13,BOTAFOGO,0,FLUMINENSE,1,PRINCIPAL - FUTEBOL MASCULINO,Domingo
1231,02/02/2026,14,BOTAFOGO,1,PALMEIRAS,0,PRINCIPAL - FUTEBOL MASCULINO,Domingo
1232,09/02/2026,1,CORINTHIANS,0,PALMEIRAS,1,PRINCIPAL - FUTEBOL MASCULINO,Domingo
1232,09/02/2026,2,PORT DESPORT,2,PONTE PRETA,0,PRINCIPAL - FUTEBOL MASCULINO,Sábado
1232,09/02/2026,3,ASA,2,PENEDENSE AL,0,PRINCIPAL - FUTEBOL MASCULINO,Sábado
1232,09/02/2026,4,CEILANDIA,0,CAPITAL,3,PRINCIPAL - FUTEBOL MASCULINO,Sábado
1232,09/02/2026,5,PORTUGUESA,1,NOVA IGUACU,0,PRINCIPAL - FUTEBOL MASCULINO,Sábado
1232,09/02/2026,6,ATLETICO,1,ATHLETIC CLUB,1,PRINCIPAL - FUTEBOL MASCULINO,Sábado
1232,09/02/2026,7,NOVORIZONTINO,2,SAO BERNARDO,1,PRINCIPAL - FUTEBOL MASCULINO,Sábado
1232,09/02/2026,8,GUARANI,0,BOTAFOGO,2,PRINCIPAL - FUTEBOL MASCULINO,Sábado
1232,09/02/2026,9,BRUSQUE,1,CONCORDIA,1,PRINCIPAL - FUTEBOL MASCULINO,Sábado
1232,09/02/2026,10,FLAMENGO,7,SAMPAIO CORREA,1,PRINCIPAL - FUTEBOL MASCULINO,Sábado
1232,09/02/2026,11,JUAZEIRENSE,1,BAHIA,1,PRINCIPAL - FUTEBOL MASCULINO,Domingo
1232,09/02/2026,12,VILA NOVA,4,JATAIENSE,1,PRINCIPAL - FUTEBOL MASCULINO,Domingo
1232,09/02/2026,13,PAYSANDU,1,REMO,1,PRINCIPAL - FUTEBOL MASCULINO,Domingo
1232,09/02/2026,14,CEARA,0,FORTALEZA,0,PRINCIPAL - FUTEBOL MASCULINO,Domingo
1233,18/02/2026,1,PALMEIRAS,1,GUARANI,1,PRINCIPAL - FUTEBOL MASCULINO,Domingo
1233,18/02/2026,2,BAHIA,2,JACUIPENSE,2,PRINCIPAL - FUTEBOL MASCULINO,Sábado
1233,18/02/2026,3,ATHLETIC CLUB,1,TOMBENSE,1,PRINCIPAL - FUTEBOL MASCULINO,Sábado
1233,18/02/2026,4,DEMOCRATA GV,0,BETIM,1,PRINCIPAL - FUTEBOL MASCULINO,Sábado
1233,18/02/2026,5,ITABIRITO,2,ATLETICO,7,PRINCIPAL - FUTEBOL MASCULINO,Sábado
1233,18/02/2026,6,UBERLANDIA,0,POUSO ALEGRE,2,PRINCIPAL - FUTEBOL MASCULINO,Sábado
1233,18/02/2026,7,URT,1,CRUZEIRO,2,PRINCIPAL - FUTEBOL MASCULINO,Sábado
1233,18/02/2026,8,BOTAFOGO,0,CAPIVARIANO,1,PRINCIPAL - FUTEBOL MASCULINO,Domingo
1233,18/02/2026,9,MIRASSOL,1,PORT DESPORT,2,PRINCIPAL - FUTEBOL MASCULINO,Domingo
1233,18/02/2026,10,PONTE PRETA,1,SAO PAULO,2,PRINCIPAL - FUTEBOL MASCULINO,Domingo
1233,18/02/2026,11,PRIMAVERA,3,NOROESTE,3,PRINCIPAL - FUTEBOL MASCULINO,Domingo
1233,18/02/2026,12,BRAGANTINO,3,NOVORIZONTINO,0,PRINCIPAL - FUTEBOL MASCULINO,Domingo
1233,18/02/2026,13,SANTOS,6,VELO CLUBE,0,PRINCIPAL - FUTEBOL MASCULINO,Domingo
1233,18/02/2026,14,SAO BERNARDO,0,CORINTHIANS,1,PRINCIPAL - FUTEBOL MASCULINO,Domingo
1234,23/02/2026,1,MANCHESTER CITY,2,NEW CASTLE,1,PRINCIPAL - FUTEBOL MASCULINO,Sábado
1234,23/02/2026,2,CAXIAS,0,SAO LUIZ,1,PRINCIPAL - FUTEBOL MASCULINO,Sábado
1234,23/02/2026,3,CSA,0,CRB,2,PRINCIPAL - FUTEBOL MASCULINO,Sábado
1234,23/02/2026,4,CAPITAL,2,BRASILIENSE,2,PRINCIPAL - FUTEBOL MASCULINO,Sábado
1234,23/02/2026,5,CEILANDIA,4,PARANOA,1,PRINCIPAL - FUTEBOL MASCULINO,Sábado
1234,23/02/2026,6,CORITIBA,2,OPERARIO,2,PRINCIPAL - FUTEBOL MASCULINO,Sábado
1234,23/02/2026,7,CONFIANCA,0,GUARANY,0,PRINCIPAL - FUTEBOL MASCULINO,Sábado
1234,23/02/2026,8,SPORT,3,RETRO BRASIL,2,PRINCIPAL - FUTEBOL MASCULINO,Sábado
1234,23/02/2026,9,CAGLIARI CALCIO,0,LAZIO,0,PRINCIPAL - FUTEBOL MASCULINO,Sábado
1234,23/02/2026,10,FORTALEZA,2,FERROVIARIO,0,PRINCIPAL - FUTEBOL MASCULINO,Sábado
1234,23/02/2026,11,INTERNACIONAL,4,YPIRANGA,0,PRINCIPAL - FUTEBOL MASCULINO,Sábado
1234,23/02/2026,12,BARRA FC,3,CAMBORIU,0,PRINCIPAL - FUTEBOL MASCULINO,Sábado
1234,23/02/2026,13,ATLETICO MADRID,4,ESPANYOL,2,PRINCIPAL - FUTEBOL MASCULINO,Sábado
1234,23/02/2026,14,BOTAFOGO,1,SERRA BRANCA,1,PRINCIPAL - FUTEBOL MASCULINO,Domingo
1235,02/03/2026,1,FLUMINENSE,1,VASCO DA GAMA,1,PRINCIPAL - FUTEBOL MASCULINO,Domingo
1235,02/03/2026,2,BRASILIENSE,2,CEILANDIA,3,PRINCIPAL - FUTEBOL MASCULINO,Sábado
1235,02/03/2026,3,CAPITAL,1,GAMA,1,PRINCIPAL - FUTEBOL MASCULINO,Sábado
1235,02/03/2026,4,CRUZEIRO,1,POUSO ALEGRE,0,PRINCIPAL - FUTEBOL MASCULINO,Sábado
1235,02/03/2026,5,BOTAFOGO,0,BOAVISTA,0,PRINCIPAL - FUTEBOL MASCULINO,Sábado
1235,02/03/2026,6,INTER DE MILAO,2,GENOA,0,PRINCIPAL - FUTEBOL MASCULINO,Sábado
1235,02/03/2026,7,MANCHESTER UNITED,2,CRYSTAL PALACE,1,PRINCIPAL - FUTEBOL MASCULINO,Domingo
1235,02/03/2026,8,VALENCIA CLUB,1,OSASUNA,0,PRINCIPAL - FUTEBOL MASCULINO,Domingo
1235,02/03/2026,9,ARSENAL,2,CHELSEA,1,PRINCIPAL - FUTEBOL MASCULINO,Domingo
1235,02/03/2026,10,VILA NOVA,0,ATLETICO,0,PRINCIPAL - FUTEBOL MASCULINO,Domingo
1235,02/03/2026,11,AMERICA,0,ATLETICO,0,PRINCIPAL - FUTEBOL MASCULINO,Domingo
1235,02/03/2026,12,TORINO,2,LAZIO,0,PRINCIPAL - FUTEBOL MASCULINO,Domingo
1235,02/03/2026,13,REAL BETIS,2,SEVILLA,2,PRINCIPAL - FUTEBOL MASCULINO,Domingo
1235,02/03/2026,14,ROMA,3,JUVENTUS,3,PRINCIPAL - FUTEBOL MASCULINO,Domingo
1236,09/03/2026,1,NOVORIZONTINO,1,PALMEIRAS,2,PRINCIPAL - FUTEBOL MASCULINO,Domingo
1236,09/03/2026,2,ASA,1,CRB,1,PRINCIPAL - FUTEBOL MASCULINO,Sábado
1236,09/03/2026,3,LONDRINA,0,OPERARIO,0,PRINCIPAL - FUTEBOL MASCULINO,Sábado
1236,09/03/2026,4,BOTAFOGO,3,SERRA BRANCA,1,PRINCIPAL - FUTEBOL MASCULINO,Sábado
1236,09/03/2026,5,MILAN,1,INTER DE MILAO,0,PRINCIPAL - FUTEBOL MASCULINO,Domingo
1236,09/03/2026,6,CRICIUMA,3,CAMBORIU,2,PRINCIPAL - FUTEBOL MASCULINO,Sábado
1236,09/03/2026,7,PORTUGUESA,5,MARICA,2,PRINCIPAL - FUTEBOL MASCULINO,Domingo
1236,09/03/2026,8,INTERNACIONAL,1,GREMIO,1,PRINCIPAL - FUTEBOL MASCULINO,Domingo
1236,09/03/2026,9,PAYSANDU,0,REMO,0,PRINCIPAL - FUTEBOL MASCULINO,Domingo
1236,09/03/2026,10,CEILANDIA,1,GAMA,1,PRINCIPAL - FUTEBOL MASCULINO,Domingo
1236,09/03/2026,11,CHAPECOENSE,1,BARRA FC,0,PRINCIPAL - FUTEBOL MASCULINO,Domingo
1236,09/03/2026,12,CEARA,1,FORTALEZA,1,PRINCIPAL - FUTEBOL MASCULINO,Domingo
1236,09/03/2026,13,CAMPINENSE,0,SOUSA,1,PRINCIPAL - FUTEBOL MASCULINO,Domingo
1236,09/03/2026,14,NAUTICO,0,SPORT,3,PRINCIPAL - FUTEBOL MASCULINO,Domingo
1237,16/03/2026,1,PALMEIRAS,1,MIRASSOL,0,PRINCIPAL - FUTEBOL MASCULINO,Domingo
1237,16/03/2026,2,GAMA,2,CEILANDIA ESPORTE,1,PRINCIPAL - FUTEBOL MASCULINO,Sábado
1237,16/03/2026,3,SERGIPE,1,CONFIANCA,0,PRINCIPAL - FUTEBOL MASCULINO,Sábado
1237,16/03/2026,4,VITORIA,2,ATLETICO,0,PRINCIPAL - FUTEBOL MASCULINO,Sábado
1237,16/03/2026,5,WEST HAM,1,MANCHESTER CITY,1,PRINCIPAL - FUTEBOL MASCULINO,Sábado
1237,16/03/2026,6,BOTAFOGO,0,FLAMENGO,3,PRINCIPAL - FUTEBOL MASCULINO,Sábado
1237,16/03/2026,7,FLUMINENSE,3,ATHLETICO,2,PRINCIPAL - FUTEBOL MASCULINO,Domingo
1237,16/03/2026,8,INTERNACIONAL,0,BAHIA,1,PRINCIPAL - FUTEBOL MASCULINO,Domingo
1237,16/03/2026,9,SANTOS,1,CORINTHIANS,1,PRINCIPAL - FUTEBOL MASCULINO,Domingo
1237,16/03/2026,10,GOIAS,0,ATLETICO,0,PRINCIPAL - FUTEBOL MASCULINO,Domingo
1237,16/03/2026,11,LIVERPOOL,1,TOTTENHAM,1,PRINCIPAL - FUTEBOL MASCULINO,Domingo
1237,16/03/2026,12,CORITIBA,1,REMO,0,PRINCIPAL - FUTEBOL MASCULINO,Domingo
1237,16/03/2026,13,CRUZEIRO,3,VASCO DA GAMA,3,PRINCIPAL - FUTEBOL MASCULINO,Domingo
1237,16/03/2026,14,BRAGANTINO,1,SAO PAULO,2,PRINCIPAL - FUTEBOL MASCULINO,Domingo
1238,23/03/2026,1,CORINTHIANS,1,FLAMENGO,1,PRINCIPAL - FUTEBOL MASCULINO,Domingo
1238,23/03/2026,2,BRAGANTINO,1,BOTAFOGO,2,PRINCIPAL - FUTEBOL MASCULINO,Sábado
1238,23/03/2026,3,FLUMINENSE,1,ATLETICO,0,PRINCIPAL - FUTEBOL MASCULINO,Sábado
1238,23/03/2026,4,BOTAFOGO,4,FORTALEZA,0,PRINCIPAL - FUTEBOL MASCULINO,Sábado
1238,23/03/2026,5,CUIABA,0,SPORT,0,PRINCIPAL - FUTEBOL MASCULINO,Sábado
1238,23/03/2026,6,SAO PAULO,0,PALMEIRAS,1,PRINCIPAL - FUTEBOL MASCULINO,Sábado
1238,23/03/2026,7,ATHLETICO,2,CORITIBA,0,PRINCIPAL - FUTEBOL MASCULINO,Domingo
1238,23/03/2026,8,CRUZEIRO,0,SANTOS,0,PRINCIPAL - FUTEBOL MASCULINO,Domingo
1238,23/03/2026,9,VASCO DA GAMA,2,GREMIO,1,PRINCIPAL - FUTEBOL MASCULINO,Domingo
1238,23/03/2026,10,AVAI,2,JUVENTUDE,0,PRINCIPAL - FUTEBOL MASCULINO,Domingo
1238,23/03/2026,11,NAUTICO,0,CRICIUMA,1,PRINCIPAL - FUTEBOL MASCULINO,Domingo
1238,23/03/2026,12,GOIAS,3,AMERICA,1,PRINCIPAL - FUTEBOL MASCULINO,Domingo
1238,23/03/2026,13,INTERNACIONAL,2,CHAPECOENSE,0,PRINCIPAL - FUTEBOL MASCULINO,Domingo
1238,23/03/2026,14,VITORIA,1,MIRASSOL,0,PRINCIPAL - FUTEBOL MASCULINO,Domingo
1239,30/03/2026,1,COLOMBIA,1,FRANCA,3,PRINCIPAL - FUTEBOL MASCULINO,Domingo
1239,30/03/2026,2,CRB,2,VITORIA,4,PRINCIPAL - FUTEBOL MASCULINO,Sábado
1239,30/03/2026,3,MARANHAO,2,FERROVIARIO,3,PRINCIPAL - FUTEBOL MASCULINO,Sábado
1239,30/03/2026,4,RETRO BRASIL,3,CEARA,1,PRINCIPAL - FUTEBOL MASCULINO,Sábado
1239,30/03/2026,5,FORTALEZA,2,IMPERATRIZ,1,PRINCIPAL - FUTEBOL MASCULINO,Sábado
1239,30/03/2026,6,MEXICO,0,PORTUGAL,0,PRINCIPAL - FUTEBOL MASCULINO,Sábado
1239,30/03/2026,7,ESTADOS UNIDOS,2,BELGICA,5,PRINCIPAL - FUTEBOL MASCULINO,Sábado
1239,30/03/2026,8,LITUANIA,0,GEORGIA,2,PRINCIPAL - FUTEBOL MASCULINO,Domingo
1239,30/03/2026,9,JUAZEIRENSE,3,ITABAIANA,0,PRINCIPAL - FUTEBOL MASCULINO,Domingo
1239,30/03/2026,10,ABC,0,SPORT,1,PRINCIPAL - FUTEBOL MASCULINO,Domingo
1239,30/03/2026,11,CONFIANCA,2,FLUMINENSE,0,PRINCIPAL - FUTEBOL MASCULINO,Domingo
1239,30/03/2026,12,PIAUI ESP CLUBE,1,SOUSA,0,PRINCIPAL - FUTEBOL MASCULINO,Domingo
1239,30/03/2026,13,ATHLETICO,4,BOTAFOGO,1,PRINCIPAL - FUTEBOL MASCULINO,Domingo
1239,30/03/2026,14,BOTAFOGO,2,ASA,2,PRINCIPAL - FUTEBOL MASCULINO,Domingo
1240,06/04/2026,1,VASCO DA GAMA,1,BOTAFOGO,2,PRINCIPAL - FUTEBOL MASCULINO,Sábado
1240,06/04/2026,2,FORTALEZA,2,JUVENTUDE,1,PRINCIPAL - FUTEBOL MASCULINO,Sábado
1240,06/04/2026,3,CUIABA,0,CEARA,2,PRINCIPAL - FUTEBOL MASCULINO,Sábado
1240,06/04/2026,4,NAUTICO,1,PONTE PRETA,0,PRINCIPAL - FUTEBOL MASCULINO,Sábado
1240,06/04/2026,5,SAO PAULO,4,CRUZEIRO,1,PRINCIPAL - FUTEBOL MASCULINO,Sábado
1240,06/04/2026,6,VILA NOVA,2,ATLETICO,1,PRINCIPAL - FUTEBOL MASCULINO,Sábado
1240,06/04/2026,7,CORITIBA,1,FLUMINENSE,1,PRINCIPAL - FUTEBOL MASCULINO,Sábado
1240,06/04/2026,8,CHAPECOENSE,1,VITORIA,1,PRINCIPAL - FUTEBOL MASCULINO,Domingo
1240,06/04/2026,9,ATLETICO,2,ATHLETICO,1,PRINCIPAL - FUTEBOL MASCULINO,Domingo
1240,06/04/2026,10,FLAMENGO,3,SANTOS,1,PRINCIPAL - FUTEBOL MASCULINO,Domingo
1240,06/04/2026,11,BAHIA,1,PALMEIRAS,2,PRINCIPAL - FUTEBOL MASCULINO,Domingo
1240,06/04/2026,12,CORINTHIANS,0,INTERNACIONAL,1,PRINCIPAL - FUTEBOL MASCULINO,Domingo
1240,06/04/2026,13,MIRASSOL,0,BRAGANTINO,1,PRINCIPAL - FUTEBOL MASCULINO,Domingo
1240,06/04/2026,14,GREMIO,0,REMO,0,PRINCIPAL - FUTEBOL MASCULINO,Domingo
1241,09/04/2026,1,CUSCO,0,FLAMENGO,2,PRINCIPAL - FUTEBOL MASCULINO,Quarta-feira
1241,09/04/2026,2,LA GUAIRA,0,FLUMINENSE,0,PRINCIPAL - FUTEBOL MASCULINO,Terça-feira
1241,09/04/2026,3,BARCELONA,0,CRUZEIRO,1,PRINCIPAL - FUTEBOL MASCULINO,Terça-feira
1241,09/04/2026,4,AMERICA,0,ABC,3,PRINCIPAL - FUTEBOL MASCULINO,Terça-feira
1241,09/04/2026,5,BOSTON RIVER,0,SAO PAULO,1,PRINCIPAL - FUTEBOL MASCULINO,Terça-feira
1241,09/04/2026,6,MIRASSOL,1,LANUS,0,PRINCIPAL - FUTEBOL MASCULINO,Quarta-feira
1241,09/04/2026,7,DEP CUENCA,1,SANTOS,0,PRINCIPAL - FUTEBOL MASCULINO,Quarta-feira
1241,09/04/2026,8,VITORIA,4,JUAZEIRENSE,1,PRINCIPAL - FUTEBOL MASCULINO,Quarta-feira
1241,09/04/2026,9,IMPERATRIZ,1,MARANHAO,1,PRINCIPAL - FUTEBOL MASCULINO,Quarta-feira
1241,09/04/2026,10,JR BARRANQUILLA,1,PALMEIRAS,1,PRINCIPAL - FUTEBOL MASCULINO,Quarta-feira
1241,09/04/2026,11,MONTEVIDEO CITY,1,GREMIO,0,PRINCIPAL - FUTEBOL MASCULINO,Quarta-feira
1241,09/04/2026,12,CEARA,2,FORTALEZA,0,PRINCIPAL - FUTEBOL MASCULINO,Quarta-feira
1241,09/04/2026,13,SPORT,3,RETRO BRASIL,0,PRINCIPAL - FUTEBOL MASCULINO,Quarta-feira
1241,09/04/2026,14,ACAD PUERTO CABEL,2,ATLETICO,1,PRINCIPAL - FUTEBOL MASCULINO,Quarta-feira
1242,13/04/2026,1,FLUMINENSE,1,FLAMENGO,2,PRINCIPAL - FUTEBOL MASCULINO,Sábado
1242,13/04/2026,2,JUVENTUDE,2,GOIAS,0,PRINCIPAL - FUTEBOL MASCULINO,Sábado
1242,13/04/2026,3,REMO,1,VASCO DA GAMA,1,PRINCIPAL - FUTEBOL MASCULINO,Sábado
1242,13/04/2026,4,VITORIA,2,SAO PAULO,0,PRINCIPAL - FUTEBOL MASCULINO,Sábado
1242,13/04/2026,5,SPORT,2,AVAI,2,PRINCIPAL - FUTEBOL MASCULINO,Sábado
1242,13/04/2026,6,MIRASSOL,1,BAHIA,2,PRINCIPAL - FUTEBOL MASCULINO,Sábado
1242,13/04/2026,7,SANTOS,1,ATLETICO,0,PRINCIPAL - FUTEBOL MASCULINO,Sábado
1242,13/04/2026,8,INTERNACIONAL,0,GREMIO,0,PRINCIPAL - FUTEBOL MASCULINO,Sábado
1242,13/04/2026,9,CEARA,1,NAUTICO,0,PRINCIPAL - FUTEBOL MASCULINO,Sábado
1242,13/04/2026,10,ATHLETICO,2,CHAPECOENSE,0,PRINCIPAL - FUTEBOL MASCULINO,Domingo
1242,13/04/2026,11,BOTAFOGO,2,CORITIBA,2,PRINCIPAL - FUTEBOL MASCULINO,Domingo
1242,13/04/2026,12,AMERICA,0,NOVORIZONTINO,3,PRINCIPAL - FUTEBOL MASCULINO,Domingo
1242,13/04/2026,13,CORINTHIANS,0,PALMEIRAS,0,PRINCIPAL - FUTEBOL MASCULINO,Domingo
1242,13/04/2026,14,CRUZEIRO,2,BRAGANTINO,1,PRINCIPAL - FUTEBOL MASCULINO,Domingo
1243,16/04/2026,1,CORINTHIANS,2,SANTA FE,0,PRINCIPAL - FUTEBOL MASCULINO,Quarta-feira
1243,16/04/2026,2,CERRO PORTENO,1,JR BARRANQUILLA,0,PRINCIPAL - FUTEBOL MASCULINO,Terça-feira
1243,16/04/2026,3,ESTUDIANTES,2,CUSCO,1,PRINCIPAL - FUTEBOL MASCULINO,Terça-feira
1243,16/04/2026,4,NACIONAL,3,TOLIMA,1,PRINCIPAL - FUTEBOL MASCULINO,Terça-feira
1243,16/04/2026,5,GREMIO,1,DEPORTIVO RIESTRA,0,PRINCIPAL - FUTEBOL MASCULINO,Terça-feira
1243,16/04/2026,6,SAO PAULO,2,DEP OHIGGINS,0,PRINCIPAL - FUTEBOL MASCULINO,Terça-feira
1243,16/04/2026,7,BOCA JUNIORS,3,BARCELONA,0,PRINCIPAL - FUTEBOL MASCULINO,Terça-feira
1243,16/04/2026,8,VASCO DA GAMA,1,AUDAX ITALIANO,2,PRINCIPAL - FUTEBOL MASCULINO,Terça-feira
1243,16/04/2026,9,SANTOS,1,DEP RECOLETA,1,PRINCIPAL - FUTEBOL MASCULINO,Terça-feira
1243,16/04/2026,10,LDU,2,MIRASSOL,0,PRINCIPAL - FUTEBOL MASCULINO,Terça-feira
1243,16/04/2026,11,CRUZEIRO,1,UNIVERS CATOLICA,2,PRINCIPAL - FUTEBOL MASCULINO,Quarta-feira
1243,16/04/2026,12,LIBERTAD,0,ROSARIO CENTRAL,1,PRINCIPAL - FUTEBOL MASCULINO,Quarta-feira
1243,16/04/2026,13,RACING/ARG,2,BOTAFOGO,3,PRINCIPAL - FUTEBOL MASCULINO,Quarta-feira
1243,16/04/2026,14,FLUMINENSE,1,IND RIVADAVIA,2,PRINCIPAL - FUTEBOL MASCULINO,Quarta-feira
1244,20/04/2026,1,FLAMENGO,2,BAHIA,0,PRINCIPAL - FUTEBOL MASCULINO,Domingo
1244,20/04/2026,2,NAUTICO,0,SAO BERNARDO,3,PRINCIPAL - FUTEBOL MASCULINO,Sábado
1244,20/04/2026,3,VASCO DA GAMA,2,SAO PAULO,1,PRINCIPAL - FUTEBOL MASCULINO,Sábado
1244,20/04/2026,4,CHAPECOENSE,1,BOTAFOGO,4,PRINCIPAL - FUTEBOL MASCULINO,Sábado
1244,20/04/2026,5,VILA NOVA,2,OPERARIO,1,PRINCIPAL - FUTEBOL MASCULINO,Sábado
1244,20/04/2026,6,VITORIA,0,CORINTHIANS,0,PRINCIPAL - FUTEBOL MASCULINO,Sábado
1244,20/04/2026,7,CRUZEIRO,2,GREMIO,0,PRINCIPAL - FUTEBOL MASCULINO,Sábado
1244,20/04/2026,8,CRB,0,JUVENTUDE,1,PRINCIPAL - FUTEBOL MASCULINO,Sábado
1244,20/04/2026,9,INTERNACIONAL,1,MIRASSOL,2,PRINCIPAL - FUTEBOL MASCULINO,Domingo
1244,20/04/2026,10,CORITIBA,2,ATLETICO,0,PRINCIPAL - FUTEBOL MASCULINO,Domingo
1244,20/04/2026,11,SANTOS,2,FLUMINENSE,3,PRINCIPAL - FUTEBOL MASCULINO,Domingo
1244,20/04/2026,12,PALMEIRAS,1,ATHLETICO,0,PRINCIPAL - FUTEBOL MASCULINO,Domingo
1244,20/04/2026,13,BRAGANTINO,4,REMO,2,PRINCIPAL - FUTEBOL MASCULINO,Domingo
1244,20/04/2026,14,FORTALEZA,3,CRICIUMA,2,PRINCIPAL - FUTEBOL MASCULINO,Domingo
1245,23/04/2026,1,FLAMENGO,2,VITORIA,1,PRINCIPAL - FUTEBOL MASCULINO,Quarta-feira
1245,23/04/2026,2,BURNLEY,0,MANCHESTER CITY,1,PRINCIPAL - FUTEBOL MASCULINO,Quarta-feira
1245,23/04/2026,3,BOURNEMOUTH,2,LEEDS UNITED,2,PRINCIPAL - FUTEBOL MASCULINO,Quarta-feira
1245,23/04/2026,4,FC PORTO,0,SPORTING PORTUGAL,0,PRINCIPAL - FUTEBOL MASCULINO,Quarta-feira
1245,23/04/2026,5,BARCELONA,1,CELTA DE VIGO,0,PRINCIPAL - FUTEBOL MASCULINO,Quarta-feira
1245,23/04/2026,6,BAHIA,1,REMO,3,PRINCIPAL - FUTEBOL MASCULINO,Quarta-feira
1245,23/04/2026,7,GOIAS,2,CRUZEIRO,2,PRINCIPAL - FUTEBOL MASCULINO,Quarta-feira
1245,23/04/2026,8,ITABAIANA,3,BOTAFOGO,3,PRINCIPAL - FUTEBOL MASCULINO,Quarta-feira
1245,23/04/2026,9,PORTO VITORIA/ES,1,VITORIA,3,PRINCIPAL - FUTEBOL MASCULINO,Quarta-feira
1245,23/04/2026,10,SANTOS,0,CORITIBA,0,PRINCIPAL - FUTEBOL MASCULINO,Quarta-feira
1245,23/04/2026,11,ATHLETIC CLUB,1,INTERNACIONAL,2,PRINCIPAL - FUTEBOL MASCULINO,Quarta-feira
1245,23/04/2026,12,FORTALEZA,2,CRB,1,PRINCIPAL - FUTEBOL MASCULINO,Quarta-feira
1245,23/04/2026,13,CUIABA,1,BOTAFOGO,1,PRINCIPAL - FUTEBOL MASCULINO,Quarta-feira
1245,23/04/2026,14,BRAGANTINO,1,MIRASSOL,1,PRINCIPAL - FUTEBOL MASCULINO,Quarta-feira
1246,27/04/2026,1,ATLETICO,0,FLAMENGO,4,PRINCIPAL - FUTEBOL MASCULINO,Domingo
1246,27/04/2026,2,BAHIA,2,SANTOS,2,PRINCIPAL - FUTEBOL MASCULINO,Sábado
1246,27/04/2026,3,BOTAFOGO,2,INTERNACIONAL,2,PRINCIPAL - FUTEBOL MASCULINO,Sábado
1246,27/04/2026,4,REMO,0,CRUZEIRO,1,PRINCIPAL - FUTEBOL MASCULINO,Sábado
1246,27/04/2026,5,SPORT,1,NOVORIZONTINO,0,PRINCIPAL - FUTEBOL MASCULINO,Sábado
1246,27/04/2026,6,SAO PAULO,1,MIRASSOL,0,PRINCIPAL - FUTEBOL MASCULINO,Sábado
1246,27/04/2026,7,CORINTHIANS,1,VASCO DA GAMA,0,PRINCIPAL - FUTEBOL MASCULINO,Domingo
1246,27/04/2026,8,GREMIO,1,CORITIBA,0,PRINCIPAL - FUTEBOL MASCULINO,Domingo
1246,27/04/2026,9,OSASUNA,2,SEVILLA,1,PRINCIPAL - FUTEBOL MASCULINO,Domingo
1246,27/04/2026,10,ATHLETICO,3,VITORIA,1,PRINCIPAL - FUTEBOL MASCULINO,Domingo
1246,27/04/2026,11,BRAGANTINO,0,PALMEIRAS,1,PRINCIPAL - FUTEBOL MASCULINO,Domingo
1246,27/04/2026,12,MILAN,0,JUVENTUS,0,PRINCIPAL - FUTEBOL MASCULINO,Domingo
1246,27/04/2026,13,FLUMINENSE,2,CHAPECOENSE,1,PRINCIPAL - FUTEBOL MASCULINO,Domingo
1246,27/04/2026,14,ATLETICO,2,AVAI,1,PRINCIPAL - FUTEBOL MASCULINO,Domingo
1247,30/04/2026,1,ESTUDIANTES,1,FLAMENGO,1,PRINCIPAL - FUTEBOL MASCULINO,Quarta-feira
1247,30/04/2026,2,LIBERTAD,2,INDEP. DEL VALLE,3,PRINCIPAL - FUTEBOL MASCULINO,Terça-feira
1247,30/04/2026,3,BOTAFOGO,3,IND PETROLERO,0,PRINCIPAL - FUTEBOL MASCULINO,Terça-feira
1247,30/04/2026,4,UNIV CENTRAL,0,ROSARIO CENTRAL,3,PRINCIPAL - FUTEBOL MASCULINO,Terça-feira
1247,30/04/2026,5,CRUZEIRO,1,BOCA JUNIORS,0,PRINCIPAL - FUTEBOL MASCULINO,Terça-feira
1247,30/04/2026,6,MILLONARIOS,0,SAO PAULO,0,PRINCIPAL - FUTEBOL MASCULINO,Terça-feira
1247,30/04/2026,7,SPORTING CRISTAL,2,JR BARRANQUILLA,0,PRINCIPAL - FUTEBOL MASCULINO,Terça-feira
1247,30/04/2026,8,MIRASSOL,2,ALWAYS READY,0,PRINCIPAL - FUTEBOL MASCULINO,Quarta-feira
1247,30/04/2026,9,PLATENSE,2,SANTA FE,1,PRINCIPAL - FUTEBOL MASCULINO,Quarta-feira
1247,30/04/2026,10,BARCELONA,1,UNIVERS CATOLICA,2,PRINCIPAL - FUTEBOL MASCULINO,Quarta-feira
1247,30/04/2026,11,CERRO PORTENO,1,PALMEIRAS,1,PRINCIPAL - FUTEBOL MASCULINO,Quarta-feira
1247,30/04/2026,12,CIENCIANO,1,ATLETICO,0,PRINCIPAL - FUTEBOL MASCULINO,Quarta-feira
1247,30/04/2026,13,PALESTINO,0,GREMIO,0,PRINCIPAL - FUTEBOL MASCULINO,Quarta-feira
1247,30/04/2026,14,UNIVERSITARIO,4,NACIONAL,2,PRINCIPAL - FUTEBOL MASCULINO,Quarta-feira
1248,04/05/2026,1,FLAMENGO,2,VASCO DA GAMA,2,PRINCIPAL - FUTEBOL MASCULINO,Domingo
1248,04/05/2026,2,BOTAFOGO,1,REMO,2,PRINCIPAL - FUTEBOL MASCULINO,Sábado
1248,04/05/2026,3,PALMEIRAS,1,SANTOS,1,PRINCIPAL - FUTEBOL MASCULINO,Sábado
1248,04/05/2026,4,VITORIA,4,CORITIBA,1,PRINCIPAL - FUTEBOL MASCULINO,Sábado
1248,04/05/2026,5,ATHLETICO,0,GREMIO,0,PRINCIPAL - FUTEBOL MASCULINO,Sábado
1248,04/05/2026,6,FORTALEZA,4,GOIAS,1,PRINCIPAL - FUTEBOL MASCULINO,Sábado
1248,04/05/2026,7,CRUZEIRO,1,ATLETICO,3,PRINCIPAL - FUTEBOL MASCULINO,Sábado
1248,04/05/2026,8,BOURNEMOUTH,3,CRYSTAL PALACE,0,PRINCIPAL - FUTEBOL MASCULINO,Domingo
1248,04/05/2026,9,MANCHESTER UNITED,3,LIVERPOOL,2,PRINCIPAL - FUTEBOL MASCULINO,Domingo
1248,04/05/2026,10,SAO PAULO,2,BAHIA,2,PRINCIPAL - FUTEBOL MASCULINO,Domingo
1248,04/05/2026,11,INTERNACIONAL,2,FLUMINENSE,0,PRINCIPAL - FUTEBOL MASCULINO,Domingo
1248,04/05/2026,12,CHAPECOENSE,1,BRAGANTINO,2,PRINCIPAL - FUTEBOL MASCULINO,Domingo
1248,04/05/2026,13,ASTON VILLA,1,TOTTENHAM,2,PRINCIPAL - FUTEBOL MASCULINO,Domingo
1248,04/05/2026,14,MIRASSOL,2,CORINTHIANS,1,PRINCIPAL - FUTEBOL MASCULINO,Domingo
1249,07/05/2026,1,SPORTING CRISTAL,0,PALMEIRAS,2,PRINCIPAL - FUTEBOL MASCULINO,Terça-feira
1249,07/05/2026,2,DEPORTIVO RIESTRA,0,GREMIO,3,PRINCIPAL - FUTEBOL MASCULINO,Terça-feira
1249,07/05/2026,3,JUVENTUD,2,ATLETICO,2,PRINCIPAL - FUTEBOL MASCULINO,Terça-feira
1249,07/05/2026,4,BARCELONA,1,BOCA JUNIORS,0,PRINCIPAL - FUTEBOL MASCULINO,Terça-feira
1249,07/05/2026,5,ALWAYS READY,4,LANUS,0,PRINCIPAL - FUTEBOL MASCULINO,Terça-feira
1249,07/05/2026,6,DEP RECOLETA,1,SANTOS,1,PRINCIPAL - FUTEBOL MASCULINO,Terça-feira
1249,07/05/2026,7,CUSCO,1,ESTUDIANTES,1,PRINCIPAL - FUTEBOL MASCULINO,Quarta-feira
1249,07/05/2026,8,LA GUAIRA,1,BOLIVAR,1,PRINCIPAL - FUTEBOL MASCULINO,Quarta-feira
1249,07/05/2026,9,AUDAX ITALIANO,1,VASCO DA GAMA,2,PRINCIPAL - FUTEBOL MASCULINO,Quarta-feira
1249,07/05/2026,10,IND RIVADAVIA,1,FLUMINENSE,1,PRINCIPAL - FUTEBOL MASCULINO,Quarta-feira
1249,07/05/2026,11,SANTA FE,1,CORINTHIANS,1,PRINCIPAL - FUTEBOL MASCULINO,Quarta-feira
1249,07/05/2026,12,BOTAFOGO,2,RACING/ARG,1,PRINCIPAL - FUTEBOL MASCULINO,Quarta-feira
1249,07/05/2026,13,TOLIMA,3,NACIONAL,0,PRINCIPAL - FUTEBOL MASCULINO,Quarta-feira
1249,07/05/2026,14,UNIVERS CATOLICA,0,CRUZEIRO,0,PRINCIPAL - FUTEBOL MASCULINO,Quarta-feira
1250,11/05/2026,1,BARCELONA,2,REAL MADRID,0,PRINCIPAL - FUTEBOL MASCULINO,Domingo
1250,11/05/2026,2,CORITIBA,2,INTERNACIONAL,2,PRINCIPAL - FUTEBOL MASCULINO,Sábado
1250,11/05/2026,3,FLUMINENSE,2,VITORIA,2,PRINCIPAL - FUTEBOL MASCULINO,Sábado
1250,11/05/2026,4,BAHIA,1,CRUZEIRO,2,PRINCIPAL - FUTEBOL MASCULINO,Sábado
1250,11/05/2026,5,REAL SOCIEDAD,2,REAL BETIS,2,PRINCIPAL - FUTEBOL MASCULINO,Sábado
1250,11/05/2026,6,REMO,1,PALMEIRAS,1,PRINCIPAL - FUTEBOL MASCULINO,Domingo
1250,11/05/2026,7,ATLETICO,1,BOTAFOGO,1,PRINCIPAL - FUTEBOL MASCULINO,Domingo
1250,11/05/2026,8,WEST HAM,0,ARSENAL,1,PRINCIPAL - FUTEBOL MASCULINO,Domingo
1250,11/05/2026,9,PARMA,2,ROMA,3,PRINCIPAL - FUTEBOL MASCULINO,Domingo
1250,11/05/2026,10,SANTOS,2,BRAGANTINO,0,PRINCIPAL - FUTEBOL MASCULINO,Domingo
1250,11/05/2026,11,CORINTHIANS,3,SAO PAULO,2,PRINCIPAL - FUTEBOL MASCULINO,Domingo
1250,11/05/2026,12,GREMIO,0,FLAMENGO,1,PRINCIPAL - FUTEBOL MASCULINO,Domingo
1250,11/05/2026,13,VASCO DA GAMA,1,ATHLETICO,0,PRINCIPAL - FUTEBOL MASCULINO,Domingo
1250,11/05/2026,14,MILAN,2,ATALANTA BERGAMAS,3,PRINCIPAL - FUTEBOL MASCULINO,Domingo
1251,14/05/2026,1,MIRASSOL,2,BRAGANTINO,1,PRINCIPAL - FUTEBOL MASCULINO,Quarta-feira
1251,14/05/2026,2,LONDRINA,1,SAO BERNARDO,3,PRINCIPAL - FUTEBOL MASCULINO,Terça-feira
1251,14/05/2026,3,INTERNACIONAL,3,ATHLETIC CLUB,2,PRINCIPAL - FUTEBOL MASCULINO,Terça-feira
1251,14/05/2026,4,CRUZEIRO,1,GOIAS,0,PRINCIPAL - FUTEBOL MASCULINO,Terça-feira
1251,14/05/2026,5,FLUMINENSE,2,OPERARIO,1,PRINCIPAL - FUTEBOL MASCULINO,Terça-feira
1251,14/05/2026,6,JUVENTUDE,3,SAO PAULO,1,PRINCIPAL - FUTEBOL MASCULINO,Quarta-feira
1251,14/05/2026,7,VASCO DA GAMA,2,PAYSANDU,2,PRINCIPAL - FUTEBOL MASCULINO,Quarta-feira
1251,14/05/2026,8,VILLARREAL,2,SEVILLA,3,PRINCIPAL - FUTEBOL MASCULINO,Quarta-feira
1251,14/05/2026,9,CORITIBA,0,SANTOS,2,PRINCIPAL - FUTEBOL MASCULINO,Quarta-feira
1251,14/05/2026,10,MANCHESTER CITY,3,CRYSTAL PALACE,0,PRINCIPAL - FUTEBOL MASCULINO,Quarta-feira
1251,14/05/2026,11,CEARA,2,ATLETICO,1,PRINCIPAL - FUTEBOL MASCULINO,Quarta-feira
1251,14/05/2026,12,JACUIPENSE,1,PALMEIRAS,4,PRINCIPAL - FUTEBOL MASCULINO,Quarta-feira
1251,14/05/2026,13,REMO,2,BAHIA,1,PRINCIPAL - FUTEBOL MASCULINO,Quarta-feira
1251,14/05/2026,14,DEPORTIVO ALAVES,1,BARCELONA,0,PRINCIPAL - FUTEBOL MASCULINO,Quarta-feira
1252,18/05/2026,1,ROMA,2,LAZIO,0,PRINCIPAL - FUTEBOL MASCULINO,Domingo
1252,18/05/2026,2,ATLETICO,3,MIRASSOL,1,PRINCIPAL - FUTEBOL MASCULINO,Sábado
1252,18/05/2026,3,INTERNACIONAL,4,VASCO DA GAMA,1,PRINCIPAL - FUTEBOL MASCULINO,Sábado
1252,18/05/2026,4,FLUMINENSE,2,SAO PAULO,1,PRINCIPAL - FUTEBOL MASCULINO,Sábado
1252,18/05/2026,5,PALMEIRAS,1,CRUZEIRO,1,PRINCIPAL - FUTEBOL MASCULINO,Sábado
1252,18/05/2026,6,SANTOS,0,CORITIBA,3,PRINCIPAL - FUTEBOL MASCULINO,Domingo
1252,18/05/2026,7,JUVENTUS,0,FIORENTINA,2,PRINCIPAL - FUTEBOL MASCULINO,Domingo
1252,18/05/2026,8,MANCHESTER UNITED,3,NOTTINGHAM FOREST,2,PRINCIPAL - FUTEBOL MASCULINO,Domingo
1252,18/05/2026,9,BAHIA,1,GREMIO,1,PRINCIPAL - FUTEBOL MASCULINO,Domingo
1252,18/05/2026,10,BOTAFOGO,3,CORINTHIANS,1,PRINCIPAL - FUTEBOL MASCULINO,Domingo
1252,18/05/2026,11,BRAGANTINO,2,VITORIA,0,PRINCIPAL - FUTEBOL MASCULINO,Domingo
1252,18/05/2026,12,BARCELONA,3,REAL BETIS,1,PRINCIPAL - FUTEBOL MASCULINO,Domingo
1252,18/05/2026,13,SEVILLA,0,REAL MADRID,1,PRINCIPAL - FUTEBOL MASCULINO,Domingo
1252,18/05/2026,14,ATHLETICO,1,FLAMENGO,1,PRINCIPAL - FUTEBOL MASCULINO,Domingo
1253,25/05/2026,1,FLAMENGO,0,PALMEIRAS,3,PRINCIPAL - FUTEBOL MASCULINO,Sábado
1253,25/05/2026,2,SAO PAULO,1,BOTAFOGO,1,PRINCIPAL - FUTEBOL MASCULINO,Sábado
1253,25/05/2026,3,VITORIA,2,INTERNACIONAL,0,PRINCIPAL - FUTEBOL MASCULINO,Sábado
1253,25/05/2026,4,FORTALEZA,3,LONDRINA,0,PRINCIPAL - FUTEBOL MASCULINO,Sábado
1253,25/05/2026,5,GREMIO,3,SANTOS,2,PRINCIPAL - FUTEBOL MASCULINO,Sábado
1253,25/05/2026,6,MIRASSOL,1,FLUMINENSE,0,PRINCIPAL - FUTEBOL MASCULINO,Sábado
1253,25/05/2026,7,JUVENTUDE,0,SPORT,1,PRINCIPAL - FUTEBOL MASCULINO,Sábado
1253,25/05/2026,8,CRUZEIRO,2,CHAPECOENSE,1,PRINCIPAL - FUTEBOL MASCULINO,Domingo
1253,25/05/2026,9,REMO,1,ATHLETICO,2,PRINCIPAL - FUTEBOL MASCULINO,Domingo
1253,25/05/2026,10,CRYSTAL PALACE,1,ARSENAL,2,PRINCIPAL - FUTEBOL MASCULINO,Domingo
1253,25/05/2026,11,MANCHESTER CITY,1,ASTON VILLA,2,PRINCIPAL - FUTEBOL MASCULINO,Domingo
1253,25/05/2026,12,TOTTENHAM,1,EVERTON,0,PRINCIPAL - FUTEBOL MASCULINO,Domingo
1253,25/05/2026,13,CORINTHIANS,1,ATLETICO,0,PRINCIPAL - FUTEBOL MASCULINO,Domingo
1253,25/05/2026,14,VASCO DA GAMA,0,BRAGANTINO,3,PRINCIPAL - FUTEBOL MASCULINO,Domingo
1254,01/06/2026,1,FLAMENGO,3,CORITIBA,0,PRINCIPAL - FUTEBOL MASCULINO,Sábado
1254,01/06/2026,2,ATHLETICO,1,MIRASSOL,0,PRINCIPAL - FUTEBOL MASCULINO,Sábado
1254,01/06/2026,3,AVAI,1,CRICIUMA,2,PRINCIPAL - FUTEBOL MASCULINO,Sábado
1254,01/06/2026,4,BAHIA,2,BOTAFOGO,1,PRINCIPAL - FUTEBOL MASCULINO,Sábado
1254,01/06/2026,5,GREMIO,1,CORINTHIANS,3,PRINCIPAL - FUTEBOL MASCULINO,Sábado
1254,01/06/2026,6,SPORT,2,NAUTICO,0,PRINCIPAL - FUTEBOL MASCULINO,Sábado
1254,01/06/2026,7,SANTOS,3,VITORIA,1,PRINCIPAL - FUTEBOL MASCULINO,Sábado
1254,01/06/2026,8,BRAGANTINO,3,INTERNACIONAL,1,PRINCIPAL - FUTEBOL MASCULINO,Domingo
1254,01/06/2026,9,SAO BERNARDO,1,NOVORIZONTINO,1,PRINCIPAL - FUTEBOL MASCULINO,Domingo
1254,01/06/2026,10,PALMEIRAS,1,CHAPECOENSE,0,PRINCIPAL - FUTEBOL MASCULINO,Domingo
1254,01/06/2026,11,VASCO DA GAMA,0,ATLETICO,1,PRINCIPAL - FUTEBOL MASCULINO,Domingo
1254,01/06/2026,12,ATLETICO,1,GOIAS,1,PRINCIPAL - FUTEBOL MASCULINO,Domingo
1254,01/06/2026,13,CRUZEIRO,1,FLUMINENSE,1,PRINCIPAL - FUTEBOL MASCULINO,Domingo
1254,01/06/2026,14,REMO,1,SAO PAULO,0,PRINCIPAL - FUTEBOL MASCULINO,Domingo
1255,17/06/2026,1,BRASIL,1,MARROCOS,1,PRINCIPAL - FUTEBOL MASCULINO,Sábado
1255,17/06/2026,2,HAITI,0,ESCOCIA/SCT,1,PRINCIPAL - FUTEBOL MASCULINO,Sábado
1255,17/06/2026,3,ALEMANHA,7,CURAÇAO,1,PRINCIPAL - FUTEBOL MASCULINO,Domingo
1255,17/06/2026,4,HOLANDA,2,JAPAO,2,PRINCIPAL - FUTEBOL MASCULINO,Domingo
1255,17/06/2026,5,COSTA DO MARFIM,1,EQUADOR,0,PRINCIPAL - FUTEBOL MASCULINO,Domingo
1255,17/06/2026,6,SUECIA,5,TUNISIA,1,PRINCIPAL - FUTEBOL MASCULINO,Domingo
1255,17/06/2026,7,ESPANHA,0,CABO VERDE,0,PRINCIPAL - FUTEBOL MASCULINO,Segunda-feira
1255,17/06/2026,8,BELGICA,1,EGITO,1,PRINCIPAL - FUTEBOL MASCULINO,Segunda-feira
1255,17/06/2026,9,ARABIA SAUDITA,1,URUGUAI,1,PRINCIPAL - FUTEBOL MASCULINO,Segunda-feira
1255,17/06/2026,10,FRANCA,3,SENEGAL,1,PRINCIPAL - FUTEBOL MASCULINO,Terça-feira
1255,17/06/2026,11,IRAQUE,1,NORUEGA,4,PRINCIPAL - FUTEBOL MASCULINO,Terça-feira
1255,17/06/2026,12,ARGENTINA,3,ARGELIA,0,PRINCIPAL - FUTEBOL MASCULINO,Terça-feira
1255,17/06/2026,13,PORTUGAL,1,CONGO,1,PRINCIPAL - FUTEBOL MASCULINO,Quarta-feira
1255,17/06/2026,14,INGLATERRA,4,CROACIA,2,PRINCIPAL - FUTEBOL MASCULINO,Quarta-feira
1256,22/06/2026,1,BRASIL,3,HAITI,0,PRINCIPAL - FUTEBOL MASCULINO,Sexta-feira
1256,22/06/2026,2,GANA,1,PANAMA,0,PRINCIPAL - FUTEBOL MASCULINO,Quarta-feira
1256,22/06/2026,3,UZBEQUISTAO/UZB,1,COLOMBIA,3,PRINCIPAL - FUTEBOL MASCULINO,Quarta-feira
1256,22/06/2026,4,REPUBLICA TCHECA,1,AFRICA DO SUL,1,PRINCIPAL - FUTEBOL MASCULINO,Quinta-feira
1256,22/06/2026,5,SUICA,4,BOSNIA HERZEGOVIN,1,PRINCIPAL - FUTEBOL MASCULINO,Quinta-feira
1256,22/06/2026,6,CANADA,6,CATAR,0,PRINCIPAL - FUTEBOL MASCULINO,Quinta-feira
1256,22/06/2026,7,MEXICO,1,COREIA DO SUL,0,PRINCIPAL - FUTEBOL MASCULINO,Quinta-feira
1256,22/06/2026,8,ESTADOS UNIDOS,2,AUSTRALIA,0,PRINCIPAL - FUTEBOL MASCULINO,Sexta-feira
1256,22/06/2026,9,ESCOCIA/SCT,0,MARROCOS,1,PRINCIPAL - FUTEBOL MASCULINO,Sexta-feira
1256,22/06/2026,10,HOLANDA,5,SUECIA,1,PRINCIPAL - FUTEBOL MASCULINO,Sábado
1256,22/06/2026,11,ALEMANHA,2,COSTA DO MARFIM,1,PRINCIPAL - FUTEBOL MASCULINO,Sábado
1256,22/06/2026,12,EQUADOR,0,CURAÇAO,0,PRINCIPAL - FUTEBOL MASCULINO,Sábado
1256,22/06/2026,13,ESPANHA,4,ARABIA SAUDITA,0,PRINCIPAL - FUTEBOL MASCULINO,Domingo
1256,22/06/2026,14,URUGUAI,2,CABO VERDE,2,PRINCIPAL - FUTEBOL MASCULINO,Domingo
1257,25/06/2026,1,ESCOCIA/SCT,0,BRASIL,3,PRINCIPAL - FUTEBOL MASCULINO,Quarta-feira
1257,25/06/2026,2,NOVA ZELANDIA,1,EGITO,3,PRINCIPAL - FUTEBOL MASCULINO,Domingo
1257,25/06/2026,3,ARGENTINA,2,AUSTRIA,0,PRINCIPAL - FUTEBOL MASCULINO,Segunda-feira
1257,25/06/2026,4,FRANCA,3,IRAQUE,0,PRINCIPAL - FUTEBOL MASCULINO,Segunda-feira
1257,25/06/2026,5,NORUEGA,3,SENEGAL,2,PRINCIPAL - FUTEBOL MASCULINO,Segunda-feira
1257,25/06/2026,6,PORTUGAL,5,UZBEQUISTAO/UZB,0,PRINCIPAL - FUTEBOL MASCULINO,Terça-feira
1257,25/06/2026,7,INGLATERRA,0,GANA,0,PRINCIPAL - FUTEBOL MASCULINO,Terça-feira
1257,25/06/2026,8,PANAMA,0,CROACIA,1,PRINCIPAL - FUTEBOL MASCULINO,Terça-feira
1257,25/06/2026,9,COLOMBIA,1,CONGO,0,PRINCIPAL - FUTEBOL MASCULINO,Terça-feira
1257,25/06/2026,10,SUICA,2,CANADA,1,PRINCIPAL - FUTEBOL MASCULINO,Quarta-feira
1257,25/06/2026,11,BOSNIA HERZEGOVIN,3,CATAR,1,PRINCIPAL - FUTEBOL MASCULINO,Quarta-feira
1257,25/06/2026,12,MARROCOS,4,HAITI,2,PRINCIPAL - FUTEBOL MASCULINO,Quarta-feira
1257,25/06/2026,13,AFRICA DO SUL,1,COREIA DO SUL,0,PRINCIPAL - FUTEBOL MASCULINO,Quarta-feira
1257,25/06/2026,14,REPUBLICA TCHECA,0,MEXICO,3,PRINCIPAL - FUTEBOL MASCULINO,Quarta-feira
1258,28/06/2026,1,CURAÇAO,0,COSTA DO MARFIM,2,PRINCIPAL - FUTEBOL MASCULINO,Quinta-feira
1258,28/06/2026,2,EQUADOR,2,ALEMANHA,1,PRINCIPAL - FUTEBOL MASCULINO,Quinta-feira
1258,28/06/2026,3,TUNISIA,1,HOLANDA,3,PRINCIPAL - FUTEBOL MASCULINO,Quinta-feira
1258,28/06/2026,4,JAPAO,1,SUECIA,1,PRINCIPAL - FUTEBOL MASCULINO,Quinta-feira
1258,28/06/2026,5,TURQUIA,3,ESTADOS UNIDOS,2,PRINCIPAL - FUTEBOL MASCULINO,Quinta-feira
1258,28/06/2026,6,PARAGUAI,0,AUSTRALIA,0,PRINCIPAL - FUTEBOL MASCULINO,Quinta-feira
1258,28/06/2026,7,NORUEGA,1,FRANCA,4,PRINCIPAL - FUTEBOL MASCULINO,Sexta-feira
1258,28/06/2026,8,SENEGAL,5,IRAQUE,0,PRINCIPAL - FUTEBOL MASCULINO,Sexta-feira
1258,28/06/2026,9,URUGUAI,0,ESPANHA,1,PRINCIPAL - FUTEBOL MASCULINO,Sexta-feira
1258,28/06/2026,10,PANAMA,0,INGLATERRA,2,PRINCIPAL - FUTEBOL MASCULINO,Sábado
1258,28/06/2026,11,CROACIA,2,GANA,1,PRINCIPAL - FUTEBOL MASCULINO,Sábado
1258,28/06/2026,12,COLOMBIA,0,PORTUGAL,0,PRINCIPAL - FUTEBOL MASCULINO,Sábado
1258,28/06/2026,13,CONGO,3,UZBEQUISTAO/UZB,1,PRINCIPAL - FUTEBOL MASCULINO,Sábado
1258,28/06/2026,14,JORDANIA,1,ARGENTINA,3,PRINCIPAL - FUTEBOL MASCULINO,Sábado
1259,03/07/2026,1,BRASIL,2,JAPAO,1,PRINCIPAL - FUTEBOL MASCULINO,Segunda-feira
1259,03/07/2026,2,ALEMANHA,1,PARAGUAI,1,PRINCIPAL - FUTEBOL MASCULINO,Segunda-feira
1259,03/07/2026,3,HOLANDA,1,MARROCOS,1,PRINCIPAL - FUTEBOL MASCULINO,Segunda-feira
1259,03/07/2026,4,COSTA DO MARFIM,1,NORUEGA,2,PRINCIPAL - FUTEBOL MASCULINO,Terça-feira
1259,03/07/2026,5,FRANCA,3,SUECIA,0,PRINCIPAL - FUTEBOL MASCULINO,Terça-feira
1259,03/07/2026,6,MEXICO,2,EQUADOR,0,PRINCIPAL - FUTEBOL MASCULINO,Terça-feira
1259,03/07/2026,7,INGLATERRA,2,CONGO,1,PRINCIPAL - FUTEBOL MASCULINO,Quarta-feira
1259,03/07/2026,8,BELGICA,2,SENEGAL,2,PRINCIPAL - FUTEBOL MASCULINO,Quarta-feira
1259,03/07/2026,9,ESTADOS UNIDOS,2,BOSNIA HERZEGOVIN,0,PRINCIPAL - FUTEBOL MASCULINO,Quarta-feira
1259,03/07/2026,10,PORTUGAL,2,CROACIA,1,PRINCIPAL - FUTEBOL MASCULINO,Quinta-feira
1259,03/07/2026,11,ESPANHA,3,AUSTRIA,0,PRINCIPAL - FUTEBOL MASCULINO,Quinta-feira
1259,03/07/2026,12,SUICA,2,ARGELIA,0,PRINCIPAL - FUTEBOL MASCULINO,Sexta-feira
1259,03/07/2026,13,AUSTRALIA,1,EGITO,1,PRINCIPAL - FUTEBOL MASCULINO,Sexta-feira
1259,03/07/2026,14,ARGENTINA,1,CABO VERDE,1,PRINCIPAL - FUTEBOL MASCULINO,Sexta-feira
1260,08/07/2026,1,BRASIL,1,NORUEGA,2,PRINCIPAL - FUTEBOL MASCULINO,Domingo
1260,08/07/2026,2,CANADA,0,MARROCOS,3,PRINCIPAL - FUTEBOL MASCULINO,Sábado
1260,08/07/2026,3,PARAGUAI,0,FRANCA,1,PRINCIPAL - FUTEBOL MASCULINO,Sábado
1260,08/07/2026,4,MEXICO,2,INGLATERRA,3,PRINCIPAL - FUTEBOL MASCULINO,Sábado
1260,08/07/2026,5,PORTUGAL,0,ESPANHA,1,PRINCIPAL - FUTEBOL MASCULINO,Sábado
1260,08/07/2026,6,ESTADOS UNIDOS,1,BELGICA,4,PRINCIPAL - FUTEBOL MASCULINO,Sábado
1260,08/07/2026,7,EGITO,2,ARGENTINA,3,PRINCIPAL - FUTEBOL MASCULINO,Terça-feira
1260,08/07/2026,8,CRICIUMA,1,SPORT,0,PRINCIPAL - FUTEBOL MASCULINO,Sábado
1260,08/07/2026,9,NOVORIZONTINO,3,ATLETICO,0,PRINCIPAL - FUTEBOL MASCULINO,Sábado
1260,08/07/2026,10,LONDRINA,5,CRB,0,PRINCIPAL - FUTEBOL MASCULINO,Sábado
1260,08/07/2026,11,GOIAS,2,CEARA,0,PRINCIPAL - FUTEBOL MASCULINO,Sábado
1260,08/07/2026,12,NAUTICO,0,JUVENTUDE,0,PRINCIPAL - FUTEBOL MASCULINO,Sábado
1260,08/07/2026,13,BOTAFOGO,3,AVAI,1,PRINCIPAL - FUTEBOL MASCULINO,Sábado
1260,08/07/2026,14,VILA NOVA,2,SAO BERNARDO,1,PRINCIPAL - FUTEBOL MASCULINO,Sábado
1261,13/07/2026,1,FRANCA,2,MARROCOS,0,PRINCIPAL - FUTEBOL MASCULINO,Quinta-feira
1261,13/07/2026,2,ESPANHA,2,BELGICA,1,PRINCIPAL - FUTEBOL MASCULINO,Sexta-feira
1261,13/07/2026,3,JUVENTUDE,1,VILA NOVA,0,PRINCIPAL - FUTEBOL MASCULINO,Sexta-feira
1261,13/07/2026,4,SPORT,3,BOTAFOGO,3,PRINCIPAL - FUTEBOL MASCULINO,Sexta-feira
1261,13/07/2026,5,CAXIAS,0,FLORESTA,0,PRINCIPAL - FUTEBOL MASCULINO,Sábado
1261,13/07/2026,6,NORUEGA,1,INGLATERRA,1,PRINCIPAL - FUTEBOL MASCULINO,Sábado
1261,13/07/2026,7,ARGENTINA,1,SUICA,1,PRINCIPAL - FUTEBOL MASCULINO,Sábado
1261,13/07/2026,8,OPERARIO,2,NOVORIZONTINO,1,PRINCIPAL - FUTEBOL MASCULINO,Domingo
1261,13/07/2026,9,INTER LIMEIRA,1,AMAZONAS,0,PRINCIPAL - FUTEBOL MASCULINO,Domingo
1261,13/07/2026,10,ITUANO,1,FERROVIARIA,3,PRINCIPAL - FUTEBOL MASCULINO,Domingo
1261,13/07/2026,11,PAYSANDU,3,GUARANI,2,PRINCIPAL - FUTEBOL MASCULINO,Domingo
1261,13/07/2026,12,AVAI,2,NAUTICO,0,PRINCIPAL - FUTEBOL MASCULINO,Domingo
1261,13/07/2026,13,SAO BERNARDO,2,CUIABA,2,PRINCIPAL - FUTEBOL MASCULINO,Domingo
1261,13/07/2026,14,ATLETICO,1,FORTALEZA,0,PRINCIPAL - FUTEBOL MASCULINO,Domingo
1262,19/07/2026,1,FRANCA,0,ESPANHA,2,PRINCIPAL - FUTEBOL MASCULINO,Terça-feira
1262,19/07/2026,2,INGLATERRA,1,ARGENTINA,2,PRINCIPAL - FUTEBOL MASCULINO,Quarta-feira
1262,19/07/2026,3,BOTAFOGO,2,SANTOS,1,PRINCIPAL - FUTEBOL MASCULINO,Quinta-feira
1262,19/07/2026,4,VITORIA,1,VASCO DA GAMA,0,PRINCIPAL - FUTEBOL MASCULINO,Quinta-feira
1262,19/07/2026,5,CRB,2,NAUTICO,1,PRINCIPAL - FUTEBOL MASCULINO,Quinta-feira
1262,19/07/2026,6,SAO BERNARDO,1,AVAI,1,PRINCIPAL - FUTEBOL MASCULINO,Sexta-feira
1262,19/07/2026,7,JUVENTUDE,2,CUIABA,0,PRINCIPAL - FUTEBOL MASCULINO,Sexta-feira
1262,19/07/2026,8,AMERICA,1,CEARA,1,PRINCIPAL - FUTEBOL MASCULINO,Sexta-feira
1262,19/07/2026,9,MIRASSOL,2,GREMIO,1,PRINCIPAL - FUTEBOL MASCULINO,Sexta-feira
1262,19/07/2026,10,FLUMINENSE,1,BRAGANTINO,1,PRINCIPAL - FUTEBOL MASCULINO,Sexta-feira
1262,19/07/2026,11,FORTALEZA,1,NOVORIZONTINO,0,PRINCIPAL - FUTEBOL MASCULINO,Sexta-feira
1262,19/07/2026,12,PONTE PRETA,1,GOIAS,2,PRINCIPAL - FUTEBOL MASCULINO,Sábado
1262,19/07/2026,13,SPORT,2,OPERARIO,2,PRINCIPAL - FUTEBOL MASCULINO,Sábado
1262,19/07/2026,14,CRICIUMA,2,VILA NOVA,0,PRINCIPAL - FUTEBOL MASCULINO,Sábado
